token,count,len,noise_reason,label,review_flag,document_support,candidate_source,extra_filter_reason,candidate_status
-chikamu,3,8,,shona_candidate,,3,deterministic,,candidate_missing_from_base_lexicon
aagh,4,4,,shona_candidate,,4,deterministic,,candidate_missing_from_base_lexicon
aahh,5,4,,shona_candidate,,5,deterministic,,candidate_missing_from_base_lexicon
abatwa,3,6,,shona_candidate,,3,deterministic,,candidate_missing_from_base_lexicon
abva,3,4,,shona_candidate,,3,deterministic,,candidate_missing_from_base_lexicon
achahwina,3,9,,shona_candidate,,3,deterministic,,candidate_missing_from_base_lexicon
achaita,5,7,,shona_candidate,,5,deterministic,,candidate_missing_from_base_lexicon
achatora,4,8,,shona_candidate,,4,deterministic,,candidate_missing_from_base_lexicon
achi,3,4,,shona_candidate,,3,deterministic,,candidate_missing_from_base_lexicon
achida,7,6,,shona_candidate,,7,deterministic,,candidate_missing_from_base_lexicon
achinge,3,7,,shona_candidate,,3,deterministic,,candidate_missing_from_base_lexicon
achinyora,3,9,,shona_candidate,,3,deterministic,,candidate_missing_from_base_lexicon
achinzi,4,7,,shona_candidate,,4,deterministic,,candidate_missing_from_base_lexicon
achiri,17,6,,shona_candidate,,16,deterministic,,candidate_missing_from_base_lexicon
achirova,3,8,,shona_candidate,,3,deterministic,,candidate_missing_from_base_lexicon
achitamba,4,9,,shona_candidate,,4,deterministic,,candidate_missing_from_base_lexicon
achiti,14,6,,shona_candidate,,14,deterministic,,candidate_missing_from_base_lexicon
achitora,3,8,,shona_candidate,,3,deterministic,,candidate_missing_from_base_lexicon
achiudza,4,8,,shona_candidate,,4,deterministic,,candidate_missing_from_base_lexicon
acho,23,4,,shona_candidate,,21,deterministic,,candidate_missing_from_base_lexicon
adii,3,4,,shona_candidate,,3,deterministic,,candidate_missing_from_base_lexicon
adonha,6,6,,shona_candidate,,6,deterministic,,candidate_missing_from_base_lexicon
aenda,11,5,,shona_candidate,,11,deterministic,,candidate_missing_from_base_lexicon
aende,5,5,,shona_candidate,,5,deterministic,,candidate_missing_from_base_lexicon
afa,11,3,english_frequency,noise_rule,,11,rag_recovered,,candidate_missing_from_base_lexicon
afunga,6,6,,shona_candidate,,6,deterministic,,candidate_missing_from_base_lexicon
aibva,3,5,,shona_candidate,,3,deterministic,,candidate_missing_from_base_lexicon
aigara,3,6,,shona_candidate,,3,deterministic,,candidate_missing_from_base_lexicon
aigona,3,6,,shona_candidate,,3,deterministic,,candidate_missing_from_base_lexicon
aimbova,3,7,,shona_candidate,,3,deterministic,,candidate_missing_from_base_lexicon
aimbove,4,7,,shona_candidate,,4,deterministic,,candidate_missing_from_base_lexicon
aine,12,4,,shona_candidate,,12,deterministic,,candidate_missing_from_base_lexicon
ainzi,3,5,,shona_candidate,,3,deterministic,,candidate_missing_from_base_lexicon
aita,12,4,,shona_candidate,,12,deterministic,,candidate_missing_from_base_lexicon
aitwa,3,5,,shona_candidate,,3,deterministic,,candidate_missing_from_base_lexicon
aiva,10,4,,shona_candidate,,10,deterministic,,candidate_missing_from_base_lexicon
aive,9,4,,shona_candidate,,9,deterministic,,candidate_missing_from_base_lexicon
aiwa,21,4,,shona_candidate,,21,deterministic,,candidate_missing_from_base_lexicon
aizve,6,5,,shona_candidate,suspected_non_content_seed,6,deterministic,,candidate_missing_from_base_lexicon
akabata,5,7,,shona_candidate,,5,deterministic,,candidate_missing_from_base_lexicon
akabatwa,3,8,,shona_candidate,,3,deterministic,,candidate_missing_from_base_lexicon
akabhadhara,3,11,,shona_candidate,,3,deterministic,,candidate_missing_from_base_lexicon
akabva,10,6,,shona_candidate,,10,deterministic,,candidate_missing_from_base_lexicon
akadai,5,6,,shona_candidate,,5,deterministic,,candidate_missing_from_base_lexicon
akadaro,7,7,,shona_candidate,,7,deterministic,already_in_base_lexicon,already_in_base_lexicon
akadya,6,6,,shona_candidate,,6,deterministic,,candidate_missing_from_base_lexicon
akadzidza,4,9,,shona_candidate,,4,deterministic,,candidate_missing_from_base_lexicon
akaenda,7,7,,shona_candidate,,7,deterministic,,candidate_missing_from_base_lexicon
akafa,11,5,,shona_candidate,,11,deterministic,already_in_base_lexicon,already_in_base_lexicon
akafanana,3,9,,shona_candidate,,3,deterministic,,candidate_missing_from_base_lexicon
akaguta,3,7,,shona_candidate,,3,deterministic,,candidate_missing_from_base_lexicon
akahwina,3,8,,shona_candidate,,3,deterministic,,candidate_missing_from_base_lexicon
akaipa,5,6,,shona_candidate,,5,deterministic,already_in_base_lexicon,already_in_base_lexicon
akaisa,4,6,,shona_candidate,,4,deterministic,already_in_base_lexicon,already_in_base_lexicon
akaita,21,6,,shona_candidate,,21,deterministic,,candidate_missing_from_base_lexicon
akaitwa,3,7,,shona_candidate,,3,deterministic,,candidate_missing_from_base_lexicon
akakundikana,4,12,,shona_candidate,,4,deterministic,,candidate_missing_from_base_lexicon
akakwana,7,8,,shona_candidate,,6,deterministic,,candidate_missing_from_base_lexicon
akakwanisa,8,10,,shona_candidate,,7,deterministic,,candidate_missing_from_base_lexicon
akamaka,3,7,,shona_candidate,,3,deterministic,,candidate_missing_from_base_lexicon
akamira,3,7,,shona_candidate,,3,deterministic,,candidate_missing_from_base_lexicon
akanaka,24,7,,shona_candidate,,24,deterministic,,candidate_missing_from_base_lexicon
akanga,4,6,,shona_candidate,,4,deterministic,,candidate_missing_from_base_lexicon
akange,3,6,,shona_candidate,,3,deterministic,,candidate_missing_from_base_lexicon
akangofanana,3,12,,shona_candidate,,3,deterministic,,candidate_missing_from_base_lexicon
akangoti,3,8,,shona_candidate,,3,deterministic,,candidate_missing_from_base_lexicon
akanyanya,3,9,,shona_candidate,,3,deterministic,,candidate_missing_from_base_lexicon
akanyora,3,8,,shona_candidate,,3,deterministic,,candidate_missing_from_base_lexicon
akaona,3,6,,shona_candidate,,3,deterministic,,candidate_missing_from_base_lexicon
akaonekwa,3,9,,shona_candidate,,3,deterministic,,candidate_missing_from_base_lexicon
akapenga,3,8,,shona_candidate,,3,deterministic,,candidate_missing_from_base_lexicon
akapera,3,7,,shona_candidate,,3,deterministic,,candidate_missing_from_base_lexicon
akapfeka,6,8,,shona_candidate,,6,deterministic,,candidate_missing_from_base_lexicon
akapihwa,3,8,,shona_candidate,,2,deterministic,,candidate_missing_from_base_lexicon
akapinda,4,8,,shona_candidate,,4,deterministic,,candidate_missing_from_base_lexicon
akapindwa,3,9,,shona_candidate,,3,deterministic,,candidate_missing_from_base_lexicon
akapiwa,3,7,,shona_candidate,,3,deterministic,,candidate_missing_from_base_lexicon
akararama,3,9,,shona_candidate,,3,deterministic,,candidate_missing_from_base_lexicon
akarohwa,3,8,,shona_candidate,,3,deterministic,already_in_base_lexicon,already_in_base_lexicon
akaroora,6,8,,shona_candidate,,6,deterministic,,candidate_missing_from_base_lexicon
akaroorwa,4,9,,shona_candidate,,4,deterministic,,candidate_missing_from_base_lexicon
akashandiswa,3,12,,shona_candidate,,3,deterministic,,candidate_missing_from_base_lexicon
akashaya,3,8,,shona_candidate,,3,deterministic,,candidate_missing_from_base_lexicon
akasiya,5,7,,shona_candidate,,5,deterministic,,candidate_missing_from_base_lexicon
akatadza,3,8,,shona_candidate,,3,deterministic,,candidate_missing_from_base_lexicon
akatanga,5,8,,shona_candidate,,5,deterministic,,candidate_missing_from_base_lexicon
akati,30,5,,shona_candidate,,29,deterministic,,candidate_missing_from_base_lexicon
akatsamwa,3,9,,shona_candidate,,3,deterministic,,candidate_missing_from_base_lexicon
akavenga,3,8,,shona_candidate,,3,deterministic,,candidate_missing_from_base_lexicon
akavharwa,3,9,,shona_candidate,,3,deterministic,,candidate_missing_from_base_lexicon
akawana,6,7,,shona_candidate,,5,deterministic,,candidate_missing_from_base_lexicon
akawanda,16,8,,shona_candidate,,15,deterministic,already_in_base_lexicon,already_in_base_lexicon
akazara,10,7,,shona_candidate,,10,deterministic,,candidate_missing_from_base_lexicon
akazoti,3,7,,shona_candidate,,3,deterministic,,candidate_missing_from_base_lexicon
akazvarwa,5,9,,shona_candidate,,5,deterministic,,candidate_missing_from_base_lexicon
ake,20,3,english_frequency,noise_rule,,19,rag_recovered,,candidate_missing_from_base_lexicon
akomana,9,7,,shona_candidate,,9,deterministic,,candidate_missing_from_base_lexicon
akuda,8,5,,shona_candidate,,8,deterministic,,candidate_missing_from_base_lexicon
akuita,5,6,,shona_candidate,,5,deterministic,,candidate_missing_from_base_lexicon
akura,3,5,,shona_candidate,,3,deterministic,,candidate_missing_from_base_lexicon
akutaura,3,8,,shona_candidate,,3,deterministic,,candidate_missing_from_base_lexicon
akuti,3,5,,shona_candidate,,3,deterministic,,candidate_missing_from_base_lexicon
akutoda,5,7,,shona_candidate,,5,deterministic,,candidate_missing_from_base_lexicon
amai,43,4,,shona_candidate,,40,deterministic,already_in_base_lexicon,already_in_base_lexicon
amana,38,5,,shona_candidate,,37,deterministic,,candidate_missing_from_base_lexicon
ambuya,3,6,,shona_candidate,,3,deterministic,,candidate_missing_from_base_lexicon
amuka,3,5,,shona_candidate,,3,deterministic,,candidate_missing_from_base_lexicon
ana,40,3,english_frequency,noise_rule,,38,rag_recovered,,candidate_missing_from_base_lexicon
anembiri,3,8,,shona_candidate,,3,deterministic,,candidate_missing_from_base_lexicon
anenge,33,6,,shona_candidate,,33,deterministic,already_in_base_lexicon,already_in_base_lexicon
anerudo,3,7,,shona_candidate,,3,deterministic,,candidate_missing_from_base_lexicon
anga,30,4,,shona_candidate,suspected_non_content_seed,30,deterministic,,candidate_missing_from_base_lexicon
angadai,3,7,,shona_candidate,,3,deterministic,,candidate_missing_from_base_lexicon
angati,3,6,,shona_candidate,,3,deterministic,,candidate_missing_from_base_lexicon
angave,4,6,,shona_candidate,,4,deterministic,,candidate_missing_from_base_lexicon
angori,3,6,,shona_candidate,,3,deterministic,,candidate_missing_from_base_lexicon
angu,15,4,,shona_candidate,,15,deterministic,,candidate_missing_from_base_lexicon
ani,20,3,english_frequency,noise_rule,,20,rag_recovered,,candidate_missing_from_base_lexicon
ano,26,3,english_frequency,noise_rule,,26,rag_recovered,,candidate_missing_from_base_lexicon
anobata,6,7,,shona_candidate,,6,deterministic,,candidate_missing_from_base_lexicon
anobika,4,7,,shona_candidate,,2,deterministic,,candidate_missing_from_base_lexicon
anobuda,3,7,,shona_candidate,,3,deterministic,,candidate_missing_from_base_lexicon
anobva,4,6,,shona_candidate,,4,deterministic,,candidate_missing_from_base_lexicon
anobvisa,3,8,,shona_candidate,,3,deterministic,,candidate_missing_from_base_lexicon
anochema,3,8,,shona_candidate,,3,deterministic,,candidate_missing_from_base_lexicon
anoda,47,5,,shona_candidate,,46,deterministic,,candidate_missing_from_base_lexicon
anodaro,4,7,,shona_candidate,,3,deterministic,,candidate_missing_from_base_lexicon
anodiwa,4,7,,shona_candidate,,4,deterministic,,candidate_missing_from_base_lexicon
anodya,5,6,,shona_candidate,,5,deterministic,already_in_base_lexicon,already_in_base_lexicon
anoenda,9,7,,shona_candidate,,9,deterministic,,candidate_missing_from_base_lexicon
anofunga,4,8,,shona_candidate,,4,deterministic,,candidate_missing_from_base_lexicon
anogadzira,3,10,,shona_candidate,,3,deterministic,,candidate_missing_from_base_lexicon
anogadzirira,3,12,,shona_candidate,,3,deterministic,,candidate_missing_from_base_lexicon
anogara,17,7,,shona_candidate,,16,deterministic,,candidate_missing_from_base_lexicon
anogona,23,7,,shona_candidate,,22,deterministic,,candidate_missing_from_base_lexicon
anoita,28,6,,shona_candidate,,28,deterministic,,candidate_missing_from_base_lexicon
anomboita,3,9,,shona_candidate,,3,deterministic,,candidate_missing_from_base_lexicon
anomirira,4,9,,shona_candidate,,4,deterministic,,candidate_missing_from_base_lexicon
anomutsa,3,8,,shona_candidate,,3,deterministic,,candidate_missing_from_base_lexicon
anongoda,6,8,,shona_candidate,,6,deterministic,,candidate_missing_from_base_lexicon
anonyepa,4,8,,shona_candidate,,4,deterministic,,candidate_missing_from_base_lexicon
anonyora,3,8,,shona_candidate,,3,deterministic,,candidate_missing_from_base_lexicon
anonzi,13,6,,shona_candidate,,13,deterministic,,candidate_missing_from_base_lexicon
anonzwa,8,7,,shona_candidate,,6,deterministic,,candidate_missing_from_base_lexicon
anonzwisisa,3,11,,shona_candidate,,3,deterministic,,candidate_missing_from_base_lexicon
anoona,6,6,,shona_candidate,,5,deterministic,,candidate_missing_from_base_lexicon
anopa,4,5,,shona_candidate,,4,deterministic,,candidate_missing_from_base_lexicon
anopedza,4,8,,shona_candidate,,4,deterministic,,candidate_missing_from_base_lexicon
anopenga,13,8,,shona_candidate,,13,deterministic,,candidate_missing_from_base_lexicon
anopera,3,7,,shona_candidate,,3,deterministic,,candidate_missing_from_base_lexicon
anopikisa,6,9,,shona_candidate,,3,deterministic,,candidate_missing_from_base_lexicon
anopisa,3,7,,shona_candidate,,3,deterministic,,candidate_missing_from_base_lexicon
anoramba,6,8,,shona_candidate,,6,deterministic,,candidate_missing_from_base_lexicon
anoreva,4,7,,shona_candidate,,4,deterministic,,candidate_missing_from_base_lexicon
anorirova,3,9,,shona_candidate,,3,deterministic,,candidate_missing_from_base_lexicon
anoroora,3,8,,shona_candidate,,3,deterministic,,candidate_missing_from_base_lexicon
anorova,4,7,,shona_candidate,,4,deterministic,,candidate_missing_from_base_lexicon
anorwadziwa,3,11,,shona_candidate,,3,deterministic,,candidate_missing_from_base_lexicon
anorwara,19,8,,shona_candidate,,19,deterministic,,candidate_missing_from_base_lexicon
anoshanda,4,9,,shona_candidate,,4,deterministic,already_in_base_lexicon,already_in_base_lexicon
anoshandisa,3,11,,shona_candidate,,3,deterministic,,candidate_missing_from_base_lexicon
anosvika,4,8,,shona_candidate,,4,deterministic,,candidate_missing_from_base_lexicon
anotakura,3,9,,shona_candidate,,3,deterministic,,candidate_missing_from_base_lexicon
anotengesa,3,10,,shona_candidate,,3,deterministic,,candidate_missing_from_base_lexicon
anoti,21,5,,shona_candidate,,21,deterministic,,candidate_missing_from_base_lexicon
anotora,4,7,,shona_candidate,,4,deterministic,already_in_base_lexicon,already_in_base_lexicon
anoudza,4,7,,shona_candidate,,4,deterministic,,candidate_missing_from_base_lexicon
anouya,7,6,,shona_candidate,,7,deterministic,,candidate_missing_from_base_lexicon
anovenga,7,8,,shona_candidate,,7,deterministic,,candidate_missing_from_base_lexicon
anovengwa,3,9,,shona_candidate,,3,deterministic,,candidate_missing_from_base_lexicon
anoziva,12,7,,shona_candidate,,12,deterministic,,candidate_missing_from_base_lexicon
anozviita,3,9,,shona_candidate,,3,deterministic,,candidate_missing_from_base_lexicon
anozviti,4,8,,shona_candidate,,4,deterministic,,candidate_missing_from_base_lexicon
anzi,3,4,,shona_candidate,,3,deterministic,,candidate_missing_from_base_lexicon
anzwa,3,5,,shona_candidate,,3,deterministic,,candidate_missing_from_base_lexicon
apedza,5,6,,shona_candidate,,5,deterministic,,candidate_missing_from_base_lexicon
apera,7,5,,shona_candidate,,7,deterministic,,candidate_missing_from_base_lexicon
apinda,5,6,,shona_candidate,,5,deterministic,,candidate_missing_from_base_lexicon
apo,84,3,english_frequency,noise_rule,,82,rag_recovered,,candidate_missing_from_base_lexicon
aramba,5,6,,shona_candidate,,5,deterministic,,candidate_missing_from_base_lexicon
arambe,3,6,,shona_candidate,,3,deterministic,,candidate_missing_from_base_lexicon
ariko,6,5,,shona_candidate,,6,deterministic,,candidate_missing_from_base_lexicon
ariku,5,5,,shona_candidate,,5,deterministic,,candidate_missing_from_base_lexicon
arikuda,10,7,,shona_candidate,,10,deterministic,,candidate_missing_from_base_lexicon
arikuita,6,8,,shona_candidate,,6,deterministic,,candidate_missing_from_base_lexicon
arikupiwa,3,9,,shona_candidate,,3,deterministic,,candidate_missing_from_base_lexicon
arikuti,4,7,,shona_candidate,,4,deterministic,,candidate_missing_from_base_lexicon
aripa,5,5,,shona_candidate,suspected_non_content_seed,5,deterministic,,candidate_missing_from_base_lexicon
aripano,3,7,,shona_candidate,,2,deterministic,,candidate_missing_from_base_lexicon
aripi,7,5,,shona_candidate,,7,deterministic,,candidate_missing_from_base_lexicon
aripo,10,5,,shona_candidate,suspected_non_content_seed,9,deterministic,,candidate_missing_from_base_lexicon
asangana,3,8,,shona_candidate,,3,deterministic,,candidate_missing_from_base_lexicon
asati,6,5,,shona_candidate,,5,deterministic,,candidate_missing_from_base_lexicon
ashadaya,4,8,,shona_candidate,,4,deterministic,,candidate_missing_from_base_lexicon
ashaya,8,6,,shona_candidate,,7,deterministic,,candidate_missing_from_base_lexicon
asina,61,5,,shona_candidate,,57,deterministic,,candidate_missing_from_base_lexicon
asingacheme,3,11,,shona_candidate,,3,deterministic,,candidate_missing_from_base_lexicon
asingazive,3,10,,shona_candidate,,3,deterministic,,candidate_missing_from_base_lexicon
asiri,18,5,,shona_candidate,,17,deterministic,,candidate_missing_from_base_lexicon
asiya,3,5,,shona_candidate,,2,deterministic,,candidate_missing_from_base_lexicon
atadza,3,6,,shona_candidate,,3,deterministic,,candidate_missing_from_base_lexicon
atanga,9,6,,shona_candidate,,9,deterministic,,candidate_missing_from_base_lexicon
ataura,4,6,,shona_candidate,,4,deterministic,,candidate_missing_from_base_lexicon
ati,13,3,english_frequency,noise_rule,,13,rag_recovered,,candidate_missing_from_base_lexicon
atipa,3,5,,shona_candidate,,3,deterministic,,candidate_missing_from_base_lexicon
atori,9,5,,shona_candidate,,9,deterministic,,candidate_missing_from_base_lexicon
atova,4,5,,shona_candidate,,4,deterministic,,candidate_missing_from_base_lexicon
atove,3,5,,shona_candidate,,3,deterministic,,candidate_missing_from_base_lexicon
atowana,3,7,,shona_candidate,,3,deterministic,,candidate_missing_from_base_lexicon
auraya,5,6,,shona_candidate,,5,deterministic,,candidate_missing_from_base_lexicon
auya,9,4,,shona_candidate,,9,deterministic,,candidate_missing_from_base_lexicon
auye,4,4,,shona_candidate,,4,deterministic,,candidate_missing_from_base_lexicon
avana,3,5,,shona_candidate,,3,deterministic,,candidate_missing_from_base_lexicon
avanoita,3,8,,shona_candidate,,3,deterministic,,candidate_missing_from_base_lexicon
ave,19,3,english_frequency,noise_rule,,19,rag_recovered,,candidate_missing_from_base_lexicon
avo,90,3,,shona_candidate,suspected_non_content_seed,87,deterministic,already_in_base_lexicon,already_in_base_lexicon
awane,3,5,,shona_candidate,,3,deterministic,,candidate_missing_from_base_lexicon
aya,67,3,english_frequency,noise_rule,,65,rag_recovered,,candidate_missing_from_base_lexicon
ayehwa,3,6,,shona_candidate,,3,deterministic,,candidate_missing_from_base_lexicon
ayewa,6,5,,shona_candidate,,6,deterministic,,candidate_missing_from_base_lexicon
ayo,16,3,,shona_candidate,,16,deterministic,,candidate_missing_from_base_lexicon
azere,4,5,,shona_candidate,,4,deterministic,,candidate_missing_from_base_lexicon
babaharare,3,10,,shona_candidate,,3,deterministic,,candidate_missing_from_base_lexicon
bamukuru,3,8,,shona_candidate,,3,deterministic,,candidate_missing_from_base_lexicon
basa,208,4,,shona_candidate,,189,deterministic,already_in_base_lexicon,already_in_base_lexicon
bata,23,4,,shona_candidate,,22,deterministic,already_in_base_lexicon,already_in_base_lexicon
batai,7,5,,shona_candidate,,7,deterministic,,candidate_missing_from_base_lexicon
bato,10,4,,shona_candidate,,9,deterministic,,candidate_missing_from_base_lexicon
bcoz,8,4,,shona_candidate,,8,deterministic,,candidate_missing_from_base_lexicon
bcz,7,3,,shona_candidate,,7,deterministic,,candidate_missing_from_base_lexicon
becoz,10,5,,shona_candidate,,10,deterministic,,candidate_missing_from_base_lexicon
bedroomed,4,9,,shona_candidate,,4,deterministic,,candidate_missing_from_base_lexicon
benzi,3,5,,shona_candidate,,3,deterministic,,candidate_missing_from_base_lexicon
bepa,3,4,,shona_candidate,,3,deterministic,already_in_base_lexicon,already_in_base_lexicon
bhaibheri,5,9,,shona_candidate,,5,deterministic,already_in_base_lexicon,already_in_base_lexicon
bhangu,7,6,,shona_candidate,,7,deterministic,,candidate_missing_from_base_lexicon
bharanzi,5,8,,shona_candidate,,5,deterministic,,candidate_missing_from_base_lexicon
bhasikoro,3,9,,shona_candidate,,3,deterministic,already_in_base_lexicon,already_in_base_lexicon
bhazi,5,5,,shona_candidate,,5,deterministic,,candidate_missing_from_base_lexicon
bhebhi,3,6,,shona_candidate,,3,deterministic,,candidate_missing_from_base_lexicon
bhiza,6,5,,shona_candidate,,6,deterministic,already_in_base_lexicon,already_in_base_lexicon
bho,32,3,,shona_candidate,,31,deterministic,,candidate_missing_from_base_lexicon
bhobho,3,6,,shona_candidate,,3,deterministic,,candidate_missing_from_base_lexicon
bhoo,24,4,,shona_candidate,,23,deterministic,,candidate_missing_from_base_lexicon
bhora,22,5,,shona_candidate,,21,deterministic,already_in_base_lexicon,already_in_base_lexicon
bhuku,11,5,,shona_candidate,,11,deterministic,already_in_base_lexicon,already_in_base_lexicon
bhutsu,3,6,,shona_candidate,,3,deterministic,,candidate_missing_from_base_lexicon
bigman,3,6,,shona_candidate,,3,deterministic,,candidate_missing_from_base_lexicon
blaz,12,4,,shona_candidate,,11,deterministic,,candidate_missing_from_base_lexicon
bodo,6,4,,shona_candidate,,6,deterministic,,candidate_missing_from_base_lexicon
boiz,3,4,,shona_candidate,,3,deterministic,,candidate_missing_from_base_lexicon
boka,3,4,,shona_candidate,,3,deterministic,,candidate_missing_from_base_lexicon
bonde,7,5,,shona_candidate,,6,deterministic,already_in_base_lexicon,already_in_base_lexicon
bongozozo,3,9,,shona_candidate,,3,deterministic,,candidate_missing_from_base_lexicon
bonyora,4,7,,shona_candidate,,4,deterministic,,candidate_missing_from_base_lexicon
borrowdale,3,10,,shona_candidate,,3,deterministic,,candidate_missing_from_base_lexicon
bota,10,4,,shona_candidate,,8,deterministic,,candidate_missing_from_base_lexicon
buat,4,4,,shona_candidate,,1,deterministic,,candidate_missing_from_base_lexicon
buda,3,4,,shona_candidate,,3,deterministic,,candidate_missing_from_base_lexicon
budiriro,4,8,,shona_candidate,,2,deterministic,,candidate_missing_from_base_lexicon
bufu,3,4,,shona_candidate,,3,deterministic,,candidate_missing_from_base_lexicon
butcheries,3,10,,shona_candidate,,3,deterministic,,candidate_missing_from_base_lexicon
bvisa,3,5,,shona_candidate,,3,deterministic,already_in_base_lexicon,already_in_base_lexicon
bvunza,5,6,,shona_candidate,,4,deterministic,already_in_base_lexicon,already_in_base_lexicon
bvunzai,3,7,,shona_candidate,,3,deterministic,,candidate_missing_from_base_lexicon
byo,5,3,,shona_candidate,,5,deterministic,,candidate_missing_from_base_lexicon
cczimbabwe,7,10,,shona_candidate,,7,deterministic,,candidate_missing_from_base_lexicon
cde,32,3,,shona_candidate,,32,deterministic,,candidate_missing_from_base_lexicon
cerevita,3,8,,shona_candidate,,3,deterministic,,candidate_missing_from_base_lexicon
chacho,6,6,,shona_candidate,,6,deterministic,,candidate_missing_from_base_lexicon
chadyiwa,4,8,,shona_candidate,,4,deterministic,,candidate_missing_from_base_lexicon
chaicho,5,7,,shona_candidate,,5,deterministic,,candidate_missing_from_base_lexicon
chaidzo,7,7,,shona_candidate,,7,deterministic,,candidate_missing_from_base_lexicon
chaiko,22,6,,shona_candidate,,20,deterministic,already_in_base_lexicon,already_in_base_lexicon
chaimo,6,6,,shona_candidate,,5,deterministic,,candidate_missing_from_base_lexicon
chaipo,3,6,,shona_candidate,,3,deterministic,,candidate_missing_from_base_lexicon
chairo,4,6,,shona_candidate,,4,deterministic,,candidate_missing_from_base_lexicon
chaita,3,6,,shona_candidate,,3,deterministic,,candidate_missing_from_base_lexicon
chaivo,13,6,,shona_candidate,,12,deterministic,,candidate_missing_from_base_lexicon
chaiwo,12,6,,shona_candidate,,11,deterministic,,candidate_missing_from_base_lexicon
chaiye,16,6,,shona_candidate,,16,deterministic,,candidate_missing_from_base_lexicon
chaiyo,37,6,,shona_candidate,,37,deterministic,already_in_base_lexicon,already_in_base_lexicon
chaizvo,37,7,,shona_candidate,,33,deterministic,already_in_base_lexicon,already_in_base_lexicon
chakadaro,4,9,,shona_candidate,,4,deterministic,,candidate_missing_from_base_lexicon
chakaipa,8,8,,shona_candidate,,8,deterministic,,candidate_missing_from_base_lexicon
chakaita,4,8,,shona_candidate,,4,deterministic,,candidate_missing_from_base_lexicon
chake,10,5,,shona_candidate,,10,deterministic,,candidate_missing_from_base_lexicon
chako,13,5,,shona_candidate,,13,deterministic,,candidate_missing_from_base_lexicon
chamba,3,6,,shona_candidate,,1,deterministic,,candidate_missing_from_base_lexicon
chandinoziva,4,12,,shona_candidate,,4,deterministic,,candidate_missing_from_base_lexicon
chando,3,6,,shona_candidate,,3,deterministic,already_in_base_lexicon,already_in_base_lexicon
changamire,6,10,,shona_candidate,,5,deterministic,,candidate_missing_from_base_lexicon
changu,5,6,,shona_candidate,,5,deterministic,,candidate_missing_from_base_lexicon
chaora,3,6,,shona_candidate,,3,deterministic,,candidate_missing_from_base_lexicon
charamba,4,8,,shona_candidate,,4,deterministic,,candidate_missing_from_base_lexicon
chari,4,5,,shona_candidate,,4,deterministic,,candidate_missing_from_base_lexicon
charma,5,6,,shona_candidate,,5,deterministic,,candidate_missing_from_base_lexicon
chasara,3,7,,shona_candidate,,3,deterministic,,candidate_missing_from_base_lexicon
chava,3,5,,shona_candidate,,3,deterministic,,candidate_missing_from_base_lexicon
chavo,4,5,,shona_candidate,,4,deterministic,,candidate_missing_from_base_lexicon
che,11,3,english_frequency,noise_rule,,11,rag_recovered,,candidate_missing_from_base_lexicon
chedu,7,5,,shona_candidate,,7,deterministic,,candidate_missing_from_base_lexicon
chedura,6,7,,shona_candidate,,3,deterministic,,candidate_missing_from_base_lexicon
chega,3,5,,shona_candidate,,1,deterministic,,candidate_missing_from_base_lexicon
chegumi,3,7,,shona_candidate,,2,deterministic,,candidate_missing_from_base_lexicon
cheharare,3,9,,shona_candidate,,3,deterministic,,candidate_missing_from_base_lexicon
cheharare-,3,10,,shona_candidate,,3,deterministic,,candidate_missing_from_base_lexicon
chehigh,4,7,,shona_candidate,,4,deterministic,,candidate_missing_from_base_lexicon
chekare,3,7,,shona_candidate,,3,deterministic,,candidate_missing_from_base_lexicon
chekudya,3,8,,shona_candidate,,3,deterministic,,candidate_missing_from_base_lexicon
chekuisa,3,8,,shona_candidate,,3,deterministic,,candidate_missing_from_base_lexicon
chekuita,6,8,,shona_candidate,,6,deterministic,,candidate_missing_from_base_lexicon
chekutaura,3,10,,shona_candidate,,3,deterministic,,candidate_missing_from_base_lexicon
chekuti,3,7,,shona_candidate,,3,deterministic,,candidate_missing_from_base_lexicon
chema,13,5,,shona_candidate,,13,deterministic,already_in_base_lexicon,already_in_base_lexicon
chengeta,5,8,,shona_candidate,,5,deterministic,already_in_base_lexicon,already_in_base_lexicon
chengetai,4,9,,shona_candidate,,4,deterministic,,candidate_missing_from_base_lexicon
chenjerai,4,9,,shona_candidate,,4,deterministic,,candidate_missing_from_base_lexicon
chenyika,3,8,,shona_candidate,,2,deterministic,,candidate_missing_from_base_lexicon
chenyu,3,6,,shona_candidate,,3,deterministic,,candidate_missing_from_base_lexicon
chepamusoro,4,11,,shona_candidate,,4,deterministic,,candidate_missing_from_base_lexicon
chero,91,5,,shona_candidate,,87,deterministic,,candidate_missing_from_base_lexicon
chese,8,5,,shona_candidate,,8,deterministic,,candidate_missing_from_base_lexicon
chete,267,5,,shona_candidate,,250,deterministic,already_in_base_lexicon,already_in_base_lexicon
chezimbabwe,4,11,,shona_candidate,,4,deterministic,,candidate_missing_from_base_lexicon
chi,21,3,english_frequency,noise_rule,,21,rag_recovered,,candidate_missing_from_base_lexicon
chibaba,11,7,,shona_candidate,,10,deterministic,,candidate_missing_from_base_lexicon
chibage,13,7,,shona_candidate,,11,deterministic,,candidate_missing_from_base_lexicon
chibereko,3,9,,shona_candidate,,3,deterministic,,candidate_missing_from_base_lexicon
chibharo,7,8,,shona_candidate,,7,deterministic,,candidate_missing_from_base_lexicon
chibhorani,10,10,,shona_candidate,,10,deterministic,,candidate_missing_from_base_lexicon
chichauraya,3,11,,shona_candidate,,3,deterministic,,candidate_missing_from_base_lexicon
chidzidzo,4,9,,shona_candidate,,4,deterministic,already_in_base_lexicon,already_in_base_lexicon
chienda,6,7,,shona_candidate,,6,deterministic,,candidate_missing_from_base_lexicon
chigaro,7,7,,shona_candidate,,7,deterministic,already_in_base_lexicon,already_in_base_lexicon
chihure,6,7,,shona_candidate,,6,deterministic,already_in_base_lexicon,already_in_base_lexicon
chii,80,4,,shona_candidate,,71,deterministic,already_in_base_lexicon,already_in_base_lexicon
chiiko,5,6,,shona_candidate,,5,deterministic,,candidate_missing_from_base_lexicon
chiita,3,6,,shona_candidate,,3,deterministic,,candidate_missing_from_base_lexicon
chikafu,83,7,,shona_candidate,,81,deterministic,already_in_base_lexicon,already_in_base_lexicon
chikamu,5,7,,shona_candidate,,5,deterministic,already_in_base_lexicon,already_in_base_lexicon
chikomana,6,9,,shona_candidate,,6,deterministic,,candidate_missing_from_base_lexicon
chikonzero,5,10,,shona_candidate,,5,deterministic,already_in_base_lexicon,already_in_base_lexicon
chikoro,21,7,,shona_candidate,,20,deterministic,already_in_base_lexicon,already_in_base_lexicon
chikuru,10,7,,shona_candidate,,10,deterministic,already_in_base_lexicon,already_in_base_lexicon
chikwata,7,8,,shona_candidate,,7,deterministic,,candidate_missing_from_base_lexicon
chimiro,3,7,,shona_candidate,,3,deterministic,already_in_base_lexicon,already_in_base_lexicon
chimukai,5,8,,shona_candidate,,5,deterministic,,candidate_missing_from_base_lexicon
chimunya,3,8,,shona_candidate,,3,deterministic,,candidate_missing_from_base_lexicon
chimwe,32,6,,shona_candidate,,31,deterministic,,candidate_missing_from_base_lexicon
chinangwa,8,9,,shona_candidate,,7,deterministic,already_in_base_lexicon,already_in_base_lexicon
chinenge,4,8,,shona_candidate,,4,deterministic,,candidate_missing_from_base_lexicon
chingoti,4,8,,shona_candidate,,4,deterministic,,candidate_missing_from_base_lexicon
chingwa,9,7,,shona_candidate,,9,deterministic,already_in_base_lexicon,already_in_base_lexicon
chinhu,59,6,,shona_candidate,,56,deterministic,already_in_base_lexicon,already_in_base_lexicon
chinobva,4,8,,shona_candidate,,4,deterministic,,candidate_missing_from_base_lexicon
chinoda,3,7,,shona_candidate,,3,deterministic,,candidate_missing_from_base_lexicon
chinodiwa,3,9,,shona_candidate,,3,deterministic,,candidate_missing_from_base_lexicon
chinonzi,6,8,,shona_candidate,,6,deterministic,,candidate_missing_from_base_lexicon
chinopa,4,7,,shona_candidate,,2,deterministic,,candidate_missing_from_base_lexicon
chinorwadza,5,11,,shona_candidate,,5,deterministic,,candidate_missing_from_base_lexicon
chinyararire,3,12,,shona_candidate,,3,deterministic,,candidate_missing_from_base_lexicon
chipatara,3,9,,shona_candidate,,3,deterministic,,candidate_missing_from_base_lexicon
chipo,9,5,,shona_candidate,,9,deterministic,,candidate_missing_from_base_lexicon
chirango,4,8,,shona_candidate,,3,deterministic,already_in_base_lexicon,already_in_base_lexicon
chirevo,6,7,,shona_candidate,,6,deterministic,already_in_base_lexicon,already_in_base_lexicon
chiri,37,5,,shona_candidate,,33,deterministic,,candidate_missing_from_base_lexicon
chiriko,3,7,,shona_candidate,,3,deterministic,,candidate_missing_from_base_lexicon
chirungu,15,8,,shona_candidate,,14,deterministic,,candidate_missing_from_base_lexicon
chishamiso,3,10,,shona_candidate,,3,deterministic,already_in_base_lexicon,already_in_base_lexicon
chisina,4,7,,shona_candidate,,3,deterministic,,candidate_missing_from_base_lexicon
chiso,3,5,,shona_candidate,,3,deterministic,already_in_base_lexicon,already_in_base_lexicon
chitatu,3,7,,shona_candidate,,3,deterministic,already_in_base_lexicon,already_in_base_lexicon
chitowamombe,6,12,,shona_candidate,,6,deterministic,,candidate_missing_from_base_lexicon
chiuno,4,6,,shona_candidate,,4,deterministic,already_in_base_lexicon,already_in_base_lexicon
chivako,5,7,,shona_candidate,,5,deterministic,,candidate_missing_from_base_lexicon
chivakwa,5,8,,shona_candidate,,5,deterministic,,candidate_missing_from_base_lexicon
chiya,3,5,,shona_candidate,,3,deterministic,,candidate_missing_from_base_lexicon
chiyero,3,7,,shona_candidate,,3,deterministic,already_in_base_lexicon,already_in_base_lexicon
chokuda,5,7,,shona_candidate,,5,deterministic,,candidate_missing_from_base_lexicon
chokwadi,76,8,,shona_candidate,,74,deterministic,already_in_base_lexicon,already_in_base_lexicon
chose,10,5,english_frequency,noise_rule,,10,rag_recovered,,candidate_missing_from_base_lexicon
cnr,5,3,,shona_candidate,,5,deterministic,,candidate_missing_from_base_lexicon
collabo,6,7,,shona_candidate,,6,deterministic,,candidate_missing_from_base_lexicon
condevproperty,5,14,,shona_candidate,,5,deterministic,,candidate_missing_from_base_lexicon
dambudziko,16,10,,shona_candidate,,16,deterministic,already_in_base_lexicon,already_in_base_lexicon
denga,9,5,,shona_candidate,,9,deterministic,already_in_base_lexicon,already_in_base_lexicon
deno,4,4,,shona_candidate,,4,deterministic,,candidate_missing_from_base_lexicon
dhigirii,3,8,,shona_candidate,,3,deterministic,already_in_base_lexicon,already_in_base_lexicon
dhiri,11,5,,shona_candidate,,10,deterministic,,candidate_missing_from_base_lexicon
dhodhi,5,6,,shona_candidate,,4,deterministic,,candidate_missing_from_base_lexicon
dhongi,3,6,,shona_candidate,,3,deterministic,,candidate_missing_from_base_lexicon
dhora,3,5,,shona_candidate,,3,deterministic,,candidate_missing_from_base_lexicon
dhuma,4,5,,shona_candidate,,2,deterministic,,candidate_missing_from_base_lexicon
diki,8,4,,shona_candidate,,6,deterministic,already_in_base_lexicon,already_in_base_lexicon
dnt,7,3,,shona_candidate,,7,deterministic,,candidate_missing_from_base_lexicon
dololo,5,6,,shona_candidate,,4,deterministic,,candidate_missing_from_base_lexicon
dongo,3,5,,shona_candidate,,3,deterministic,already_in_base_lexicon,already_in_base_lexicon
doro,24,4,,shona_candidate,,23,deterministic,already_in_base_lexicon,already_in_base_lexicon
dovi,3,4,,shona_candidate,,3,deterministic,,candidate_missing_from_base_lexicon
dumbu,3,5,,shona_candidate,,3,deterministic,already_in_base_lexicon,already_in_base_lexicon
duzvi,4,5,,shona_candidate,,4,deterministic,,candidate_missing_from_base_lexicon
dza,8,3,,shona_candidate,,8,deterministic,,candidate_missing_from_base_lexicon
dzachamisa,3,10,,shona_candidate,,2,deterministic,,candidate_missing_from_base_lexicon
dzacho,8,6,,shona_candidate,,8,deterministic,,candidate_missing_from_base_lexicon
dzakanaka,3,9,,shona_candidate,,3,deterministic,,candidate_missing_from_base_lexicon
dzakawanda,3,10,,shona_candidate,,3,deterministic,,candidate_missing_from_base_lexicon
dzake,11,5,,shona_candidate,,10,deterministic,,candidate_missing_from_base_lexicon
dzako,12,5,,shona_candidate,,12,deterministic,,candidate_missing_from_base_lexicon
dzana,5,5,,shona_candidate,,5,deterministic,,candidate_missing_from_base_lexicon
dzanga,3,6,,shona_candidate,,3,deterministic,,candidate_missing_from_base_lexicon
dzangu,11,6,,shona_candidate,,11,deterministic,,candidate_missing_from_base_lexicon
dzava,3,5,,shona_candidate,,3,deterministic,,candidate_missing_from_base_lexicon
dzave,3,5,,shona_candidate,,3,deterministic,,candidate_missing_from_base_lexicon
dzavo,10,5,,shona_candidate,,10,deterministic,,candidate_missing_from_base_lexicon
dze,7,3,,shona_candidate,,7,deterministic,,candidate_missing_from_base_lexicon
dzedu,12,5,,shona_candidate,,12,deterministic,,candidate_missing_from_base_lexicon
dzega,4,5,,shona_candidate,,3,deterministic,,candidate_missing_from_base_lexicon
dzekuti,4,7,,shona_candidate,,4,deterministic,,candidate_missing_from_base_lexicon
dzekwababa,3,10,,shona_candidate,,3,deterministic,,candidate_missing_from_base_lexicon
dzema,5,5,,shona_candidate,,5,deterministic,,candidate_missing_from_base_lexicon
dzenyu,11,6,,shona_candidate,,11,deterministic,,candidate_missing_from_base_lexicon
dzese,4,5,,shona_candidate,,4,deterministic,,candidate_missing_from_base_lexicon
dzevanhu,5,8,,shona_candidate,,5,deterministic,,candidate_missing_from_base_lexicon
dzi,3,3,,shona_candidate,,3,deterministic,,candidate_missing_from_base_lexicon
dzidza,4,6,,shona_candidate,,4,deterministic,already_in_base_lexicon,already_in_base_lexicon
dzidzai,3,7,,shona_candidate,,3,deterministic,,candidate_missing_from_base_lexicon
dzidziso,3,8,,shona_candidate,,3,deterministic,already_in_base_lexicon,already_in_base_lexicon
dzikama,6,7,,shona_candidate,,6,deterministic,already_in_base_lexicon,already_in_base_lexicon
dzimba,11,6,,shona_candidate,,11,deterministic,,candidate_missing_from_base_lexicon
dzimwe,21,6,,shona_candidate,,20,deterministic,,candidate_missing_from_base_lexicon
dzine,6,5,,shona_candidate,,6,deterministic,,candidate_missing_from_base_lexicon
dzinenge,4,8,,shona_candidate,,4,deterministic,already_in_base_lexicon,already_in_base_lexicon
dzino,3,5,,shona_candidate,,3,deterministic,,candidate_missing_from_base_lexicon
dzinoita,3,8,,shona_candidate,,3,deterministic,,candidate_missing_from_base_lexicon
dzinosvika,3,10,,shona_candidate,,3,deterministic,,candidate_missing_from_base_lexicon
dzinoti,3,7,,shona_candidate,,3,deterministic,,candidate_missing_from_base_lexicon
dziri,12,5,,shona_candidate,,12,deterministic,,candidate_missing_from_base_lexicon
dziriko,3,7,,shona_candidate,,3,deterministic,,candidate_missing_from_base_lexicon
dziripo,9,7,,shona_candidate,,6,deterministic,,candidate_missing_from_base_lexicon
dzisina,3,7,,shona_candidate,,3,deterministic,,candidate_missing_from_base_lexicon
dziya,4,5,,shona_candidate,,4,deterministic,,candidate_missing_from_base_lexicon
dziye,3,5,,shona_candidate,,3,deterministic,,candidate_missing_from_base_lexicon
dzoka,4,5,,shona_candidate,,4,deterministic,already_in_base_lexicon,already_in_base_lexicon
dzokera,4,7,,shona_candidate,,4,deterministic,,candidate_missing_from_base_lexicon
dzose,13,5,,shona_candidate,,13,deterministic,,candidate_missing_from_base_lexicon
dzungu,6,6,,shona_candidate,,6,deterministic,,candidate_missing_from_base_lexicon
dzvanya,12,7,,shona_candidate,,12,deterministic,,candidate_missing_from_base_lexicon
econet,4,6,,shona_candidate,,4,deterministic,,candidate_missing_from_base_lexicon
edu,26,3,english_frequency,noise_rule,,26,rag_recovered,,candidate_missing_from_base_lexicon
edworks,4,7,,shona_candidate,,2,deterministic,,candidate_missing_from_base_lexicon
edzimba,4,7,,shona_candidate,,4,deterministic,,candidate_missing_from_base_lexicon
edzimhosva,3,10,,shona_candidate,,2,deterministic,,candidate_missing_from_base_lexicon
eeh,7,3,,shona_candidate,,7,deterministic,,candidate_missing_from_base_lexicon
ega,16,3,,shona_candidate,,15,deterministic,,candidate_missing_from_base_lexicon
eharare,3,7,,shona_candidate,,3,deterministic,,candidate_missing_from_base_lexicon
ehe,27,3,,shona_candidate,,27,deterministic,already_in_base_lexicon,already_in_base_lexicon
ehee,6,4,,shona_candidate,,6,deterministic,,candidate_missing_from_base_lexicon
eheka,3,5,,shona_candidate,,3,deterministic,,candidate_missing_from_base_lexicon
ehuku,3,5,,shona_candidate,,3,deterministic,,candidate_missing_from_base_lexicon
ehupenyu,4,8,,shona_candidate,,4,deterministic,,candidate_missing_from_base_lexicon
eish,11,4,,shona_candidate,,11,deterministic,,candidate_missing_from_base_lexicon
ekare,3,5,,shona_candidate,,3,deterministic,,candidate_missing_from_base_lexicon
eke,10,3,english_frequency,noise_rule,,10,rag_recovered,,candidate_missing_from_base_lexicon
eku,3,3,,shona_candidate,,3,deterministic,,candidate_missing_from_base_lexicon
ekunze,6,6,,shona_candidate,,5,deterministic,,candidate_missing_from_base_lexicon
ekutanga,3,8,,shona_candidate,,3,deterministic,,candidate_missing_from_base_lexicon
emuharare,8,9,,shona_candidate,,8,deterministic,,candidate_missing_from_base_lexicon
emunhumutapa,4,12,,shona_candidate,,4,deterministic,,candidate_missing_from_base_lexicon
endai,12,5,,shona_candidate,,12,deterministic,,candidate_missing_from_base_lexicon
ende,18,4,,shona_candidate,,17,deterministic,,candidate_missing_from_base_lexicon
endesa,3,6,,shona_candidate,,3,deterministic,,candidate_missing_from_base_lexicon
enyika,25,6,,shona_candidate,,21,deterministic,,candidate_missing_from_base_lexicon
enyu,25,4,,shona_candidate,,25,deterministic,,candidate_missing_from_base_lexicon
epasi,3,5,,shona_candidate,,3,deterministic,,candidate_missing_from_base_lexicon
epworth,6,7,,shona_candidate,,6,deterministic,,candidate_missing_from_base_lexicon
ese,37,3,english_frequency,noise_rule,,37,rag_recovered,,candidate_missing_from_base_lexicon
esolar,4,6,,shona_candidate,,4,deterministic,,candidate_missing_from_base_lexicon
ezuva,4,5,,shona_candidate,,4,deterministic,,candidate_missing_from_base_lexicon
ezvematongerwo,3,14,,shona_candidate,,3,deterministic,,candidate_missing_from_base_lexicon
ezvinhu,3,7,,shona_candidate,,3,deterministic,,candidate_missing_from_base_lexicon
faindi,3,6,,shona_candidate,,3,deterministic,,candidate_missing_from_base_lexicon
famba,11,5,,shona_candidate,,11,deterministic,already_in_base_lexicon,already_in_base_lexicon
fambai,8,6,,shona_candidate,,7,deterministic,already_in_base_lexicon,already_in_base_lexicon
farai,4,5,,shona_candidate,,4,deterministic,already_in_base_lexicon,already_in_base_lexicon
fona,8,4,,shona_candidate,,8,deterministic,,candidate_missing_from_base_lexicon
fone,4,4,,shona_candidate,,4,deterministic,,candidate_missing_from_base_lexicon
fonera,4,6,,shona_candidate,,4,deterministic,,candidate_missing_from_base_lexicon
foni,9,4,,shona_candidate,,8,deterministic,already_in_base_lexicon,already_in_base_lexicon
futi,125,4,,shona_candidate,suspected_non_content_seed,117,deterministic,,candidate_missing_from_base_lexicon
gadheni,4,7,,shona_candidate,,4,deterministic,already_in_base_lexicon,already_in_base_lexicon
gadzira,8,7,,shona_candidate,,7,deterministic,already_in_base_lexicon,already_in_base_lexicon
gafa,9,4,,shona_candidate,,6,deterministic,,candidate_missing_from_base_lexicon
gaffa,5,5,,shona_candidate,,5,deterministic,,candidate_missing_from_base_lexicon
ganda,4,5,,shona_candidate,,4,deterministic,already_in_base_lexicon,already_in_base_lexicon
gango,4,5,,shona_candidate,,3,deterministic,,candidate_missing_from_base_lexicon
gara,18,4,,shona_candidate,,16,deterministic,already_in_base_lexicon,already_in_base_lexicon
garai,10,5,,shona_candidate,,10,deterministic,,candidate_missing_from_base_lexicon
garo,4,4,,shona_candidate,,4,deterministic,,candidate_missing_from_base_lexicon
gejo,4,4,,shona_candidate,,4,deterministic,already_in_base_lexicon,already_in_base_lexicon
girazi,5,6,,shona_candidate,,4,deterministic,already_in_base_lexicon,already_in_base_lexicon
godo,5,4,,shona_candidate,,5,deterministic,already_in_base_lexicon,already_in_base_lexicon
gokwe,5,5,,shona_candidate,,5,deterministic,,candidate_missing_from_base_lexicon
gomba,5,5,,shona_candidate,,4,deterministic,already_in_base_lexicon,already_in_base_lexicon
goridhe,7,7,,shona_candidate,,5,deterministic,already_in_base_lexicon,already_in_base_lexicon
gotwe,3,5,,shona_candidate,,3,deterministic,,candidate_missing_from_base_lexicon
gpzvhrk,4,7,,shona_candidate,,4,deterministic,,candidate_missing_from_base_lexicon
guestandtannerrealestate,3,24,,shona_candidate,,3,deterministic,,candidate_missing_from_base_lexicon
guka,3,4,,shona_candidate,,3,deterministic,,candidate_missing_from_base_lexicon
gulez,4,5,,shona_candidate,,4,deterministic,,candidate_missing_from_base_lexicon
gumi,11,4,,shona_candidate,,11,deterministic,already_in_base_lexicon,already_in_base_lexicon
gumiguru,9,8,,shona_candidate,,8,deterministic,already_in_base_lexicon,already_in_base_lexicon
gunyana,13,7,,shona_candidate,,13,deterministic,already_in_base_lexicon,already_in_base_lexicon
guru,15,4,english_frequency,noise_rule,,14,rag_recovered,,candidate_missing_from_base_lexicon
guta,18,4,,shona_candidate,,18,deterministic,already_in_base_lexicon,already_in_base_lexicon
gutu,4,4,,shona_candidate,,4,deterministic,,candidate_missing_from_base_lexicon
gvt,12,3,,shona_candidate,,12,deterministic,,candidate_missing_from_base_lexicon
gwara,8,5,,shona_candidate,,8,deterministic,,candidate_missing_from_base_lexicon
gweta,3,5,,shona_candidate,,3,deterministic,,candidate_missing_from_base_lexicon
haadi,8,5,,shona_candidate,,8,deterministic,,candidate_missing_from_base_lexicon
haagone,3,7,,shona_candidate,,3,deterministic,,candidate_missing_from_base_lexicon
haaite,6,6,,shona_candidate,,6,deterministic,,candidate_missing_from_base_lexicon
haana,67,5,,shona_candidate,,63,deterministic,,candidate_missing_from_base_lexicon
haapinde,3,8,,shona_candidate,,3,deterministic,,candidate_missing_from_base_lexicon
haasati,7,7,,shona_candidate,,7,deterministic,,candidate_missing_from_base_lexicon
haasi,46,5,,shona_candidate,,45,deterministic,,candidate_missing_from_base_lexicon
haatombogoni,3,12,,shona_candidate,,3,deterministic,,candidate_missing_from_base_lexicon
hacho,4,5,,shona_candidate,,4,deterministic,,candidate_missing_from_base_lexicon
hadzina,4,7,,shona_candidate,,4,deterministic,,candidate_missing_from_base_lexicon
hadzisi,4,7,,shona_candidate,,4,deterministic,,candidate_missing_from_base_lexicon
haifiridzi,4,10,,shona_candidate,,4,deterministic,,candidate_missing_from_base_lexicon
haiite,3,6,,shona_candidate,,3,deterministic,,candidate_missing_from_base_lexicon
haikona,4,7,,shona_candidate,,4,deterministic,,candidate_missing_from_base_lexicon
haina,33,5,,shona_candidate,,32,deterministic,,candidate_missing_from_base_lexicon
hais,3,4,,shona_candidate,,3,deterministic,,candidate_missing_from_base_lexicon
haisi,48,5,,shona_candidate,,46,deterministic,,candidate_missing_from_base_lexicon
haite,3,5,,shona_candidate,,3,deterministic,,candidate_missing_from_base_lexicon
haiwa,9,5,,shona_candidate,,9,deterministic,,candidate_missing_from_base_lexicon
haiwawo,3,7,,shona_candidate,,3,deterministic,,candidate_missing_from_base_lexicon
haizi,3,5,,shona_candidate,,3,deterministic,,candidate_missing_from_base_lexicon
hake,45,4,,shona_candidate,,45,deterministic,,candidate_missing_from_base_lexicon
hako,56,4,,shona_candidate,,56,deterministic,,candidate_missing_from_base_lexicon
hakudi,3,6,,shona_candidate,,3,deterministic,,candidate_missing_from_base_lexicon
hakuna,76,6,,shona_candidate,,74,deterministic,,candidate_missing_from_base_lexicon
hakusi,6,6,,shona_candidate,,6,deterministic,,candidate_missing_from_base_lexicon
hakusisina,3,10,,shona_candidate,,3,deterministic,,candidate_missing_from_base_lexicon
hameno,33,6,,shona_candidate,,33,deterministic,,candidate_missing_from_base_lexicon
hamudi,3,6,,shona_candidate,,3,deterministic,,candidate_missing_from_base_lexicon
hamuna,14,6,,shona_candidate,,14,deterministic,,candidate_missing_from_base_lexicon
hamunyare,3,9,,shona_candidate,,3,deterministic,,candidate_missing_from_base_lexicon
hamusi,9,6,,shona_candidate,,9,deterministic,,candidate_missing_from_base_lexicon
handei,5,6,,shona_candidate,,5,deterministic,,candidate_missing_from_base_lexicon
handi,4,5,,shona_candidate,,4,deterministic,,candidate_missing_from_base_lexicon
handidi,7,7,,shona_candidate,,7,deterministic,,candidate_missing_from_base_lexicon
handikwanise,4,12,,shona_candidate,,4,deterministic,,candidate_missing_from_base_lexicon
handina,32,7,,shona_candidate,,32,deterministic,,candidate_missing_from_base_lexicon
handione,5,8,,shona_candidate,,5,deterministic,,candidate_missing_from_base_lexicon
handisati,10,9,,shona_candidate,,10,deterministic,,candidate_missing_from_base_lexicon
handisi,19,7,,shona_candidate,,19,deterministic,,candidate_missing_from_base_lexicon
handiti,17,7,,shona_candidate,,17,deterministic,,candidate_missing_from_base_lexicon
handizive,7,9,,shona_candidate,,7,deterministic,,candidate_missing_from_base_lexicon
handizivi,8,9,,shona_candidate,,8,deterministic,,candidate_missing_from_base_lexicon
handizvo,4,8,,shona_candidate,,4,deterministic,,candidate_missing_from_base_lexicon
hangu,51,5,,shona_candidate,,49,deterministic,,candidate_missing_from_base_lexicon
hant,7,4,,shona_candidate,,7,deterministic,,candidate_missing_from_base_lexicon
hanti,5,5,,shona_candidate,,5,deterministic,,candidate_missing_from_base_lexicon
hanty,15,5,,shona_candidate,,15,deterministic,,candidate_missing_from_base_lexicon
hanya,12,5,,shona_candidate,,12,deterministic,already_in_base_lexicon,already_in_base_lexicon
hanzi,65,5,,shona_candidate,,64,deterministic,,candidate_missing_from_base_lexicon
hanzvadzi,8,9,,shona_candidate,,8,deterministic,,candidate_missing_from_base_lexicon
hapana,128,6,,shona_candidate,,122,deterministic,,candidate_missing_from_base_lexicon
hapanawo,3,8,,shona_candidate,,3,deterministic,,candidate_missing_from_base_lexicon
hapasisina,5,10,,shona_candidate,,5,deterministic,,candidate_missing_from_base_lexicon
harareproperties,3,16,,shona_candidate,,3,deterministic,,candidate_missing_from_base_lexicon
harina,6,6,,shona_candidate,,6,deterministic,,candidate_missing_from_base_lexicon
harisi,4,6,,shona_candidate,,4,deterministic,,candidate_missing_from_base_lexicon
hasha,23,5,,shona_candidate,,22,deterministic,already_in_base_lexicon,already_in_base_lexicon
hatidi,11,6,,shona_candidate,,11,deterministic,,candidate_missing_from_base_lexicon
hatina,17,6,,shona_candidate,,17,deterministic,,candidate_missing_from_base_lexicon
hatisati,4,8,,shona_candidate,,4,deterministic,,candidate_missing_from_base_lexicon
hatisi,12,6,,shona_candidate,,12,deterministic,,candidate_missing_from_base_lexicon
hatizvidi,3,9,,shona_candidate,,2,deterministic,,candidate_missing_from_base_lexicon
haudi,3,5,,shona_candidate,,3,deterministic,,candidate_missing_from_base_lexicon
haugone,6,7,,shona_candidate,,6,deterministic,,candidate_missing_from_base_lexicon
haugoni,3,7,,shona_candidate,,3,deterministic,,candidate_missing_from_base_lexicon
hauna,33,5,,shona_candidate,,32,deterministic,,candidate_missing_from_base_lexicon
hausati,5,7,,shona_candidate,,5,deterministic,,candidate_missing_from_base_lexicon
hausi,29,5,,shona_candidate,,29,deterministic,,candidate_missing_from_base_lexicon
hava,4,4,,shona_candidate,,4,deterministic,,candidate_missing_from_base_lexicon
havade,4,6,,shona_candidate,,4,deterministic,,candidate_missing_from_base_lexicon
havadi,10,6,,shona_candidate,,9,deterministic,,candidate_missing_from_base_lexicon
havadye,3,7,,shona_candidate,,3,deterministic,,candidate_missing_from_base_lexicon
havagone,5,8,,shona_candidate,,5,deterministic,,candidate_missing_from_base_lexicon
havaite,3,7,,shona_candidate,,3,deterministic,,candidate_missing_from_base_lexicon
havana,56,6,english_frequency,noise_rule,,56,rag_recovered,,candidate_missing_from_base_lexicon
havanei,3,7,,shona_candidate,,3,deterministic,,candidate_missing_from_base_lexicon
havasati,5,8,,shona_candidate,,5,deterministic,,candidate_missing_from_base_lexicon
havasi,40,6,,shona_candidate,,38,deterministic,,candidate_missing_from_base_lexicon
havasvinure,3,11,,shona_candidate,,3,deterministic,,candidate_missing_from_base_lexicon
havatereri,3,10,,shona_candidate,,3,deterministic,,candidate_missing_from_base_lexicon
havatide,3,8,,shona_candidate,,3,deterministic,,candidate_missing_from_base_lexicon
havatodi,3,8,,shona_candidate,,3,deterministic,,candidate_missing_from_base_lexicon
havazive,4,8,,shona_candidate,,4,deterministic,,candidate_missing_from_base_lexicon
havazivi,3,8,,shona_candidate,,3,deterministic,,candidate_missing_from_base_lexicon
havo,24,4,,shona_candidate,,24,deterministic,,candidate_missing_from_base_lexicon
hayas,3,5,,shona_candidate,,3,deterministic,,candidate_missing_from_base_lexicon
hayo,8,4,,shona_candidate,suspected_non_content_seed,8,deterministic,,candidate_missing_from_base_lexicon
hazvidi,3,7,,shona_candidate,,3,deterministic,,candidate_missing_from_base_lexicon
hazviko,4,7,,shona_candidate,,4,deterministic,,candidate_missing_from_base_lexicon
hazvina,18,7,,shona_candidate,,18,deterministic,,candidate_missing_from_base_lexicon
hazvinei,6,8,,shona_candidate,,6,deterministic,,candidate_missing_from_base_lexicon
hazvireve,4,9,,shona_candidate,,4,deterministic,,candidate_missing_from_base_lexicon
hazvishande,4,11,,shona_candidate,,4,deterministic,,candidate_missing_from_base_lexicon
hedu,19,4,,shona_candidate,,19,deterministic,,candidate_missing_from_base_lexicon
heino,3,5,,shona_candidate,,3,deterministic,,candidate_missing_from_base_lexicon
hembe,10,5,,shona_candidate,,10,deterministic,already_in_base_lexicon,already_in_base_lexicon
henyu,27,5,,shona_candidate,,27,deterministic,,candidate_missing_from_base_lexicon
hesi,4,4,,shona_candidate,,4,deterministic,,candidate_missing_from_base_lexicon
heya,3,4,,shona_candidate,,2,deterministic,,candidate_missing_from_base_lexicon
hezvo,8,5,,shona_candidate,,8,deterministic,,candidate_missing_from_base_lexicon
hicc,9,4,,shona_candidate,,7,deterministic,,candidate_missing_from_base_lexicon
highdensity,3,11,,shona_candidate,,3,deterministic,,candidate_missing_from_base_lexicon
highfields,4,10,,shona_candidate,,4,deterministic,,candidate_missing_from_base_lexicon
hkd,5,3,,shona_candidate,,5,deterministic,,candidate_missing_from_base_lexicon
hnt,3,3,,shona_candidate,,3,deterministic,,candidate_missing_from_base_lexicon
hnty,3,4,,shona_candidate,,3,deterministic,,candidate_missing_from_base_lexicon
hobho,6,5,,shona_candidate,,5,deterministic,,candidate_missing_from_base_lexicon
hofisi,5,6,,shona_candidate,,5,deterministic,,candidate_missing_from_base_lexicon
hombe,6,5,,shona_candidate,,6,deterministic,already_in_base_lexicon,already_in_base_lexicon
homwe,4,5,,shona_candidate,,4,deterministic,,candidate_missing_from_base_lexicon
hona,9,4,,shona_candidate,,9,deterministic,,candidate_missing_from_base_lexicon
honai,7,5,,shona_candidate,,7,deterministic,,candidate_missing_from_base_lexicon
hondo,25,5,,shona_candidate,,23,deterministic,already_in_base_lexicon,already_in_base_lexicon
hoody,4,5,,shona_candidate,,4,deterministic,,candidate_missing_from_base_lexicon
hopewero,5,8,,shona_candidate,,5,deterministic,,candidate_missing_from_base_lexicon
hotera,3,6,,shona_candidate,,3,deterministic,,candidate_missing_from_base_lexicon
hoyoo,3,5,,shona_candidate,,3,deterministic,,candidate_missing_from_base_lexicon
hre,13,3,,shona_candidate,,13,deterministic,,candidate_missing_from_base_lexicon
huhu,18,4,,shona_candidate,,2,deterministic,already_in_base_lexicon,already_in_base_lexicon
hukama,13,6,,shona_candidate,,12,deterministic,already_in_base_lexicon,already_in_base_lexicon
huku,79,4,,shona_candidate,,74,deterministic,already_in_base_lexicon,already_in_base_lexicon
hukuru,3,6,,shona_candidate,,2,deterministic,already_in_base_lexicon,already_in_base_lexicon
humambo,4,7,,shona_candidate,,4,deterministic,already_in_base_lexicon,already_in_base_lexicon
humbowo,4,7,,shona_candidate,,4,deterministic,,candidate_missing_from_base_lexicon
humbula,3,7,,shona_candidate,,1,deterministic,,candidate_missing_from_base_lexicon
humhandara,4,10,,shona_candidate,,4,deterministic,already_in_base_lexicon,already_in_base_lexicon
hungwaru,3,8,,shona_candidate,,3,deterministic,,candidate_missing_from_base_lexicon
hunhu,23,5,,shona_candidate,,19,deterministic,already_in_base_lexicon,already_in_base_lexicon
huno,5,4,,shona_candidate,,3,deterministic,,candidate_missing_from_base_lexicon
hunza,3,5,,shona_candidate,,3,deterministic,,candidate_missing_from_base_lexicon
huori,9,5,,shona_candidate,,9,deterministic,already_in_base_lexicon,already_in_base_lexicon
hupedzisira,5,11,,shona_candidate,,5,deterministic,,candidate_missing_from_base_lexicon
hupenyu,26,7,,shona_candidate,,26,deterministic,already_in_base_lexicon,already_in_base_lexicon
hupfumi,8,7,,shona_candidate,,6,deterministic,,candidate_missing_from_base_lexicon
hura,5,4,,shona_candidate,,5,deterministic,,candidate_missing_from_base_lexicon
hure,20,4,,shona_candidate,,20,deterministic,already_in_base_lexicon,already_in_base_lexicon
huri,5,4,,shona_candidate,,5,deterministic,,candidate_missing_from_base_lexicon
hurombo,4,7,,shona_candidate,,3,deterministic,already_in_base_lexicon,already_in_base_lexicon
hurongwa,5,8,,shona_candidate,,5,deterministic,,candidate_missing_from_base_lexicon
huru,8,4,,shona_candidate,,8,deterministic,,candidate_missing_from_base_lexicon
hurukuro,5,8,,shona_candidate,,5,deterministic,,candidate_missing_from_base_lexicon
hurumende,3,9,,shona_candidate,,3,deterministic,,candidate_missing_from_base_lexicon
husina,5,6,,shona_candidate,,3,deterministic,,candidate_missing_from_base_lexicon
hutongi,10,7,,shona_candidate,,10,deterministic,,candidate_missing_from_base_lexicon
hutsinye,3,8,,shona_candidate,,3,deterministic,already_in_base_lexicon,already_in_base_lexicon
huwori,3,6,,shona_candidate,,3,deterministic,already_in_base_lexicon,already_in_base_lexicon
huya,193,4,,shona_candidate,,189,deterministic,already_in_base_lexicon,already_in_base_lexicon
huyai,15,5,,shona_candidate,,14,deterministic,,candidate_missing_from_base_lexicon
hwabaraty,4,9,,shona_candidate,,4,deterministic,,candidate_missing_from_base_lexicon
hwacho,3,6,,shona_candidate,,3,deterministic,,candidate_missing_from_base_lexicon
hwahwa,4,6,,shona_candidate,,4,deterministic,,candidate_missing_from_base_lexicon
hwai,4,4,,shona_candidate,,4,deterministic,already_in_base_lexicon,already_in_base_lexicon
hwakasimba,3,10,,shona_candidate,,3,deterministic,,candidate_missing_from_base_lexicon
hwako,3,5,,shona_candidate,,3,deterministic,,candidate_missing_from_base_lexicon
hwangu,6,6,,shona_candidate,,6,deterministic,,candidate_missing_from_base_lexicon
hwavo,3,5,,shona_candidate,,3,deterministic,,candidate_missing_from_base_lexicon
hwedu,8,5,,shona_candidate,,7,deterministic,,candidate_missing_from_base_lexicon
hwejekerere,3,11,,shona_candidate,,3,deterministic,,candidate_missing_from_base_lexicon
hwende,5,6,,shona_candidate,,5,deterministic,,candidate_missing_from_base_lexicon
ibasa,12,5,,shona_candidate,,12,deterministic,,candidate_missing_from_base_lexicon
icha,5,4,,shona_candidate,,1,deterministic,,candidate_missing_from_base_lexicon
ichaita,3,7,,shona_candidate,,3,deterministic,,candidate_missing_from_base_lexicon
ichi,35,4,english_frequency,noise_rule,,33,rag_recovered,,candidate_missing_from_base_lexicon
ichienda,3,8,,shona_candidate,,3,deterministic,,candidate_missing_from_base_lexicon
ichipo,4,6,,shona_candidate,,4,deterministic,,candidate_missing_from_base_lexicon
ichiri,4,6,,shona_candidate,,4,deterministic,,candidate_missing_from_base_lexicon
ichocho,4,7,,shona_candidate,,4,deterministic,,candidate_missing_from_base_lexicon
ichokwadi,8,9,,shona_candidate,,8,deterministic,already_in_base_lexicon,already_in_base_lexicon
ichoo,3,5,,shona_candidate,,3,deterministic,,candidate_missing_from_base_lexicon
idofo,3,5,,shona_candidate,,3,deterministic,,candidate_missing_from_base_lexicon
idya,4,4,,shona_candidate,,4,deterministic,already_in_base_lexicon,already_in_base_lexicon
idyai,6,5,,shona_candidate,,6,deterministic,,candidate_missing_from_base_lexicon
idzi,24,4,,shona_candidate,suspected_non_content_seed,24,deterministic,,candidate_missing_from_base_lexicon
idzo,13,4,,shona_candidate,suspected_non_content_seed,11,deterministic,,candidate_missing_from_base_lexicon
idzodzo,3,7,,shona_candidate,,3,deterministic,,candidate_missing_from_base_lexicon
iih,12,3,,shona_candidate,,11,deterministic,,candidate_missing_from_base_lexicon
iite,6,4,,shona_candidate,,6,deterministic,,candidate_missing_from_base_lexicon
ikaka,3,5,,shona_candidate,,3,deterministic,,candidate_missing_from_base_lexicon
iko,8,3,,shona_candidate,,8,deterministic,,candidate_missing_from_base_lexicon
ikoko,60,5,,shona_candidate,suspected_non_content_seed,59,deterministic,already_in_base_lexicon,already_in_base_lexicon
ikozvino,8,8,,shona_candidate,,8,deterministic,,candidate_missing_from_base_lexicon
imba,74,4,,shona_candidate,,67,deterministic,already_in_base_lexicon,already_in_base_lexicon
imbavha,4,7,,shona_candidate,,4,deterministic,,candidate_missing_from_base_lexicon
imbwa,68,5,,shona_candidate,,64,deterministic,already_in_base_lexicon,already_in_base_lexicon
imhaka,3,6,,shona_candidate,,3,deterministic,,candidate_missing_from_base_lexicon
imhosva,3,7,,shona_candidate,,3,deterministic,,candidate_missing_from_base_lexicon
imi,150,3,,shona_candidate,suspected_non_content_seed,132,deterministic,,candidate_missing_from_base_lexicon
imika,4,5,,shona_candidate,,4,deterministic,,candidate_missing_from_base_lexicon
imimi,28,5,,shona_candidate,,27,deterministic,,candidate_missing_from_base_lexicon
imomo,7,5,,shona_candidate,suspected_non_content_seed,7,deterministic,,candidate_missing_from_base_lexicon
imwe,94,4,,shona_candidate,,91,deterministic,,candidate_missing_from_base_lexicon
imwi,3,4,,shona_candidate,,3,deterministic,,candidate_missing_from_base_lexicon
indaba,4,6,,shona_candidate,,4,deterministic,,candidate_missing_from_base_lexicon
ine,76,3,english_frequency,noise_rule,,72,rag_recovered,,candidate_missing_from_base_lexicon
inenge,17,6,,shona_candidate,,17,deterministic,,candidate_missing_from_base_lexicon
inga,27,4,english_frequency,noise_rule,,27,rag_recovered,,candidate_missing_from_base_lexicon
ingori,8,6,,shona_candidate,,7,deterministic,,candidate_missing_from_base_lexicon
inguva,3,6,,shona_candidate,,3,deterministic,,candidate_missing_from_base_lexicon
inini,26,5,,shona_candidate,,26,deterministic,,candidate_missing_from_base_lexicon
inobata,3,7,,shona_candidate,,3,deterministic,,candidate_missing_from_base_lexicon
inoda,12,5,,shona_candidate,,12,deterministic,,candidate_missing_from_base_lexicon
inodhura,5,8,,shona_candidate,,5,deterministic,,candidate_missing_from_base_lexicon
inoenda,3,7,,shona_candidate,,3,deterministic,,candidate_missing_from_base_lexicon
inoendesa,4,9,,shona_candidate,,3,deterministic,,candidate_missing_from_base_lexicon
inofamba,3,8,,shona_candidate,,3,deterministic,,candidate_missing_from_base_lexicon
inofanirwa,3,10,,shona_candidate,,3,deterministic,,candidate_missing_from_base_lexicon
inogara,11,7,,shona_candidate,,11,deterministic,,candidate_missing_from_base_lexicon
inogona,9,7,,shona_candidate,,9,deterministic,,candidate_missing_from_base_lexicon
inoita,8,6,,shona_candidate,,8,deterministic,,candidate_missing_from_base_lexicon
inoitwa,3,7,,shona_candidate,,3,deterministic,,candidate_missing_from_base_lexicon
inokwana,4,8,,shona_candidate,,4,deterministic,,candidate_missing_from_base_lexicon
inonaka,5,7,,shona_candidate,,5,deterministic,,candidate_missing_from_base_lexicon
inonzi,8,6,,shona_candidate,,8,deterministic,,candidate_missing_from_base_lexicon
inopa,6,5,,shona_candidate,,6,deterministic,,candidate_missing_from_base_lexicon
inopedza,3,8,,shona_candidate,,3,deterministic,,candidate_missing_from_base_lexicon
inorarama,3,9,,shona_candidate,,3,deterministic,,candidate_missing_from_base_lexicon
inorojeswa,4,10,,shona_candidate,,4,deterministic,,candidate_missing_from_base_lexicon
inosara,3,7,,shona_candidate,,3,deterministic,,candidate_missing_from_base_lexicon
inosimudzira,3,12,,shona_candidate,,3,deterministic,,candidate_missing_from_base_lexicon
inosvika,8,8,,shona_candidate,,8,deterministic,,candidate_missing_from_base_lexicon
inotarisisa,3,11,,shona_candidate,,3,deterministic,,candidate_missing_from_base_lexicon
inotengeswa,3,11,,shona_candidate,,3,deterministic,,candidate_missing_from_base_lexicon
inotevera,3,9,,shona_candidate,,3,deterministic,,candidate_missing_from_base_lexicon
inoti,3,5,,shona_candidate,,3,deterministic,,candidate_missing_from_base_lexicon
inotonhora,3,10,,shona_candidate,,3,deterministic,,candidate_missing_from_base_lexicon
inotora,4,7,,shona_candidate,,4,deterministic,already_in_base_lexicon,already_in_base_lexicon
inouya,5,6,,shona_candidate,,5,deterministic,,candidate_missing_from_base_lexicon
inyaya,7,6,,shona_candidate,,7,deterministic,,candidate_missing_from_base_lexicon
inzira,5,6,,shona_candidate,,4,deterministic,,candidate_missing_from_base_lexicon
inzvimbo,3,8,,shona_candidate,,3,deterministic,,candidate_missing_from_base_lexicon
inzwa,4,5,,shona_candidate,,4,deterministic,already_in_base_lexicon,already_in_base_lexicon
ipai,7,4,,shona_candidate,,7,deterministic,,candidate_missing_from_base_lexicon
ipapa,18,5,,shona_candidate,,18,deterministic,,candidate_missing_from_base_lexicon
ipapo,72,5,,shona_candidate,suspected_non_content_seed,67,deterministic,already_in_base_lexicon,already_in_base_lexicon
ipi,6,3,,shona_candidate,,6,deterministic,,candidate_missing_from_base_lexicon
iriko,5,5,,shona_candidate,,5,deterministic,,candidate_missing_from_base_lexicon
iripazasi,7,9,,shona_candidate,,7,deterministic,,candidate_missing_from_base_lexicon
iripi,6,5,,shona_candidate,,6,deterministic,,candidate_missing_from_base_lexicon
iripo,13,5,,shona_candidate,,12,deterministic,,candidate_missing_from_base_lexicon
iroro,11,5,,shona_candidate,,11,deterministic,,candidate_missing_from_base_lexicon
isati,5,5,,shona_candidate,,4,deterministic,,candidate_missing_from_base_lexicon
ishe,3,4,,shona_candidate,,3,deterministic,already_in_base_lexicon,already_in_base_lexicon
ishoma,16,6,,shona_candidate,,16,deterministic,,candidate_missing_from_base_lexicon
isina,18,5,,shona_candidate,,16,deterministic,,candidate_missing_from_base_lexicon
isiri,9,5,,shona_candidate,,8,deterministic,,candidate_missing_from_base_lexicon
issawholenewvibe,9,16,,shona_candidate,,9,deterministic,,candidate_missing_from_base_lexicon
itai,10,4,,shona_candidate,,9,deterministic,,candidate_missing_from_base_lexicon
itori,7,5,,shona_candidate,,7,deterministic,,candidate_missing_from_base_lexicon
itsva,11,5,,shona_candidate,,11,deterministic,already_in_base_lexicon,already_in_base_lexicon
ityai,7,5,,shona_candidate,,7,deterministic,,candidate_missing_from_base_lexicon
iuye,3,4,,shona_candidate,,3,deterministic,,candidate_missing_from_base_lexicon
ivai,4,4,,shona_candidate,,4,deterministic,,candidate_missing_from_base_lexicon
ivava,30,5,,shona_candidate,,30,deterministic,,candidate_missing_from_base_lexicon
ivavo,43,5,,shona_candidate,,43,deterministic,,candidate_missing_from_base_lexicon
ivhu,3,4,,shona_candidate,,3,deterministic,already_in_base_lexicon,already_in_base_lexicon
iwaya,3,5,,shona_candidate,,3,deterministic,,candidate_missing_from_base_lexicon
iwayo,6,5,,shona_candidate,,6,deterministic,,candidate_missing_from_base_lexicon
iwe,257,3,,shona_candidate,suspected_non_content_seed,243,deterministic,already_in_base_lexicon,already_in_base_lexicon
iwee,9,4,,shona_candidate,,9,deterministic,,candidate_missing_from_base_lexicon
iwewe,62,5,,shona_candidate,,59,deterministic,,candidate_missing_from_base_lexicon
iya,16,3,,shona_candidate,,15,deterministic,,candidate_missing_from_base_lexicon
iye,70,3,,shona_candidate,suspected_non_content_seed,68,deterministic,already_in_base_lexicon,already_in_base_lexicon
iyewo,3,5,,shona_candidate,,3,deterministic,,candidate_missing_from_base_lexicon
iyeye,18,5,,shona_candidate,suspected_non_content_seed,18,deterministic,,candidate_missing_from_base_lexicon
iyo,94,3,,shona_candidate,suspected_non_content_seed,85,deterministic,already_in_base_lexicon,already_in_base_lexicon
iyoyi,5,5,,shona_candidate,,5,deterministic,,candidate_missing_from_base_lexicon
iyoyo,32,5,,shona_candidate,suspected_non_content_seed,30,deterministic,,candidate_missing_from_base_lexicon
izuva,4,5,,shona_candidate,,4,deterministic,,candidate_missing_from_base_lexicon
izvezvi,13,7,,shona_candidate,,13,deterministic,,candidate_missing_from_base_lexicon
izvozvi,13,7,,shona_candidate,,13,deterministic,,candidate_missing_from_base_lexicon
izvozvo,20,7,,shona_candidate,,20,deterministic,,candidate_missing_from_base_lexicon
izwi,5,4,,shona_candidate,,5,deterministic,already_in_base_lexicon,already_in_base_lexicon
jahman,4,6,,shona_candidate,,4,deterministic,,candidate_missing_from_base_lexicon
jecha,3,5,,shona_candidate,,3,deterministic,already_in_base_lexicon,already_in_base_lexicon
jehovha,6,7,,shona_candidate,,6,deterministic,already_in_base_lexicon,already_in_base_lexicon
jeri,3,4,,shona_candidate,,3,deterministic,already_in_base_lexicon,already_in_base_lexicon
jiti,3,4,,shona_candidate,,3,deterministic,,candidate_missing_from_base_lexicon
jobho,6,5,,shona_candidate,,5,deterministic,already_in_base_lexicon,already_in_base_lexicon
jobszimbabwe,7,12,,shona_candidate,,7,deterministic,,candidate_missing_from_base_lexicon
jongwe,3,6,,shona_candidate,,3,deterministic,already_in_base_lexicon,already_in_base_lexicon
jonso,10,5,,shona_candidate,,10,deterministic,,candidate_missing_from_base_lexicon
jukwa,5,5,,shona_candidate,,5,deterministic,,candidate_missing_from_base_lexicon
kaa,48,3,,shona_candidate,,46,deterministic,,candidate_missing_from_base_lexicon
kacho,4,5,,shona_candidate,,4,deterministic,,candidate_missing_from_base_lexicon
kae,4,3,,shona_candidate,,4,deterministic,,candidate_missing_from_base_lexicon
kah,7,3,,shona_candidate,,6,deterministic,,candidate_missing_from_base_lexicon
kako,5,4,,shona_candidate,,5,deterministic,,candidate_missing_from_base_lexicon
kambani,4,7,,shona_candidate,,4,deterministic,already_in_base_lexicon,already_in_base_lexicon
kamuri,4,6,,shona_candidate,,4,deterministic,already_in_base_lexicon,already_in_base_lexicon
kamusikana,3,10,,shona_candidate,,3,deterministic,,candidate_missing_from_base_lexicon
kamwe,9,5,,shona_candidate,,9,deterministic,already_in_base_lexicon,already_in_base_lexicon
kaneta,8,6,,shona_candidate,,6,deterministic,,candidate_missing_from_base_lexicon
kangani,3,7,,shona_candidate,,3,deterministic,,candidate_missing_from_base_lexicon
kani,23,4,,shona_candidate,,21,deterministic,,candidate_missing_from_base_lexicon
kanzuru,4,7,,shona_candidate,,4,deterministic,,candidate_missing_from_base_lexicon
kare,45,4,,shona_candidate,,43,deterministic,already_in_base_lexicon,already_in_base_lexicon
kasina,3,6,,shona_candidate,,3,deterministic,,candidate_missing_from_base_lexicon
katalog,3,7,,shona_candidate,,3,deterministic,,candidate_missing_from_base_lexicon
kaviri,3,6,,shona_candidate,,3,deterministic,already_in_base_lexicon,already_in_base_lexicon
kazhinji,4,8,,shona_candidate,,4,deterministic,already_in_base_lexicon,already_in_base_lexicon
kekutanga,3,9,,shona_candidate,,3,deterministic,,candidate_missing_from_base_lexicon
khuphe,4,6,,shona_candidate,,3,deterministic,,candidate_missing_from_base_lexicon
kikiki,6,6,,shona_candidate,,6,deterministic,,candidate_missing_from_base_lexicon
kikikiki,4,8,,shona_candidate,,3,deterministic,,candidate_missing_from_base_lexicon
kikky,8,5,,shona_candidate,,6,deterministic,,candidate_missing_from_base_lexicon
kna,4,3,,shona_candidate,,4,deterministic,,candidate_missing_from_base_lexicon
kodzero,4,7,,shona_candidate,,4,deterministic,,candidate_missing_from_base_lexicon
kombi,5,5,,shona_candidate,,5,deterministic,,candidate_missing_from_base_lexicon
komichi,3,7,,shona_candidate,,3,deterministic,,candidate_missing_from_base_lexicon
kozoti,3,6,,shona_candidate,,3,deterministic,,candidate_missing_from_base_lexicon
kristu,3,6,,shona_candidate,,3,deterministic,,candidate_missing_from_base_lexicon
kty,3,3,,shona_candidate,,2,deterministic,,candidate_missing_from_base_lexicon
kuba,4,4,,shona_candidate,,4,deterministic,already_in_base_lexicon,already_in_base_lexicon
kubasa,17,6,,shona_candidate,,15,deterministic,,candidate_missing_from_base_lexicon
kubata,15,6,,shona_candidate,,15,deterministic,already_in_base_lexicon,already_in_base_lexicon
kubatana,10,8,,shona_candidate,,9,deterministic,already_in_base_lexicon,already_in_base_lexicon
kubatsira,12,9,,shona_candidate,,7,deterministic,already_in_base_lexicon,already_in_base_lexicon
kubatsirwa,3,10,,shona_candidate,,3,deterministic,,candidate_missing_from_base_lexicon
kubatwa,7,7,,shona_candidate,,7,deterministic,,candidate_missing_from_base_lexicon
kubhadhara,15,10,,shona_candidate,,12,deterministic,already_in_base_lexicon,already_in_base_lexicon
kubhaibheri,3,11,,shona_candidate,,1,deterministic,,candidate_missing_from_base_lexicon
kubhawa,7,7,,shona_candidate,,7,deterministic,,candidate_missing_from_base_lexicon
kubika,4,6,,shona_candidate,,4,deterministic,already_in_base_lexicon,already_in_base_lexicon
kubira,4,6,,shona_candidate,,4,deterministic,,candidate_missing_from_base_lexicon
kubuda,5,6,,shona_candidate,,5,deterministic,already_in_base_lexicon,already_in_base_lexicon
kubva,135,5,,shona_candidate,,126,deterministic,,candidate_missing_from_base_lexicon
kubvisa,7,7,,shona_candidate,,7,deterministic,already_in_base_lexicon,already_in_base_lexicon
kubvuma,6,7,,shona_candidate,,6,deterministic,already_in_base_lexicon,already_in_base_lexicon
kubvunza,9,8,,shona_candidate,,9,deterministic,,candidate_missing_from_base_lexicon
kubvunzurudza,3,13,,shona_candidate,,3,deterministic,,candidate_missing_from_base_lexicon
kucc,3,4,,shona_candidate,,3,deterministic,,candidate_missing_from_base_lexicon
kuchechi,3,8,,shona_candidate,,3,deterministic,,candidate_missing_from_base_lexicon
kuchema,8,7,,shona_candidate,,8,deterministic,already_in_base_lexicon,already_in_base_lexicon
kuchenesa,7,9,,shona_candidate,,3,deterministic,already_in_base_lexicon,already_in_base_lexicon
kuchengeta,4,10,,shona_candidate,,4,deterministic,,candidate_missing_from_base_lexicon
kuchengetedza,4,13,,shona_candidate,,4,deterministic,already_in_base_lexicon,already_in_base_lexicon
kuchengeteka,3,12,,shona_candidate,,3,deterministic,,candidate_missing_from_base_lexicon
kuchera,4,7,,shona_candidate,,4,deterministic,already_in_base_lexicon,already_in_base_lexicon
kuchikoro,23,9,,shona_candidate,,21,deterministic,,candidate_missing_from_base_lexicon
kuchikurubi,3,11,,shona_candidate,,3,deterministic,,candidate_missing_from_base_lexicon
kuchinjwa,7,9,,shona_candidate,,3,deterministic,,candidate_missing_from_base_lexicon
kuchurch,8,8,,shona_candidate,,8,deterministic,,candidate_missing_from_base_lexicon
kuda,71,4,,shona_candidate,,70,deterministic,already_in_base_lexicon,already_in_base_lexicon
kudada,3,6,,shona_candidate,,3,deterministic,already_in_base_lexicon,already_in_base_lexicon
kudai,13,5,,shona_candidate,,13,deterministic,,candidate_missing_from_base_lexicon
kudanana,9,8,,shona_candidate,,9,deterministic,already_in_base_lexicon,already_in_base_lexicon
kudare,3,6,,shona_candidate,,3,deterministic,,candidate_missing_from_base_lexicon
kudarika,9,8,,shona_candidate,,9,deterministic,already_in_base_lexicon,already_in_base_lexicon
kudaro,14,6,,shona_candidate,,14,deterministic,,candidate_missing_from_base_lexicon
kudenga,5,7,,shona_candidate,,5,deterministic,already_in_base_lexicon,already_in_base_lexicon
kudhara,17,7,,shona_candidate,,17,deterministic,,candidate_missing_from_base_lexicon
kudii,12,5,,shona_candidate,,12,deterministic,,candidate_missing_from_base_lexicon
kudivi,3,6,,shona_candidate,,3,deterministic,,candidate_missing_from_base_lexicon
kudiwa,7,6,,shona_candidate,,7,deterministic,,candidate_missing_from_base_lexicon
kudm,4,4,,shona_candidate,,4,deterministic,,candidate_missing_from_base_lexicon
kudonhedza,3,10,,shona_candidate,,3,deterministic,,candidate_missing_from_base_lexicon
kudura,3,6,,shona_candidate,,3,deterministic,,candidate_missing_from_base_lexicon
kudya,133,5,,shona_candidate,,125,deterministic,already_in_base_lexicon,already_in_base_lexicon
kudyiwa,5,7,,shona_candidate,,5,deterministic,already_in_base_lexicon,already_in_base_lexicon
kudzidza,5,8,,shona_candidate,,5,deterministic,already_in_base_lexicon,already_in_base_lexicon
kudzidzisa,9,10,,shona_candidate,,9,deterministic,,candidate_missing_from_base_lexicon
kudzika,6,7,,shona_candidate,,6,deterministic,already_in_base_lexicon,already_in_base_lexicon
kudzima,4,7,,shona_candidate,,4,deterministic,already_in_base_lexicon,already_in_base_lexicon
kudzimba,4,8,,shona_candidate,,4,deterministic,,candidate_missing_from_base_lexicon
kudzoka,16,7,,shona_candidate,,15,deterministic,already_in_base_lexicon,already_in_base_lexicon
kudzokera,6,9,,shona_candidate,,6,deterministic,already_in_base_lexicon,already_in_base_lexicon
kuenda,57,6,,shona_candidate,,55,deterministic,already_in_base_lexicon,already_in_base_lexicon
kuenderera,4,10,,shona_candidate,,4,deterministic,,candidate_missing_from_base_lexicon
kuendesa,3,8,,shona_candidate,,3,deterministic,,candidate_missing_from_base_lexicon
kuendeswa,14,9,,shona_candidate,,14,deterministic,,candidate_missing_from_base_lexicon
kufa,13,4,,shona_candidate,,13,deterministic,already_in_base_lexicon,already_in_base_lexicon
kufadza,9,7,,shona_candidate,,9,deterministic,,candidate_missing_from_base_lexicon
kufamba,9,7,,shona_candidate,,9,deterministic,already_in_base_lexicon,already_in_base_lexicon
kufambira,3,9,,shona_candidate,,3,deterministic,,candidate_missing_from_base_lexicon
kufambisa,3,9,,shona_candidate,,3,deterministic,already_in_base_lexicon,already_in_base_lexicon
kufanana,4,8,,shona_candidate,,4,deterministic,already_in_base_lexicon,already_in_base_lexicon
kufara,5,6,,shona_candidate,,5,deterministic,already_in_base_lexicon,already_in_base_lexicon
kufarira,3,8,,shona_candidate,,3,deterministic,already_in_base_lexicon,already_in_base_lexicon
kufarisa,5,8,,shona_candidate,,5,deterministic,,candidate_missing_from_base_lexicon
kufema,5,6,,shona_candidate,,5,deterministic,already_in_base_lexicon,already_in_base_lexicon
kuferefeta,7,10,,shona_candidate,,7,deterministic,,candidate_missing_from_base_lexicon
kufirwa,3,7,,shona_candidate,,3,deterministic,,candidate_missing_from_base_lexicon
kufona,4,6,,shona_candidate,,4,deterministic,already_in_base_lexicon,already_in_base_lexicon
kufonera,4,8,,shona_candidate,,4,deterministic,,candidate_missing_from_base_lexicon
kufudza,4,7,,shona_candidate,,4,deterministic,,candidate_missing_from_base_lexicon
kufunga,10,7,,shona_candidate,,9,deterministic,already_in_base_lexicon,already_in_base_lexicon
kugadzira,8,9,,shona_candidate,,7,deterministic,,candidate_missing_from_base_lexicon
kugadzirira,5,11,,shona_candidate,,5,deterministic,already_in_base_lexicon,already_in_base_lexicon
kugadzirisa,10,11,,shona_candidate,,9,deterministic,already_in_base_lexicon,already_in_base_lexicon
kugadzirwa,4,10,,shona_candidate,,4,deterministic,,candidate_missing_from_base_lexicon
kugara,15,6,,shona_candidate,,13,deterministic,,candidate_missing_from_base_lexicon
kugarisana,3,10,,shona_candidate,,3,deterministic,,candidate_missing_from_base_lexicon
kugeza,3,6,,shona_candidate,,3,deterministic,already_in_base_lexicon,already_in_base_lexicon
kugona,8,6,,shona_candidate,,8,deterministic,already_in_base_lexicon,already_in_base_lexicon
kugovana,3,8,,shona_candidate,,3,deterministic,,candidate_missing_from_base_lexicon
kuguma,4,6,,shona_candidate,,3,deterministic,,candidate_missing_from_base_lexicon
kuguta,7,6,,shona_candidate,,7,deterministic,,candidate_missing_from_base_lexicon
kuhondo,4,7,,shona_candidate,,4,deterministic,,candidate_missing_from_base_lexicon
kuhotera,3,8,,shona_candidate,,3,deterministic,,candidate_missing_from_base_lexicon
kuhwina,5,7,,shona_candidate,,4,deterministic,already_in_base_lexicon,already_in_base_lexicon
kuimba,7,6,,shona_candidate,,7,deterministic,already_in_base_lexicon,already_in_base_lexicon
kuine,3,5,,shona_candidate,,3,deterministic,,candidate_missing_from_base_lexicon
kuisa,24,5,,shona_candidate,,23,deterministic,,candidate_missing_from_base_lexicon
kuita,156,5,,shona_candidate,,151,deterministic,already_in_base_lexicon,already_in_base_lexicon
kuitei,3,6,,shona_candidate,,3,deterministic,,candidate_missing_from_base_lexicon
kuitika,5,7,,shona_candidate,,5,deterministic,already_in_base_lexicon,already_in_base_lexicon
kuitira,4,7,,shona_candidate,,4,deterministic,,candidate_missing_from_base_lexicon
kuitwa,12,6,,shona_candidate,,12,deterministic,,candidate_missing_from_base_lexicon
kuiziva,3,7,,shona_candidate,,3,deterministic,,candidate_missing_from_base_lexicon
kujairira,4,9,,shona_candidate,,4,deterministic,,candidate_missing_from_base_lexicon
kujeri,3,6,,shona_candidate,,3,deterministic,,candidate_missing_from_base_lexicon
kukama,5,6,,shona_candidate,,4,deterministic,,candidate_missing_from_base_lexicon
kukenya,8,7,,shona_candidate,,8,deterministic,,candidate_missing_from_base_lexicon
kukoshesa,7,9,,shona_candidate,,6,deterministic,,candidate_missing_from_base_lexicon
kukudza,3,7,,shona_candidate,,3,deterministic,,candidate_missing_from_base_lexicon
kukumbira,11,9,,shona_candidate,,11,deterministic,already_in_base_lexicon,already_in_base_lexicon
kukupa,3,6,,shona_candidate,,3,deterministic,,candidate_missing_from_base_lexicon
kukura,3,6,,shona_candidate,,3,deterministic,already_in_base_lexicon,already_in_base_lexicon
kukwana,9,7,,shona_candidate,,9,deterministic,already_in_base_lexicon,already_in_base_lexicon
kukwanisa,5,9,,shona_candidate,,5,deterministic,,candidate_missing_from_base_lexicon
kukwira,8,7,,shona_candidate,,8,deterministic,already_in_base_lexicon,already_in_base_lexicon
kuma,44,4,,shona_candidate,,42,deterministic,,candidate_missing_from_base_lexicon
kumabasa,3,8,,shona_candidate,,3,deterministic,,candidate_missing_from_base_lexicon
kumahumbwe,4,10,,shona_candidate,,3,deterministic,,candidate_missing_from_base_lexicon
kumamisha,5,9,,shona_candidate,,5,deterministic,,candidate_missing_from_base_lexicon
kumanikidza,3,11,,shona_candidate,,2,deterministic,already_in_base_lexicon,already_in_base_lexicon
kumaraini,4,9,,shona_candidate,,4,deterministic,,candidate_missing_from_base_lexicon
kumariro,5,8,,shona_candidate,,4,deterministic,,candidate_missing_from_base_lexicon
kumaruwa,4,8,,shona_candidate,,4,deterministic,,candidate_missing_from_base_lexicon
kumashure,13,9,,shona_candidate,,12,deterministic,already_in_base_lexicon,already_in_base_lexicon
kumba,272,5,,shona_candidate,,268,deterministic,already_in_base_lexicon,already_in_base_lexicon
kumbare,4,7,,shona_candidate,,4,deterministic,,candidate_missing_from_base_lexicon
kumberi,12,7,,shona_candidate,,12,deterministic,,candidate_missing_from_base_lexicon
kumeso,7,6,,shona_candidate,,5,deterministic,,candidate_missing_from_base_lexicon
kumhandara,3,10,,shona_candidate,,3,deterministic,,candidate_missing_from_base_lexicon
kumhuri,5,7,,shona_candidate,,5,deterministic,,candidate_missing_from_base_lexicon
kumira,8,6,,shona_candidate,,7,deterministic,,candidate_missing_from_base_lexicon
kumirira,11,8,,shona_candidate,,11,deterministic,already_in_base_lexicon,already_in_base_lexicon
kumisa,14,6,,shona_candidate,,13,deterministic,already_in_base_lexicon,already_in_base_lexicon
kumuka,6,6,,shona_candidate,,6,deterministic,already_in_base_lexicon,already_in_base_lexicon
kumukadzi,3,9,,shona_candidate,,3,deterministic,,candidate_missing_from_base_lexicon
kumunhu,4,7,,shona_candidate,,4,deterministic,,candidate_missing_from_base_lexicon
kumupa,6,6,,shona_candidate,,5,deterministic,,candidate_missing_from_base_lexicon
kumurume,3,8,,shona_candidate,,3,deterministic,,candidate_missing_from_base_lexicon
kumusana,4,8,,shona_candidate,,4,deterministic,,candidate_missing_from_base_lexicon
kumusangano,3,11,,shona_candidate,,3,deterministic,,candidate_missing_from_base_lexicon
kumusha,68,7,,shona_candidate,,58,deterministic,,candidate_missing_from_base_lexicon
kumusoro,4,8,,shona_candidate,,4,deterministic,already_in_base_lexicon,already_in_base_lexicon
kumutambo,5,9,,shona_candidate,,5,deterministic,,candidate_missing_from_base_lexicon
kumwe,10,5,,shona_candidate,,10,deterministic,,candidate_missing_from_base_lexicon
kuna,58,4,,shona_candidate,,57,deterministic,,candidate_missing_from_base_lexicon
kunaka,16,6,,shona_candidate,,16,deterministic,already_in_base_lexicon,already_in_base_lexicon
kunakirwa,4,9,,shona_candidate,,4,deterministic,already_in_base_lexicon,already_in_base_lexicon
kunamata,4,8,,shona_candidate,,4,deterministic,already_in_base_lexicon,already_in_base_lexicon
kunana,5,6,,shona_candidate,,5,deterministic,,candidate_missing_from_base_lexicon
kunanga,4,7,,shona_candidate,,2,deterministic,,candidate_missing_from_base_lexicon
kunational,6,10,,shona_candidate,,6,deterministic,,candidate_missing_from_base_lexicon
kundirova,3,9,,shona_candidate,,3,deterministic,,candidate_missing_from_base_lexicon
kune,186,4,,shona_candidate,,180,deterministic,,candidate_missing_from_base_lexicon
kunenge,7,7,,shona_candidate,,5,deterministic,already_in_base_lexicon,already_in_base_lexicon
kunetsa,7,7,,shona_candidate,,7,deterministic,,candidate_missing_from_base_lexicon
kunew,4,5,,shona_candidate,,4,deterministic,,candidate_missing_from_base_lexicon
kunga,3,5,,shona_candidate,,3,deterministic,,candidate_missing_from_base_lexicon
kungobuda,4,9,,shona_candidate,,4,deterministic,,candidate_missing_from_base_lexicon
kungoda,3,7,,shona_candidate,,3,deterministic,,candidate_missing_from_base_lexicon
kungoita,7,8,,shona_candidate,suspected_non_content_seed,7,deterministic,,candidate_missing_from_base_lexicon
kungonzi,3,8,,shona_candidate,,3,deterministic,,candidate_missing_from_base_lexicon
kungoti,20,7,,shona_candidate,,20,deterministic,,candidate_missing_from_base_lexicon
kungwara,4,8,,shona_candidate,,4,deterministic,already_in_base_lexicon,already_in_base_lexicon
kunhamo,4,7,,shona_candidate,,4,deterministic,,candidate_missing_from_base_lexicon
kuno,75,4,,shona_candidate,,68,deterministic,,candidate_missing_from_base_lexicon
kunodiwa,3,8,,shona_candidate,,3,deterministic,,candidate_missing_from_base_lexicon
kunoita,6,7,,shona_candidate,,6,deterministic,,candidate_missing_from_base_lexicon
kunonoka,3,8,,shona_candidate,,3,deterministic,already_in_base_lexicon,already_in_base_lexicon
kunonzi,6,7,,shona_candidate,,6,deterministic,,candidate_missing_from_base_lexicon
kunoroora,3,9,,shona_candidate,,3,deterministic,,candidate_missing_from_base_lexicon
kunosiya,3,8,,shona_candidate,,3,deterministic,,candidate_missing_from_base_lexicon
kunotenga,5,9,,shona_candidate,,4,deterministic,,candidate_missing_from_base_lexicon
kunotora,4,8,,shona_candidate,,4,deterministic,,candidate_missing_from_base_lexicon
kunwa,8,5,,shona_candidate,,8,deterministic,already_in_base_lexicon,already_in_base_lexicon
kunyange,3,8,,shona_candidate,,3,deterministic,,candidate_missing_from_base_lexicon
kunyanya,8,8,,shona_candidate,,8,deterministic,already_in_base_lexicon,already_in_base_lexicon
kunyara,3,7,,shona_candidate,,3,deterministic,already_in_base_lexicon,already_in_base_lexicon
kunyarara,3,9,,shona_candidate,,3,deterministic,already_in_base_lexicon,already_in_base_lexicon
kunyepa,10,7,,shona_candidate,,10,deterministic,already_in_base_lexicon,already_in_base_lexicon
kunyepera,6,9,,shona_candidate,,6,deterministic,,candidate_missing_from_base_lexicon
kunyika,4,7,,shona_candidate,,4,deterministic,,candidate_missing_from_base_lexicon
kunyora,4,7,,shona_candidate,,4,deterministic,already_in_base_lexicon,already_in_base_lexicon
kunze,70,5,,shona_candidate,,68,deterministic,already_in_base_lexicon,already_in_base_lexicon
kunzi,24,5,,shona_candidate,,23,deterministic,,candidate_missing_from_base_lexicon
kunzwa,20,6,,shona_candidate,,19,deterministic,already_in_base_lexicon,already_in_base_lexicon
kunzwisisa,3,10,,shona_candidate,,3,deterministic,already_in_base_lexicon,already_in_base_lexicon
kuona,69,5,,shona_candidate,,63,deterministic,already_in_base_lexicon,already_in_base_lexicon
kuonana,3,7,,shona_candidate,,3,deterministic,,candidate_missing_from_base_lexicon
kupa,32,4,,shona_candidate,,32,deterministic,already_in_base_lexicon,already_in_base_lexicon
kupambwa,4,8,,shona_candidate,,4,deterministic,,candidate_missing_from_base_lexicon
kuparara,7,8,,shona_candidate,,7,deterministic,,candidate_missing_from_base_lexicon
kupedza,7,7,,shona_candidate,,7,deterministic,,candidate_missing_from_base_lexicon
kupenga,6,7,,shona_candidate,,6,deterministic,already_in_base_lexicon,already_in_base_lexicon
kupera,12,6,,shona_candidate,,11,deterministic,already_in_base_lexicon,already_in_base_lexicon
kuperera,4,8,,shona_candidate,,4,deterministic,already_in_base_lexicon,already_in_base_lexicon
kupfeka,12,7,,shona_candidate,,12,deterministic,already_in_base_lexicon,already_in_base_lexicon
kupfura,5,7,,shona_candidate,,5,deterministic,,candidate_missing_from_base_lexicon
kupfurwa,3,8,,shona_candidate,,3,deterministic,,candidate_missing_from_base_lexicon
kupfuura,8,8,,shona_candidate,,8,deterministic,already_in_base_lexicon,already_in_base_lexicon
kupi,33,4,,shona_candidate,,33,deterministic,,candidate_missing_from_base_lexicon
kupihwa,7,7,,shona_candidate,,7,deterministic,,candidate_missing_from_base_lexicon
kupikisa,6,8,,shona_candidate,,4,deterministic,,candidate_missing_from_base_lexicon
kupiko,3,6,,shona_candidate,,3,deterministic,,candidate_missing_from_base_lexicon
kupinda,23,7,,shona_candidate,,22,deterministic,already_in_base_lexicon,already_in_base_lexicon
kupinza,5,7,,shona_candidate,,5,deterministic,already_in_base_lexicon,already_in_base_lexicon
kupiwa,8,6,,shona_candidate,,7,deterministic,,candidate_missing_from_base_lexicon
kupora,3,6,,shona_candidate,,3,deterministic,already_in_base_lexicon,already_in_base_lexicon
kupurazi,3,8,,shona_candidate,,3,deterministic,,candidate_missing_from_base_lexicon
kupusa,4,6,,shona_candidate,,4,deterministic,already_in_base_lexicon,already_in_base_lexicon
kuramba,8,7,,shona_candidate,,8,deterministic,already_in_base_lexicon,already_in_base_lexicon
kurangarira,3,11,,shona_candidate,,3,deterministic,already_in_base_lexicon,already_in_base_lexicon
kurara,8,6,,shona_candidate,,6,deterministic,already_in_base_lexicon,already_in_base_lexicon
kurarama,12,8,,shona_candidate,,12,deterministic,already_in_base_lexicon,already_in_base_lexicon
kurasika,3,8,,shona_candidate,,3,deterministic,already_in_base_lexicon,already_in_base_lexicon
kuratidza,4,9,,shona_candidate,,4,deterministic,already_in_base_lexicon,already_in_base_lexicon
kure,22,4,,shona_candidate,,21,deterministic,already_in_base_lexicon,already_in_base_lexicon
kurega,3,6,,shona_candidate,,3,deterministic,already_in_base_lexicon,already_in_base_lexicon
kurepublic,3,10,,shona_candidate,,3,deterministic,,candidate_missing_from_base_lexicon
kureva,13,6,,shona_candidate,,12,deterministic,already_in_base_lexicon,already_in_base_lexicon
kuri,17,4,,shona_candidate,,17,deterministic,,candidate_missing_from_base_lexicon
kuridza,5,7,,shona_candidate,,4,deterministic,,candidate_missing_from_base_lexicon
kurima,8,6,,shona_candidate,,8,deterministic,already_in_base_lexicon,already_in_base_lexicon
kurohwa,15,7,,shona_candidate,,14,deterministic,,candidate_missing_from_base_lexicon
kuronga,7,7,,shona_candidate,,7,deterministic,already_in_base_lexicon,already_in_base_lexicon
kurongeka,3,9,,shona_candidate,,3,deterministic,already_in_base_lexicon,already_in_base_lexicon
kuroora,30,7,,shona_candidate,,28,deterministic,already_in_base_lexicon,already_in_base_lexicon
kuroorwa,8,8,,shona_candidate,,7,deterministic,,candidate_missing_from_base_lexicon
kurova,9,6,,shona_candidate,,9,deterministic,already_in_base_lexicon,already_in_base_lexicon
kurufu,5,6,,shona_candidate,,5,deterministic,,candidate_missing_from_base_lexicon
kurwadza,3,8,,shona_candidate,,3,deterministic,,candidate_missing_from_base_lexicon
kurwadziwa,6,10,,shona_candidate,,6,deterministic,already_in_base_lexicon,already_in_base_lexicon
kurwara,6,7,,shona_candidate,,6,deterministic,already_in_base_lexicon,already_in_base_lexicon
kurwira,6,7,,shona_candidate,,5,deterministic,already_in_base_lexicon,already_in_base_lexicon
kus,3,3,,shona_candidate,,3,deterministic,,candidate_missing_from_base_lexicon
kusada,3,6,,shona_candidate,,2,deterministic,already_in_base_lexicon,already_in_base_lexicon
kusagona,3,8,,shona_candidate,,3,deterministic,,candidate_missing_from_base_lexicon
kusanyara,4,9,,shona_candidate,,4,deterministic,,candidate_missing_from_base_lexicon
kusara,4,6,,shona_candidate,,4,deterministic,,candidate_missing_from_base_lexicon
kusarudza,6,9,,shona_candidate,,5,deterministic,,candidate_missing_from_base_lexicon
kuseka,5,6,,shona_candidate,,5,deterministic,already_in_base_lexicon,already_in_base_lexicon
kuseni,3,6,,shona_candidate,,3,deterministic,,candidate_missing_from_base_lexicon
kuseri,12,6,,shona_candidate,,12,deterministic,,candidate_missing_from_base_lexicon
kushaikwa,4,9,,shona_candidate,,3,deterministic,,candidate_missing_from_base_lexicon
kushambadza,4,11,,shona_candidate,,4,deterministic,,candidate_missing_from_base_lexicon
kushambadzira,3,13,,shona_candidate,,3,deterministic,,candidate_missing_from_base_lexicon
kushanda,6,8,,shona_candidate,,6,deterministic,,candidate_missing_from_base_lexicon
kushandisa,16,10,,shona_candidate,,16,deterministic,already_in_base_lexicon,already_in_base_lexicon
kushata,7,7,,shona_candidate,,7,deterministic,,candidate_missing_from_base_lexicon
kushaya,12,7,,shona_candidate,,12,deterministic,already_in_base_lexicon,already_in_base_lexicon
kushomeka,4,9,,shona_candidate,,4,deterministic,,candidate_missing_from_base_lexicon
kushumira,5,9,,shona_candidate,,4,deterministic,,candidate_missing_from_base_lexicon
kusiiwa,3,7,,shona_candidate,,3,deterministic,already_in_base_lexicon,already_in_base_lexicon
kusimudza,5,9,,shona_candidate,,5,deterministic,,candidate_missing_from_base_lexicon
kusina,12,6,,shona_candidate,,10,deterministic,,candidate_missing_from_base_lexicon
kusiri,3,6,,shona_candidate,,3,deterministic,,candidate_missing_from_base_lexicon
kusiya,7,6,,shona_candidate,,5,deterministic,already_in_base_lexicon,already_in_base_lexicon
kusungisa,3,9,,shona_candidate,,3,deterministic,,candidate_missing_from_base_lexicon
kusungwa,4,8,,shona_candidate,,4,deterministic,,candidate_missing_from_base_lexicon
kusununguka,4,11,,shona_candidate,,4,deterministic,already_in_base_lexicon,already_in_base_lexicon
kusviba,3,7,,shona_candidate,,3,deterministic,,candidate_missing_from_base_lexicon
kusvika,263,7,,shona_candidate,,254,deterministic,already_in_base_lexicon,already_in_base_lexicon
kusvikira,6,9,,shona_candidate,,6,deterministic,,candidate_missing_from_base_lexicon
kusvira,5,7,,shona_candidate,,5,deterministic,already_in_base_lexicon,already_in_base_lexicon
kusvirana,6,9,,shona_candidate,,4,deterministic,,candidate_missing_from_base_lexicon
kuswera,3,7,,shona_candidate,,3,deterministic,,candidate_missing_from_base_lexicon
kut,28,3,,shona_candidate,,28,deterministic,,candidate_missing_from_base_lexicon
kutadza,8,7,,shona_candidate,,8,deterministic,already_in_base_lexicon,already_in_base_lexicon
kutakura,4,8,,shona_candidate,,4,deterministic,already_in_base_lexicon,already_in_base_lexicon
kutamba,20,7,,shona_candidate,,20,deterministic,already_in_base_lexicon,already_in_base_lexicon
kutambira,6,9,,shona_candidate,,6,deterministic,,candidate_missing_from_base_lexicon
kutambisa,3,9,,shona_candidate,,3,deterministic,,candidate_missing_from_base_lexicon
kutambura,9,9,,shona_candidate,,9,deterministic,already_in_base_lexicon,already_in_base_lexicon
kutanga,25,7,,shona_candidate,,25,deterministic,already_in_base_lexicon,already_in_base_lexicon
kutarisisa,3,10,,shona_candidate,,3,deterministic,,candidate_missing_from_base_lexicon
kutaura,84,7,,shona_candidate,,78,deterministic,already_in_base_lexicon,already_in_base_lexicon
kutaurira,3,9,,shona_candidate,,3,deterministic,,candidate_missing_from_base_lexicon
kutaurwa,6,8,,shona_candidate,,6,deterministic,,candidate_missing_from_base_lexicon
kutenda,6,7,,shona_candidate,,6,deterministic,already_in_base_lexicon,already_in_base_lexicon
kutenga,19,7,,shona_candidate,,18,deterministic,,candidate_missing_from_base_lexicon
kutengesa,8,9,,shona_candidate,,8,deterministic,already_in_base_lexicon,already_in_base_lexicon
kutengeswa,11,10,,shona_candidate,,11,deterministic,,candidate_missing_from_base_lexicon
kutengwa,3,8,,shona_candidate,,3,deterministic,,candidate_missing_from_base_lexicon
kuterera,3,8,,shona_candidate,,3,deterministic,,candidate_missing_from_base_lexicon
kutii,3,5,,shona_candidate,,3,deterministic,,candidate_missing_from_base_lexicon
kutiza,8,6,,shona_candidate,,8,deterministic,,candidate_missing_from_base_lexicon
kuto,5,4,,shona_candidate,,5,deterministic,,candidate_missing_from_base_lexicon
kutoda,4,6,,shona_candidate,,4,deterministic,,candidate_missing_from_base_lexicon
kutodya,3,7,,shona_candidate,,3,deterministic,,candidate_missing_from_base_lexicon
kutoita,6,7,,shona_candidate,,6,deterministic,,candidate_missing_from_base_lexicon
kutonga,24,7,,shona_candidate,,21,deterministic,already_in_base_lexicon,already_in_base_lexicon
kutora,4,6,,shona_candidate,,4,deterministic,already_in_base_lexicon,already_in_base_lexicon
kutori,3,6,,shona_candidate,,3,deterministic,,candidate_missing_from_base_lexicon
kutsvaga,25,8,,shona_candidate,,24,deterministic,,candidate_missing_from_base_lexicon
kutsvaka,3,8,,shona_candidate,,3,deterministic,,candidate_missing_from_base_lexicon
kutuka,5,6,,shona_candidate,,5,deterministic,already_in_base_lexicon,already_in_base_lexicon
kutukwa,3,7,,shona_candidate,,3,deterministic,,candidate_missing_from_base_lexicon
kutuma,3,6,,shona_candidate,,3,deterministic,,candidate_missing_from_base_lexicon
kutumira,9,8,,shona_candidate,,9,deterministic,already_in_base_lexicon,already_in_base_lexicon
kutumirwa,4,9,,shona_candidate,,4,deterministic,,candidate_missing_from_base_lexicon
kuty,10,4,,shona_candidate,,10,deterministic,,candidate_missing_from_base_lexicon
kutya,11,5,,shona_candidate,,11,deterministic,already_in_base_lexicon,already_in_base_lexicon
kutyisa,3,7,,shona_candidate,,3,deterministic,,candidate_missing_from_base_lexicon
kuudza,15,6,,shona_candidate,,15,deterministic,,candidate_missing_from_base_lexicon
kuudzwa,9,7,,shona_candidate,,9,deterministic,,candidate_missing_from_base_lexicon
kuumba,4,6,,shona_candidate,,4,deterministic,,candidate_missing_from_base_lexicon
kuunganidza,7,11,,shona_candidate,,7,deterministic,already_in_base_lexicon,already_in_base_lexicon
kuunza,4,6,,shona_candidate,,4,deterministic,already_in_base_lexicon,already_in_base_lexicon
kuuraya,11,7,,shona_candidate,,9,deterministic,already_in_base_lexicon,already_in_base_lexicon
kuuya,21,5,,shona_candidate,,21,deterministic,already_in_base_lexicon,already_in_base_lexicon
kuva,25,4,,shona_candidate,,25,deterministic,already_in_base_lexicon,already_in_base_lexicon
kuvaka,8,6,,shona_candidate,,7,deterministic,already_in_base_lexicon,already_in_base_lexicon
kuvakwa,4,7,,shona_candidate,,4,deterministic,,candidate_missing_from_base_lexicon
kuvanhu,3,7,,shona_candidate,,3,deterministic,,candidate_missing_from_base_lexicon
kuvaziva,4,8,,shona_candidate,,4,deterministic,,candidate_missing_from_base_lexicon
kuve,9,4,,shona_candidate,,7,deterministic,,candidate_missing_from_base_lexicon
kuvenga,4,7,,shona_candidate,,4,deterministic,already_in_base_lexicon,already_in_base_lexicon
kuverenga,10,9,,shona_candidate,,9,deterministic,already_in_base_lexicon,already_in_base_lexicon
kuvharwa,3,8,,shona_candidate,,3,deterministic,,candidate_missing_from_base_lexicon
kuvhota,14,7,,shona_candidate,,14,deterministic,,candidate_missing_from_base_lexicon
kuvhura,3,7,,shona_candidate,,3,deterministic,already_in_base_lexicon,already_in_base_lexicon
kuvigwa,6,7,,shona_candidate,,5,deterministic,already_in_base_lexicon,already_in_base_lexicon
kuvoter,3,7,,shona_candidate,,3,deterministic,,candidate_missing_from_base_lexicon
kuwadzana,3,9,,shona_candidate,,3,deterministic,,candidate_missing_from_base_lexicon
kuwana,29,6,,shona_candidate,,26,deterministic,already_in_base_lexicon,already_in_base_lexicon
kuwanikwa,4,9,,shona_candidate,,4,deterministic,already_in_base_lexicon,already_in_base_lexicon
kuwirirana,3,10,,shona_candidate,,3,deterministic,already_in_base_lexicon,already_in_base_lexicon
kuya,5,4,,shona_candidate,,5,deterministic,,candidate_missing_from_base_lexicon
kuzasi,4,6,,shona_candidate,,4,deterministic,,candidate_missing_from_base_lexicon
kuzere,3,6,,shona_candidate,,3,deterministic,,candidate_missing_from_base_lexicon
kuzim,3,5,,shona_candidate,,3,deterministic,,candidate_missing_from_base_lexicon
kuzimbabwe,6,10,,shona_candidate,,6,deterministic,,candidate_missing_from_base_lexicon
kuziva,21,6,,shona_candidate,,20,deterministic,already_in_base_lexicon,already_in_base_lexicon
kuzivisa,3,8,,shona_candidate,,3,deterministic,,candidate_missing_from_base_lexicon
kuziya,3,6,,shona_candidate,,3,deterministic,,candidate_missing_from_base_lexicon
kuzoita,5,7,,shona_candidate,,5,deterministic,,candidate_missing_from_base_lexicon
kuzoti,5,6,,shona_candidate,,5,deterministic,,candidate_missing_from_base_lexicon
kuzotora,4,8,,shona_candidate,,4,deterministic,,candidate_missing_from_base_lexicon
kuzungaira,5,10,,shona_candidate,,5,deterministic,,candidate_missing_from_base_lexicon
kuzvipa,3,7,,shona_candidate,,3,deterministic,,candidate_missing_from_base_lexicon
kuzvitaura,3,10,,shona_candidate,,3,deterministic,,candidate_missing_from_base_lexicon
kuzviuraya,3,10,,shona_candidate,,3,deterministic,,candidate_missing_from_base_lexicon
kwa,16,3,,shona_candidate,,16,deterministic,,candidate_missing_from_base_lexicon
kwaari,14,6,,shona_candidate,,14,deterministic,,candidate_missing_from_base_lexicon
kwababa,4,7,,shona_candidate,,4,deterministic,,candidate_missing_from_base_lexicon
kwacho,20,6,,shona_candidate,,20,deterministic,,candidate_missing_from_base_lexicon
kwaita,3,6,,shona_candidate,,3,deterministic,,candidate_missing_from_base_lexicon
kwaiva,5,6,,shona_candidate,,4,deterministic,,candidate_missing_from_base_lexicon
kwaive,3,6,,shona_candidate,,3,deterministic,,candidate_missing_from_base_lexicon
kwakabva,4,8,,shona_candidate,,4,deterministic,,candidate_missing_from_base_lexicon
kwakakomberedzwa,3,16,,shona_candidate,,3,deterministic,,candidate_missing_from_base_lexicon
kwakanaka,3,9,,shona_candidate,,3,deterministic,,candidate_missing_from_base_lexicon
kwakasimba,3,10,,shona_candidate,,3,deterministic,,candidate_missing_from_base_lexicon
kwake,26,5,,shona_candidate,,23,deterministic,,candidate_missing_from_base_lexicon
kwako,24,5,,shona_candidate,,23,deterministic,,candidate_missing_from_base_lexicon
kwamuri,8,7,,shona_candidate,,8,deterministic,,candidate_missing_from_base_lexicon
kwana,5,5,,shona_candidate,,5,deterministic,,candidate_missing_from_base_lexicon
kwandiri,10,8,,shona_candidate,,10,deterministic,,candidate_missing_from_base_lexicon
kwanga,3,6,,shona_candidate,,3,deterministic,,candidate_missing_from_base_lexicon
kwangu,26,6,,shona_candidate,,26,deterministic,,candidate_missing_from_base_lexicon
kwanzi,3,6,,shona_candidate,,3,deterministic,,candidate_missing_from_base_lexicon
kwasara,4,7,,shona_candidate,,4,deterministic,,candidate_missing_from_base_lexicon
kwatiri,4,7,,shona_candidate,,4,deterministic,,candidate_missing_from_base_lexicon
kwauri,14,6,,shona_candidate,,14,deterministic,,candidate_missing_from_base_lexicon
kwavari,4,7,,shona_candidate,,4,deterministic,,candidate_missing_from_base_lexicon
kwave,4,5,,shona_candidate,,4,deterministic,,candidate_missing_from_base_lexicon
kwavo,30,5,,shona_candidate,,29,deterministic,,candidate_missing_from_base_lexicon
kwayo,9,5,,shona_candidate,,9,deterministic,,candidate_missing_from_base_lexicon
kwazvo,8,6,,shona_candidate,,8,deterministic,,candidate_missing_from_base_lexicon
kwe,12,3,,shona_candidate,,12,deterministic,,candidate_missing_from_base_lexicon
kwechinhu,3,9,,shona_candidate,,3,deterministic,,candidate_missing_from_base_lexicon
kwedu,43,5,,shona_candidate,,42,deterministic,,candidate_missing_from_base_lexicon
kwega,4,5,,shona_candidate,,2,deterministic,,candidate_missing_from_base_lexicon
kwegore,3,7,,shona_candidate,,3,deterministic,,candidate_missing_from_base_lexicon
kweharare,4,9,,shona_candidate,,4,deterministic,,candidate_missing_from_base_lexicon
kweimba,3,7,,shona_candidate,,3,deterministic,,candidate_missing_from_base_lexicon
kwekutonga,4,10,,shona_candidate,,2,deterministic,,candidate_missing_from_base_lexicon
kwemanyepo,4,10,,shona_candidate,,2,deterministic,,candidate_missing_from_base_lexicon
kwemari,8,7,,shona_candidate,,8,deterministic,,candidate_missing_from_base_lexicon
kwenguva,4,8,,shona_candidate,,4,deterministic,,candidate_missing_from_base_lexicon
kwenyika,6,8,,shona_candidate,,6,deterministic,,candidate_missing_from_base_lexicon
kwenyu,46,6,,shona_candidate,,44,deterministic,,candidate_missing_from_base_lexicon
kwese,20,5,,shona_candidate,,18,deterministic,,candidate_missing_from_base_lexicon
kwesvondo,4,9,,shona_candidate,,4,deterministic,,candidate_missing_from_base_lexicon
kwezuva,3,7,,shona_candidate,,3,deterministic,,candidate_missing_from_base_lexicon
kwezvirango,5,11,,shona_candidate,,5,deterministic,,candidate_missing_from_base_lexicon
legacyrealestate,4,16,,shona_candidate,,4,deterministic,,candidate_missing_from_base_lexicon
lobola,31,6,,shona_candidate,,29,deterministic,,candidate_missing_from_base_lexicon
maawa,5,5,,shona_candidate,,4,deterministic,,candidate_missing_from_base_lexicon
mababe,3,6,,shona_candidate,,3,deterministic,,candidate_missing_from_base_lexicon
mabasa,27,6,,shona_candidate,,25,deterministic,,candidate_missing_from_base_lexicon
mabata,3,6,,shona_candidate,,3,deterministic,,candidate_missing_from_base_lexicon
mabhatiri,6,9,,shona_candidate,,6,deterministic,,candidate_missing_from_base_lexicon
mabhunu,3,7,,shona_candidate,identity_term,3,deterministic,,candidate_missing_from_base_lexicon
machende,3,8,,shona_candidate,,3,deterministic,,candidate_missing_from_base_lexicon
macheso,9,7,,shona_candidate,,9,deterministic,,candidate_missing_from_base_lexicon
macomments,3,10,,shona_candidate,,3,deterministic,,candidate_missing_from_base_lexicon
macondom,3,8,,shona_candidate,,2,deterministic,,candidate_missing_from_base_lexicon
mada,3,4,,shona_candidate,,3,deterministic,,candidate_missing_from_base_lexicon
madhara,4,7,,shona_candidate,,4,deterministic,,candidate_missing_from_base_lexicon
madhiri,7,7,,shona_candidate,,7,deterministic,already_in_base_lexicon,already_in_base_lexicon
madii,6,5,,shona_candidate,,6,deterministic,,candidate_missing_from_base_lexicon
madiki,3,6,,shona_candidate,,3,deterministic,,candidate_missing_from_base_lexicon
madora,3,6,,shona_candidate,,3,deterministic,,candidate_missing_from_base_lexicon
madrama,3,7,,shona_candidate,,3,deterministic,,candidate_missing_from_base_lexicon
madungwe,12,8,,shona_candidate,,11,deterministic,,candidate_missing_from_base_lexicon
madzibaba,4,9,,shona_candidate,,4,deterministic,,candidate_missing_from_base_lexicon
madzimai,28,8,,shona_candidate,,27,deterministic,,candidate_missing_from_base_lexicon
maererano,6,9,,shona_candidate,,6,deterministic,,candidate_missing_from_base_lexicon
mafacts,3,7,,shona_candidate,,3,deterministic,,candidate_missing_from_base_lexicon
mafambiro,5,9,,shona_candidate,,5,deterministic,,candidate_missing_from_base_lexicon
mafans,4,6,,shona_candidate,,3,deterministic,,candidate_missing_from_base_lexicon
mafeelings,3,10,,shona_candidate,,3,deterministic,,candidate_missing_from_base_lexicon
mafollowers,4,11,,shona_candidate,,4,deterministic,,candidate_missing_from_base_lexicon
mafume,7,6,,shona_candidate,,5,deterministic,,candidate_missing_from_base_lexicon
mafunga,3,7,,shona_candidate,,3,deterministic,,candidate_missing_from_base_lexicon
mafungiro,6,9,,shona_candidate,,6,deterministic,already_in_base_lexicon,already_in_base_lexicon
mafuta,11,6,,shona_candidate,,10,deterministic,already_in_base_lexicon,already_in_base_lexicon
magadzirirwo,3,12,,shona_candidate,,3,deterministic,,candidate_missing_from_base_lexicon
magara,3,6,,shona_candidate,,3,deterministic,,candidate_missing_from_base_lexicon
magaro,5,6,,shona_candidate,,5,deterministic,,candidate_missing_from_base_lexicon
magetsi,44,7,,shona_candidate,,39,deterministic,,candidate_missing_from_base_lexicon
magirazi,4,8,,shona_candidate,,4,deterministic,,candidate_missing_from_base_lexicon
maguta,4,6,,shona_candidate,,4,deterministic,,candidate_missing_from_base_lexicon
mahara,34,6,,shona_candidate,,27,deterministic,,candidate_missing_from_base_lexicon
mahere,4,6,,shona_candidate,,4,deterministic,,candidate_missing_from_base_lexicon
mahure,33,6,,shona_candidate,,32,deterministic,,candidate_missing_from_base_lexicon
mai,291,3,english_frequency,noise_rule,,276,rag_recovered,,candidate_missing_from_base_lexicon
mainini,5,7,,shona_candidate,,5,deterministic,,candidate_missing_from_base_lexicon
maita,16,5,,shona_candidate,,16,deterministic,,candidate_missing_from_base_lexicon
maitiro,7,7,,shona_candidate,,7,deterministic,already_in_base_lexicon,already_in_base_lexicon
majaira,6,7,,shona_candidate,,6,deterministic,,candidate_missing_from_base_lexicon
majness,3,7,,shona_candidate,,3,deterministic,,candidate_missing_from_base_lexicon
makadii,3,7,,shona_candidate,,3,deterministic,,candidate_missing_from_base_lexicon
makanyarara,4,11,,shona_candidate,,4,deterministic,,candidate_missing_from_base_lexicon
makanzura,3,9,,shona_candidate,,3,deterministic,,candidate_missing_from_base_lexicon
makapeti,3,8,,shona_candidate,,3,deterministic,,candidate_missing_from_base_lexicon
makazara,4,8,,shona_candidate,,4,deterministic,,candidate_missing_from_base_lexicon
makomba,7,7,,shona_candidate,,7,deterministic,,candidate_missing_from_base_lexicon
makomborero,3,11,,shona_candidate,,3,deterministic,,candidate_missing_from_base_lexicon
makore,33,6,,shona_candidate,,32,deterministic,,candidate_missing_from_base_lexicon
makorokoto,7,10,,shona_candidate,,7,deterministic,,candidate_missing_from_base_lexicon
makuda,7,6,,shona_candidate,,7,deterministic,,candidate_missing_from_base_lexicon
makudo,3,6,,shona_candidate,,2,deterministic,,candidate_missing_from_base_lexicon
makuhwa,4,7,,shona_candidate,,4,deterministic,,candidate_missing_from_base_lexicon
makukutu,3,8,,shona_candidate,,3,deterministic,,candidate_missing_from_base_lexicon
makumbo,4,7,,shona_candidate,,4,deterministic,already_in_base_lexicon,already_in_base_lexicon
makumi,13,6,,shona_candidate,,12,deterministic,,candidate_missing_from_base_lexicon
makuru,7,6,,shona_candidate,,6,deterministic,,candidate_missing_from_base_lexicon
makuseni,4,8,,shona_candidate,,4,deterministic,,candidate_missing_from_base_lexicon
malema,3,6,,shona_candidate,,3,deterministic,,candidate_missing_from_base_lexicon
malikes,4,7,,shona_candidate,,4,deterministic,,candidate_missing_from_base_lexicon
mambokadzi,4,10,,shona_candidate,,4,deterministic,already_in_base_lexicon,already_in_base_lexicon
mamiriro,4,8,,shona_candidate,,4,deterministic,already_in_base_lexicon,already_in_base_lexicon
mamuka,3,6,,shona_candidate,,3,deterministic,,candidate_missing_from_base_lexicon
mamukasei,3,9,,shona_candidate,,3,deterministic,,candidate_missing_from_base_lexicon
mamwe,37,5,,shona_candidate,,30,deterministic,,candidate_missing_from_base_lexicon
mangu,5,5,,shona_candidate,,5,deterministic,,candidate_missing_from_base_lexicon
mangwana,21,8,,shona_candidate,,21,deterministic,already_in_base_lexicon,already_in_base_lexicon
mangwanani,16,10,,shona_candidate,,16,deterministic,already_in_base_lexicon,already_in_base_lexicon
manheru,14,7,,shona_candidate,,12,deterministic,already_in_base_lexicon,already_in_base_lexicon
manje,97,5,,shona_candidate,,96,deterministic,,candidate_missing_from_base_lexicon
manyama,5,7,,shona_candidate,,5,deterministic,,candidate_missing_from_base_lexicon
manyepo,7,7,,shona_candidate,,5,deterministic,,candidate_missing_from_base_lexicon
manzwi,4,6,,shona_candidate,,4,deterministic,,candidate_missing_from_base_lexicon
maoko,12,5,,shona_candidate,,12,deterministic,,candidate_missing_from_base_lexicon
maonero,6,7,,shona_candidate,,6,deterministic,already_in_base_lexicon,already_in_base_lexicon
mapedza,3,7,,shona_candidate,,3,deterministic,,candidate_missing_from_base_lexicon
mapenzi,6,7,,shona_candidate,,6,deterministic,,candidate_missing_from_base_lexicon
mapfumo,6,7,,shona_candidate,,6,deterministic,,candidate_missing_from_base_lexicon
mapikicha,4,9,,shona_candidate,,4,deterministic,,candidate_missing_from_base_lexicon
mapurisa,17,8,,shona_candidate,,17,deterministic,,candidate_missing_from_base_lexicon
marara,10,6,,shona_candidate,,10,deterministic,already_in_base_lexicon,already_in_base_lexicon
marasha,3,7,,shona_candidate,,3,deterministic,already_in_base_lexicon,already_in_base_lexicon
marii,7,5,,shona_candidate,,7,deterministic,,candidate_missing_from_base_lexicon
mariri,5,6,,shona_candidate,,5,deterministic,,candidate_missing_from_base_lexicon
maruva,4,6,,shona_candidate,,3,deterministic,already_in_base_lexicon,already_in_base_lexicon
masanctions,7,11,,shona_candidate,,6,deterministic,,candidate_missing_from_base_lexicon
masere,6,6,,shona_candidate,,3,deterministic,,candidate_missing_from_base_lexicon
masevhisi,5,9,,shona_candidate,,5,deterministic,,candidate_missing_from_base_lexicon
mashoko,26,7,,shona_candidate,,26,deterministic,,candidate_missing_from_base_lexicon
maside,3,6,,shona_candidate,,1,deterministic,,candidate_missing_from_base_lexicon
masikati,3,8,,shona_candidate,,3,deterministic,already_in_base_lexicon,already_in_base_lexicon
masimba,10,7,,shona_candidate,,8,deterministic,,candidate_missing_from_base_lexicon
maslay,3,6,,shona_candidate,,3,deterministic,,candidate_missing_from_base_lexicon
masofa,3,6,,shona_candidate,,3,deterministic,,candidate_missing_from_base_lexicon
masoja,7,6,,shona_candidate,,7,deterministic,,candidate_missing_from_base_lexicon
masports,6,8,,shona_candidate,,6,deterministic,,candidate_missing_from_base_lexicon
mastreets,5,9,,shona_candidate,,5,deterministic,,candidate_missing_from_base_lexicon
masvosve,3,8,,shona_candidate,,3,deterministic,already_in_base_lexicon,already_in_base_lexicon
maswera,3,7,,shona_candidate,,3,deterministic,,candidate_missing_from_base_lexicon
matambudziko,6,12,,shona_candidate,,6,deterministic,already_in_base_lexicon,already_in_base_lexicon
matanda,3,7,,shona_candidate,,3,deterministic,,candidate_missing_from_base_lexicon
matanga,4,7,,shona_candidate,,4,deterministic,,candidate_missing_from_base_lexicon
matare,3,6,,shona_candidate,,3,deterministic,,candidate_missing_from_base_lexicon
matatu,13,6,,shona_candidate,,12,deterministic,,candidate_missing_from_base_lexicon
mati,13,4,,shona_candidate,,12,deterministic,,candidate_missing_from_base_lexicon
matsotsi,4,8,,shona_candidate,,4,deterministic,,candidate_missing_from_base_lexicon
matumbu,3,7,,shona_candidate,,3,deterministic,,candidate_missing_from_base_lexicon
matuzvi,3,7,,shona_candidate,,3,deterministic,,candidate_missing_from_base_lexicon
mava,6,4,,shona_candidate,,6,deterministic,,candidate_missing_from_base_lexicon
mave,3,4,,shona_candidate,,3,deterministic,,candidate_missing_from_base_lexicon
mavhoti,7,7,,shona_candidate,,7,deterministic,,candidate_missing_from_base_lexicon
mavirgin,7,8,,shona_candidate,,7,deterministic,,candidate_missing_from_base_lexicon
mavo,11,4,,shona_candidate,,7,deterministic,,candidate_missing_from_base_lexicon
mayasi,3,6,,shona_candidate,,1,deterministic,,candidate_missing_from_base_lexicon
mazai,8,5,,shona_candidate,,8,deterministic,already_in_base_lexicon,already_in_base_lexicon
mazano,7,6,,shona_candidate,,7,deterministic,already_in_base_lexicon,already_in_base_lexicon
mazi,4,4,,shona_candidate,,4,deterministic,,candidate_missing_from_base_lexicon
mazinga,4,7,,shona_candidate,,3,deterministic,,candidate_missing_from_base_lexicon
mazino,4,6,,shona_candidate,,4,deterministic,already_in_base_lexicon,already_in_base_lexicon
maziso,6,6,,shona_candidate,,5,deterministic,,candidate_missing_from_base_lexicon
mazita,13,6,,shona_candidate,,12,deterministic,,candidate_missing_from_base_lexicon
mazogara,3,8,,shona_candidate,,3,deterministic,,candidate_missing_from_base_lexicon
mazondo,4,7,,shona_candidate,,4,deterministic,,candidate_missing_from_base_lexicon
mazowe,5,6,,shona_candidate,,5,deterministic,,candidate_missing_from_base_lexicon
mazuva,30,6,,shona_candidate,,29,deterministic,,candidate_missing_from_base_lexicon
mazuvano,13,8,,shona_candidate,,13,deterministic,,candidate_missing_from_base_lexicon
mbanje,7,6,,shona_candidate,,7,deterministic,,candidate_missing_from_base_lexicon
mbare,3,5,,shona_candidate,,3,deterministic,,candidate_missing_from_base_lexicon
mbavha,58,6,,shona_candidate,,56,deterministic,already_in_base_lexicon,already_in_base_lexicon
mberi,34,5,,shona_candidate,,30,deterministic,,candidate_missing_from_base_lexicon
mbichana,10,8,,shona_candidate,,7,deterministic,,candidate_missing_from_base_lexicon
mbinga,6,6,,shona_candidate,,5,deterministic,,candidate_missing_from_base_lexicon
mbira,3,5,,shona_candidate,,3,deterministic,already_in_base_lexicon,already_in_base_lexicon
mbiri,16,5,,shona_candidate,,15,deterministic,already_in_base_lexicon,already_in_base_lexicon
mbudzi,22,6,,shona_candidate,,22,deterministic,already_in_base_lexicon,already_in_base_lexicon
mbuya,15,5,,shona_candidate,,15,deterministic,,candidate_missing_from_base_lexicon
mbwa,3,4,,shona_candidate,,3,deterministic,,candidate_missing_from_base_lexicon
mdara,20,5,,shona_candidate,,20,deterministic,,candidate_missing_from_base_lexicon
mdca,6,4,,shona_candidate,,3,deterministic,,candidate_missing_from_base_lexicon
mdhara,11,6,,shona_candidate,,11,deterministic,,candidate_missing_from_base_lexicon
medu,5,4,,shona_candidate,,5,deterministic,,candidate_missing_from_base_lexicon
mekunge,5,7,,shona_candidate,,5,deterministic,,candidate_missing_from_base_lexicon
memukova,3,8,,shona_candidate,,3,deterministic,,candidate_missing_from_base_lexicon
menge,3,5,,shona_candidate,,3,deterministic,,candidate_missing_from_base_lexicon
mese,9,4,,shona_candidate,,9,deterministic,,candidate_missing_from_base_lexicon
meso,3,4,,shona_candidate,,3,deterministic,,candidate_missing_from_base_lexicon
meya,3,4,,shona_candidate,,3,deterministic,,candidate_missing_from_base_lexicon
mface,10,5,,shona_candidate,,10,deterministic,,candidate_missing_from_base_lexicon
mfana,17,5,,shona_candidate,,17,deterministic,,candidate_missing_from_base_lexicon
mfanha,4,6,,shona_candidate,,4,deterministic,,candidate_missing_from_base_lexicon
mfes,4,4,,shona_candidate,,4,deterministic,,candidate_missing_from_base_lexicon
mfesi,7,5,,shona_candidate,,7,deterministic,,candidate_missing_from_base_lexicon
mhamha,7,6,,shona_candidate,,7,deterministic,,candidate_missing_from_base_lexicon
mhan,3,4,,shona_candidate,,3,deterministic,,candidate_missing_from_base_lexicon
mhandara,13,8,,shona_candidate,,10,deterministic,already_in_base_lexicon,already_in_base_lexicon
mhani,32,5,,shona_candidate,,32,deterministic,,candidate_missing_from_base_lexicon
mhanya,3,6,,shona_candidate,,3,deterministic,,candidate_missing_from_base_lexicon
mhedzisiro,3,10,,shona_candidate,,3,deterministic,already_in_base_lexicon,already_in_base_lexicon
mhepo,10,5,,shona_candidate,,9,deterministic,already_in_base_lexicon,already_in_base_lexicon
mhinduro,7,8,,shona_candidate,,7,deterministic,already_in_base_lexicon,already_in_base_lexicon
mhiri,5,5,,shona_candidate,,5,deterministic,,candidate_missing_from_base_lexicon
mhirizhonga,12,11,,shona_candidate,,11,deterministic,already_in_base_lexicon,already_in_base_lexicon
mhofu,6,5,,shona_candidate,,6,deterministic,,candidate_missing_from_base_lexicon
mhomho,3,6,,shona_candidate,,3,deterministic,,candidate_missing_from_base_lexicon
mhondi,12,6,,shona_candidate,,10,deterministic,already_in_base_lexicon,already_in_base_lexicon
mhoro,5,5,,shona_candidate,,5,deterministic,already_in_base_lexicon,already_in_base_lexicon
mhosva,37,6,,shona_candidate,,34,deterministic,already_in_base_lexicon,already_in_base_lexicon
mhsrip,3,6,,shona_candidate,,3,deterministic,,candidate_missing_from_base_lexicon
mhuka,3,5,,shona_candidate,,3,deterministic,already_in_base_lexicon,already_in_base_lexicon
mhuri,31,5,,shona_candidate,,26,deterministic,already_in_base_lexicon,already_in_base_lexicon
mibairo,4,7,,shona_candidate,,4,deterministic,,candidate_missing_from_base_lexicon
mifananidzo,4,11,,shona_candidate,,4,deterministic,,candidate_missing_from_base_lexicon
migwagwa,8,8,,shona_candidate,,6,deterministic,,candidate_missing_from_base_lexicon
mikana,4,6,,shona_candidate,,4,deterministic,,candidate_missing_from_base_lexicon
minamato,4,8,,shona_candidate,,4,deterministic,,candidate_missing_from_base_lexicon
minda,3,5,,shona_candidate,,3,deterministic,,candidate_missing_from_base_lexicon
miriyoni,8,8,,shona_candidate,,8,deterministic,,candidate_missing_from_base_lexicon
mishonga,4,8,,shona_candidate,,4,deterministic,,candidate_missing_from_base_lexicon
misoro,3,6,,shona_candidate,,3,deterministic,,candidate_missing_from_base_lexicon
mitambo,4,7,,shona_candidate,,4,deterministic,already_in_base_lexicon,already_in_base_lexicon
mitemo,7,6,,shona_candidate,,7,deterministic,already_in_base_lexicon,already_in_base_lexicon
mitengo,5,7,,shona_candidate,,5,deterministic,,candidate_missing_from_base_lexicon
miti,3,4,,shona_candidate,,3,deterministic,,candidate_missing_from_base_lexicon
mkadzi,5,6,,shona_candidate,,5,deterministic,,candidate_missing_from_base_lexicon
mkoma,7,5,,shona_candidate,,7,deterministic,,candidate_missing_from_base_lexicon
mkomana,5,7,,shona_candidate,,5,deterministic,,candidate_missing_from_base_lexicon
mkwasha,6,7,,shona_candidate,,5,deterministic,,candidate_missing_from_base_lexicon
mmh,3,3,,shona_candidate,,3,deterministic,,candidate_missing_from_base_lexicon
mobva,4,5,,shona_candidate,,4,deterministic,,candidate_missing_from_base_lexicon
mochema,3,7,,shona_candidate,,3,deterministic,,candidate_missing_from_base_lexicon
moda,13,4,english_frequency,noise_rule,,12,rag_recovered,,candidate_missing_from_base_lexicon
modzoka,3,7,,shona_candidate,,3,deterministic,,candidate_missing_from_base_lexicon
mofamba,3,7,,shona_candidate,,3,deterministic,,candidate_missing_from_base_lexicon
moga,3,4,,shona_candidate,,3,deterministic,,candidate_missing_from_base_lexicon
mogara,3,6,,shona_candidate,,3,deterministic,,candidate_missing_from_base_lexicon
mokutumira,3,10,,shona_candidate,,3,deterministic,,candidate_missing_from_base_lexicon
mombe,139,5,,shona_candidate,,128,deterministic,already_in_base_lexicon,already_in_base_lexicon
momz,3,4,,shona_candidate,,3,deterministic,,candidate_missing_from_base_lexicon
mose,12,4,english_frequency,noise_rule,,12,rag_recovered,,candidate_missing_from_base_lexicon
moti,12,4,,shona_candidate,,11,deterministic,,candidate_missing_from_base_lexicon
motokari,4,8,,shona_candidate,,4,deterministic,already_in_base_lexicon,already_in_base_lexicon
moyo,34,4,,shona_candidate,ambiguous_name_or_content,34,deterministic,already_in_base_lexicon,already_in_base_lexicon
mpfana,4,6,,shona_candidate,,3,deterministic,,candidate_missing_from_base_lexicon
mpfanha,4,7,,shona_candidate,,4,deterministic,,candidate_missing_from_base_lexicon
mskana,5,6,,shona_candidate,,5,deterministic,,candidate_missing_from_base_lexicon
msoro,4,5,,shona_candidate,,4,deterministic,,candidate_missing_from_base_lexicon
mtembe,8,6,,shona_candidate,,8,deterministic,,candidate_missing_from_base_lexicon
muafrica,3,8,,shona_candidate,,3,deterministic,,candidate_missing_from_base_lexicon
mubairo,5,7,,shona_candidate,,5,deterministic,,candidate_missing_from_base_lexicon
mubaiwa,6,7,,shona_candidate,,6,deterministic,,candidate_missing_from_base_lexicon
mubato,5,6,,shona_candidate,,4,deterministic,,candidate_missing_from_base_lexicon
mubatsiri,4,9,,shona_candidate,,4,deterministic,,candidate_missing_from_base_lexicon
mubhawa,5,7,,shona_candidate,,5,deterministic,,candidate_missing_from_base_lexicon
muborrowdale,4,12,,shona_candidate,,4,deterministic,,candidate_missing_from_base_lexicon
mubvunzo,6,8,,shona_candidate,,6,deterministic,already_in_base_lexicon,already_in_base_lexicon
mucbd,4,5,,shona_candidate,,4,deterministic,,candidate_missing_from_base_lexicon
muchaita,4,8,,shona_candidate,,4,deterministic,,candidate_missing_from_base_lexicon
muchakabvu,9,10,,shona_candidate,,6,deterministic,,candidate_missing_from_base_lexicon
muchasvinura,4,12,,shona_candidate,,4,deterministic,,candidate_missing_from_base_lexicon
muchato,5,7,,shona_candidate,,5,deterministic,already_in_base_lexicon,already_in_base_lexicon
mucheche,6,8,,shona_candidate,,5,deterministic,already_in_base_lexicon,already_in_base_lexicon
mucherechedzo,3,13,,shona_candidate,,3,deterministic,,candidate_missing_from_base_lexicon
muchero,5,7,,shona_candidate,,3,deterministic,already_in_base_lexicon,already_in_base_lexicon
muchetura,6,9,,shona_candidate,,6,deterministic,,candidate_missing_from_base_lexicon
muchida,8,7,,shona_candidate,,8,deterministic,,candidate_missing_from_base_lexicon
muchienda,5,9,,shona_candidate,,5,deterministic,,candidate_missing_from_base_lexicon
muchiita,5,8,,shona_candidate,,5,deterministic,,candidate_missing_from_base_lexicon
muchiri,3,7,,shona_candidate,,3,deterministic,,candidate_missing_from_base_lexicon
muchishona,3,10,,shona_candidate,,2,deterministic,,candidate_missing_from_base_lexicon
muchitaura,3,10,,shona_candidate,,3,deterministic,,candidate_missing_from_base_lexicon
muchiti,13,7,,shona_candidate,,13,deterministic,,candidate_missing_from_base_lexicon
mudare,3,6,,shona_candidate,,3,deterministic,,candidate_missing_from_base_lexicon
mudhara,24,7,,shona_candidate,,21,deterministic,,candidate_missing_from_base_lexicon
mudhudhudhu,3,11,,shona_candidate,,3,deterministic,already_in_base_lexicon,already_in_base_lexicon
mudiki,26,6,,shona_candidate,,26,deterministic,already_in_base_lexicon,already_in_base_lexicon
mudiwa,9,6,,shona_candidate,,9,deterministic,already_in_base_lexicon,already_in_base_lexicon
mudumbu,4,7,,shona_candidate,,4,deterministic,already_in_base_lexicon,already_in_base_lexicon
mudzimai,9,8,,shona_candidate,,9,deterministic,,candidate_missing_from_base_lexicon
mudzimba,16,8,,shona_candidate,,15,deterministic,,candidate_missing_from_base_lexicon
mudzuri,5,7,,shona_candidate,,5,deterministic,,candidate_missing_from_base_lexicon
mudzvanyiriri,3,13,,shona_candidate,,3,deterministic,,candidate_missing_from_base_lexicon
muface,11,6,,shona_candidate,,11,deterministic,,candidate_missing_from_base_lexicon
mufana,3,6,,shona_candidate,,3,deterministic,,candidate_missing_from_base_lexicon
mufananidzo,8,11,,shona_candidate,,8,deterministic,already_in_base_lexicon,already_in_base_lexicon
mufaro,10,6,,shona_candidate,,9,deterministic,already_in_base_lexicon,already_in_base_lexicon
mufesi,4,6,,shona_candidate,,4,deterministic,,candidate_missing_from_base_lexicon
mufundisi,4,9,,shona_candidate,,3,deterministic,,candidate_missing_from_base_lexicon
mufunge,10,7,,shona_candidate,,10,deterministic,,candidate_missing_from_base_lexicon
mugadzirise,4,11,,shona_candidate,,4,deterministic,,candidate_missing_from_base_lexicon
muglen,3,6,,shona_candidate,,3,deterministic,,candidate_missing_from_base_lexicon
mugo,3,4,,shona_candidate,,3,deterministic,,candidate_missing_from_base_lexicon
mugomba,5,7,,shona_candidate,,4,deterministic,,candidate_missing_from_base_lexicon
mugore,3,6,,shona_candidate,,3,deterministic,,candidate_missing_from_base_lexicon
mugove,15,6,,shona_candidate,,10,deterministic,,candidate_missing_from_base_lexicon
mugovera,6,8,,shona_candidate,,6,deterministic,already_in_base_lexicon,already_in_base_lexicon
muguta,5,6,,shona_candidate,,5,deterministic,,candidate_missing_from_base_lexicon
muguva,3,6,,shona_candidate,,3,deterministic,,candidate_missing_from_base_lexicon
muhighlands,6,11,,shona_candidate,,6,deterministic,,candidate_missing_from_base_lexicon
muhombe,4,7,,shona_candidate,,4,deterministic,,candidate_missing_from_base_lexicon
muhondo,5,7,,shona_candidate,,5,deterministic,,candidate_missing_from_base_lexicon
muhupenyu,11,9,,shona_candidate,,11,deterministic,,candidate_missing_from_base_lexicon
muhusungwa,3,10,,shona_candidate,,3,deterministic,,candidate_missing_from_base_lexicon
muimba,4,6,,shona_candidate,,3,deterministic,,candidate_missing_from_base_lexicon
muimbi,10,6,,shona_candidate,,10,deterministic,already_in_base_lexicon,already_in_base_lexicon
muine,3,5,,shona_candidate,,3,deterministic,,candidate_missing_from_base_lexicon
muite,3,5,,shona_candidate,,3,deterministic,,candidate_missing_from_base_lexicon
mujaya,4,6,,shona_candidate,,4,deterministic,,candidate_missing_from_base_lexicon
mujeri,15,6,,shona_candidate,,13,deterministic,,candidate_missing_from_base_lexicon
mukadzi,67,7,,shona_candidate,,60,deterministic,already_in_base_lexicon,already_in_base_lexicon
mukaita,3,7,,shona_candidate,,3,deterministic,,candidate_missing_from_base_lexicon
mukaka,9,6,,shona_candidate,,9,deterministic,already_in_base_lexicon,already_in_base_lexicon
mukana,22,6,,shona_candidate,,18,deterministic,already_in_base_lexicon,already_in_base_lexicon
mukanwa,5,7,,shona_candidate,,5,deterministic,,candidate_missing_from_base_lexicon
mukanya,4,7,,shona_candidate,,4,deterministic,,candidate_missing_from_base_lexicon
mukati,41,6,,shona_candidate,,41,deterministic,,candidate_missing_from_base_lexicon
mukoma,44,6,,shona_candidate,,42,deterministic,already_in_base_lexicon,already_in_base_lexicon
mukomana,34,8,,shona_candidate,,34,deterministic,already_in_base_lexicon,already_in_base_lexicon
mukombe,4,7,,shona_candidate,,4,deterministic,already_in_base_lexicon,already_in_base_lexicon
mukubata,6,8,,shona_candidate,,6,deterministic,,candidate_missing_from_base_lexicon
mukuda,7,6,,shona_candidate,,7,deterministic,,candidate_missing_from_base_lexicon
mukudzei,4,8,,shona_candidate,,4,deterministic,,candidate_missing_from_base_lexicon
mukuita,5,7,,shona_candidate,,5,deterministic,,candidate_missing_from_base_lexicon
mukuona,3,7,,shona_candidate,,3,deterministic,,candidate_missing_from_base_lexicon
mukupera,3,8,,shona_candidate,,3,deterministic,,candidate_missing_from_base_lexicon
mukuru,51,6,,shona_candidate,,49,deterministic,already_in_base_lexicon,already_in_base_lexicon
mukurumbira,5,11,,shona_candidate,,5,deterministic,already_in_base_lexicon,already_in_base_lexicon
mukwasha,10,8,,shona_candidate,,8,deterministic,,candidate_missing_from_base_lexicon
muma,18,4,,shona_candidate,,18,deterministic,,candidate_missing_from_base_lexicon
mumaoko,4,7,,shona_candidate,,4,deterministic,,candidate_missing_from_base_lexicon
mumastreets,7,11,,shona_candidate,,7,deterministic,,candidate_missing_from_base_lexicon
mumba,25,5,,shona_candidate,,25,deterministic,,candidate_missing_from_base_lexicon
mumiriri,7,8,,shona_candidate,,7,deterministic,already_in_base_lexicon,already_in_base_lexicon
mumota,4,6,,shona_candidate,,4,deterministic,,candidate_missing_from_base_lexicon
mumoyo,6,6,,shona_candidate,ambiguous_name_or_content,6,deterministic,,candidate_missing_from_base_lexicon
mumuromo,3,8,,shona_candidate,,3,deterministic,,candidate_missing_from_base_lexicon
mumusangano,3,11,,shona_candidate,,3,deterministic,,candidate_missing_from_base_lexicon
mumusha,4,7,,shona_candidate,,4,deterministic,,candidate_missing_from_base_lexicon
mumusoro,17,8,,shona_candidate,,17,deterministic,,candidate_missing_from_base_lexicon
mumwaka,3,7,,shona_candidate,,3,deterministic,,candidate_missing_from_base_lexicon
mumwe,104,5,,shona_candidate,,102,deterministic,,candidate_missing_from_base_lexicon
muna,49,4,,shona_candidate,,48,deterministic,,candidate_missing_from_base_lexicon
munamati,4,8,,shona_candidate,,4,deterministic,already_in_base_lexicon,already_in_base_lexicon
munamato,4,8,,shona_candidate,,4,deterministic,already_in_base_lexicon,already_in_base_lexicon
munational,3,10,,shona_candidate,,3,deterministic,,candidate_missing_from_base_lexicon
munda,7,5,,shona_candidate,,7,deterministic,already_in_base_lexicon,already_in_base_lexicon
mune,59,4,,shona_candidate,,56,deterministic,,candidate_missing_from_base_lexicon
munenge,17,7,,shona_candidate,,17,deterministic,,candidate_missing_from_base_lexicon
munewlands,5,10,,shona_candidate,,5,deterministic,,candidate_missing_from_base_lexicon
munharaunda,3,11,,shona_candidate,,3,deterministic,,candidate_missing_from_base_lexicon
munhu,348,5,,shona_candidate,,330,deterministic,already_in_base_lexicon,already_in_base_lexicon
munhukadzi,3,10,,shona_candidate,,3,deterministic,,candidate_missing_from_base_lexicon
munin'ina,5,9,,shona_candidate,,4,deterministic,,candidate_missing_from_base_lexicon
muno,23,4,,shona_candidate,,22,deterministic,,candidate_missing_from_base_lexicon
munoda,12,6,,shona_candidate,,11,deterministic,,candidate_missing_from_base_lexicon
munofunga,3,9,,shona_candidate,,3,deterministic,,candidate_missing_from_base_lexicon
munoita,6,7,,shona_candidate,,5,deterministic,,candidate_missing_from_base_lexicon
munoona,3,7,,shona_candidate,,3,deterministic,,candidate_missing_from_base_lexicon
munoti,8,6,,shona_candidate,,8,deterministic,,candidate_missing_from_base_lexicon
munoziva,3,8,,shona_candidate,,3,deterministic,,candidate_missing_from_base_lexicon
munya,5,5,,shona_candidate,,5,deterministic,,candidate_missing_from_base_lexicon
munyama,4,7,,shona_candidate,,3,deterministic,already_in_base_lexicon,already_in_base_lexicon
munyika,10,7,,shona_candidate,,10,deterministic,,candidate_missing_from_base_lexicon
munyori,6,7,,shona_candidate,,6,deterministic,already_in_base_lexicon,already_in_base_lexicon
muone,6,5,,shona_candidate,,6,deterministic,,candidate_missing_from_base_lexicon
muparty,3,7,,shona_candidate,,3,deterministic,,candidate_missing_from_base_lexicon
mupe,3,4,,shona_candidate,,3,deterministic,,candidate_missing_from_base_lexicon
mupengo,3,7,,shona_candidate,,3,deterministic,,candidate_missing_from_base_lexicon
mupenyu,5,7,,shona_candidate,,5,deterministic,already_in_base_lexicon,already_in_base_lexicon
mupfana,4,7,,shona_candidate,,4,deterministic,,candidate_missing_from_base_lexicon
mupfungwa,3,9,,shona_candidate,,3,deterministic,,candidate_missing_from_base_lexicon
mupini,8,6,,shona_candidate,,5,deterministic,,candidate_missing_from_base_lexicon
muponesi,4,8,,shona_candidate,,4,deterministic,already_in_base_lexicon,already_in_base_lexicon
mupot,3,5,,shona_candidate,,2,deterministic,,candidate_missing_from_base_lexicon
mupoto,4,6,,shona_candidate,,4,deterministic,,candidate_missing_from_base_lexicon
murakashi,5,9,,shona_candidate,,5,deterministic,,candidate_missing_from_base_lexicon
murefu,3,6,,shona_candidate,,3,deterministic,,candidate_missing_from_base_lexicon
muridzi,9,7,,shona_candidate,,8,deterministic,,candidate_missing_from_base_lexicon
muriko,3,6,,shona_candidate,,3,deterministic,,candidate_missing_from_base_lexicon
murimi,4,6,,shona_candidate,,3,deterministic,already_in_base_lexicon,already_in_base_lexicon
murindi,4,7,,shona_candidate,,4,deterministic,,candidate_missing_from_base_lexicon
murisei,3,7,,shona_candidate,,3,deterministic,,candidate_missing_from_base_lexicon
muriwo,5,6,,shona_candidate,,5,deterministic,already_in_base_lexicon,already_in_base_lexicon
muroad,3,6,,shona_candidate,,3,deterministic,,candidate_missing_from_base_lexicon
muromo,5,6,,shona_candidate,,5,deterministic,already_in_base_lexicon,already_in_base_lexicon
muroora,11,7,,shona_candidate,,9,deterministic,,candidate_missing_from_base_lexicon
muropa,3,6,,shona_candidate,,3,deterministic,,candidate_missing_from_base_lexicon
muroyi,5,6,,shona_candidate,,5,deterministic,already_in_base_lexicon,already_in_base_lexicon
murudo,5,6,,shona_candidate,,5,deterministic,,candidate_missing_from_base_lexicon
murugare,6,8,,shona_candidate,,6,deterministic,,candidate_missing_from_base_lexicon
murume,92,6,,shona_candidate,,84,deterministic,already_in_base_lexicon,already_in_base_lexicon
murungu,8,7,,shona_candidate,,7,deterministic,,candidate_missing_from_base_lexicon
musada,5,6,,shona_candidate,,5,deterministic,,candidate_missing_from_base_lexicon
musadaro,23,8,,shona_candidate,,23,deterministic,,candidate_missing_from_base_lexicon
musadaroo,4,9,,shona_candidate,,4,deterministic,,candidate_missing_from_base_lexicon
musade,4,6,,shona_candidate,,4,deterministic,,candidate_missing_from_base_lexicon
musaga,6,6,,shona_candidate,,6,deterministic,,candidate_missing_from_base_lexicon
musangano,29,9,,shona_candidate,,25,deterministic,already_in_base_lexicon,already_in_base_lexicon
musango,7,7,,shona_candidate,,7,deterministic,,candidate_missing_from_base_lexicon
musanyepere,6,11,,shona_candidate,,6,deterministic,,candidate_missing_from_base_lexicon
musape,5,6,,shona_candidate,,5,deterministic,,candidate_missing_from_base_lexicon
musatibhowe,3,11,,shona_candidate,,3,deterministic,,candidate_missing_from_base_lexicon
musha,10,5,,shona_candidate,,9,deterministic,already_in_base_lexicon,already_in_base_lexicon
mushakabvu,7,10,,shona_candidate,,7,deterministic,,candidate_missing_from_base_lexicon
mushe,23,5,,shona_candidate,,23,deterministic,,candidate_missing_from_base_lexicon
mushonga,3,8,,shona_candidate,,3,deterministic,,candidate_missing_from_base_lexicon
mushure,38,7,,shona_candidate,,36,deterministic,,candidate_missing_from_base_lexicon
musi,40,4,,shona_candidate,,40,deterministic,,candidate_missing_from_base_lexicon
musika,4,6,,shona_candidate,,4,deterministic,,candidate_missing_from_base_lexicon
musikana,33,8,,shona_candidate,,28,deterministic,already_in_base_lexicon,already_in_base_lexicon
musimboti,7,9,,shona_candidate,,7,deterministic,,candidate_missing_from_base_lexicon
musina,17,6,,shona_candidate,,17,deterministic,,candidate_missing_from_base_lexicon
musipo,3,6,,shona_candidate,,3,deterministic,,candidate_missing_from_base_lexicon
musiyano,5,8,,shona_candidate,,5,deterministic,already_in_base_lexicon,already_in_base_lexicon
musiye,4,6,,shona_candidate,,4,deterministic,,candidate_missing_from_base_lexicon
muskana,4,7,,shona_candidate,,4,deterministic,,candidate_missing_from_base_lexicon
musoro,56,6,,shona_candidate,,54,deterministic,already_in_base_lexicon,already_in_base_lexicon
mustock,5,7,,shona_candidate,,5,deterministic,,candidate_missing_from_base_lexicon
mustreet,6,8,,shona_candidate,,6,deterministic,,candidate_missing_from_base_lexicon
mutambi,12,7,,shona_candidate,,12,deterministic,already_in_base_lexicon,already_in_base_lexicon
mutambo,13,7,,shona_candidate,,13,deterministic,already_in_base_lexicon,already_in_base_lexicon
mutauriri,3,9,,shona_candidate,,3,deterministic,,candidate_missing_from_base_lexicon
mutema,4,6,,shona_candidate,,4,deterministic,,candidate_missing_from_base_lexicon
mutemo,7,6,,shona_candidate,,7,deterministic,already_in_base_lexicon,already_in_base_lexicon
mutendi,3,7,,shona_candidate,,3,deterministic,already_in_base_lexicon,already_in_base_lexicon
mutengi,3,7,,shona_candidate,,3,deterministic,already_in_base_lexicon,already_in_base_lexicon
mutengo,14,7,,shona_candidate,,14,deterministic,already_in_base_lexicon,already_in_base_lexicon
mutero,5,6,,shona_candidate,,5,deterministic,already_in_base_lexicon,already_in_base_lexicon
muti,4,4,,shona_candidate,,2,deterministic,already_in_base_lexicon,already_in_base_lexicon
mutirongo,4,9,,shona_candidate,,4,deterministic,,candidate_missing_from_base_lexicon
mutongi,7,7,,shona_candidate,,7,deterministic,already_in_base_lexicon,already_in_base_lexicon
mutongo,6,7,,shona_candidate,,5,deterministic,,candidate_missing_from_base_lexicon
mutori,4,6,,shona_candidate,,4,deterministic,,candidate_missing_from_base_lexicon
mutoro,5,6,,shona_candidate,,5,deterministic,already_in_base_lexicon,already_in_base_lexicon
mutown,14,6,,shona_candidate,,13,deterministic,,candidate_missing_from_base_lexicon
mutsa,3,5,,shona_candidate,,3,deterministic,already_in_base_lexicon,already_in_base_lexicon
mutsara,4,7,,shona_candidate,,4,deterministic,already_in_base_lexicon,already_in_base_lexicon
mutsvene,7,8,,shona_candidate,,7,deterministic,already_in_base_lexicon,already_in_base_lexicon
mutumbi,7,7,,shona_candidate,,5,deterministic,,candidate_missing_from_base_lexicon
mutumwa,5,7,,shona_candidate,,5,deterministic,,candidate_missing_from_base_lexicon
mutungamiri,13,11,,shona_candidate,,13,deterministic,already_in_base_lexicon,already_in_base_lexicon
mutungamiriri,4,13,,shona_candidate,,4,deterministic,already_in_base_lexicon,already_in_base_lexicon
mutyairi,4,8,,shona_candidate,,3,deterministic,already_in_base_lexicon,already_in_base_lexicon
muudze,11,6,,shona_candidate,,10,deterministic,,candidate_missing_from_base_lexicon
muvhuro,3,7,,shona_candidate,,3,deterministic,already_in_base_lexicon,already_in_base_lexicon
muviri,10,6,,shona_candidate,,8,deterministic,already_in_base_lexicon,already_in_base_lexicon
muwane,3,6,,shona_candidate,,3,deterministic,,candidate_missing_from_base_lexicon
muzim,19,5,,shona_candidate,,18,deterministic,,candidate_missing_from_base_lexicon
muzimbabwe,68,10,,shona_candidate,,67,deterministic,,candidate_missing_from_base_lexicon
muzimbo,4,7,,shona_candidate,,4,deterministic,,candidate_missing_from_base_lexicon
muzinda,4,7,,shona_candidate,,3,deterministic,,candidate_missing_from_base_lexicon
muzive,3,6,,shona_candidate,,3,deterministic,,candidate_missing_from_base_lexicon
muzukuru,15,8,,shona_candidate,,15,deterministic,,candidate_missing_from_base_lexicon
muzuva,4,6,,shona_candidate,,4,deterministic,,candidate_missing_from_base_lexicon
mvumo,5,5,,shona_candidate,,3,deterministic,already_in_base_lexicon,already_in_base_lexicon
mvura,156,5,,shona_candidate,,148,deterministic,already_in_base_lexicon,already_in_base_lexicon
mwana,588,5,,shona_candidate,,568,deterministic,already_in_base_lexicon,already_in_base_lexicon
mwari,85,5,,shona_candidate,,81,deterministic,already_in_base_lexicon,already_in_base_lexicon
mwedzi,3,6,,shona_candidate,,3,deterministic,already_in_base_lexicon,already_in_base_lexicon
mweya,13,5,,shona_candidate,,13,deterministic,already_in_base_lexicon,already_in_base_lexicon
mwoyo,4,5,,shona_candidate,,4,deterministic,already_in_base_lexicon,already_in_base_lexicon
mxm,4,3,,shona_candidate,,4,deterministic,,candidate_missing_from_base_lexicon
mzukuru,3,7,,shona_candidate,,3,deterministic,,candidate_missing_from_base_lexicon
n'anga,3,6,,shona_candidate,,3,deterministic,already_in_base_lexicon,already_in_base_lexicon
naamai,3,6,,shona_candidate,,3,deterministic,,candidate_missing_from_base_lexicon
naana,4,5,,shona_candidate,,4,deterministic,,candidate_missing_from_base_lexicon
nababa,12,6,,shona_candidate,,12,deterministic,,candidate_missing_from_base_lexicon
nachamisa,20,9,,shona_candidate,,19,deterministic,,candidate_missing_from_base_lexicon
nadzo,4,5,,shona_candidate,,4,deterministic,,candidate_missing_from_base_lexicon
naed,3,4,,shona_candidate,,3,deterministic,,candidate_missing_from_base_lexicon
naizvozvo,4,9,,shona_candidate,,4,deterministic,,candidate_missing_from_base_lexicon
najah,5,5,,shona_candidate,,5,deterministic,,candidate_missing_from_base_lexicon
nako,4,4,,shona_candidate,,4,deterministic,,candidate_missing_from_base_lexicon
namadam,3,7,,shona_candidate,,3,deterministic,,candidate_missing_from_base_lexicon
namai,13,5,,shona_candidate,,13,deterministic,,candidate_missing_from_base_lexicon
namalema,3,8,,shona_candidate,,2,deterministic,,candidate_missing_from_base_lexicon
namambo,3,7,,shona_candidate,,3,deterministic,,candidate_missing_from_base_lexicon
namata,4,6,,shona_candidate,,4,deterministic,already_in_base_lexicon,already_in_base_lexicon
namwari,3,7,,shona_candidate,,3,deterministic,,candidate_missing_from_base_lexicon
nanelson,3,8,,shona_candidate,,3,deterministic,,candidate_missing_from_base_lexicon
nanhasi,8,7,,shona_candidate,,8,deterministic,,candidate_missing_from_base_lexicon
nani,46,4,english_frequency,noise_rule,,44,rag_recovered,,candidate_missing_from_base_lexicon
napresident,4,11,,shona_candidate,,4,deterministic,,candidate_missing_from_base_lexicon
naro,9,4,,shona_candidate,,9,deterministic,,candidate_missing_from_base_lexicon
nashadaya,16,9,,shona_candidate,,15,deterministic,,candidate_missing_from_base_lexicon
natezvara,3,9,,shona_candidate,,2,deterministic,,candidate_missing_from_base_lexicon
navo,41,4,,shona_candidate,,40,deterministic,,candidate_missing_from_base_lexicon
nawinky,8,7,,shona_candidate,,8,deterministic,,candidate_missing_from_base_lexicon
nawo,15,4,,shona_candidate,,15,deterministic,,candidate_missing_from_base_lexicon
naye,65,4,,shona_candidate,,60,deterministic,,candidate_missing_from_base_lexicon
nayo,23,4,,shona_candidate,,22,deterministic,,candidate_missing_from_base_lexicon
nazvo,18,5,,shona_candidate,,18,deterministic,,candidate_missing_from_base_lexicon
ncube,4,5,,shona_candidate,,4,deterministic,,candidate_missing_from_base_lexicon
ndaa,4,4,,shona_candidate,,4,deterministic,,candidate_missing_from_base_lexicon
ndabuda,4,7,,shona_candidate,,4,deterministic,,candidate_missing_from_base_lexicon
ndabva,7,6,,shona_candidate,,7,deterministic,,candidate_missing_from_base_lexicon
ndachema,5,8,,shona_candidate,,4,deterministic,,candidate_missing_from_base_lexicon
ndafa,7,5,,shona_candidate,,5,deterministic,,candidate_missing_from_base_lexicon
ndafunga,6,8,,shona_candidate,,6,deterministic,,candidate_missing_from_base_lexicon
ndaigara,3,8,,shona_candidate,,3,deterministic,,candidate_missing_from_base_lexicon
ndaisa,4,6,,shona_candidate,,4,deterministic,,candidate_missing_from_base_lexicon
ndaita,6,6,,shona_candidate,,6,deterministic,,candidate_missing_from_base_lexicon
ndaive,3,6,,shona_candidate,,3,deterministic,,candidate_missing_from_base_lexicon
ndakabva,6,8,,shona_candidate,,6,deterministic,,candidate_missing_from_base_lexicon
ndakaenda,6,9,,shona_candidate,,6,deterministic,,candidate_missing_from_base_lexicon
ndakagara,3,9,,shona_candidate,,3,deterministic,,candidate_missing_from_base_lexicon
ndakaita,6,8,,shona_candidate,,5,deterministic,,candidate_missing_from_base_lexicon
ndakambozvitaura,3,16,,shona_candidate,,3,deterministic,,candidate_missing_from_base_lexicon
ndakanyora,3,10,,shona_candidate,,3,deterministic,,candidate_missing_from_base_lexicon
ndakawana,4,9,,shona_candidate,,4,deterministic,,candidate_missing_from_base_lexicon
ndakura,4,7,,shona_candidate,,4,deterministic,,candidate_missing_from_base_lexicon
ndakuvara,4,9,,shona_candidate,,4,deterministic,,candidate_missing_from_base_lexicon
ndamboona,6,9,,shona_candidate,,6,deterministic,,candidate_missing_from_base_lexicon
ndamuka,4,7,,shona_candidate,,4,deterministic,,candidate_missing_from_base_lexicon
ndana,3,5,,shona_candidate,,3,deterministic,,candidate_missing_from_base_lexicon
ndanga,9,6,,shona_candidate,,9,deterministic,,candidate_missing_from_base_lexicon
ndangoti,4,8,,shona_candidate,,4,deterministic,,candidate_missing_from_base_lexicon
ndanzwa,3,7,,shona_candidate,,3,deterministic,,candidate_missing_from_base_lexicon
ndaona,17,6,,shona_candidate,,16,deterministic,,candidate_missing_from_base_lexicon
ndapedza,7,8,,shona_candidate,,7,deterministic,already_in_base_lexicon,already_in_base_lexicon
ndapota,12,7,,shona_candidate,,12,deterministic,,candidate_missing_from_base_lexicon
ndarota,3,7,,shona_candidate,,3,deterministic,,candidate_missing_from_base_lexicon
ndarwadziwa,4,11,,shona_candidate,,4,deterministic,,candidate_missing_from_base_lexicon
ndasvika,4,8,,shona_candidate,,4,deterministic,,candidate_missing_from_base_lexicon
ndaswera,4,8,,shona_candidate,,4,deterministic,,candidate_missing_from_base_lexicon
ndataura,3,8,,shona_candidate,,3,deterministic,,candidate_missing_from_base_lexicon
ndatenda,10,8,,shona_candidate,,10,deterministic,already_in_base_lexicon,already_in_base_lexicon
ndati,18,5,,shona_candidate,,18,deterministic,,candidate_missing_from_base_lexicon
ndatopedza,4,10,,shona_candidate,,4,deterministic,,candidate_missing_from_base_lexicon
ndatora,3,7,,shona_candidate,,3,deterministic,,candidate_missing_from_base_lexicon
ndauya,4,6,,shona_candidate,,4,deterministic,,candidate_missing_from_base_lexicon
ndave,4,5,,shona_candidate,,4,deterministic,,candidate_missing_from_base_lexicon
ndazoona,3,8,,shona_candidate,,3,deterministic,,candidate_missing_from_base_lexicon
ndazviona,3,9,,shona_candidate,,3,deterministic,,candidate_missing_from_base_lexicon
ndeapi,4,6,,shona_candidate,,4,deterministic,,candidate_missing_from_base_lexicon
ndebele,4,7,,shona_candidate,,4,deterministic,,candidate_missing_from_base_lexicon
ndebvu,4,6,,shona_candidate,,4,deterministic,already_in_base_lexicon,already_in_base_lexicon
ndedze,3,6,,shona_candidate,,3,deterministic,,candidate_missing_from_base_lexicon
ndega,8,5,,shona_candidate,,8,deterministic,already_in_base_lexicon,already_in_base_lexicon
ndege,8,5,,shona_candidate,,8,deterministic,already_in_base_lexicon,already_in_base_lexicon
ndeipi,14,6,,shona_candidate,,14,deterministic,,candidate_missing_from_base_lexicon
ndekupi,8,7,,shona_candidate,,8,deterministic,,candidate_missing_from_base_lexicon
ndenge,3,6,,shona_candidate,,3,deterministic,,candidate_missing_from_base_lexicon
ndere,4,5,,shona_candidate,,4,deterministic,,candidate_missing_from_base_lexicon
nderekuti,4,9,,shona_candidate,,4,deterministic,,candidate_missing_from_base_lexicon
ndeupi,9,6,,shona_candidate,,9,deterministic,,candidate_missing_from_base_lexicon
ndewe,7,5,,shona_candidate,,7,deterministic,already_in_base_lexicon,already_in_base_lexicon
ndewekushaya,4,12,,shona_candidate,,4,deterministic,,candidate_missing_from_base_lexicon
ndeyako,4,7,,shona_candidate,,4,deterministic,,candidate_missing_from_base_lexicon
ndeye,14,5,,shona_candidate,,14,deterministic,,candidate_missing_from_base_lexicon
ndezve,3,6,,shona_candidate,,3,deterministic,,candidate_missing_from_base_lexicon
ndezvenyu,3,9,,shona_candidate,,3,deterministic,,candidate_missing_from_base_lexicon
ndezvipi,6,8,,shona_candidate,,6,deterministic,,candidate_missing_from_base_lexicon
ndi,27,3,,shona_candidate,,27,deterministic,,candidate_missing_from_base_lexicon
ndiani,32,6,,shona_candidate,,32,deterministic,already_in_base_lexicon,already_in_base_lexicon
ndibaba,9,7,,shona_candidate,,9,deterministic,,candidate_missing_from_base_lexicon
ndibatei,3,8,,shona_candidate,,3,deterministic,,candidate_missing_from_base_lexicon
ndibatsireiwo,4,13,,shona_candidate,,4,deterministic,,candidate_missing_from_base_lexicon
ndichibva,3,9,,shona_candidate,,3,deterministic,,candidate_missing_from_base_lexicon
ndichida,6,8,,shona_candidate,,6,deterministic,,candidate_missing_from_base_lexicon
ndichiri,6,8,,shona_candidate,,6,deterministic,,candidate_missing_from_base_lexicon
ndichiti,7,8,,shona_candidate,,7,deterministic,,candidate_missing_from_base_lexicon
ndichiudza,4,10,,shona_candidate,,4,deterministic,,candidate_missing_from_base_lexicon
ndicho,6,6,,shona_candidate,,5,deterministic,,candidate_missing_from_base_lexicon
ndidye,3,6,,shona_candidate,,3,deterministic,,candidate_missing_from_base_lexicon
ndidzo,8,6,,shona_candidate,,8,deterministic,,candidate_missing_from_base_lexicon
ndiende,5,7,,shona_candidate,,5,deterministic,,candidate_missing_from_base_lexicon
ndiine,3,6,,shona_candidate,,3,deterministic,,candidate_missing_from_base_lexicon
ndiite,3,6,,shona_candidate,,3,deterministic,,candidate_missing_from_base_lexicon
ndikaita,3,8,,shona_candidate,,3,deterministic,,candidate_missing_from_base_lexicon
ndikati,4,7,,shona_candidate,,4,deterministic,,candidate_missing_from_base_lexicon
ndiko,31,5,,shona_candidate,,31,deterministic,,candidate_missing_from_base_lexicon
ndikuda,6,7,,shona_candidate,,6,deterministic,,candidate_missing_from_base_lexicon
ndikupe,5,7,,shona_candidate,,5,deterministic,,candidate_missing_from_base_lexicon
ndikutengere,3,12,,shona_candidate,,3,deterministic,,candidate_missing_from_base_lexicon
ndikuudze,3,9,,shona_candidate,,3,deterministic,,candidate_missing_from_base_lexicon
ndima,7,5,,shona_candidate,,6,deterministic,already_in_base_lexicon,already_in_base_lexicon
ndimai,3,6,,shona_candidate,,3,deterministic,,candidate_missing_from_base_lexicon
ndimi,38,5,,shona_candidate,,38,deterministic,,candidate_missing_from_base_lexicon
ndine,42,5,,shona_candidate,,41,deterministic,already_in_base_lexicon,already_in_base_lexicon
ndinenge,3,8,,shona_candidate,,3,deterministic,,candidate_missing_from_base_lexicon
ndini,21,5,,shona_candidate,,21,deterministic,,candidate_missing_from_base_lexicon
ndinoda,14,7,,shona_candidate,,14,deterministic,,candidate_missing_from_base_lexicon
ndinofunga,8,10,,shona_candidate,suspected_non_content_seed,8,deterministic,,candidate_missing_from_base_lexicon
ndinogona,5,9,,shona_candidate,,5,deterministic,,candidate_missing_from_base_lexicon
ndinoita,4,8,,shona_candidate,,4,deterministic,,candidate_missing_from_base_lexicon
ndinonzwa,5,9,,shona_candidate,,5,deterministic,,candidate_missing_from_base_lexicon
ndinoona,3,8,,shona_candidate,,3,deterministic,,candidate_missing_from_base_lexicon
ndinotenda,6,10,,shona_candidate,,6,deterministic,,candidate_missing_from_base_lexicon
ndinoti,3,7,,shona_candidate,,3,deterministic,,candidate_missing_from_base_lexicon
ndinotya,3,8,,shona_candidate,,3,deterministic,,candidate_missing_from_base_lexicon
ndinovimba,7,10,,shona_candidate,,7,deterministic,,candidate_missing_from_base_lexicon
ndinoziva,3,9,,shona_candidate,,3,deterministic,,candidate_missing_from_base_lexicon
ndione,4,6,,shona_candidate,,4,deterministic,,candidate_missing_from_base_lexicon
ndipei,4,6,,shona_candidate,,4,deterministic,,candidate_missing_from_base_lexicon
ndipeiwo,4,8,,shona_candidate,,4,deterministic,,candidate_missing_from_base_lexicon
ndipo,16,5,,shona_candidate,,16,deterministic,,candidate_missing_from_base_lexicon
ndira,3,5,,shona_candidate,,3,deterministic,already_in_base_lexicon,already_in_base_lexicon
ndirikuda,4,9,,shona_candidate,,4,deterministic,,candidate_missing_from_base_lexicon
ndiro,8,5,,shona_candidate,,8,deterministic,already_in_base_lexicon,already_in_base_lexicon
ndisati,4,7,,shona_candidate,,4,deterministic,,candidate_missing_from_base_lexicon
ndisina,11,7,,shona_candidate,,11,deterministic,,candidate_missing_from_base_lexicon
ndisiri,3,7,,shona_candidate,,3,deterministic,,candidate_missing_from_base_lexicon
ndisu,4,5,,shona_candidate,,4,deterministic,,candidate_missing_from_base_lexicon
nditore,4,7,,shona_candidate,,4,deterministic,,candidate_missing_from_base_lexicon
ndivana,4,7,,shona_candidate,,4,deterministic,,candidate_missing_from_base_lexicon
ndive,4,5,,shona_candidate,,4,deterministic,,candidate_missing_from_base_lexicon
ndivo,35,5,,shona_candidate,,34,deterministic,,candidate_missing_from_base_lexicon
ndiwe,32,5,,shona_candidate,,32,deterministic,,candidate_missing_from_base_lexicon
ndiyani,8,7,,shona_candidate,,8,deterministic,,candidate_missing_from_base_lexicon
ndizvo,23,6,,shona_candidate,,22,deterministic,,candidate_missing_from_base_lexicon
ndizvozvo,6,9,,shona_candidate,,6,deterministic,already_in_base_lexicon,already_in_base_lexicon
ndo,13,3,,shona_candidate,,13,deterministic,,candidate_missing_from_base_lexicon
ndobva,12,6,,shona_candidate,,11,deterministic,,candidate_missing_from_base_lexicon
ndoda,29,5,,shona_candidate,,28,deterministic,,candidate_missing_from_base_lexicon
ndofunga,10,8,,shona_candidate,suspected_non_content_seed,10,deterministic,,candidate_missing_from_base_lexicon
ndogara,12,7,,shona_candidate,,12,deterministic,,candidate_missing_from_base_lexicon
ndogona,3,7,,shona_candidate,,3,deterministic,,candidate_missing_from_base_lexicon
ndoita,5,6,,shona_candidate,,5,deterministic,,candidate_missing_from_base_lexicon
ndokumbira,4,10,,shona_candidate,,4,deterministic,,candidate_missing_from_base_lexicon
ndokumbirawo,6,12,,shona_candidate,,6,deterministic,,candidate_missing_from_base_lexicon
ndokumutsa,5,10,,shona_candidate,,5,deterministic,,candidate_missing_from_base_lexicon
ndokupa,4,7,,shona_candidate,,4,deterministic,,candidate_missing_from_base_lexicon
ndokuti,8,7,,shona_candidate,,8,deterministic,,candidate_missing_from_base_lexicon
ndokuwana,3,9,,shona_candidate,,3,deterministic,,candidate_missing_from_base_lexicon
ndoo,6,4,,shona_candidate,,6,deterministic,already_in_base_lexicon,already_in_base_lexicon
ndoona,3,6,,shona_candidate,,3,deterministic,,candidate_missing_from_base_lexicon
ndopinda,3,8,,shona_candidate,,3,deterministic,,candidate_missing_from_base_lexicon
ndosaka,28,7,,shona_candidate,,28,deterministic,,candidate_missing_from_base_lexicon
ndosiya,3,7,,shona_candidate,,3,deterministic,,candidate_missing_from_base_lexicon
ndotenga,4,8,,shona_candidate,,4,deterministic,,candidate_missing_from_base_lexicon
ndoti,3,5,,shona_candidate,,3,deterministic,,candidate_missing_from_base_lexicon
ndotoda,3,7,,shona_candidate,,3,deterministic,,candidate_missing_from_base_lexicon
ndouya,5,6,,shona_candidate,,5,deterministic,,candidate_missing_from_base_lexicon
ndozvinoita,7,11,,shona_candidate,,7,deterministic,,candidate_missing_from_base_lexicon
nebasa,3,6,,shona_candidate,,3,deterministic,,candidate_missing_from_base_lexicon
neboka,4,6,,shona_candidate,,4,deterministic,,candidate_missing_from_base_lexicon
nebp,3,4,,shona_candidate,,3,deterministic,,candidate_missing_from_base_lexicon
nebulawayo,12,10,,shona_candidate,,11,deterministic,,candidate_missing_from_base_lexicon
nebyo,3,5,,shona_candidate,,3,deterministic,,candidate_missing_from_base_lexicon
necc,3,4,,shona_candidate,,3,deterministic,,candidate_missing_from_base_lexicon
nechikoro,4,9,,shona_candidate,,4,deterministic,,candidate_missing_from_base_lexicon
nechinhu,3,8,,shona_candidate,,3,deterministic,,candidate_missing_from_base_lexicon
nechirungu,4,10,,shona_candidate,,4,deterministic,,candidate_missing_from_base_lexicon
nechishanu,5,10,,shona_candidate,,5,deterministic,,candidate_missing_from_base_lexicon
nechitatu,3,9,,shona_candidate,,3,deterministic,,candidate_missing_from_base_lexicon
nechokwadi,5,10,,shona_candidate,,5,deterministic,,candidate_missing_from_base_lexicon
nedombo,3,7,,shona_candidate,,3,deterministic,,candidate_missing_from_base_lexicon
nedzimba,3,8,,shona_candidate,,3,deterministic,,candidate_missing_from_base_lexicon
neguta,3,6,,shona_candidate,,2,deterministic,,candidate_missing_from_base_lexicon
nehama,3,6,,shona_candidate,,3,deterministic,,candidate_missing_from_base_lexicon
nehanda,5,7,,shona_candidate,,5,deterministic,,candidate_missing_from_base_lexicon
nehanzvadzi,3,11,,shona_candidate,,3,deterministic,,candidate_missing_from_base_lexicon
neharare,12,8,,shona_candidate,,12,deterministic,,candidate_missing_from_base_lexicon
nehofisi,4,8,,shona_candidate,,4,deterministic,,candidate_missing_from_base_lexicon
nehondo,4,7,,shona_candidate,,4,deterministic,,candidate_missing_from_base_lexicon
nehope,3,6,,shona_candidate,,3,deterministic,,candidate_missing_from_base_lexicon
nei,13,3,english_frequency,noise_rule,,13,rag_recovered,,candidate_missing_from_base_lexicon
neimba,3,6,,shona_candidate,,3,deterministic,,candidate_missing_from_base_lexicon
neimwe,9,6,,shona_candidate,,9,deterministic,,candidate_missing_from_base_lexicon
neizvi,3,6,,shona_candidate,,3,deterministic,,candidate_missing_from_base_lexicon
neka,3,4,,shona_candidate,,3,deterministic,,candidate_missing_from_base_lexicon
neku,6,4,,shona_candidate,,6,deterministic,,candidate_missing_from_base_lexicon
nekubva,3,7,,shona_candidate,,3,deterministic,,candidate_missing_from_base_lexicon
nekuda,36,6,,shona_candidate,,36,deterministic,,candidate_missing_from_base_lexicon
nekudya,3,7,,shona_candidate,,3,deterministic,,candidate_missing_from_base_lexicon
nekugadzira,3,11,,shona_candidate,,3,deterministic,,candidate_missing_from_base_lexicon
nekugara,3,8,,shona_candidate,,3,deterministic,,candidate_missing_from_base_lexicon
nekuita,8,7,,shona_candidate,,7,deterministic,,candidate_missing_from_base_lexicon
nekunyepa,3,9,,shona_candidate,,3,deterministic,,candidate_missing_from_base_lexicon
nekunze,3,7,,shona_candidate,,3,deterministic,,candidate_missing_from_base_lexicon
nekunzi,3,7,,shona_candidate,,3,deterministic,,candidate_missing_from_base_lexicon
nekuona,3,7,,shona_candidate,,2,deterministic,,candidate_missing_from_base_lexicon
nekushanda,3,10,,shona_candidate,,3,deterministic,,candidate_missing_from_base_lexicon
nekushandisa,4,12,,shona_candidate,,4,deterministic,,candidate_missing_from_base_lexicon
nekushaya,4,9,,shona_candidate,,4,deterministic,,candidate_missing_from_base_lexicon
nekutaura,9,9,,shona_candidate,,8,deterministic,,candidate_missing_from_base_lexicon
nekutonga,3,9,,shona_candidate,,3,deterministic,,candidate_missing_from_base_lexicon
nekutsvaga,6,10,,shona_candidate,,6,deterministic,,candidate_missing_from_base_lexicon
nekutumira,3,10,,shona_candidate,,2,deterministic,,candidate_missing_from_base_lexicon
nekuvapa,3,8,,shona_candidate,,3,deterministic,,candidate_missing_from_base_lexicon
nema,54,4,,shona_candidate,,51,deterministic,,candidate_missing_from_base_lexicon
nemabasa,4,8,,shona_candidate,,4,deterministic,,candidate_missing_from_base_lexicon
nemadhara,5,9,,shona_candidate,,4,deterministic,,candidate_missing_from_base_lexicon
nemagaro,7,8,,shona_candidate,,5,deterministic,,candidate_missing_from_base_lexicon
nemahure,5,8,,shona_candidate,,4,deterministic,,candidate_missing_from_base_lexicon
nemakore,3,8,,shona_candidate,,3,deterministic,,candidate_missing_from_base_lexicon
nemaoko,5,7,,shona_candidate,,5,deterministic,,candidate_missing_from_base_lexicon
nemari,21,6,,shona_candidate,,21,deterministic,,candidate_missing_from_base_lexicon
nemasimba,3,9,,shona_candidate,,3,deterministic,,candidate_missing_from_base_lexicon
nemazai,3,7,,shona_candidate,,3,deterministic,,candidate_missing_from_base_lexicon
nemazuva,3,8,,shona_candidate,,3,deterministic,,candidate_missing_from_base_lexicon
nembudzi,6,8,,shona_candidate,,6,deterministic,,candidate_missing_from_base_lexicon
nemhepo,4,7,,shona_candidate,,4,deterministic,,candidate_missing_from_base_lexicon
nemhinduro,3,10,,shona_candidate,,3,deterministic,,candidate_missing_from_base_lexicon
nemhosva,9,8,,shona_candidate,,9,deterministic,,candidate_missing_from_base_lexicon
nemi,16,4,,shona_candidate,,15,deterministic,,candidate_missing_from_base_lexicon
nemitengo,3,9,,shona_candidate,,3,deterministic,,candidate_missing_from_base_lexicon
nemombe,6,7,,shona_candidate,,6,deterministic,,candidate_missing_from_base_lexicon
nemota,5,6,,shona_candidate,,5,deterministic,,candidate_missing_from_base_lexicon
nemoyo,6,6,,shona_candidate,,6,deterministic,,candidate_missing_from_base_lexicon
nemukadzi,6,9,,shona_candidate,,6,deterministic,,candidate_missing_from_base_lexicon
nemukaka,5,8,,shona_candidate,,5,deterministic,,candidate_missing_from_base_lexicon
nemukana,3,8,,shona_candidate,,3,deterministic,,candidate_missing_from_base_lexicon
nemukomana,6,10,,shona_candidate,,6,deterministic,,candidate_missing_from_base_lexicon
nemukuru,5,8,,shona_candidate,,4,deterministic,,candidate_missing_from_base_lexicon
nemunhu,26,7,,shona_candidate,,26,deterministic,,candidate_missing_from_base_lexicon
nemusi,9,6,,shona_candidate,,9,deterministic,,candidate_missing_from_base_lexicon
nemusikana,3,10,,shona_candidate,,3,deterministic,,candidate_missing_from_base_lexicon
nemwana,8,7,,shona_candidate,,8,deterministic,,candidate_missing_from_base_lexicon
nemweya,6,7,,shona_candidate,,6,deterministic,,candidate_missing_from_base_lexicon
nenguva,6,7,,shona_candidate,,6,deterministic,already_in_base_lexicon,already_in_base_lexicon
nenhamo,3,7,,shona_candidate,,3,deterministic,,candidate_missing_from_base_lexicon
nenharo,3,7,,shona_candidate,,3,deterministic,,candidate_missing_from_base_lexicon
nenhema,7,7,,shona_candidate,,7,deterministic,,candidate_missing_from_base_lexicon
neni,14,4,,shona_candidate,,14,deterministic,,candidate_missing_from_base_lexicon
nenyama,3,7,,shona_candidate,,3,deterministic,,candidate_missing_from_base_lexicon
nenyaya,15,7,,shona_candidate,,15,deterministic,,candidate_missing_from_base_lexicon
nenyika,5,7,,shona_candidate,,5,deterministic,,candidate_missing_from_base_lexicon
nenzara,7,7,,shona_candidate,,7,deterministic,,candidate_missing_from_base_lexicon
nenzira,3,7,,shona_candidate,,3,deterministic,,candidate_missing_from_base_lexicon
nepamusoro,7,10,,shona_candidate,,6,deterministic,,candidate_missing_from_base_lexicon
nephone,3,7,,shona_candidate,,3,deterministic,,candidate_missing_from_base_lexicon
nerimwe,3,7,,shona_candidate,,3,deterministic,,candidate_missing_from_base_lexicon
nerudo,5,6,,shona_candidate,,5,deterministic,already_in_base_lexicon,already_in_base_lexicon
nesadza,5,7,,shona_candidate,,5,deterministic,,candidate_missing_from_base_lexicon
neshamwari,3,10,,shona_candidate,,3,deterministic,,candidate_missing_from_base_lexicon
neshungu,3,8,,shona_candidate,,3,deterministic,,candidate_missing_from_base_lexicon
nesimba,4,7,,shona_candidate,,4,deterministic,already_in_base_lexicon,already_in_base_lexicon
nesitiroko,4,10,,shona_candidate,,4,deterministic,,candidate_missing_from_base_lexicon
nesu,22,4,,shona_candidate,,22,deterministic,,candidate_missing_from_base_lexicon
nethium,5,7,,shona_candidate,,5,deterministic,,candidate_missing_from_base_lexicon
netsoka,3,7,,shona_candidate,,3,deterministic,,candidate_missing_from_base_lexicon
neumwe,5,6,,shona_candidate,,5,deterministic,,candidate_missing_from_base_lexicon
neusd,4,5,,shona_candidate,,4,deterministic,,candidate_missing_from_base_lexicon
nevabereki,4,10,,shona_candidate,,4,deterministic,,candidate_missing_from_base_lexicon
nevakadzi,6,9,,shona_candidate,,6,deterministic,,candidate_missing_from_base_lexicon
nevakomana,6,10,,shona_candidate,,6,deterministic,,candidate_missing_from_base_lexicon
nevakuru,4,8,,shona_candidate,,4,deterministic,,candidate_missing_from_base_lexicon
nevamwe,8,7,,shona_candidate,,8,deterministic,,candidate_missing_from_base_lexicon
nevana,11,6,,shona_candidate,,10,deterministic,,candidate_missing_from_base_lexicon
nevanhu,17,7,,shona_candidate,,17,deterministic,,candidate_missing_from_base_lexicon
nevarume,7,8,,shona_candidate,,7,deterministic,,candidate_missing_from_base_lexicon
nevasikana,3,10,,shona_candidate,,3,deterministic,,candidate_missing_from_base_lexicon
nevasina,3,8,,shona_candidate,,3,deterministic,,candidate_missing_from_base_lexicon
newe,26,4,,shona_candidate,,25,deterministic,,candidate_missing_from_base_lexicon
newewo,3,6,,shona_candidate,,3,deterministic,,candidate_missing_from_base_lexicon
nezanu,14,6,,shona_candidate,,13,deterministic,,candidate_missing_from_base_lexicon
nezanupf,3,8,,shona_candidate,,2,deterministic,,candidate_missing_from_base_lexicon
nezimbabwe,5,10,,shona_candidate,,5,deterministic,,candidate_missing_from_base_lexicon
nezuro,20,6,,shona_candidate,,20,deterministic,already_in_base_lexicon,already_in_base_lexicon
nezuva,8,6,,shona_candidate,,8,deterministic,,candidate_missing_from_base_lexicon
nezve,9,5,,shona_candidate,,9,deterministic,already_in_base_lexicon,already_in_base_lexicon
nezvei,5,6,,shona_candidate,,5,deterministic,,candidate_missing_from_base_lexicon
nezvibhorani,4,12,,shona_candidate,,4,deterministic,,candidate_missing_from_base_lexicon
nezvinhu,8,8,,shona_candidate,,8,deterministic,,candidate_missing_from_base_lexicon
nezvisina,5,9,,shona_candidate,,5,deterministic,,candidate_missing_from_base_lexicon
ngaende,3,7,,shona_candidate,,3,deterministic,,candidate_missing_from_base_lexicon
ngano,3,5,,shona_candidate,,3,deterministic,already_in_base_lexicon,already_in_base_lexicon
ngarire,3,7,,shona_candidate,,3,deterministic,,candidate_missing_from_base_lexicon
ngarivhume,3,10,,shona_candidate,,3,deterministic,,candidate_missing_from_base_lexicon
ngati,4,5,,shona_candidate,,4,deterministic,,candidate_missing_from_base_lexicon
ngavaite,4,8,,shona_candidate,,4,deterministic,,candidate_missing_from_base_lexicon
ngavakwane,3,10,,shona_candidate,,3,deterministic,,candidate_missing_from_base_lexicon
ngavasadaro,4,11,,shona_candidate,,4,deterministic,,candidate_missing_from_base_lexicon
ngavasiyane,3,11,,shona_candidate,,3,deterministic,,candidate_missing_from_base_lexicon
ngavasiye,5,9,,shona_candidate,,5,deterministic,,candidate_missing_from_base_lexicon
ngavatye,4,8,,shona_candidate,,4,deterministic,,candidate_missing_from_base_lexicon
ngazviende,3,10,,shona_candidate,,3,deterministic,,candidate_missing_from_base_lexicon
ngochani,5,8,,shona_candidate,,5,deterministic,,candidate_missing_from_base_lexicon
ngoma,8,5,,shona_candidate,,8,deterministic,,candidate_missing_from_base_lexicon
ngoni,4,5,,shona_candidate,,2,deterministic,already_in_base_lexicon,already_in_base_lexicon
ngozi,10,5,,shona_candidate,,9,deterministic,,candidate_missing_from_base_lexicon
nguo,3,4,,shona_candidate,,3,deterministic,already_in_base_lexicon,already_in_base_lexicon
nguruve,5,7,,shona_candidate,,4,deterministic,already_in_base_lexicon,already_in_base_lexicon
nguva,104,5,,shona_candidate,,92,deterministic,already_in_base_lexicon,already_in_base_lexicon
ngwazi,3,6,,shona_candidate,,3,deterministic,,candidate_missing_from_base_lexicon
nhai,92,4,,shona_candidate,,87,deterministic,,candidate_missing_from_base_lexicon
nhaimi,7,6,,shona_candidate,,7,deterministic,,candidate_missing_from_base_lexicon
nhaiwe,8,6,,shona_candidate,suspected_non_content_seed,8,deterministic,,candidate_missing_from_base_lexicon
nhaka,4,5,,shona_candidate,,4,deterministic,,candidate_missing_from_base_lexicon
nhamo,17,5,,shona_candidate,,17,deterministic,already_in_base_lexicon,already_in_base_lexicon
nhanho,3,6,,shona_candidate,,3,deterministic,already_in_base_lexicon,already_in_base_lexicon
nhare,4,5,,shona_candidate,,4,deterministic,already_in_base_lexicon,already_in_base_lexicon
nharo,25,5,,shona_candidate,,25,deterministic,,candidate_missing_from_base_lexicon
nhasi,93,5,,shona_candidate,,90,deterministic,already_in_base_lexicon,already_in_base_lexicon
nhau,4,4,,shona_candidate,,4,deterministic,,candidate_missing_from_base_lexicon
nhaurirano,3,10,,shona_candidate,,3,deterministic,,candidate_missing_from_base_lexicon
nhema,16,5,,shona_candidate,,16,deterministic,already_in_base_lexicon,already_in_base_lexicon
nhembe,3,6,,shona_candidate,,2,deterministic,,candidate_missing_from_base_lexicon
nhengo,11,6,,shona_candidate,,10,deterministic,already_in_base_lexicon,already_in_base_lexicon
nhingi,7,6,,shona_candidate,,6,deterministic,,candidate_missing_from_base_lexicon
nhiyo,4,5,,shona_candidate,,3,deterministic,,candidate_missing_from_base_lexicon
nhumbu,9,6,,shona_candidate,,9,deterministic,already_in_base_lexicon,already_in_base_lexicon
nhumwa,4,6,,shona_candidate,,4,deterministic,,candidate_missing_from_base_lexicon
nhy,5,3,,shona_candidate,,5,deterministic,,candidate_missing_from_base_lexicon
njanji,3,6,,shona_candidate,,3,deterministic,,candidate_missing_from_base_lexicon
njere,9,5,,shona_candidate,,7,deterministic,already_in_base_lexicon,already_in_base_lexicon
nkomo,3,5,,shona_candidate,,3,deterministic,,candidate_missing_from_base_lexicon
noahsark,5,8,,shona_candidate,,5,deterministic,,candidate_missing_from_base_lexicon
nokuda,4,6,,shona_candidate,,4,deterministic,,candidate_missing_from_base_lexicon
nokugadzira,3,11,,shona_candidate,,3,deterministic,,candidate_missing_from_base_lexicon
nokuti,10,6,,shona_candidate,,10,deterministic,,candidate_missing_from_base_lexicon
nomumwe,3,7,,shona_candidate,,3,deterministic,,candidate_missing_from_base_lexicon
norugare,3,8,,shona_candidate,,3,deterministic,already_in_base_lexicon,already_in_base_lexicon
nxa,7,3,,shona_candidate,,7,deterministic,,candidate_missing_from_base_lexicon
nxaa,23,4,,shona_candidate,,22,deterministic,,candidate_missing_from_base_lexicon
nyadzi,5,6,,shona_candidate,,5,deterministic,already_in_base_lexicon,already_in_base_lexicon
nyama,131,5,,shona_candidate,,128,deterministic,already_in_base_lexicon,already_in_base_lexicon
nyanga,3,6,,shona_candidate,,3,deterministic,already_in_base_lexicon,already_in_base_lexicon
nyangwe,14,7,,shona_candidate,,14,deterministic,,candidate_missing_from_base_lexicon
nyanzvi,3,7,,shona_candidate,,3,deterministic,,candidate_missing_from_base_lexicon
nyarai,3,6,,shona_candidate,,3,deterministic,already_in_base_lexicon,already_in_base_lexicon
nyarara,3,7,,shona_candidate,,3,deterministic,,candidate_missing_from_base_lexicon
nyasha,10,6,,shona_candidate,,10,deterministic,already_in_base_lexicon,already_in_base_lexicon
nyatsime,7,8,,shona_candidate,,5,deterministic,,candidate_missing_from_base_lexicon
nyatso,3,6,,shona_candidate,,3,deterministic,,candidate_missing_from_base_lexicon
nyaya,128,5,,shona_candidate,,120,deterministic,already_in_base_lexicon,already_in_base_lexicon
nyerere,3,7,,shona_candidate,,3,deterministic,,candidate_missing_from_base_lexicon
nyika,101,5,,shona_candidate,,93,deterministic,already_in_base_lexicon,already_in_base_lexicon
nyikainovakwanevenevayo,4,23,,shona_candidate,,4,deterministic,,candidate_missing_from_base_lexicon
nyoka,4,5,,shona_candidate,,4,deterministic,already_in_base_lexicon,already_in_base_lexicon
nyora,3,5,,shona_candidate,,3,deterministic,already_in_base_lexicon,already_in_base_lexicon
nyore,11,5,,shona_candidate,,8,deterministic,already_in_base_lexicon,already_in_base_lexicon
nyoro,5,5,,shona_candidate,,5,deterministic,already_in_base_lexicon,already_in_base_lexicon
nyota,4,5,,shona_candidate,,4,deterministic,already_in_base_lexicon,already_in_base_lexicon
nywe,5,4,,shona_candidate,,3,deterministic,,candidate_missing_from_base_lexicon
nzara,63,5,,shona_candidate,,63,deterministic,already_in_base_lexicon,already_in_base_lexicon
nzira,33,5,,shona_candidate,,29,deterministic,already_in_base_lexicon,already_in_base_lexicon
nzungu,3,6,,shona_candidate,,3,deterministic,already_in_base_lexicon,already_in_base_lexicon
nzvimbo,22,7,,shona_candidate,,21,deterministic,already_in_base_lexicon,already_in_base_lexicon
obva,11,4,,shona_candidate,,11,deterministic,,candidate_missing_from_base_lexicon
odha,5,4,,shona_candidate,,5,deterministic,,candidate_missing_from_base_lexicon
odzoka,3,6,,shona_candidate,,3,deterministic,,candidate_missing_from_base_lexicon
oenda,3,5,,shona_candidate,,3,deterministic,,candidate_missing_from_base_lexicon
oita,5,4,,shona_candidate,,5,deterministic,,candidate_missing_from_base_lexicon
ongororo,5,8,,shona_candidate,,5,deterministic,,candidate_missing_from_base_lexicon
ose,13,3,,shona_candidate,,13,deterministic,,candidate_missing_from_base_lexicon
oskid,3,5,,shona_candidate,,3,deterministic,,candidate_missing_from_base_lexicon
oti,7,3,,shona_candidate,,6,deterministic,,candidate_missing_from_base_lexicon
ouya,4,4,,shona_candidate,,4,deterministic,,candidate_missing_from_base_lexicon
pabasa,19,6,,shona_candidate,,18,deterministic,,candidate_missing_from_base_lexicon
pachedu,3,7,,shona_candidate,,3,deterministic,,candidate_missing_from_base_lexicon
pachena,23,7,,shona_candidate,,23,deterministic,already_in_base_lexicon,already_in_base_lexicon
pachigaro,5,9,,shona_candidate,,5,deterministic,,candidate_missing_from_base_lexicon
pachikoro,3,9,,shona_candidate,,3,deterministic,,candidate_missing_from_base_lexicon
pachinhu,3,8,,shona_candidate,,3,deterministic,,candidate_missing_from_base_lexicon
pachivanhu,3,10,,shona_candidate,,3,deterministic,already_in_base_lexicon,already_in_base_lexicon
pacho,9,5,,shona_candidate,,8,deterministic,,candidate_missing_from_base_lexicon
pachokwadi,3,10,,shona_candidate,,3,deterministic,,candidate_missing_from_base_lexicon
paden,14,5,,shona_candidate,,13,deterministic,,candidate_missing_from_base_lexicon
padhuze,6,7,,shona_candidate,,6,deterministic,,candidate_missing_from_base_lexicon
padivi,4,6,,shona_candidate,,4,deterministic,already_in_base_lexicon,already_in_base_lexicon
padura,3,6,,shona_candidate,,2,deterministic,,candidate_missing_from_base_lexicon
padyo,4,5,,shona_candidate,,4,deterministic,,candidate_missing_from_base_lexicon
pafair,3,6,,shona_candidate,,3,deterministic,,candidate_missing_from_base_lexicon
pafeya,7,6,,shona_candidate,,7,deterministic,,candidate_missing_from_base_lexicon
pahafu-eka,3,10,,shona_candidate,,3,deterministic,,candidate_missing_from_base_lexicon
pairi,4,5,,shona_candidate,,4,deterministic,,candidate_missing_from_base_lexicon
paita,7,5,,shona_candidate,,7,deterministic,,candidate_missing_from_base_lexicon
paive,6,5,,shona_candidate,,6,deterministic,,candidate_missing_from_base_lexicon
pakadai,8,7,,shona_candidate,,8,deterministic,,candidate_missing_from_base_lexicon
pakaipa,64,7,,shona_candidate,,63,deterministic,,candidate_missing_from_base_lexicon
pakaita,4,7,,shona_candidate,,4,deterministic,,candidate_missing_from_base_lexicon
pakanzi,8,7,,shona_candidate,,8,deterministic,,candidate_missing_from_base_lexicon
pakatanga,4,9,,shona_candidate,,4,deterministic,,candidate_missing_from_base_lexicon
pakati,30,6,,shona_candidate,,29,deterministic,already_in_base_lexicon,already_in_base_lexicon
pakazara,7,8,,shona_candidate,,7,deterministic,,candidate_missing_from_base_lexicon
pakazoita,3,9,,shona_candidate,,3,deterministic,,candidate_missing_from_base_lexicon
pake,3,4,,shona_candidate,,3,deterministic,,candidate_missing_from_base_lexicon
pako,3,4,,shona_candidate,,3,deterministic,,candidate_missing_from_base_lexicon
pakona,4,6,,shona_candidate,,4,deterministic,,candidate_missing_from_base_lexicon
pakubata,3,8,,shona_candidate,,3,deterministic,,candidate_missing_from_base_lexicon
pakubatsira,4,11,,shona_candidate,,4,deterministic,,candidate_missing_from_base_lexicon
pakuda,4,6,,shona_candidate,,4,deterministic,,candidate_missing_from_base_lexicon
pakuisa,3,7,,shona_candidate,,3,deterministic,,candidate_missing_from_base_lexicon
pakuita,6,7,,shona_candidate,,6,deterministic,,candidate_missing_from_base_lexicon
pakuona,3,7,,shona_candidate,,3,deterministic,,candidate_missing_from_base_lexicon
pakupera,3,8,,shona_candidate,,3,deterministic,,candidate_missing_from_base_lexicon
pakushandisa,3,12,,shona_candidate,,3,deterministic,,candidate_missing_from_base_lexicon
pakuti,4,6,,shona_candidate,,3,deterministic,,candidate_missing_from_base_lexicon
palunch,3,7,,shona_candidate,,3,deterministic,,candidate_missing_from_base_lexicon
pama,4,4,,shona_candidate,,4,deterministic,,candidate_missing_from_base_lexicon
pamari,4,6,,shona_candidate,,4,deterministic,,candidate_missing_from_base_lexicon
pamazuva,6,8,,shona_candidate,,5,deterministic,,candidate_missing_from_base_lexicon
pamba,11,5,,shona_candidate,,11,deterministic,,candidate_missing_from_base_lexicon
pamberi,13,7,,shona_candidate,,13,deterministic,,candidate_missing_from_base_lexicon
pambudzi,5,8,,shona_candidate,,5,deterministic,,candidate_missing_from_base_lexicon
pamhepo,3,7,,shona_candidate,,3,deterministic,,candidate_missing_from_base_lexicon
pamoto,3,6,,shona_candidate,,3,deterministic,,candidate_missing_from_base_lexicon
pamubhedha,4,10,,shona_candidate,,4,deterministic,,candidate_missing_from_base_lexicon
pamunhu,10,7,,shona_candidate,,9,deterministic,,candidate_missing_from_base_lexicon
pamuromo,5,8,,shona_candidate,,5,deterministic,,candidate_missing_from_base_lexicon
pamusangano,7,11,,shona_candidate,,7,deterministic,,candidate_missing_from_base_lexicon
pamusha,5,7,,shona_candidate,,5,deterministic,,candidate_missing_from_base_lexicon
pamushandi,3,10,,shona_candidate,,1,deterministic,,candidate_missing_from_base_lexicon
pamusoro,66,8,,shona_candidate,,63,deterministic,already_in_base_lexicon,already_in_base_lexicon
pamuzinda,5,9,,shona_candidate,,5,deterministic,,candidate_missing_from_base_lexicon
pana,20,4,,shona_candidate,,19,deterministic,,candidate_missing_from_base_lexicon
panapa,5,6,,shona_candidate,,5,deterministic,,candidate_missing_from_base_lexicon
pandiri,4,7,,shona_candidate,,4,deterministic,,candidate_missing_from_base_lexicon
pane,195,4,english_frequency,noise_rule,,184,rag_recovered,,candidate_missing_from_base_lexicon
panenge,3,7,,shona_candidate,,3,deterministic,,candidate_missing_from_base_lexicon
panga,9,5,,shona_candidate,,9,deterministic,,candidate_missing_from_base_lexicon
pangu,8,5,,shona_candidate,,8,deterministic,,candidate_missing_from_base_lexicon
panguva,21,7,,shona_candidate,,19,deterministic,already_in_base_lexicon,already_in_base_lexicon
panhamba,5,8,,shona_candidate,,5,deterministic,,candidate_missing_from_base_lexicon
pano,177,4,,shona_candidate,,174,deterministic,already_in_base_lexicon,already_in_base_lexicon
panoda,5,6,,shona_candidate,,5,deterministic,,candidate_missing_from_base_lexicon
panyaya,7,7,,shona_candidate,,7,deterministic,,candidate_missing_from_base_lexicon
panyika,5,7,,shona_candidate,,5,deterministic,,candidate_missing_from_base_lexicon
panze,7,5,,shona_candidate,,7,deterministic,,candidate_missing_from_base_lexicon
panzvimbo,5,9,,shona_candidate,,5,deterministic,,candidate_missing_from_base_lexicon
papevensey,3,10,,shona_candidate,,3,deterministic,,candidate_missing_from_base_lexicon
parizvino,3,9,,shona_candidate,,3,deterministic,,candidate_missing_from_base_lexicon
parufu,3,6,,shona_candidate,,3,deterministic,,candidate_missing_from_base_lexicon
pasi,86,4,,shona_candidate,,78,deterministic,already_in_base_lexicon,already_in_base_lexicon
pasina,38,6,,shona_candidate,,38,deterministic,,candidate_missing_from_base_lexicon
pasocial,6,8,,shona_candidate,,5,deterministic,,candidate_missing_from_base_lexicon
patafura,4,8,,shona_candidate,,4,deterministic,,candidate_missing_from_base_lexicon
patl,7,4,,shona_candidate,,7,deterministic,,candidate_missing_from_base_lexicon
patsva,3,6,,shona_candidate,,2,deterministic,,candidate_missing_from_base_lexicon
patwitter,26,9,,shona_candidate,,23,deterministic,,candidate_missing_from_base_lexicon
pauri,3,5,,shona_candidate,,3,deterministic,,candidate_missing_from_base_lexicon
pauz,4,4,,shona_candidate,,4,deterministic,,candidate_missing_from_base_lexicon
pavanhu,3,7,,shona_candidate,,3,deterministic,,candidate_missing_from_base_lexicon
pavo,4,4,,shona_candidate,,4,deterministic,,candidate_missing_from_base_lexicon
pawhatsapp,4,10,,shona_candidate,,4,deterministic,,candidate_missing_from_base_lexicon
paya,13,4,,shona_candidate,,13,deterministic,,candidate_missing_from_base_lexicon
paye,8,4,,shona_candidate,,7,deterministic,,candidate_missing_from_base_lexicon
pazasi,6,6,,shona_candidate,,6,deterministic,,candidate_missing_from_base_lexicon
pazuva,3,6,,shona_candidate,,3,deterministic,,candidate_missing_from_base_lexicon
pazvinhu,4,8,,shona_candidate,,4,deterministic,,candidate_missing_from_base_lexicon
pedu,3,4,,shona_candidate,,3,deterministic,,candidate_missing_from_base_lexicon
pedyo,21,5,,shona_candidate,,19,deterministic,already_in_base_lexicon,already_in_base_lexicon
pegreat,3,7,,shona_candidate,,3,deterministic,,candidate_missing_from_base_lexicon
peharare,4,8,,shona_candidate,,4,deterministic,,candidate_missing_from_base_lexicon
pekugara,3,8,,shona_candidate,,3,deterministic,already_in_base_lexicon,already_in_base_lexicon
pekupedzisira,4,13,,shona_candidate,,4,deterministic,,candidate_missing_from_base_lexicon
pekutanga,4,9,,shona_candidate,,4,deterministic,,candidate_missing_from_base_lexicon
pekuti,3,6,,shona_candidate,,3,deterministic,,candidate_missing_from_base_lexicon
penga,4,5,,shona_candidate,,3,deterministic,,candidate_missing_from_base_lexicon
pengere,3,7,,shona_candidate,,3,deterministic,,candidate_missing_from_base_lexicon
penyu,5,5,,shona_candidate,,5,deterministic,,candidate_missing_from_base_lexicon
pepamusoro,3,10,,shona_candidate,,3,deterministic,,candidate_missing_from_base_lexicon
pese,21,4,,shona_candidate,,17,deterministic,,candidate_missing_from_base_lexicon
pevensey,3,8,,shona_candidate,,3,deterministic,,candidate_missing_from_base_lexicon
pfambi,3,6,,shona_candidate,,3,deterministic,already_in_base_lexicon,already_in_base_lexicon
pfee,10,4,,shona_candidate,,10,deterministic,,candidate_missing_from_base_lexicon
pfuma,10,5,,shona_candidate,,9,deterministic,already_in_base_lexicon,already_in_base_lexicon
pfumvudza,6,9,,shona_candidate,,6,deterministic,,candidate_missing_from_base_lexicon
pfungwa,27,7,,shona_candidate,,25,deterministic,already_in_base_lexicon,already_in_base_lexicon
pfuti,5,5,,shona_candidate,,5,deterministic,already_in_base_lexicon,already_in_base_lexicon
pinda,6,5,,shona_candidate,,6,deterministic,already_in_base_lexicon,already_in_base_lexicon
pipo,3,4,,shona_candidate,,3,deterministic,,candidate_missing_from_base_lexicon
pliz,12,4,,shona_candidate,,10,deterministic,,candidate_missing_from_base_lexicon
polony,4,6,,shona_candidate,,4,deterministic,,candidate_missing_from_base_lexicon
pombi,3,5,,shona_candidate,,3,deterministic,already_in_base_lexicon,already_in_base_lexicon
poto,4,4,,shona_candidate,,4,deterministic,already_in_base_lexicon,already_in_base_lexicon
pple,9,4,,shona_candidate,,9,deterministic,,candidate_missing_from_base_lexicon
prblm,3,5,,shona_candidate,,2,deterministic,,candidate_missing_from_base_lexicon
prie,6,4,,shona_candidate,,1,deterministic,,candidate_missing_from_base_lexicon
propertybookzw,36,14,,shona_candidate,,36,deterministic,,candidate_missing_from_base_lexicon
pwere,4,5,,shona_candidate,,3,deterministic,already_in_base_lexicon,already_in_base_lexicon
queenelizabethii,4,16,,shona_candidate,,4,deterministic,,candidate_missing_from_base_lexicon
rachamisa,5,9,,shona_candidate,,5,deterministic,,candidate_missing_from_base_lexicon
racho,9,5,,shona_candidate,,9,deterministic,,candidate_missing_from_base_lexicon
rakafa,4,6,,shona_candidate,,4,deterministic,,candidate_missing_from_base_lexicon
rakaipa,3,7,,shona_candidate,,3,deterministic,,candidate_missing_from_base_lexicon
rakajeka,3,8,,shona_candidate,,3,deterministic,,candidate_missing_from_base_lexicon
rakapera,5,8,,shona_candidate,,4,deterministic,,candidate_missing_from_base_lexicon
rakataurwa,4,10,,shona_candidate,,2,deterministic,,candidate_missing_from_base_lexicon
rakawanda,3,9,,shona_candidate,,3,deterministic,,candidate_missing_from_base_lexicon
rako,27,4,,shona_candidate,,26,deterministic,,candidate_missing_from_base_lexicon
ramangwana,6,10,,shona_candidate,,6,deterministic,,candidate_missing_from_base_lexicon
ramba,11,5,,shona_candidate,,10,deterministic,already_in_base_lexicon,already_in_base_lexicon
rambai,5,6,,shona_candidate,,5,deterministic,,candidate_missing_from_base_lexicon
ranga,3,5,,shona_candidate,,3,deterministic,already_in_base_lexicon,already_in_base_lexicon
rangu,21,5,,shona_candidate,,21,deterministic,,candidate_missing_from_base_lexicon
ranhasi,4,7,,shona_candidate,,3,deterministic,,candidate_missing_from_base_lexicon
rapera,4,6,,shona_candidate,,4,deterministic,,candidate_missing_from_base_lexicon
rapfuura,5,8,,shona_candidate,,5,deterministic,,candidate_missing_from_base_lexicon
rara,3,4,,shona_candidate,,3,deterministic,already_in_base_lexicon,already_in_base_lexicon
rasta,6,5,,shona_candidate,,6,deterministic,,candidate_missing_from_base_lexicon
rati,3,4,,shona_candidate,,3,deterministic,,candidate_missing_from_base_lexicon
ravo,10,4,,shona_candidate,,10,deterministic,,candidate_missing_from_base_lexicon
rawsonproperties,3,16,,shona_candidate,,3,deterministic,,candidate_missing_from_base_lexicon
rbz,5,3,,shona_candidate,,3,deterministic,,candidate_missing_from_base_lexicon
realpremiumspices,3,17,,shona_candidate,,2,deterministic,,candidate_missing_from_base_lexicon
rebasa,7,6,,shona_candidate,,6,deterministic,,candidate_missing_from_base_lexicon
rechitungwiza,3,13,,shona_candidate,,3,deterministic,,candidate_missing_from_base_lexicon
redmarketsunday,13,15,,shona_candidate,,13,deterministic,,candidate_missing_from_base_lexicon
redourne,3,8,,shona_candidate,,3,deterministic,,candidate_missing_from_base_lexicon
redu,8,4,,shona_candidate,,8,deterministic,,candidate_missing_from_base_lexicon
redura,3,6,,shona_candidate,,3,deterministic,,candidate_missing_from_base_lexicon
redzimhosva,4,11,,shona_candidate,,4,deterministic,,candidate_missing_from_base_lexicon
refu,5,4,,shona_candidate,,5,deterministic,already_in_base_lexicon,already_in_base_lexicon
rega,46,4,,shona_candidate,,37,deterministic,,candidate_missing_from_base_lexicon
regai,18,5,,shona_candidate,,18,deterministic,,candidate_missing_from_base_lexicon
registertovote,8,14,,shona_candidate,,8,deterministic,,candidate_missing_from_base_lexicon
registertovotezw,7,16,,shona_candidate,,7,deterministic,,candidate_missing_from_base_lexicon
reharare,28,8,,shona_candidate,,27,deterministic,,candidate_missing_from_base_lexicon
rekare,11,6,,shona_candidate,,5,deterministic,,candidate_missing_from_base_lexicon
rekudya,3,7,,shona_candidate,,3,deterministic,,candidate_missing_from_base_lexicon
rekudzidzisa,3,12,,shona_candidate,,3,deterministic,,candidate_missing_from_base_lexicon
rekugadzirira,3,13,,shona_candidate,,3,deterministic,,candidate_missing_from_base_lexicon
rekuita,9,7,,shona_candidate,,7,deterministic,,candidate_missing_from_base_lexicon
rekupedzisira,3,13,,shona_candidate,,3,deterministic,,candidate_missing_from_base_lexicon
rekushandisa,5,12,,shona_candidate,,5,deterministic,,candidate_missing_from_base_lexicon
rekuti,16,6,,shona_candidate,,16,deterministic,,candidate_missing_from_base_lexicon
rema,7,4,,shona_candidate,,7,deterministic,,candidate_missing_from_base_lexicon
remitemo,3,8,,shona_candidate,,2,deterministic,,candidate_missing_from_base_lexicon
remunhu,5,7,,shona_candidate,,5,deterministic,,candidate_missing_from_base_lexicon
remvura,4,7,,shona_candidate,,4,deterministic,,candidate_missing_from_base_lexicon
renyaradzo,7,10,,shona_candidate,,7,deterministic,,candidate_missing_from_base_lexicon
renyika,4,7,,shona_candidate,,4,deterministic,,candidate_missing_from_base_lexicon
repa,4,4,,shona_candidate,,4,deterministic,,candidate_missing_from_base_lexicon
rese,12,4,,shona_candidate,,12,deterministic,,candidate_missing_from_base_lexicon
reshadaya,3,9,,shona_candidate,,3,deterministic,,candidate_missing_from_base_lexicon
revanhu,8,7,,shona_candidate,,7,deterministic,,candidate_missing_from_base_lexicon
rezanu,3,6,,shona_candidate,,3,deterministic,,candidate_missing_from_base_lexicon
richinzi,3,8,,shona_candidate,,3,deterministic,,candidate_missing_from_base_lexicon
riinhi,3,6,,shona_candidate,,3,deterministic,,candidate_missing_from_base_lexicon
riini,4,5,,shona_candidate,,4,deterministic,,candidate_missing_from_base_lexicon
rima,3,4,,shona_candidate,,3,deterministic,already_in_base_lexicon,already_in_base_lexicon
rimwe,23,5,,shona_candidate,,22,deterministic,,candidate_missing_from_base_lexicon
rimwechete,3,10,,shona_candidate,,3,deterministic,,candidate_missing_from_base_lexicon
rine,11,4,,shona_candidate,,11,deterministic,,candidate_missing_from_base_lexicon
rinenge,6,7,,shona_candidate,,6,deterministic,,candidate_missing_from_base_lexicon
rinhi,7,5,,shona_candidate,,7,deterministic,,candidate_missing_from_base_lexicon
rini,6,4,,shona_candidate,,6,deterministic,,candidate_missing_from_base_lexicon
rino,19,4,english_frequency,noise_rule,,19,rag_recovered,,candidate_missing_from_base_lexicon
rinogona,3,8,,shona_candidate,,3,deterministic,,candidate_missing_from_base_lexicon
rinopikisa,3,10,,shona_candidate,,3,deterministic,,candidate_missing_from_base_lexicon
rinoshanda,3,10,,shona_candidate,,3,deterministic,,candidate_missing_from_base_lexicon
rinoti,3,6,,shona_candidate,,3,deterministic,,candidate_missing_from_base_lexicon
rinouya,7,7,,shona_candidate,,7,deterministic,,candidate_missing_from_base_lexicon
ripi,4,4,,shona_candidate,,4,deterministic,,candidate_missing_from_base_lexicon
riri,27,4,,shona_candidate,,25,deterministic,,candidate_missing_from_base_lexicon
ririko,3,6,,shona_candidate,,3,deterministic,,candidate_missing_from_base_lexicon
riripo,7,6,,shona_candidate,,7,deterministic,,candidate_missing_from_base_lexicon
rive,5,4,,shona_candidate,,2,deterministic,,candidate_missing_from_base_lexicon
riye,5,4,,shona_candidate,,4,deterministic,,candidate_missing_from_base_lexicon
roda,3,4,,shona_candidate,,3,deterministic,,candidate_missing_from_base_lexicon
roora,27,5,,shona_candidate,,23,deterministic,already_in_base_lexicon,already_in_base_lexicon
roorai,3,6,,shona_candidate,,3,deterministic,,candidate_missing_from_base_lexicon
ropa,19,4,,shona_candidate,,16,deterministic,already_in_base_lexicon,already_in_base_lexicon
ropafadzo,6,9,,shona_candidate,,6,deterministic,already_in_base_lexicon,already_in_base_lexicon
rovai,4,5,,shona_candidate,,4,deterministic,,candidate_missing_from_base_lexicon
rtgs,10,4,,shona_candidate,,10,deterministic,,candidate_missing_from_base_lexicon
rubatsiro,10,9,,shona_candidate,,10,deterministic,already_in_base_lexicon,already_in_base_lexicon
rudo,15,4,,shona_candidate,,15,deterministic,already_in_base_lexicon,already_in_base_lexicon
rudzi,8,5,,shona_candidate,,6,deterministic,already_in_base_lexicon,already_in_base_lexicon
rudzii,3,6,,shona_candidate,,3,deterministic,,candidate_missing_from_base_lexicon
rufaro,3,6,,shona_candidate,,2,deterministic,,candidate_missing_from_base_lexicon
rugare,10,6,,shona_candidate,,10,deterministic,already_in_base_lexicon,already_in_base_lexicon
rukudzo,3,7,,shona_candidate,,3,deterministic,already_in_base_lexicon,already_in_base_lexicon
rumwe,10,5,,shona_candidate,,10,deterministic,,candidate_missing_from_base_lexicon
runyararo,9,9,,shona_candidate,,4,deterministic,already_in_base_lexicon,already_in_base_lexicon
ruoko,4,5,,shona_candidate,,4,deterministic,already_in_base_lexicon,already_in_base_lexicon
ruremekedzo,3,11,,shona_candidate,,3,deterministic,,candidate_missing_from_base_lexicon
rusununguko,5,11,,shona_candidate,,4,deterministic,already_in_base_lexicon,already_in_base_lexicon
rutendo,3,7,,shona_candidate,,3,deterministic,,candidate_missing_from_base_lexicon
ruto,5,4,,shona_candidate,,5,deterministic,,candidate_missing_from_base_lexicon
ruzivo,21,6,,shona_candidate,,21,deterministic,already_in_base_lexicon,already_in_base_lexicon
rwedu,3,5,,shona_candidate,,3,deterministic,,candidate_missing_from_base_lexicon
rwendo,9,6,,shona_candidate,,7,deterministic,,candidate_missing_from_base_lexicon
rwerudyi,3,8,,shona_candidate,,3,deterministic,,candidate_missing_from_base_lexicon
ryt,4,3,,shona_candidate,,3,deterministic,,candidate_missing_from_base_lexicon
sachigaro,4,9,,shona_candidate,,4,deterministic,,candidate_missing_from_base_lexicon
sadc,4,4,,shona_candidate,,4,deterministic,,candidate_missing_from_base_lexicon
sadza,236,5,,shona_candidate,,221,deterministic,,candidate_missing_from_base_lexicon
sahwira,6,7,,shona_candidate,,6,deterministic,,candidate_missing_from_base_lexicon
saizi,7,5,,shona_candidate,,7,deterministic,,candidate_missing_from_base_lexicon
salani,4,6,,shona_candidate,,3,deterministic,,candidate_missing_from_base_lexicon
sando,4,5,,shona_candidate,,3,deterministic,already_in_base_lexicon,already_in_base_lexicon
sangana,5,7,,shona_candidate,,5,deterministic,,candidate_missing_from_base_lexicon
sarudza,3,7,,shona_candidate,,3,deterministic,already_in_base_lexicon,already_in_base_lexicon
sarudzo,4,7,,shona_candidate,,4,deterministic,already_in_base_lexicon,already_in_base_lexicon
satani,4,6,,shona_candidate,,4,deterministic,,candidate_missing_from_base_lexicon
satanist,3,8,,shona_candidate,,3,deterministic,,candidate_missing_from_base_lexicon
seiko,11,5,english_frequency,noise_rule,,11,rag_recovered,,candidate_missing_from_base_lexicon
seke,5,4,,shona_candidate,,3,deterministic,,candidate_missing_from_base_lexicon
sekunge,4,7,,shona_candidate,,4,deterministic,,candidate_missing_from_base_lexicon
sekuona,5,7,,shona_candidate,,5,deterministic,,candidate_missing_from_base_lexicon
sekuru,22,6,,shona_candidate,,21,deterministic,already_in_base_lexicon,already_in_base_lexicon
sekuti,4,6,,shona_candidate,,4,deterministic,,candidate_missing_from_base_lexicon
semari,4,6,,shona_candidate,,4,deterministic,,candidate_missing_from_base_lexicon
semurume,3,8,,shona_candidate,,3,deterministic,,candidate_missing_from_base_lexicon
senge,9,5,,shona_candidate,,9,deterministic,,candidate_missing_from_base_lexicon
seni,3,4,,shona_candidate,,3,deterministic,,candidate_missing_from_base_lexicon
senyika,9,7,,shona_candidate,,9,deterministic,,candidate_missing_from_base_lexicon
sevanhu,3,7,,shona_candidate,,3,deterministic,,candidate_missing_from_base_lexicon
sewe,10,4,,shona_candidate,,10,deterministic,,candidate_missing_from_base_lexicon
sezvineiwo,8,10,,shona_candidate,,8,deterministic,,candidate_missing_from_base_lexicon
sezvo,3,5,,shona_candidate,,3,deterministic,,candidate_missing_from_base_lexicon
shaa,13,4,,shona_candidate,,13,deterministic,,candidate_missing_from_base_lexicon
shadaya,410,7,,shona_candidate,,391,deterministic,,candidate_missing_from_base_lexicon
shadhaya,14,8,,shona_candidate,,13,deterministic,,candidate_missing_from_base_lexicon
shamhu,3,6,,shona_candidate,,3,deterministic,,candidate_missing_from_base_lexicon
shamwari,28,8,,shona_candidate,,27,deterministic,already_in_base_lexicon,already_in_base_lexicon
shandisa,5,8,,shona_candidate,,5,deterministic,already_in_base_lexicon,already_in_base_lexicon
shanyira,5,8,,shona_candidate,,5,deterministic,,candidate_missing_from_base_lexicon
shasha,5,6,,shona_candidate,,5,deterministic,already_in_base_lexicon,already_in_base_lexicon
shava,3,5,,shona_candidate,,3,deterministic,,candidate_missing_from_base_lexicon
shavi,4,5,,shona_candidate,,4,deterministic,,candidate_missing_from_base_lexicon
shaya,3,5,,shona_candidate,,3,deterministic,already_in_base_lexicon,already_in_base_lexicon
shingirira,3,10,,shona_candidate,,3,deterministic,already_in_base_lexicon,already_in_base_lexicon
shiri,6,5,,shona_candidate,,6,deterministic,already_in_base_lexicon,already_in_base_lexicon
shld,3,4,,shona_candidate,,3,deterministic,,candidate_missing_from_base_lexicon
shoko,18,5,,shona_candidate,,16,deterministic,already_in_base_lexicon,already_in_base_lexicon
shoma,16,5,,shona_candidate,,13,deterministic,,candidate_missing_from_base_lexicon
shud,3,4,,shona_candidate,,3,deterministic,,candidate_missing_from_base_lexicon
shuga,7,5,,shona_candidate,,5,deterministic,,candidate_missing_from_base_lexicon
shumba,13,6,,shona_candidate,,13,deterministic,already_in_base_lexicon,already_in_base_lexicon
shure,10,5,,shona_candidate,,9,deterministic,already_in_base_lexicon,already_in_base_lexicon
shuwa,52,5,,shona_candidate,,52,deterministic,,candidate_missing_from_base_lexicon
sikana,4,6,,shona_candidate,,4,deterministic,,candidate_missing_from_base_lexicon
sikhala,18,7,,shona_candidate,,17,deterministic,,candidate_missing_from_base_lexicon
simbi,8,5,,shona_candidate,,8,deterministic,already_in_base_lexicon,already_in_base_lexicon
simp,3,4,,shona_candidate,,3,deterministic,,candidate_missing_from_base_lexicon
sinhi,5,5,,shona_candidate,,5,deterministic,,candidate_missing_from_base_lexicon
sirin'i,4,7,,shona_candidate,,4,deterministic,,candidate_missing_from_base_lexicon
sisi,11,4,english_frequency,noise_rule,,11,rag_recovered,,candidate_missing_from_base_lexicon
sithole,6,7,,shona_candidate,,6,deterministic,,candidate_missing_from_base_lexicon
siya,28,4,,shona_candidate,,27,deterministic,already_in_base_lexicon,already_in_base_lexicon
siyai,23,5,,shona_candidate,,23,deterministic,,candidate_missing_from_base_lexicon
siyana,14,6,,shona_candidate,,14,deterministic,,candidate_missing_from_base_lexicon
siyanai,11,7,,shona_candidate,,11,deterministic,,candidate_missing_from_base_lexicon
siyayi,3,6,,shona_candidate,,2,deterministic,,candidate_missing_from_base_lexicon
sorobhi,41,7,,shona_candidate,,37,deterministic,,candidate_missing_from_base_lexicon
sorobi,5,6,,shona_candidate,,5,deterministic,,candidate_missing_from_base_lexicon
southerton,3,10,,shona_candidate,,3,deterministic,,candidate_missing_from_base_lexicon
southlea,4,8,,shona_candidate,,2,deterministic,,candidate_missing_from_base_lexicon
sterek,7,6,,shona_candidate,,7,deterministic,,candidate_missing_from_base_lexicon
stereki,3,7,,shona_candidate,,2,deterministic,,candidate_missing_from_base_lexicon
sungai,3,6,,shona_candidate,,3,deterministic,,candidate_missing_from_base_lexicon
sungura,6,7,,shona_candidate,,5,deterministic,,candidate_missing_from_base_lexicon
svisvimha,10,9,,shona_candidate,,1,deterministic,,candidate_missing_from_base_lexicon
svondo,10,6,,shona_candidate,,10,deterministic,already_in_base_lexicon,already_in_base_lexicon
svosve,3,6,,shona_candidate,,3,deterministic,,candidate_missing_from_base_lexicon
taenda,4,6,,shona_candidate,,4,deterministic,,candidate_missing_from_base_lexicon
tafadzwa,4,8,,shona_candidate,,4,deterministic,,candidate_missing_from_base_lexicon
tagara,4,6,,shona_candidate,,4,deterministic,,candidate_missing_from_base_lexicon
takaenda,6,8,,shona_candidate,,4,deterministic,,candidate_missing_from_base_lexicon
takafamba,3,9,,shona_candidate,,3,deterministic,,candidate_missing_from_base_lexicon
takakura,4,8,,shona_candidate,,4,deterministic,,candidate_missing_from_base_lexicon
takamirira,3,10,,shona_candidate,,3,deterministic,,candidate_missing_from_base_lexicon
takanga,3,7,,shona_candidate,,3,deterministic,,candidate_missing_from_base_lexicon
takaona,4,7,,shona_candidate,,4,deterministic,,candidate_missing_from_base_lexicon
takashinga,3,10,,shona_candidate,,3,deterministic,already_in_base_lexicon,already_in_base_lexicon
takati,4,6,,shona_candidate,,4,deterministic,,candidate_missing_from_base_lexicon
takavarairwa,4,12,,shona_candidate,,4,deterministic,,candidate_missing_from_base_lexicon
takawirirana,3,12,,shona_candidate,,3,deterministic,,candidate_missing_from_base_lexicon
takuda,3,6,,shona_candidate,,3,deterministic,,candidate_missing_from_base_lexicon
takuita,3,7,,shona_candidate,,3,deterministic,,candidate_missing_from_base_lexicon
tambirai,4,8,,shona_candidate,,4,deterministic,,candidate_missing_from_base_lexicon
tambo,7,5,,shona_candidate,,7,deterministic,already_in_base_lexicon,already_in_base_lexicon
tamirira,3,8,,shona_candidate,,3,deterministic,,candidate_missing_from_base_lexicon
tane,3,4,,shona_candidate,,3,deterministic,,candidate_missing_from_base_lexicon
taneta,8,6,,shona_candidate,,5,deterministic,already_in_base_lexicon,already_in_base_lexicon
tanga,16,5,,shona_candidate,,16,deterministic,already_in_base_lexicon,already_in_base_lexicon
tangai,7,6,,shona_candidate,,7,deterministic,,candidate_missing_from_base_lexicon
tanzwa,5,6,,shona_candidate,,5,deterministic,,candidate_missing_from_base_lexicon
tarenda,4,7,,shona_candidate,,4,deterministic,,candidate_missing_from_base_lexicon
tariro,3,6,,shona_candidate,,3,deterministic,already_in_base_lexicon,already_in_base_lexicon
tarisa,17,6,,shona_candidate,,17,deterministic,already_in_base_lexicon,already_in_base_lexicon
tarisai,8,7,,shona_candidate,,8,deterministic,,candidate_missing_from_base_lexicon
tarisiro,3,8,,shona_candidate,,3,deterministic,,candidate_missing_from_base_lexicon
taswera,3,7,,shona_candidate,,3,deterministic,,candidate_missing_from_base_lexicon
tatelicious,3,11,,shona_candidate,,3,deterministic,,candidate_missing_from_base_lexicon
taura,25,5,,shona_candidate,,25,deterministic,already_in_base_lexicon,already_in_base_lexicon
taurai,6,6,,shona_candidate,,6,deterministic,,candidate_missing_from_base_lexicon
tave,9,4,,shona_candidate,,9,deterministic,,candidate_missing_from_base_lexicon
tawana,4,6,,shona_candidate,,4,deterministic,,candidate_missing_from_base_lexicon
tega,3,4,,shona_candidate,,3,deterministic,,candidate_missing_from_base_lexicon
temba,3,5,,shona_candidate,,3,deterministic,,candidate_missing_from_base_lexicon
tendai,4,6,,shona_candidate,,4,deterministic,already_in_base_lexicon,already_in_base_lexicon
tenga,7,5,,shona_candidate,,7,deterministic,already_in_base_lexicon,already_in_base_lexicon
tengai,3,6,,shona_candidate,,3,deterministic,,candidate_missing_from_base_lexicon
tenge,5,5,,shona_candidate,,4,deterministic,,candidate_missing_from_base_lexicon
terezim,3,7,,shona_candidate,,3,deterministic,,candidate_missing_from_base_lexicon
tese,28,4,,shona_candidate,,26,deterministic,,candidate_missing_from_base_lexicon
tezvara,7,7,,shona_candidate,,6,deterministic,,candidate_missing_from_base_lexicon
thaza,4,5,,shona_candidate,,2,deterministic,,candidate_missing_from_base_lexicon
thehubzw,3,8,,shona_candidate,,3,deterministic,,candidate_missing_from_base_lexicon
theplug,6,7,,shona_candidate,,6,deterministic,,candidate_missing_from_base_lexicon
ticha,3,5,,shona_candidate,,3,deterministic,,candidate_missing_from_base_lexicon
tichaita,8,8,,shona_candidate,,7,deterministic,,candidate_missing_from_base_lexicon
tichiita,4,8,,shona_candidate,,4,deterministic,,candidate_missing_from_base_lexicon
tichinzwa,3,9,,shona_candidate,,3,deterministic,,candidate_missing_from_base_lexicon
tichiona,4,8,,shona_candidate,,4,deterministic,,candidate_missing_from_base_lexicon
tichiri,11,7,,shona_candidate,,11,deterministic,,candidate_missing_from_base_lexicon
tichiti,8,7,,shona_candidate,,8,deterministic,,candidate_missing_from_base_lexicon
tiite,9,5,,shona_candidate,,8,deterministic,,candidate_missing_from_base_lexicon
tikati,3,6,,shona_candidate,,3,deterministic,,candidate_missing_from_base_lexicon
tikunzwei,3,9,,shona_candidate,,3,deterministic,,candidate_missing_from_base_lexicon
tinashe,8,7,,shona_candidate,,8,deterministic,,candidate_missing_from_base_lexicon
tinenge,9,7,,shona_candidate,,9,deterministic,,candidate_missing_from_base_lexicon
tingati,8,7,,shona_candidate,,4,deterministic,,candidate_missing_from_base_lexicon
tinoda,17,6,,shona_candidate,,14,deterministic,,candidate_missing_from_base_lexicon
tinofa,3,6,,shona_candidate,,3,deterministic,,candidate_missing_from_base_lexicon
tinoona,3,7,,shona_candidate,,3,deterministic,,candidate_missing_from_base_lexicon
tinotenda,3,9,,shona_candidate,,3,deterministic,,candidate_missing_from_base_lexicon
tinotumira,3,10,,shona_candidate,,3,deterministic,,candidate_missing_from_base_lexicon
tinya,4,5,,shona_candidate,,4,deterministic,already_in_base_lexicon,already_in_base_lexicon
tinzwe,3,6,,shona_candidate,,3,deterministic,,candidate_missing_from_base_lexicon
tione,10,5,,shona_candidate,,10,deterministic,,candidate_missing_from_base_lexicon
tipe,6,4,,shona_candidate,,6,deterministic,,candidate_missing_from_base_lexicon
tipei,3,5,,shona_candidate,,3,deterministic,,candidate_missing_from_base_lexicon
tipeiwo,3,7,,shona_candidate,,3,deterministic,,candidate_missing_from_base_lexicon
tiriko,3,6,,shona_candidate,,3,deterministic,,candidate_missing_from_base_lexicon
tisati,3,6,,shona_candidate,,3,deterministic,,candidate_missing_from_base_lexicon
tisina,6,6,,shona_candidate,,6,deterministic,,candidate_missing_from_base_lexicon
tisu,11,4,,shona_candidate,,11,deterministic,,candidate_missing_from_base_lexicon
titi,22,4,,shona_candidate,,22,deterministic,,candidate_missing_from_base_lexicon
tiudze,3,6,,shona_candidate,,2,deterministic,,candidate_missing_from_base_lexicon
tiwane,5,6,,shona_candidate,,5,deterministic,,candidate_missing_from_base_lexicon
tobva,6,5,,shona_candidate,,6,deterministic,,candidate_missing_from_base_lexicon
toenda,4,6,,shona_candidate,,4,deterministic,,candidate_missing_from_base_lexicon
togona,4,6,,shona_candidate,,4,deterministic,,candidate_missing_from_base_lexicon
toita,8,5,,shona_candidate,,8,deterministic,,candidate_missing_from_base_lexicon
tokuzivai,3,9,,shona_candidate,,3,deterministic,,candidate_missing_from_base_lexicon
tonderai,3,8,,shona_candidate,,3,deterministic,,candidate_missing_from_base_lexicon
tongai,8,6,,shona_candidate,,8,deterministic,,candidate_missing_from_base_lexicon
torai,3,5,,shona_candidate,,3,deterministic,,candidate_missing_from_base_lexicon
tose,11,4,,shona_candidate,,11,deterministic,,candidate_missing_from_base_lexicon
toti,5,4,,shona_candidate,,5,deterministic,,candidate_missing_from_base_lexicon
tovapa,3,6,,shona_candidate,,3,deterministic,,candidate_missing_from_base_lexicon
tozoona,4,7,,shona_candidate,,4,deterministic,,candidate_missing_from_base_lexicon
tsaga,3,5,,shona_candidate,,3,deterministic,,candidate_missing_from_base_lexicon
tsamba,5,6,,shona_candidate,,5,deterministic,already_in_base_lexicon,already_in_base_lexicon
tsano,4,5,,shona_candidate,,4,deterministic,,candidate_missing_from_base_lexicon
tsaona,3,6,,shona_candidate,,3,deterministic,,candidate_missing_from_base_lexicon
tsika,16,5,,shona_candidate,,14,deterministic,already_in_base_lexicon,already_in_base_lexicon
tsisi,3,5,,shona_candidate,,2,deterministic,,candidate_missing_from_base_lexicon
tsitsi,26,6,,shona_candidate,,26,deterministic,already_in_base_lexicon,already_in_base_lexicon
tsoka,3,5,,shona_candidate,,3,deterministic,already_in_base_lexicon,already_in_base_lexicon
tsono,4,5,,shona_candidate,,2,deterministic,already_in_base_lexicon,already_in_base_lexicon
tsotsi,4,6,,shona_candidate,,4,deterministic,,candidate_missing_from_base_lexicon
tsuro,5,5,,shona_candidate,,4,deterministic,already_in_base_lexicon,already_in_base_lexicon
tsvaga,6,6,,shona_candidate,,6,deterministic,already_in_base_lexicon,already_in_base_lexicon
tsvagai,5,7,,shona_candidate,,5,deterministic,,candidate_missing_from_base_lexicon
tsvina,11,6,,shona_candidate,,11,deterministic,already_in_base_lexicon,already_in_base_lexicon
tuckshop,3,8,,shona_candidate,,3,deterministic,,candidate_missing_from_base_lexicon
tuma,4,4,,shona_candidate,,4,deterministic,,candidate_missing_from_base_lexicon
tusina,3,6,,shona_candidate,,3,deterministic,,candidate_missing_from_base_lexicon
tuvana,3,6,,shona_candidate,,3,deterministic,,candidate_missing_from_base_lexicon
twu,3,3,,shona_candidate,,2,deterministic,,candidate_missing_from_base_lexicon
tym,5,3,,shona_candidate,,5,deterministic,,candidate_missing_from_base_lexicon
u're,3,4,,shona_candidate,,2,deterministic,,candidate_missing_from_base_lexicon
uchaita,4,7,,shona_candidate,,4,deterministic,,candidate_missing_from_base_lexicon
uchibva,5,7,,shona_candidate,,5,deterministic,,candidate_missing_from_base_lexicon
uchida,24,6,,shona_candidate,,19,deterministic,,candidate_missing_from_base_lexicon
uchienda,4,8,,shona_candidate,,3,deterministic,,candidate_missing_from_base_lexicon
uchifunga,4,9,,shona_candidate,,4,deterministic,,candidate_missing_from_base_lexicon
uchigona,3,8,,shona_candidate,,3,deterministic,,candidate_missing_from_base_lexicon
uchiita,5,7,,shona_candidate,,5,deterministic,,candidate_missing_from_base_lexicon
uchinge,18,7,,shona_candidate,,2,deterministic,,candidate_missing_from_base_lexicon
uchiona,8,7,,shona_candidate,,8,deterministic,,candidate_missing_from_base_lexicon
uchiri,11,6,,shona_candidate,,11,deterministic,,candidate_missing_from_base_lexicon
uchitaura,5,9,,shona_candidate,,4,deterministic,,candidate_missing_from_base_lexicon
uchiti,9,6,,shona_candidate,,9,deterministic,,candidate_missing_from_base_lexicon
uchiziva,7,8,,shona_candidate,,7,deterministic,,candidate_missing_from_base_lexicon
uda,3,3,,shona_candidate,,3,deterministic,,candidate_missing_from_base_lexicon
udza,3,4,,shona_candidate,,3,deterministic,,candidate_missing_from_base_lexicon
udzai,5,5,,shona_candidate,,5,deterministic,,candidate_missing_from_base_lexicon
ufunge,4,6,,shona_candidate,,3,deterministic,,candidate_missing_from_base_lexicon
uine,11,4,,shona_candidate,,10,deterministic,,candidate_missing_from_base_lexicon
uise,3,4,,shona_candidate,,3,deterministic,,candidate_missing_from_base_lexicon
uite,3,4,,shona_candidate,,3,deterministic,,candidate_missing_from_base_lexicon
ukada,4,5,,shona_candidate,,4,deterministic,,candidate_missing_from_base_lexicon
ukaenda,4,7,,shona_candidate,,4,deterministic,,candidate_missing_from_base_lexicon
ukaita,3,6,,shona_candidate,,3,deterministic,,candidate_missing_from_base_lexicon
ukama,6,5,,shona_candidate,,5,deterministic,already_in_base_lexicon,already_in_base_lexicon
ukanzwa,3,7,,shona_candidate,,3,deterministic,,candidate_missing_from_base_lexicon
ukaona,26,6,,shona_candidate,,26,deterministic,,candidate_missing_from_base_lexicon
ukaramba,3,8,,shona_candidate,,3,deterministic,,candidate_missing_from_base_lexicon
ukati,7,5,,shona_candidate,,7,deterministic,,candidate_missing_from_base_lexicon
ukauya,3,6,,shona_candidate,,3,deterministic,,candidate_missing_from_base_lexicon
ukawana,4,7,,shona_candidate,,4,deterministic,,candidate_missing_from_base_lexicon
uko,68,3,,shona_candidate,suspected_non_content_seed,67,deterministic,,candidate_missing_from_base_lexicon
uku,52,3,,shona_candidate,,51,deterministic,,candidate_missing_from_base_lexicon
ukuda,10,5,,shona_candidate,,10,deterministic,,candidate_missing_from_base_lexicon
ukuti,3,5,,shona_candidate,,3,deterministic,,candidate_missing_from_base_lexicon
ukuwo,6,5,,shona_candidate,,6,deterministic,,candidate_missing_from_base_lexicon
ukuziva,3,7,,shona_candidate,,3,deterministic,,candidate_missing_from_base_lexicon
umo,8,3,,shona_candidate,,8,deterministic,,candidate_missing_from_base_lexicon
umu,27,3,,shona_candidate,suspected_non_content_seed,27,deterministic,,candidate_missing_from_base_lexicon
umwe,31,4,,shona_candidate,,30,deterministic,,candidate_missing_from_base_lexicon
unenge,51,6,,shona_candidate,,50,deterministic,,candidate_missing_from_base_lexicon
unga,4,4,,shona_candidate,,4,deterministic,,candidate_missing_from_base_lexicon
ungadai,4,7,,shona_candidate,,4,deterministic,,candidate_missing_from_base_lexicon
ungati,5,6,,shona_candidate,,5,deterministic,,candidate_missing_from_base_lexicon
unhu,4,4,,shona_candidate,,3,deterministic,,candidate_missing_from_base_lexicon
uno,12,3,english_frequency,noise_rule,,11,rag_recovered,,candidate_missing_from_base_lexicon
unobva,4,6,,shona_candidate,,4,deterministic,,candidate_missing_from_base_lexicon
unoda,15,5,,shona_candidate,,15,deterministic,,candidate_missing_from_base_lexicon
unodya,3,6,,shona_candidate,,3,deterministic,,candidate_missing_from_base_lexicon
unoenda,5,7,,shona_candidate,,5,deterministic,,candidate_missing_from_base_lexicon
unofa,6,5,,shona_candidate,,6,deterministic,,candidate_missing_from_base_lexicon
unofanira,18,9,,shona_candidate,,17,deterministic,,candidate_missing_from_base_lexicon
unofunga,9,8,,shona_candidate,,9,deterministic,,candidate_missing_from_base_lexicon
unogara,5,7,,shona_candidate,,5,deterministic,,candidate_missing_from_base_lexicon
unogona,13,7,,shona_candidate,,13,deterministic,,candidate_missing_from_base_lexicon
unogwara,4,8,,shona_candidate,,3,deterministic,,candidate_missing_from_base_lexicon
unoita,22,6,,shona_candidate,,22,deterministic,,candidate_missing_from_base_lexicon
unokwira,3,8,,shona_candidate,,3,deterministic,,candidate_missing_from_base_lexicon
unongobhadhara,4,14,,shona_candidate,,4,deterministic,,candidate_missing_from_base_lexicon
unongowona,3,10,,shona_candidate,,3,deterministic,,candidate_missing_from_base_lexicon
unonzwa,6,7,,shona_candidate,,6,deterministic,,candidate_missing_from_base_lexicon
unoona,9,6,,shona_candidate,,9,deterministic,,candidate_missing_from_base_lexicon
unoreva,3,7,,shona_candidate,,3,deterministic,,candidate_missing_from_base_lexicon
unoswera,3,8,,shona_candidate,,3,deterministic,,candidate_missing_from_base_lexicon
unotenga,4,8,,shona_candidate,,4,deterministic,,candidate_missing_from_base_lexicon
unoti,9,5,,shona_candidate,,8,deterministic,,candidate_missing_from_base_lexicon
unotoona,8,8,,shona_candidate,suspected_non_content_seed,8,deterministic,,candidate_missing_from_base_lexicon
unotora,4,7,,shona_candidate,,4,deterministic,,candidate_missing_from_base_lexicon
unoudza,5,7,,shona_candidate,,5,deterministic,,candidate_missing_from_base_lexicon
unouya,3,6,,shona_candidate,,3,deterministic,,candidate_missing_from_base_lexicon
unowana,6,7,,shona_candidate,,5,deterministic,,candidate_missing_from_base_lexicon
unoziva,17,7,,shona_candidate,,17,deterministic,,candidate_missing_from_base_lexicon
unozoona,3,8,,shona_candidate,,3,deterministic,,candidate_missing_from_base_lexicon
unzwe,5,5,,shona_candidate,,5,deterministic,,candidate_missing_from_base_lexicon
uone,23,4,,shona_candidate,,23,deterministic,,candidate_missing_from_base_lexicon
upenyu,3,6,,shona_candidate,,3,deterministic,already_in_base_lexicon,already_in_base_lexicon
uripo,3,5,,shona_candidate,,3,deterministic,already_in_base_lexicon,already_in_base_lexicon
urombo,3,6,,shona_candidate,,3,deterministic,already_in_base_lexicon,already_in_base_lexicon
urwu,6,4,,shona_candidate,,6,deterministic,,candidate_missing_from_base_lexicon
usadaro,6,7,,shona_candidate,,6,deterministic,,candidate_missing_from_base_lexicon
usanyebere,3,10,,shona_candidate,,3,deterministic,,candidate_missing_from_base_lexicon
usanyepe,3,8,,shona_candidate,,3,deterministic,,candidate_missing_from_base_lexicon
usati,7,5,,shona_candidate,,7,deterministic,,candidate_missing_from_base_lexicon
usina,29,5,,shona_candidate,,23,deterministic,,candidate_missing_from_base_lexicon
usingaite,3,9,,shona_candidate,,3,deterministic,,candidate_missing_from_base_lexicon
usiri,4,5,,shona_candidate,,4,deterministic,,candidate_missing_from_base_lexicon
usiye,4,5,,shona_candidate,,4,deterministic,,candidate_missing_from_base_lexicon
utaure,5,6,,shona_candidate,,5,deterministic,,candidate_missing_from_base_lexicon
utengese,3,8,,shona_candidate,,3,deterministic,,candidate_missing_from_base_lexicon
utore,16,5,,shona_candidate,,16,deterministic,,candidate_missing_from_base_lexicon
utori,9,5,,shona_candidate,,8,deterministic,,candidate_missing_from_base_lexicon
uve,3,3,,shona_candidate,,3,deterministic,,candidate_missing_from_base_lexicon
uya,12,3,,shona_candidate,,12,deterministic,already_in_base_lexicon,already_in_base_lexicon
uyezve,4,6,,shona_candidate,,4,deterministic,,candidate_missing_from_base_lexicon
uyo,75,3,,shona_candidate,suspected_non_content_seed,72,deterministic,already_in_base_lexicon,already_in_base_lexicon
uyu,776,3,,shona_candidate,suspected_non_content_seed,718,deterministic,,candidate_missing_from_base_lexicon
uyuwo,12,5,,shona_candidate,suspected_non_content_seed,12,deterministic,,candidate_missing_from_base_lexicon
uzere,3,5,,shona_candidate,,3,deterministic,,candidate_missing_from_base_lexicon
vabatwa,3,7,,shona_candidate,,3,deterministic,,candidate_missing_from_base_lexicon
vabereki,28,8,,shona_candidate,,28,deterministic,already_in_base_lexicon,already_in_base_lexicon
vaburitswe,3,10,,shona_candidate,,3,deterministic,,candidate_missing_from_base_lexicon
vachaita,6,8,,shona_candidate,,6,deterministic,,candidate_missing_from_base_lexicon
vachange,3,8,,shona_candidate,,3,deterministic,,candidate_missing_from_base_lexicon
vachi,7,5,,shona_candidate,,7,deterministic,,candidate_missing_from_base_lexicon
vachiba,3,7,,shona_candidate,,3,deterministic,,candidate_missing_from_base_lexicon
vachibva,4,8,,shona_candidate,,4,deterministic,,candidate_missing_from_base_lexicon
vachida,5,7,,shona_candidate,,5,deterministic,,candidate_missing_from_base_lexicon
vachidya,4,8,,shona_candidate,,4,deterministic,,candidate_missing_from_base_lexicon
vachifarira,4,11,,shona_candidate,,4,deterministic,,candidate_missing_from_base_lexicon
vachifunga,3,10,,shona_candidate,,3,deterministic,,candidate_missing_from_base_lexicon
vachiita,6,8,,shona_candidate,,6,deterministic,,candidate_missing_from_base_lexicon
vachikumbira,3,12,,shona_candidate,,3,deterministic,,candidate_missing_from_base_lexicon
vachiona,5,8,,shona_candidate,,5,deterministic,,candidate_missing_from_base_lexicon
vachirarama,3,11,,shona_candidate,,3,deterministic,,candidate_missing_from_base_lexicon
vachiri,15,7,,shona_candidate,,15,deterministic,,candidate_missing_from_base_lexicon
vachisiya,3,9,,shona_candidate,,3,deterministic,,candidate_missing_from_base_lexicon
vachitaura,3,10,,shona_candidate,,3,deterministic,,candidate_missing_from_base_lexicon
vachiti,15,7,,shona_candidate,,15,deterministic,,candidate_missing_from_base_lexicon
vachitsvaga,3,11,,shona_candidate,,3,deterministic,,candidate_missing_from_base_lexicon
vacho,65,5,,shona_candidate,,65,deterministic,,candidate_missing_from_base_lexicon
vaconstantino,7,13,,shona_candidate,,7,deterministic,,candidate_missing_from_base_lexicon
vadii,3,5,,shona_candidate,,3,deterministic,,candidate_missing_from_base_lexicon
vadiki,12,6,,shona_candidate,,12,deterministic,,candidate_missing_from_base_lexicon
vadya,3,5,,shona_candidate,,3,deterministic,,candidate_missing_from_base_lexicon
vadzidzi,5,8,,shona_candidate,,4,deterministic,,candidate_missing_from_base_lexicon
vaende,8,6,,shona_candidate,,8,deterministic,,candidate_missing_from_base_lexicon
vafa,3,4,,shona_candidate,,3,deterministic,,candidate_missing_from_base_lexicon
vafana,4,6,,shona_candidate,,4,deterministic,,candidate_missing_from_base_lexicon
vafunga,3,7,,shona_candidate,,3,deterministic,,candidate_missing_from_base_lexicon
vagadziri,3,9,,shona_candidate,,2,deterministic,,candidate_missing_from_base_lexicon
vagadzirise,9,11,,shona_candidate,,5,deterministic,,candidate_missing_from_base_lexicon
vagara,5,6,,shona_candidate,,5,deterministic,,candidate_missing_from_base_lexicon
vagare,3,6,,shona_candidate,,3,deterministic,,candidate_missing_from_base_lexicon
vagari,17,6,,shona_candidate,,17,deterministic,,candidate_missing_from_base_lexicon
vahanzvadzi,3,11,,shona_candidate,,3,deterministic,,candidate_missing_from_base_lexicon
vaida,3,5,,shona_candidate,,3,deterministic,,candidate_missing_from_base_lexicon
vaimbove,3,8,,shona_candidate,,3,deterministic,,candidate_missing_from_base_lexicon
vaine,8,5,,shona_candidate,,8,deterministic,,candidate_missing_from_base_lexicon
vainzi,4,6,,shona_candidate,,4,deterministic,,candidate_missing_from_base_lexicon
vaisada,3,7,,shona_candidate,,3,deterministic,,candidate_missing_from_base_lexicon
vaita,9,5,,shona_candidate,,9,deterministic,,candidate_missing_from_base_lexicon
vaite,17,5,,shona_candidate,,16,deterministic,,candidate_missing_from_base_lexicon
vaiti,6,5,,shona_candidate,,6,deterministic,,candidate_missing_from_base_lexicon
vaiva,3,5,,shona_candidate,,3,deterministic,,candidate_missing_from_base_lexicon
vaive,9,5,,shona_candidate,,9,deterministic,,candidate_missing_from_base_lexicon
vajaira,5,7,,shona_candidate,,5,deterministic,,candidate_missing_from_base_lexicon
vaka,3,4,,shona_candidate,,3,deterministic,already_in_base_lexicon,already_in_base_lexicon
vakabva,3,7,,shona_candidate,,3,deterministic,,candidate_missing_from_base_lexicon
vakadai,16,7,,shona_candidate,,15,deterministic,,candidate_missing_from_base_lexicon
vakadaro,6,8,,shona_candidate,,6,deterministic,,candidate_missing_from_base_lexicon
vakadimburwa,3,12,,shona_candidate,,3,deterministic,,candidate_missing_from_base_lexicon
vakadya,4,7,,shona_candidate,,4,deterministic,,candidate_missing_from_base_lexicon
vakadzi,19,7,,shona_candidate,,19,deterministic,already_in_base_lexicon,already_in_base_lexicon
vakadzidza,6,10,,shona_candidate,,6,deterministic,,candidate_missing_from_base_lexicon
vakadzokera,3,11,,shona_candidate,,3,deterministic,,candidate_missing_from_base_lexicon
vakaenda,8,8,,shona_candidate,,7,deterministic,,candidate_missing_from_base_lexicon
vakafa,3,6,,shona_candidate,,3,deterministic,already_in_base_lexicon,already_in_base_lexicon
vakafanana,4,10,,shona_candidate,,4,deterministic,,candidate_missing_from_base_lexicon
vakafira,4,8,,shona_candidate,,4,deterministic,,candidate_missing_from_base_lexicon
vakaita,10,7,,shona_candidate,,10,deterministic,,candidate_missing_from_base_lexicon
vakakuona,3,9,,shona_candidate,,3,deterministic,,candidate_missing_from_base_lexicon
vakamboita,3,10,,shona_candidate,,2,deterministic,,candidate_missing_from_base_lexicon
vakamirira,3,10,,shona_candidate,,3,deterministic,,candidate_missing_from_base_lexicon
vakanaka,15,8,,shona_candidate,,14,deterministic,,candidate_missing_from_base_lexicon
vakananga,6,9,,shona_candidate,,6,deterministic,,candidate_missing_from_base_lexicon
vakangwara,3,10,,shona_candidate,,3,deterministic,,candidate_missing_from_base_lexicon
vakanzi,3,7,,shona_candidate,,3,deterministic,,candidate_missing_from_base_lexicon
vakaoma,3,7,,shona_candidate,,3,deterministic,,candidate_missing_from_base_lexicon
vakapa,3,6,,shona_candidate,,3,deterministic,,candidate_missing_from_base_lexicon
vakapedza,3,9,,shona_candidate,,3,deterministic,,candidate_missing_from_base_lexicon
vakapfeka,7,9,,shona_candidate,,7,deterministic,already_in_base_lexicon,already_in_base_lexicon
vakapusa,6,8,,shona_candidate,,6,deterministic,,candidate_missing_from_base_lexicon
vakaronga,3,9,,shona_candidate,,2,deterministic,,candidate_missing_from_base_lexicon
vakaroora,5,9,,shona_candidate,,5,deterministic,,candidate_missing_from_base_lexicon
vakaroorana,4,11,,shona_candidate,,2,deterministic,,candidate_missing_from_base_lexicon
vakaroorwa,6,10,,shona_candidate,,5,deterministic,,candidate_missing_from_base_lexicon
vakasaina,4,9,,shona_candidate,,4,deterministic,,candidate_missing_from_base_lexicon
vakashaya,7,9,,shona_candidate,,7,deterministic,,candidate_missing_from_base_lexicon
vakatanga,3,9,,shona_candidate,,3,deterministic,,candidate_missing_from_base_lexicon
vakatarisa,3,10,,shona_candidate,,3,deterministic,,candidate_missing_from_base_lexicon
vakati,10,6,,shona_candidate,,10,deterministic,,candidate_missing_from_base_lexicon
vakatsamwa,3,10,,shona_candidate,,3,deterministic,,candidate_missing_from_base_lexicon
vakawanda,17,9,,shona_candidate,,17,deterministic,,candidate_missing_from_base_lexicon
vakazara,3,8,,shona_candidate,,3,deterministic,,candidate_missing_from_base_lexicon
vakazvipira,4,11,,shona_candidate,,4,deterministic,,candidate_missing_from_base_lexicon
vake,46,4,,shona_candidate,,43,deterministic,,candidate_missing_from_base_lexicon
vako,107,4,,shona_candidate,,105,deterministic,,candidate_missing_from_base_lexicon
vakomana,20,8,,shona_candidate,,20,deterministic,,candidate_missing_from_base_lexicon
vaku,3,4,,shona_candidate,,3,deterministic,,candidate_missing_from_base_lexicon
vakuda,12,6,,shona_candidate,,12,deterministic,,candidate_missing_from_base_lexicon
vakuenda,3,8,,shona_candidate,,3,deterministic,,candidate_missing_from_base_lexicon
vakufunga,3,9,,shona_candidate,,3,deterministic,,candidate_missing_from_base_lexicon
vakuita,4,7,,shona_candidate,,4,deterministic,,candidate_missing_from_base_lexicon
vakumbira,3,9,,shona_candidate,,3,deterministic,,candidate_missing_from_base_lexicon
vakura,4,6,,shona_candidate,,4,deterministic,,candidate_missing_from_base_lexicon
vakuru,38,6,,shona_candidate,,36,deterministic,,candidate_missing_from_base_lexicon
vakuti,4,6,,shona_candidate,,4,deterministic,,candidate_missing_from_base_lexicon
vakutsvaga,3,10,,shona_candidate,,3,deterministic,,candidate_missing_from_base_lexicon
vakuuya,4,7,,shona_candidate,,4,deterministic,,candidate_missing_from_base_lexicon
vakuziva,5,8,,shona_candidate,,5,deterministic,,candidate_missing_from_base_lexicon
vamwe,158,5,,shona_candidate,,151,deterministic,already_in_base_lexicon,already_in_base_lexicon
vana,622,4,,shona_candidate,,585,deterministic,,candidate_missing_from_base_lexicon
vandiri,3,7,,shona_candidate,,3,deterministic,,candidate_missing_from_base_lexicon
vane,164,4,english_frequency,noise_rule,,156,rag_recovered,,candidate_missing_from_base_lexicon
vanelson,8,8,,shona_candidate,,8,deterministic,,candidate_missing_from_base_lexicon
vanenge,31,7,,shona_candidate,,30,deterministic,,candidate_missing_from_base_lexicon
vaneta,3,6,,shona_candidate,,3,deterministic,,candidate_missing_from_base_lexicon
vanga,14,5,,shona_candidate,suspected_non_content_seed,14,deterministic,already_in_base_lexicon,already_in_base_lexicon
vangani,14,7,,shona_candidate,,13,deterministic,,candidate_missing_from_base_lexicon
vangu,70,5,,shona_candidate,,66,deterministic,,candidate_missing_from_base_lexicon
vanhu,1942,5,,shona_candidate,,1846,deterministic,already_in_base_lexicon,already_in_base_lexicon
vano,12,4,,shona_candidate,suspected_non_content_seed,12,deterministic,,candidate_missing_from_base_lexicon
vanobata,6,8,,shona_candidate,,6,deterministic,,candidate_missing_from_base_lexicon
vanobhowa,4,9,,shona_candidate,,4,deterministic,,candidate_missing_from_base_lexicon
vanobuda,5,8,,shona_candidate,,5,deterministic,,candidate_missing_from_base_lexicon
vanobva,4,7,,shona_candidate,,4,deterministic,,candidate_missing_from_base_lexicon
vanochema,3,9,,shona_candidate,,3,deterministic,,candidate_missing_from_base_lexicon
vanoda,54,6,,shona_candidate,,50,deterministic,,candidate_missing_from_base_lexicon
vanodiwa,4,8,,shona_candidate,,4,deterministic,,candidate_missing_from_base_lexicon
vanodya,6,7,,shona_candidate,,5,deterministic,,candidate_missing_from_base_lexicon
vanodzidza,3,10,,shona_candidate,,3,deterministic,,candidate_missing_from_base_lexicon
vanoenda,8,8,,shona_candidate,,8,deterministic,,candidate_missing_from_base_lexicon
vanofanira,6,10,,shona_candidate,,6,deterministic,,candidate_missing_from_base_lexicon
vanofunga,7,9,,shona_candidate,,7,deterministic,,candidate_missing_from_base_lexicon
vanogara,5,8,,shona_candidate,,5,deterministic,,candidate_missing_from_base_lexicon
vanogeza,3,8,,shona_candidate,,3,deterministic,,candidate_missing_from_base_lexicon
vanogona,11,8,,shona_candidate,,11,deterministic,,candidate_missing_from_base_lexicon
vanohura,3,8,,shona_candidate,,3,deterministic,,candidate_missing_from_base_lexicon
vanoimba,4,8,,shona_candidate,,4,deterministic,,candidate_missing_from_base_lexicon
vanoisa,4,7,,shona_candidate,,4,deterministic,,candidate_missing_from_base_lexicon
vanoita,18,7,,shona_candidate,,18,deterministic,,candidate_missing_from_base_lexicon
vanojairira,7,11,,shona_candidate,,7,deterministic,,candidate_missing_from_base_lexicon
vanokumbira,3,11,,shona_candidate,,3,deterministic,,candidate_missing_from_base_lexicon
vanokura,3,8,,shona_candidate,,3,deterministic,,candidate_missing_from_base_lexicon
vanonamatira,3,12,,shona_candidate,,3,deterministic,,candidate_missing_from_base_lexicon
vanonwa,3,7,,shona_candidate,,3,deterministic,,candidate_missing_from_base_lexicon
vanonyepa,4,9,,shona_candidate,,4,deterministic,,candidate_missing_from_base_lexicon
vanonyora,3,9,,shona_candidate,,3,deterministic,,candidate_missing_from_base_lexicon
vanonzi,7,7,,shona_candidate,,7,deterministic,,candidate_missing_from_base_lexicon
vanonzwa,6,8,,shona_candidate,,6,deterministic,,candidate_missing_from_base_lexicon
vanoona,4,7,,shona_candidate,,4,deterministic,,candidate_missing_from_base_lexicon
vanopa,3,6,,shona_candidate,,3,deterministic,,candidate_missing_from_base_lexicon
vanopenga,6,9,,shona_candidate,,6,deterministic,,candidate_missing_from_base_lexicon
vanopfeka,3,9,,shona_candidate,,3,deterministic,,candidate_missing_from_base_lexicon
vanopikisa,4,10,,shona_candidate,,4,deterministic,,candidate_missing_from_base_lexicon
vanopinda,5,9,,shona_candidate,,5,deterministic,,candidate_missing_from_base_lexicon
vanorarama,3,10,,shona_candidate,,3,deterministic,,candidate_missing_from_base_lexicon
vanorova,3,8,,shona_candidate,,3,deterministic,,candidate_missing_from_base_lexicon
vanoroya,4,8,,shona_candidate,,4,deterministic,,candidate_missing_from_base_lexicon
vanorwirawo,4,11,,shona_candidate,,2,deterministic,,candidate_missing_from_base_lexicon
vanoshamisa,3,11,,shona_candidate,,3,deterministic,,candidate_missing_from_base_lexicon
vanoshaya,3,9,,shona_candidate,,3,deterministic,already_in_base_lexicon,already_in_base_lexicon
vanosiyana,3,10,,shona_candidate,,3,deterministic,,candidate_missing_from_base_lexicon
vanosvika,3,9,,shona_candidate,,3,deterministic,,candidate_missing_from_base_lexicon
vanotaura,5,9,,shona_candidate,,5,deterministic,,candidate_missing_from_base_lexicon
vanoti,19,6,,shona_candidate,,18,deterministic,,candidate_missing_from_base_lexicon
vanotonga,5,9,,shona_candidate,,5,deterministic,,candidate_missing_from_base_lexicon
vanotora,7,8,,shona_candidate,,6,deterministic,,candidate_missing_from_base_lexicon
vanotsvaga,5,10,,shona_candidate,,5,deterministic,,candidate_missing_from_base_lexicon
vanotya,3,7,,shona_candidate,,3,deterministic,,candidate_missing_from_base_lexicon
vanotyisa,4,9,,shona_candidate,,4,deterministic,,candidate_missing_from_base_lexicon
vanouya,3,7,,shona_candidate,,3,deterministic,,candidate_missing_from_base_lexicon
vanovhunduka,3,12,,shona_candidate,,3,deterministic,,candidate_missing_from_base_lexicon
vanowana,4,8,,shona_candidate,,4,deterministic,,candidate_missing_from_base_lexicon
vanoziva,7,8,,shona_candidate,,7,deterministic,,candidate_missing_from_base_lexicon
vanyori,5,7,,shona_candidate,,4,deterministic,,candidate_missing_from_base_lexicon
vanzwa,4,6,,shona_candidate,,4,deterministic,,candidate_missing_from_base_lexicon
vaona,4,5,,shona_candidate,,4,deterministic,,candidate_missing_from_base_lexicon
vaone,6,5,,shona_candidate,,6,deterministic,,candidate_missing_from_base_lexicon
vapedza,5,7,,shona_candidate,,5,deterministic,,candidate_missing_from_base_lexicon
vapenyu,5,7,,shona_candidate,,5,deterministic,already_in_base_lexicon,already_in_base_lexicon
vapera,3,6,,shona_candidate,,3,deterministic,,candidate_missing_from_base_lexicon
vapfana,7,7,,shona_candidate,,6,deterministic,,candidate_missing_from_base_lexicon
vapfanha,5,8,,shona_candidate,,5,deterministic,,candidate_missing_from_base_lexicon
vapi,3,4,,shona_candidate,,3,deterministic,,candidate_missing_from_base_lexicon
varamba,4,7,,shona_candidate,,4,deterministic,,candidate_missing_from_base_lexicon
variko,13,6,,shona_candidate,,11,deterministic,,candidate_missing_from_base_lexicon
variku,8,6,,shona_candidate,,8,deterministic,,candidate_missing_from_base_lexicon
varikuda,3,8,,shona_candidate,,3,deterministic,,candidate_missing_from_base_lexicon
varikungo,3,9,,shona_candidate,,3,deterministic,,candidate_missing_from_base_lexicon
varikushaya,4,11,,shona_candidate,,4,deterministic,,candidate_missing_from_base_lexicon
varikuti,7,8,,shona_candidate,,7,deterministic,,candidate_missing_from_base_lexicon
varikutiza,3,10,,shona_candidate,,2,deterministic,,candidate_missing_from_base_lexicon
varimi,3,6,,shona_candidate,,3,deterministic,,candidate_missing_from_base_lexicon
varimo,3,6,,shona_candidate,,3,deterministic,,candidate_missing_from_base_lexicon
varipi,7,6,,shona_candidate,,7,deterministic,,candidate_missing_from_base_lexicon
varipo,12,6,,shona_candidate,,12,deterministic,,candidate_missing_from_base_lexicon
varombo,9,7,,shona_candidate,,9,deterministic,already_in_base_lexicon,already_in_base_lexicon
varume,68,6,,shona_candidate,,65,deterministic,,candidate_missing_from_base_lexicon
varungu,16,7,,shona_candidate,identity_term,16,deterministic,,candidate_missing_from_base_lexicon
vasadaro,5,8,,shona_candidate,,5,deterministic,,candidate_missing_from_base_lexicon
vasatani,5,8,,shona_candidate,,4,deterministic,,candidate_missing_from_base_lexicon
vasati,5,6,,shona_candidate,,5,deterministic,,candidate_missing_from_base_lexicon
vashadhaya,3,10,,shona_candidate,,3,deterministic,,candidate_missing_from_base_lexicon
vashe,5,5,,shona_candidate,,5,deterministic,,candidate_missing_from_base_lexicon
vashoma,6,7,,shona_candidate,,6,deterministic,,candidate_missing_from_base_lexicon
vasikana,21,8,,shona_candidate,,21,deterministic,,candidate_missing_from_base_lexicon
vasina,49,6,,shona_candidate,,49,deterministic,,candidate_missing_from_base_lexicon
vasiri,15,6,,shona_candidate,,13,deterministic,,candidate_missing_from_base_lexicon
vaskana,3,7,,shona_candidate,,3,deterministic,,candidate_missing_from_base_lexicon
vatanga,17,7,,shona_candidate,,17,deterministic,,candidate_missing_from_base_lexicon
vatange,3,7,,shona_candidate,,3,deterministic,,candidate_missing_from_base_lexicon
vatatu,5,6,,shona_candidate,,5,deterministic,,candidate_missing_from_base_lexicon
vatema,6,6,,shona_candidate,identity_term,6,deterministic,,candidate_missing_from_base_lexicon
vatendi,3,7,,shona_candidate,,3,deterministic,,candidate_missing_from_base_lexicon
vatete,5,6,,shona_candidate,,5,deterministic,,candidate_missing_from_base_lexicon
vati,4,4,,shona_candidate,,4,deterministic,,candidate_missing_from_base_lexicon
vatongi,4,7,,shona_candidate,,4,deterministic,,candidate_missing_from_base_lexicon
vatore,3,6,,shona_candidate,,3,deterministic,,candidate_missing_from_base_lexicon
vatori,8,6,,shona_candidate,,8,deterministic,,candidate_missing_from_base_lexicon
vatumwa,3,7,,shona_candidate,,3,deterministic,,candidate_missing_from_base_lexicon
vatungamiri,7,11,,shona_candidate,,7,deterministic,,candidate_missing_from_base_lexicon
vaudze,4,6,,shona_candidate,,4,deterministic,,candidate_missing_from_base_lexicon
vaungana,3,8,,shona_candidate,,3,deterministic,,candidate_missing_from_base_lexicon
vauya,4,5,,shona_candidate,,4,deterministic,,candidate_missing_from_base_lexicon
vauye,5,5,,shona_candidate,,5,deterministic,,candidate_missing_from_base_lexicon
vava,6,4,,shona_candidate,,6,deterministic,,candidate_missing_from_base_lexicon
vave,19,4,,shona_candidate,,19,deterministic,,candidate_missing_from_base_lexicon
vaviri,4,6,,shona_candidate,,4,deterministic,already_in_base_lexicon,already_in_base_lexicon
vavo,27,4,,shona_candidate,,25,deterministic,,candidate_missing_from_base_lexicon
vawanda,4,7,,shona_candidate,,4,deterministic,,candidate_missing_from_base_lexicon
vawane,6,6,,shona_candidate,,6,deterministic,,candidate_missing_from_base_lexicon
vawo,3,4,,shona_candidate,,3,deterministic,,candidate_missing_from_base_lexicon
vaya,22,4,,shona_candidate,,21,deterministic,,candidate_missing_from_base_lexicon
vaye,15,4,,shona_candidate,,14,deterministic,,candidate_missing_from_base_lexicon
vayo,6,4,,shona_candidate,,6,deterministic,,candidate_missing_from_base_lexicon
vazhinji,17,8,,shona_candidate,,17,deterministic,already_in_base_lexicon,already_in_base_lexicon
vazive,3,6,,shona_candidate,,3,deterministic,,candidate_missing_from_base_lexicon
vazorore,4,8,,shona_candidate,,4,deterministic,,candidate_missing_from_base_lexicon
vebenzi,3,7,,shona_candidate,,3,deterministic,,candidate_missing_from_base_lexicon
vecc,4,4,,shona_candidate,,4,deterministic,,candidate_missing_from_base_lexicon
vechidiki,18,9,,shona_candidate,,14,deterministic,,candidate_missing_from_base_lexicon
vedu,57,4,,shona_candidate,,54,deterministic,,candidate_missing_from_base_lexicon
veduwe,17,6,,shona_candidate,,17,deterministic,,candidate_missing_from_base_lexicon
veduwee,6,7,,shona_candidate,,6,deterministic,,candidate_missing_from_base_lexicon
vega,15,4,english_frequency,noise_rule,,15,rag_recovered,,candidate_missing_from_base_lexicon
veharare,6,8,,shona_candidate,,6,deterministic,,candidate_missing_from_base_lexicon
veko,4,4,,shona_candidate,,3,deterministic,,candidate_missing_from_base_lexicon
veku,16,4,,shona_candidate,,16,deterministic,,candidate_missing_from_base_lexicon
vekuchitungwiza,3,15,,shona_candidate,,3,deterministic,,candidate_missing_from_base_lexicon
vekumasvingo,3,12,,shona_candidate,,3,deterministic,,candidate_missing_from_base_lexicon
vekumba,3,7,,shona_candidate,,3,deterministic,,candidate_missing_from_base_lexicon
vekuti,3,6,,shona_candidate,,3,deterministic,,candidate_missing_from_base_lexicon
vekuziva,3,8,,shona_candidate,,3,deterministic,,candidate_missing_from_base_lexicon
vele,3,4,,shona_candidate,,3,deterministic,,candidate_missing_from_base_lexicon
vema,6,4,,shona_candidate,,5,deterministic,,candidate_missing_from_base_lexicon
vemazuva,3,8,,shona_candidate,,3,deterministic,,candidate_missing_from_base_lexicon
vemba,3,5,,shona_candidate,,3,deterministic,,candidate_missing_from_base_lexicon
vembwa,7,6,,shona_candidate,,7,deterministic,,candidate_missing_from_base_lexicon
vemuafrica,3,10,,shona_candidate,,3,deterministic,,candidate_missing_from_base_lexicon
vemuharare,8,10,,shona_candidate,,8,deterministic,,candidate_missing_from_base_lexicon
vemuzim,3,7,,shona_candidate,,3,deterministic,,candidate_missing_from_base_lexicon
vemuzimbabwe,5,12,,shona_candidate,,5,deterministic,,candidate_missing_from_base_lexicon
vemwana,4,7,,shona_candidate,,4,deterministic,,candidate_missing_from_base_lexicon
venyu,31,5,,shona_candidate,,31,deterministic,,candidate_missing_from_base_lexicon
venzvimbo,3,9,,shona_candidate,,3,deterministic,,candidate_missing_from_base_lexicon
vepa,9,4,,shona_candidate,,9,deterministic,,candidate_missing_from_base_lexicon
vepano,10,6,,shona_candidate,,10,deterministic,,candidate_missing_from_base_lexicon
vesangano,4,9,,shona_candidate,,3,deterministic,,candidate_missing_from_base_lexicon
vese,88,4,,shona_candidate,,85,deterministic,,candidate_missing_from_base_lexicon
vevamwe,15,7,,shona_candidate,,15,deterministic,,candidate_missing_from_base_lexicon
vevana,5,6,,shona_candidate,,5,deterministic,,candidate_missing_from_base_lexicon
vevanhu,24,7,,shona_candidate,,24,deterministic,,candidate_missing_from_base_lexicon
vevhu,24,5,,shona_candidate,,23,deterministic,,candidate_missing_from_base_lexicon
vezimbabwe,5,10,,shona_candidate,,5,deterministic,,candidate_missing_from_base_lexicon
vhidhiyo,3,8,,shona_candidate,,3,deterministic,,candidate_missing_from_base_lexicon
vhiki,4,5,,shona_candidate,,4,deterministic,already_in_base_lexicon,already_in_base_lexicon
vhoterawo,3,9,,shona_candidate,,3,deterministic,,candidate_missing_from_base_lexicon
vhoti,5,5,,shona_candidate,,5,deterministic,,candidate_missing_from_base_lexicon
vhura,3,5,,shona_candidate,,3,deterministic,already_in_base_lexicon,already_in_base_lexicon
vobva,6,5,,shona_candidate,,6,deterministic,,candidate_missing_from_base_lexicon
vocomplainer,3,12,,shona_candidate,,3,deterministic,,candidate_missing_from_base_lexicon
voga,6,4,,shona_candidate,,5,deterministic,,candidate_missing_from_base_lexicon
voita,3,5,,shona_candidate,,3,deterministic,,candidate_missing_from_base_lexicon
vorudzi,3,7,,shona_candidate,,3,deterministic,,candidate_missing_from_base_lexicon
vose,10,4,,shona_candidate,,10,deterministic,,candidate_missing_from_base_lexicon
voti,7,4,,shona_candidate,,7,deterministic,,candidate_missing_from_base_lexicon
wababa,4,6,,shona_candidate,,4,deterministic,,candidate_missing_from_base_lexicon
wachipo,5,7,,shona_candidate,,5,deterministic,,candidate_missing_from_base_lexicon
wacho,58,5,,shona_candidate,,58,deterministic,,candidate_missing_from_base_lexicon
wadii,7,5,,shona_candidate,,7,deterministic,,candidate_missing_from_base_lexicon
wadiwa,3,6,,shona_candidate,,3,deterministic,,candidate_missing_from_base_lexicon
wadya,5,5,,shona_candidate,,5,deterministic,,candidate_missing_from_base_lexicon
waenda,7,6,,shona_candidate,,6,deterministic,,candidate_missing_from_base_lexicon
wafa,3,4,,shona_candidate,,3,deterministic,,candidate_missing_from_base_lexicon
wafunga,9,7,,shona_candidate,,9,deterministic,,candidate_missing_from_base_lexicon
wagara,4,6,,shona_candidate,,4,deterministic,,candidate_missing_from_base_lexicon
waiona,4,6,,shona_candidate,,4,deterministic,,candidate_missing_from_base_lexicon
waita,11,5,,shona_candidate,,11,deterministic,,candidate_missing_from_base_lexicon
waiziva,3,7,,shona_candidate,,3,deterministic,,candidate_missing_from_base_lexicon
wajaira,3,7,,shona_candidate,,3,deterministic,,candidate_missing_from_base_lexicon
wakadya,3,7,,shona_candidate,,3,deterministic,,candidate_missing_from_base_lexicon
wakaita,4,7,,shona_candidate,,4,deterministic,,candidate_missing_from_base_lexicon
wakakura,3,8,,shona_candidate,,3,deterministic,,candidate_missing_from_base_lexicon
wakamira,3,8,,shona_candidate,,3,deterministic,,candidate_missing_from_base_lexicon
wakanaka,4,8,,shona_candidate,,4,deterministic,,candidate_missing_from_base_lexicon
wakanyarara,5,11,,shona_candidate,,5,deterministic,,candidate_missing_from_base_lexicon
wakaona,3,7,,shona_candidate,,3,deterministic,,candidate_missing_from_base_lexicon
wakashata,3,9,,shona_candidate,,3,deterministic,,candidate_missing_from_base_lexicon
wakashinga,3,10,,shona_candidate,,3,deterministic,,candidate_missing_from_base_lexicon
wakati,5,6,,shona_candidate,,5,deterministic,,candidate_missing_from_base_lexicon
wakazara,6,8,,shona_candidate,,6,deterministic,,candidate_missing_from_base_lexicon
wako,84,4,,shona_candidate,,80,deterministic,,candidate_missing_from_base_lexicon
wakuda,7,6,,shona_candidate,,7,deterministic,,candidate_missing_from_base_lexicon
wamai,19,5,,shona_candidate,,19,deterministic,,candidate_missing_from_base_lexicon
wamunoti,3,8,,shona_candidate,,3,deterministic,,candidate_missing_from_base_lexicon
wamwari,3,7,,shona_candidate,,2,deterministic,,candidate_missing_from_base_lexicon
wanano,3,6,,shona_candidate,,3,deterministic,,candidate_missing_from_base_lexicon
wanga,14,5,,shona_candidate,,13,deterministic,,candidate_missing_from_base_lexicon
wangu,176,5,,shona_candidate,,166,deterministic,,candidate_missing_from_base_lexicon
wani,55,4,,shona_candidate,,54,deterministic,,candidate_missing_from_base_lexicon
wanyepa,3,7,,shona_candidate,,3,deterministic,,candidate_missing_from_base_lexicon
wanzwa,4,6,,shona_candidate,,4,deterministic,,candidate_missing_from_base_lexicon
waona,5,5,,shona_candidate,,5,deterministic,,candidate_missing_from_base_lexicon
wapedza,8,7,,shona_candidate,,8,deterministic,,candidate_missing_from_base_lexicon
wasangana,3,9,,shona_candidate,,3,deterministic,,candidate_missing_from_base_lexicon
wasiya,4,6,,shona_candidate,,4,deterministic,,candidate_missing_from_base_lexicon
wasvika,4,7,,shona_candidate,,4,deterministic,,candidate_missing_from_base_lexicon
watadza,4,7,,shona_candidate,,4,deterministic,,candidate_missing_from_base_lexicon
watanga,3,7,,shona_candidate,,3,deterministic,,candidate_missing_from_base_lexicon
wataura,4,7,,shona_candidate,,4,deterministic,,candidate_missing_from_base_lexicon
wati,11,4,,shona_candidate,,11,deterministic,,candidate_missing_from_base_lexicon
watopedza,3,9,,shona_candidate,,3,deterministic,,candidate_missing_from_base_lexicon
wauri,5,5,,shona_candidate,,5,deterministic,,candidate_missing_from_base_lexicon
wauya,4,5,,shona_candidate,,4,deterministic,,candidate_missing_from_base_lexicon
wava,5,4,,shona_candidate,,5,deterministic,,candidate_missing_from_base_lexicon
wavo,29,4,,shona_candidate,,27,deterministic,,candidate_missing_from_base_lexicon
waya,5,4,,shona_candidate,,4,deterministic,,candidate_missing_from_base_lexicon
webasa,3,6,,shona_candidate,,3,deterministic,,candidate_missing_from_base_lexicon
wechikoro,7,9,,shona_candidate,,7,deterministic,,candidate_missing_from_base_lexicon
wechina,3,7,,shona_candidate,,3,deterministic,,candidate_missing_from_base_lexicon
wecitizens,3,10,,shona_candidate,,3,deterministic,,candidate_missing_from_base_lexicon
wedare,3,6,,shona_candidate,,3,deterministic,,candidate_missing_from_base_lexicon
wedu,16,4,,shona_candidate,,16,deterministic,,candidate_missing_from_base_lexicon
wega,30,4,,shona_candidate,,25,deterministic,,candidate_missing_from_base_lexicon
weguta,3,6,,shona_candidate,,3,deterministic,,candidate_missing_from_base_lexicon
wehure,3,6,,shona_candidate,,3,deterministic,,candidate_missing_from_base_lexicon
wekenya,3,7,,shona_candidate,,3,deterministic,,candidate_missing_from_base_lexicon
weku,4,4,,shona_candidate,,4,deterministic,,candidate_missing_from_base_lexicon
wekuroora,3,9,,shona_candidate,,3,deterministic,,candidate_missing_from_base_lexicon
wekuti,4,6,,shona_candidate,,4,deterministic,,candidate_missing_from_base_lexicon
wemari,3,6,,shona_candidate,,3,deterministic,,candidate_missing_from_base_lexicon
wembudzi,3,8,,shona_candidate,,3,deterministic,,candidate_missing_from_base_lexicon
wemhando,3,8,,shona_candidate,,3,deterministic,,candidate_missing_from_base_lexicon
wemuharare,3,10,,shona_candidate,,3,deterministic,,candidate_missing_from_base_lexicon
wemukuwasha,3,11,,shona_candidate,,2,deterministic,,candidate_missing_from_base_lexicon
wemumwe,4,7,,shona_candidate,,4,deterministic,,candidate_missing_from_base_lexicon
wemurume,3,8,,shona_candidate,,3,deterministic,,candidate_missing_from_base_lexicon
wemusango,3,9,,shona_candidate,,3,deterministic,,candidate_missing_from_base_lexicon
wemutambo,5,9,,shona_candidate,,5,deterministic,,candidate_missing_from_base_lexicon
wemwana,4,7,,shona_candidate,,4,deterministic,,candidate_missing_from_base_lexicon
wena,18,4,,shona_candidate,,18,deterministic,,candidate_missing_from_base_lexicon
wenyika,7,7,,shona_candidate,,7,deterministic,,candidate_missing_from_base_lexicon
wenyu,27,5,,shona_candidate,,26,deterministic,,candidate_missing_from_base_lexicon
wepa,3,4,,shona_candidate,,3,deterministic,,candidate_missing_from_base_lexicon
weparaffin,3,10,,shona_candidate,,3,deterministic,,candidate_missing_from_base_lexicon
weparamende,3,11,,shona_candidate,,3,deterministic,,candidate_missing_from_base_lexicon
weparty,3,7,,shona_candidate,,3,deterministic,,candidate_missing_from_base_lexicon
wese,57,4,,shona_candidate,,54,deterministic,,candidate_missing_from_base_lexicon
wevanhu,23,7,,shona_candidate,,23,deterministic,,candidate_missing_from_base_lexicon
wevhu,15,5,,shona_candidate,,15,deterministic,,candidate_missing_from_base_lexicon
wezim,4,5,,shona_candidate,,4,deterministic,,candidate_missing_from_base_lexicon
wezimbabwe,7,10,,shona_candidate,,6,deterministic,,candidate_missing_from_base_lexicon
wiwa,4,4,,shona_candidate,,4,deterministic,,candidate_missing_from_base_lexicon
wobva,10,5,,shona_candidate,,10,deterministic,,candidate_missing_from_base_lexicon
woda,4,4,,shona_candidate,,4,deterministic,,candidate_missing_from_base_lexicon
woenda,5,6,,shona_candidate,,4,deterministic,,candidate_missing_from_base_lexicon
woga,4,4,,shona_candidate,,2,deterministic,,candidate_missing_from_base_lexicon
wokupedzisira,3,13,,shona_candidate,,3,deterministic,,candidate_missing_from_base_lexicon
wonzi,4,5,,shona_candidate,,4,deterministic,,candidate_missing_from_base_lexicon
wonzwa,6,6,,shona_candidate,,6,deterministic,,candidate_missing_from_base_lexicon
wotanga,4,7,,shona_candidate,,4,deterministic,,candidate_missing_from_base_lexicon
woti,8,4,,shona_candidate,,7,deterministic,,candidate_missing_from_base_lexicon
wotoona,3,7,,shona_candidate,,3,deterministic,,candidate_missing_from_base_lexicon
woyee,3,5,,shona_candidate,,3,deterministic,,candidate_missing_from_base_lexicon
yaa,5,3,,shona_candidate,,5,deterministic,,candidate_missing_from_base_lexicon
yaah,3,4,,shona_candidate,,3,deterministic,,candidate_missing_from_base_lexicon
yababa,6,6,,shona_candidate,,6,deterministic,,candidate_missing_from_base_lexicon
yabuda,3,6,,shona_candidate,,3,deterministic,,candidate_missing_from_base_lexicon
yachamisa,4,9,,shona_candidate,,4,deterministic,,candidate_missing_from_base_lexicon
yacho,69,5,,shona_candidate,,68,deterministic,,candidate_missing_from_base_lexicon
yadarika,3,8,,shona_candidate,,3,deterministic,,candidate_missing_from_base_lexicon
yaida,4,5,,shona_candidate,,4,deterministic,,candidate_missing_from_base_lexicon
yaita,8,5,,shona_candidate,,8,deterministic,,candidate_missing_from_base_lexicon
yaive,4,5,,shona_candidate,,4,deterministic,,candidate_missing_from_base_lexicon
yakabatana,6,10,,shona_candidate,,6,deterministic,,candidate_missing_from_base_lexicon
yakachena,3,9,,shona_candidate,,3,deterministic,already_in_base_lexicon,already_in_base_lexicon
yakadai,5,7,,shona_candidate,,5,deterministic,,candidate_missing_from_base_lexicon
yakaderera,3,10,,shona_candidate,,3,deterministic,,candidate_missing_from_base_lexicon
yakafa,3,6,,shona_candidate,,3,deterministic,,candidate_missing_from_base_lexicon
yakahwina,4,9,,shona_candidate,,4,deterministic,,candidate_missing_from_base_lexicon
yakaita,5,7,,shona_candidate,,5,deterministic,,candidate_missing_from_base_lexicon
yakaitika,4,9,,shona_candidate,,4,deterministic,,candidate_missing_from_base_lexicon
yakaitwa,5,8,,shona_candidate,,5,deterministic,,candidate_missing_from_base_lexicon
yakanaka,19,8,,shona_candidate,,19,deterministic,,candidate_missing_from_base_lexicon
yakanzi,3,7,,shona_candidate,,3,deterministic,,candidate_missing_from_base_lexicon
yakaoma,5,7,,shona_candidate,,5,deterministic,already_in_base_lexicon,already_in_base_lexicon
yakapera,3,8,,shona_candidate,,3,deterministic,,candidate_missing_from_base_lexicon
yakashata,5,9,,shona_candidate,,4,deterministic,,candidate_missing_from_base_lexicon
yakatorwa,5,9,,shona_candidate,,5,deterministic,,candidate_missing_from_base_lexicon
yakatumirwa,3,11,,shona_candidate,,3,deterministic,already_in_base_lexicon,already_in_base_lexicon
yakawanda,8,9,,shona_candidate,,8,deterministic,,candidate_missing_from_base_lexicon
yakazara,9,8,,shona_candidate,,9,deterministic,already_in_base_lexicon,already_in_base_lexicon
yakazvigarira,3,13,,shona_candidate,,3,deterministic,,candidate_missing_from_base_lexicon
yake,68,4,,shona_candidate,,67,deterministic,,candidate_missing_from_base_lexicon
yako,100,4,,shona_candidate,,94,deterministic,,candidate_missing_from_base_lexicon
yakuda,6,6,,shona_candidate,,6,deterministic,,candidate_missing_from_base_lexicon
yamai,7,5,,shona_candidate,,7,deterministic,,candidate_missing_from_base_lexicon
yamuka,3,6,,shona_candidate,,3,deterministic,,candidate_missing_from_base_lexicon
yanga,15,5,,shona_candidate,,14,deterministic,,candidate_missing_from_base_lexicon
yangu,76,5,,shona_candidate,,74,deterministic,,candidate_missing_from_base_lexicon
yaona,3,5,,shona_candidate,,3,deterministic,,candidate_missing_from_base_lexicon
yapera,4,6,,shona_candidate,,4,deterministic,,candidate_missing_from_base_lexicon
yapinda,5,7,,shona_candidate,,5,deterministic,,candidate_missing_from_base_lexicon
yasara,3,6,,shona_candidate,,3,deterministic,,candidate_missing_from_base_lexicon
yashadaya,3,9,,shona_candidate,,3,deterministic,,candidate_missing_from_base_lexicon
yasvika,4,7,,shona_candidate,,4,deterministic,,candidate_missing_from_base_lexicon
yati,3,4,,shona_candidate,,3,deterministic,,candidate_missing_from_base_lexicon
yatova,3,6,,shona_candidate,,3,deterministic,,candidate_missing_from_base_lexicon
yauri,5,5,,shona_candidate,,5,deterministic,,candidate_missing_from_base_lexicon
yava,4,4,,shona_candidate,,4,deterministic,,candidate_missing_from_base_lexicon
yave,13,4,,shona_candidate,,13,deterministic,,candidate_missing_from_base_lexicon
yavo,50,4,,shona_candidate,,49,deterministic,,candidate_missing_from_base_lexicon
yayo,6,4,,shona_candidate,,6,deterministic,,candidate_missing_from_base_lexicon
yazara,5,6,,shona_candidate,,5,deterministic,,candidate_missing_from_base_lexicon
yebasa,5,6,,shona_candidate,,5,deterministic,,candidate_missing_from_base_lexicon
yechikafu,3,9,,shona_candidate,,3,deterministic,,candidate_missing_from_base_lexicon
yechimanda,10,10,,shona_candidate,,9,deterministic,,candidate_missing_from_base_lexicon
yechokwadi,3,10,,shona_candidate,,3,deterministic,,candidate_missing_from_base_lexicon
yedare,5,6,,shona_candidate,,5,deterministic,,candidate_missing_from_base_lexicon
yedu,51,4,,shona_candidate,,49,deterministic,,candidate_missing_from_base_lexicon
yedura,3,6,,shona_candidate,,3,deterministic,,candidate_missing_from_base_lexicon
yega,6,4,,shona_candidate,,4,deterministic,,candidate_missing_from_base_lexicon
yegukurahundi,3,13,,shona_candidate,,1,deterministic,,candidate_missing_from_base_lexicon
yeguta,3,6,,shona_candidate,,3,deterministic,,candidate_missing_from_base_lexicon
yeharare,8,8,,shona_candidate,,8,deterministic,,candidate_missing_from_base_lexicon
yehumhandara,4,12,,shona_candidate,,4,deterministic,,candidate_missing_from_base_lexicon
yei,8,3,,shona_candidate,,8,deterministic,,candidate_missing_from_base_lexicon
yeku,6,4,,shona_candidate,,6,deterministic,,candidate_missing_from_base_lexicon
yekuda,12,6,,shona_candidate,,12,deterministic,,candidate_missing_from_base_lexicon
yekuenda,7,8,,shona_candidate,,7,deterministic,,candidate_missing_from_base_lexicon
yekugara,4,8,,shona_candidate,,4,deterministic,,candidate_missing_from_base_lexicon
yekugeza,3,8,,shona_candidate,,3,deterministic,,candidate_missing_from_base_lexicon
yekugezera,6,10,,shona_candidate,,6,deterministic,,candidate_missing_from_base_lexicon
yekuona,4,7,,shona_candidate,,4,deterministic,,candidate_missing_from_base_lexicon
yekurara,15,8,,shona_candidate,,15,deterministic,,candidate_missing_from_base_lexicon
yekuraracottage,3,15,,shona_candidate,,3,deterministic,,candidate_missing_from_base_lexicon
yekuraraflat,4,12,,shona_candidate,,4,deterministic,,candidate_missing_from_base_lexicon
yekurarahouse,5,13,,shona_candidate,,5,deterministic,,candidate_missing_from_base_lexicon
yekuraratownhouse,7,17,,shona_candidate,,7,deterministic,,candidate_missing_from_base_lexicon
yekurenda,6,9,,shona_candidate,,6,deterministic,,candidate_missing_from_base_lexicon
yekuroja,14,8,,shona_candidate,,14,deterministic,,candidate_missing_from_base_lexicon
yekutenga,5,9,,shona_candidate,,4,deterministic,,candidate_missing_from_base_lexicon
yekuti,8,6,,shona_candidate,,8,deterministic,,candidate_missing_from_base_lexicon
yekuwana,3,8,,shona_candidate,,3,deterministic,,candidate_missing_from_base_lexicon
yema,4,4,,shona_candidate,,4,deterministic,,candidate_missing_from_base_lexicon
yemahara,8,8,,shona_candidate,,8,deterministic,already_in_base_lexicon,already_in_base_lexicon
yemazuva,4,8,,shona_candidate,,4,deterministic,,candidate_missing_from_base_lexicon
yemhosva,4,8,,shona_candidate,,3,deterministic,,candidate_missing_from_base_lexicon
yemombe,3,7,,shona_candidate,,3,deterministic,,candidate_missing_from_base_lexicon
yemukadzi,3,9,,shona_candidate,,3,deterministic,,candidate_missing_from_base_lexicon
yemukati,5,8,,shona_candidate,,3,deterministic,,candidate_missing_from_base_lexicon
yemunhu,7,7,,shona_candidate,,7,deterministic,,candidate_missing_from_base_lexicon
yemurume,4,8,,shona_candidate,,4,deterministic,,candidate_missing_from_base_lexicon
yemwana,5,7,,shona_candidate,,5,deterministic,,candidate_missing_from_base_lexicon
yenyu,31,5,,shona_candidate,,30,deterministic,,candidate_missing_from_base_lexicon
yepa,4,4,,shona_candidate,,4,deterministic,,candidate_missing_from_base_lexicon
yepamusoro,3,10,,shona_candidate,,3,deterministic,,candidate_missing_from_base_lexicon
yese,61,4,,shona_candidate,,54,deterministic,,candidate_missing_from_base_lexicon
yeumai,5,6,,shona_candidate,,5,deterministic,,candidate_missing_from_base_lexicon
yevanhu,3,7,,shona_candidate,,3,deterministic,,candidate_missing_from_base_lexicon
yevarume,4,8,,shona_candidate,,4,deterministic,,candidate_missing_from_base_lexicon
yezanu,5,6,,shona_candidate,,5,deterministic,,candidate_missing_from_base_lexicon
yezimbabwe,7,10,,shona_candidate,,6,deterministic,,candidate_missing_from_base_lexicon
yezuva,3,6,,shona_candidate,,3,deterministic,,candidate_missing_from_base_lexicon
yose,10,4,,shona_candidate,,10,deterministic,,candidate_missing_from_base_lexicon
zakaria,4,7,,shona_candidate,,4,deterministic,,candidate_missing_from_base_lexicon
zambezi,10,7,,shona_candidate,,9,deterministic,,candidate_missing_from_base_lexicon
zano,9,4,,shona_candidate,,9,deterministic,already_in_base_lexicon,already_in_base_lexicon
zanupfmustgo,5,12,,shona_candidate,,5,deterministic,,candidate_missing_from_base_lexicon
zengeza,4,7,,shona_candidate,,4,deterministic,,candidate_missing_from_base_lexicon
zera,7,4,,shona_candidate,,7,deterministic,already_in_base_lexicon,already_in_base_lexicon
zesa,6,4,,shona_candidate,,6,deterministic,,candidate_missing_from_base_lexicon
zhakata,3,7,,shona_candidate,,3,deterministic,,candidate_missing_from_base_lexicon
zhizha,3,6,,shona_candidate,,3,deterministic,already_in_base_lexicon,already_in_base_lexicon
ziff,5,4,,shona_candidate,,3,deterministic,,candidate_missing_from_base_lexicon
zii,4,3,,shona_candidate,,4,deterministic,,candidate_missing_from_base_lexicon
zimbabweans,6,11,,shona_candidate,,6,deterministic,,candidate_missing_from_base_lexicon
zimbabweproperty,7,16,,shona_candidate,,7,deterministic,,candidate_missing_from_base_lexicon
zimbos,4,6,,shona_candidate,,4,deterministic,,candidate_missing_from_base_lexicon
zimdancehall,6,12,,shona_candidate,,6,deterministic,,candidate_missing_from_base_lexicon
zimdomestict,13,12,,shona_candidate,,13,deterministic,,candidate_missing_from_base_lexicon
zinara,3,6,,shona_candidate,,3,deterministic,,candidate_missing_from_base_lexicon
zinwa,3,5,,shona_candidate,,3,deterministic,,candidate_missing_from_base_lexicon
zita,23,4,,shona_candidate,,23,deterministic,already_in_base_lexicon,already_in_base_lexicon
ziva,7,4,,shona_candidate,,7,deterministic,already_in_base_lexicon,already_in_base_lexicon
ziya,3,4,,shona_candidate,,3,deterministic,already_in_base_lexicon,already_in_base_lexicon
zizi,3,4,,shona_candidate,,3,deterministic,already_in_base_lexicon,already_in_base_lexicon
zondo,3,5,,shona_candidate,,3,deterministic,,candidate_missing_from_base_lexicon
zororai,6,7,,shona_candidate,,6,deterministic,,candidate_missing_from_base_lexicon
zrp,4,3,,shona_candidate,,4,deterministic,,candidate_missing_from_base_lexicon
zupco,4,5,,shona_candidate,,4,deterministic,,candidate_missing_from_base_lexicon
zuva,52,4,,shona_candidate,,50,deterministic,already_in_base_lexicon,already_in_base_lexicon
zva,9,3,,shona_candidate,,9,deterministic,,candidate_missing_from_base_lexicon
zvaanoda,3,8,,shona_candidate,,3,deterministic,,candidate_missing_from_base_lexicon
zvaanotaura,6,11,,shona_candidate,,6,deterministic,,candidate_missing_from_base_lexicon
zvaari,4,6,,shona_candidate,,4,deterministic,,candidate_missing_from_base_lexicon
zvacho,7,6,,shona_candidate,,7,deterministic,,candidate_missing_from_base_lexicon
zvachose,11,8,,shona_candidate,,11,deterministic,already_in_base_lexicon,already_in_base_lexicon
zvadhakwa,4,9,,shona_candidate,,4,deterministic,,candidate_missing_from_base_lexicon
zvagara,4,7,,shona_candidate,,4,deterministic,,candidate_missing_from_base_lexicon
zvaita,8,6,,shona_candidate,,8,deterministic,,candidate_missing_from_base_lexicon
zvaivapo,3,8,,shona_candidate,,2,deterministic,,candidate_missing_from_base_lexicon
zvakabuda,3,9,,shona_candidate,,3,deterministic,,candidate_missing_from_base_lexicon
zvakabva,3,8,,shona_candidate,,3,deterministic,,candidate_missing_from_base_lexicon
zvakadaro,24,9,,shona_candidate,,23,deterministic,,candidate_missing_from_base_lexicon
zvakafanana,3,11,,shona_candidate,,3,deterministic,already_in_base_lexicon,already_in_base_lexicon
zvakaita,5,8,,shona_candidate,,5,deterministic,,candidate_missing_from_base_lexicon
zvakaitwa,4,9,,shona_candidate,,4,deterministic,already_in_base_lexicon,already_in_base_lexicon
zvakakosha,7,10,,shona_candidate,,7,deterministic,,candidate_missing_from_base_lexicon
zvakanaka,59,9,,shona_candidate,,58,deterministic,already_in_base_lexicon,already_in_base_lexicon
zvakanyanya,18,11,,shona_candidate,,18,deterministic,already_in_base_lexicon,already_in_base_lexicon
zvakaoma,9,8,,shona_candidate,,9,deterministic,already_in_base_lexicon,already_in_base_lexicon
zvakare,11,7,,shona_candidate,suspected_non_content_seed,11,deterministic,,candidate_missing_from_base_lexicon
zvakasanganiswa,3,15,,shona_candidate,,3,deterministic,,candidate_missing_from_base_lexicon
zvakasiyana,5,11,,shona_candidate,,5,deterministic,already_in_base_lexicon,already_in_base_lexicon
zvakawanda,12,10,,shona_candidate,,12,deterministic,already_in_base_lexicon,already_in_base_lexicon
zvake,26,5,,shona_candidate,,26,deterministic,already_in_base_lexicon,already_in_base_lexicon
zvako,17,5,,shona_candidate,,16,deterministic,,candidate_missing_from_base_lexicon
zvamanje,3,8,,shona_candidate,,3,deterministic,,candidate_missing_from_base_lexicon
zvana,4,5,,shona_candidate,,4,deterministic,,candidate_missing_from_base_lexicon
zvanga,3,6,,shona_candidate,,3,deterministic,,candidate_missing_from_base_lexicon
zvangu,14,6,,shona_candidate,,13,deterministic,,candidate_missing_from_base_lexicon
zvanyanya,3,9,,shona_candidate,,3,deterministic,,candidate_missing_from_base_lexicon
zvapera,4,7,,shona_candidate,,4,deterministic,,candidate_missing_from_base_lexicon
zvaunoita,3,9,,shona_candidate,,3,deterministic,,candidate_missing_from_base_lexicon
zvauri,8,6,,shona_candidate,,8,deterministic,,candidate_missing_from_base_lexicon
zvavanoita,3,10,,shona_candidate,,3,deterministic,,candidate_missing_from_base_lexicon
zvave,3,5,,shona_candidate,,3,deterministic,,candidate_missing_from_base_lexicon
zvavo,32,5,,shona_candidate,,32,deterministic,,candidate_missing_from_base_lexicon
zvawo,4,5,,shona_candidate,,4,deterministic,,candidate_missing_from_base_lexicon
zvayo,7,5,,shona_candidate,suspected_non_content_seed,7,deterministic,,candidate_missing_from_base_lexicon
zve,37,3,,shona_candidate,suspected_non_content_seed,37,deterministic,,candidate_missing_from_base_lexicon
zvebhora,3,8,,shona_candidate,,3,deterministic,,candidate_missing_from_base_lexicon
zvedu,17,5,,shona_candidate,,17,deterministic,,candidate_missing_from_base_lexicon
zvee,3,4,,shona_candidate,,3,deterministic,,candidate_missing_from_base_lexicon
zvega,6,5,,shona_candidate,,2,deterministic,,candidate_missing_from_base_lexicon
zvekare,4,7,,shona_candidate,,4,deterministic,already_in_base_lexicon,already_in_base_lexicon
zveku,4,5,,shona_candidate,,4,deterministic,,candidate_missing_from_base_lexicon
zvekudaro,3,9,,shona_candidate,,3,deterministic,,candidate_missing_from_base_lexicon
zvekugara,3,9,,shona_candidate,,3,deterministic,,candidate_missing_from_base_lexicon
zvekuita,9,8,,shona_candidate,,9,deterministic,,candidate_missing_from_base_lexicon
zvekupa,3,7,,shona_candidate,,3,deterministic,,candidate_missing_from_base_lexicon
zvekupenga,4,10,,shona_candidate,,4,deterministic,,candidate_missing_from_base_lexicon
zvekutaura,4,10,,shona_candidate,,4,deterministic,,candidate_missing_from_base_lexicon
zvekuti,39,7,,shona_candidate,,39,deterministic,,candidate_missing_from_base_lexicon
zvema,15,5,,shona_candidate,,14,deterministic,,candidate_missing_from_base_lexicon
zvemagaro,3,9,,shona_candidate,,3,deterministic,,candidate_missing_from_base_lexicon
zvemari,9,7,,shona_candidate,,9,deterministic,,candidate_missing_from_base_lexicon
zvemashuwa,3,10,,shona_candidate,,3,deterministic,,candidate_missing_from_base_lexicon
zvematongerwo,8,13,,shona_candidate,,6,deterministic,,candidate_missing_from_base_lexicon
zvemukati,4,9,,shona_candidate,,4,deterministic,already_in_base_lexicon,already_in_base_lexicon
zvenyu,21,6,,shona_candidate,,20,deterministic,,candidate_missing_from_base_lexicon
zvepa,3,5,,shona_candidate,,3,deterministic,,candidate_missing_from_base_lexicon
zverudo,3,7,,shona_candidate,,3,deterministic,,candidate_missing_from_base_lexicon
zvese,64,5,,shona_candidate,,60,deterministic,already_in_base_lexicon,already_in_base_lexicon
zvevana,3,7,,shona_candidate,,3,deterministic,,candidate_missing_from_base_lexicon
zvezimbabwe,6,11,,shona_candidate,,6,deterministic,,candidate_missing_from_base_lexicon
zvi,3,3,,shona_candidate,,3,deterministic,,candidate_missing_from_base_lexicon
zvibhorani,15,10,,shona_candidate,,14,deterministic,,candidate_missing_from_base_lexicon
zvichange,3,9,,shona_candidate,,3,deterministic,,candidate_missing_from_base_lexicon
zvichienda,3,10,,shona_candidate,,3,deterministic,,candidate_missing_from_base_lexicon
zvidhinha,3,9,,shona_candidate,,3,deterministic,already_in_base_lexicon,already_in_base_lexicon
zvigadziriswe,3,13,,shona_candidate,,2,deterministic,,candidate_missing_from_base_lexicon
zvigaro,3,7,,shona_candidate,,3,deterministic,,candidate_missing_from_base_lexicon
zvigunwe,3,8,,shona_candidate,,3,deterministic,already_in_base_lexicon,already_in_base_lexicon
zvikaita,3,8,,shona_candidate,,3,deterministic,,candidate_missing_from_base_lexicon
zvikanzi,9,8,,shona_candidate,,8,deterministic,,candidate_missing_from_base_lexicon
zvikasadaro,4,11,,shona_candidate,,4,deterministic,already_in_base_lexicon,already_in_base_lexicon
zvikumbiro,3,10,,shona_candidate,,3,deterministic,,candidate_missing_from_base_lexicon
zvikuru,5,7,,shona_candidate,,5,deterministic,already_in_base_lexicon,already_in_base_lexicon
zvikwereti,3,10,,shona_candidate,,3,deterministic,,candidate_missing_from_base_lexicon
zvima,3,5,,shona_candidate,,3,deterministic,,candidate_missing_from_base_lexicon
zvimwe,34,6,,shona_candidate,,33,deterministic,already_in_base_lexicon,already_in_base_lexicon
zvine,16,5,,shona_candidate,,15,deterministic,,candidate_missing_from_base_lexicon
zvinei,3,6,,shona_candidate,,2,deterministic,,candidate_missing_from_base_lexicon
zvinenge,3,8,,shona_candidate,,3,deterministic,,candidate_missing_from_base_lexicon
zvinhu,79,6,,shona_candidate,,79,deterministic,already_in_base_lexicon,already_in_base_lexicon
zvinoda,4,7,,shona_candidate,,4,deterministic,,candidate_missing_from_base_lexicon
zvinodhaka,3,10,,shona_candidate,,2,deterministic,already_in_base_lexicon,already_in_base_lexicon
zvinofanirwa,4,12,,shona_candidate,,4,deterministic,,candidate_missing_from_base_lexicon
zvinogona,3,9,,shona_candidate,,3,deterministic,,candidate_missing_from_base_lexicon
zvinoita,18,8,,shona_candidate,,18,deterministic,already_in_base_lexicon,already_in_base_lexicon
zvinokosha,5,10,,shona_candidate,,5,deterministic,,candidate_missing_from_base_lexicon
zvinonetsa,4,10,,shona_candidate,,4,deterministic,already_in_base_lexicon,already_in_base_lexicon
zvinonzi,3,8,,shona_candidate,,3,deterministic,,candidate_missing_from_base_lexicon
zvinoreva,5,9,,shona_candidate,,5,deterministic,already_in_base_lexicon,already_in_base_lexicon
zvinorevei,3,10,,shona_candidate,,3,deterministic,,candidate_missing_from_base_lexicon
zvinorwadza,9,11,,shona_candidate,,8,deterministic,already_in_base_lexicon,already_in_base_lexicon
zvinoshamisa,4,12,,shona_candidate,,4,deterministic,already_in_base_lexicon,already_in_base_lexicon
zvinosiririsa,4,13,,shona_candidate,,4,deterministic,already_in_base_lexicon,already_in_base_lexicon
zvinosuwisa,4,11,,shona_candidate,,4,deterministic,,candidate_missing_from_base_lexicon
zvinotevera,3,11,,shona_candidate,,3,deterministic,already_in_base_lexicon,already_in_base_lexicon
zvipi,4,5,,shona_candidate,,4,deterministic,,candidate_missing_from_base_lexicon
zvirango,9,8,,shona_candidate,,9,deterministic,,candidate_missing_from_base_lexicon
zviri,72,5,,shona_candidate,,72,deterministic,,candidate_missing_from_base_lexicon
zviriko,10,7,,shona_candidate,,10,deterministic,,candidate_missing_from_base_lexicon
zvirimo,3,7,,shona_candidate,,3,deterministic,,candidate_missing_from_base_lexicon
zvirinani,8,9,,shona_candidate,,8,deterministic,,candidate_missing_from_base_lexicon
zviripachena,3,12,,shona_candidate,,3,deterministic,,candidate_missing_from_base_lexicon
zviripo,4,7,,shona_candidate,,4,deterministic,,candidate_missing_from_base_lexicon
zvirizvo,3,8,,shona_candidate,,3,deterministic,,candidate_missing_from_base_lexicon
zvirongwa,3,9,,shona_candidate,,3,deterministic,already_in_base_lexicon,already_in_base_lexicon
zvishavane,7,10,,shona_candidate,,6,deterministic,,candidate_missing_from_base_lexicon
zvishoma,3,8,,shona_candidate,,2,deterministic,already_in_base_lexicon,already_in_base_lexicon
zvisina,19,7,,shona_candidate,,19,deterministic,,candidate_missing_from_base_lexicon
zvisiri,5,7,,shona_candidate,,4,deterministic,,candidate_missing_from_base_lexicon
zvisizvo,3,8,,shona_candidate,,3,deterministic,already_in_base_lexicon,already_in_base_lexicon
zviso,4,5,,shona_candidate,,4,deterministic,,candidate_missing_from_base_lexicon
zvisungo,3,8,,shona_candidate,,3,deterministic,,candidate_missing_from_base_lexicon
zvivakwa,4,8,,shona_candidate,,4,deterministic,,candidate_missing_from_base_lexicon
zvivindi,3,8,,shona_candidate,,3,deterministic,,candidate_missing_from_base_lexicon
zviya,6,5,,shona_candidate,,6,deterministic,,candidate_missing_from_base_lexicon
zvizvarwa,3,9,,shona_candidate,,3,deterministic,,candidate_missing_from_base_lexicon
zvoita,3,6,,shona_candidate,,3,deterministic,,candidate_missing_from_base_lexicon
zvokwadi,3,8,,shona_candidate,,3,deterministic,,candidate_missing_from_base_lexicon
zvonzi,7,6,,shona_candidate,,7,deterministic,,candidate_missing_from_base_lexicon
zvose,13,5,,shona_candidate,,12,deterministic,already_in_base_lexicon,already_in_base_lexicon
zwitter,5,7,,shona_candidate,,5,deterministic,,candidate_missing_from_base_lexicon
