word,review_flag,candidate_source,df_total,neg_count,neu_count,pos_count,enters_statistical_testing,support_decision
uyu,suspected_non_content_seed,deterministic,718,399,147,172,True,tested
vana,,deterministic,585,350,114,121,True,tested
shadaya,,deterministic,391,194,102,95,True,tested
mai,,rag_recovered,276,119,34,123,True,tested
sadza,,deterministic,221,80,70,71,True,tested
pane,,rag_recovered,184,81,41,62,True,tested
kune,,deterministic,180,84,33,63,True,tested
wangu,,deterministic,166,85,27,54,True,tested
vane,,rag_recovered,156,79,34,43,True,tested
imi,suspected_non_content_seed,deterministic,132,84,21,27,True,tested
kubva,,deterministic,126,51,21,54,True,tested
hapana,,deterministic,122,65,18,39,True,tested
futi,suspected_non_content_seed,deterministic,117,62,18,37,True,tested
vako,,deterministic,105,54,12,39,True,tested
mumwe,,deterministic,102,58,9,35,True,tested
manje,,deterministic,96,49,17,30,True,tested
yako,,deterministic,94,47,10,37,True,tested
imwe,,deterministic,91,37,13,41,True,tested
chero,,deterministic,87,35,9,43,True,tested
nhai,,deterministic,87,52,18,17,True,tested
vese,,deterministic,85,40,17,28,True,tested
apo,,rag_recovered,82,37,15,30,True,tested
wako,,deterministic,80,45,8,27,True,tested
hakuna,,deterministic,74,52,6,16,True,tested
yangu,,deterministic,74,31,19,24,True,tested
ine,,rag_recovered,72,39,8,25,True,tested
zviri,,deterministic,72,28,12,32,True,tested
kuno,,deterministic,68,28,9,31,True,tested
yacho,,deterministic,68,33,21,14,True,tested
muzimbabwe,,deterministic,67,33,6,28,True,tested
uko,suspected_non_content_seed,deterministic,67,43,4,20,True,tested
yake,,deterministic,67,31,12,24,True,tested
vangu,,deterministic,66,25,13,28,True,tested
aya,,rag_recovered,65,31,10,24,True,tested
vacho,,deterministic,65,36,14,15,True,tested
varume,,deterministic,65,36,15,14,True,tested
hanzi,,deterministic,64,42,10,12,True,tested
haana,,deterministic,63,38,9,16,True,tested
pakaipa,,deterministic,63,43,8,12,True,tested
naye,,deterministic,60,18,11,31,True,tested
iwewe,,deterministic,59,37,4,18,True,tested
kumusha,,deterministic,58,30,5,23,True,tested
wacho,,deterministic,58,31,10,17,True,tested
asina,,deterministic,57,41,3,13,True,tested
kuna,,deterministic,57,33,6,18,True,tested
hako,,deterministic,56,27,5,24,True,tested
havana,,rag_recovered,56,35,4,17,True,tested
mune,,deterministic,56,31,11,14,True,tested
vedu,,deterministic,54,29,7,18,True,tested
wani,,deterministic,54,27,13,14,True,tested
wese,,deterministic,54,22,11,21,True,tested
yese,,deterministic,54,30,3,21,True,tested
shuwa,,deterministic,52,32,8,12,True,tested
nema,,deterministic,51,33,5,13,True,tested
uku,,deterministic,51,31,7,13,True,tested
unenge,,deterministic,50,24,8,18,True,tested
vanoda,,deterministic,50,25,5,20,True,tested
hangu,,deterministic,49,17,14,18,True,tested
vasina,,deterministic,49,34,7,8,True,tested
yavo,,deterministic,49,29,6,14,True,tested
yedu,,deterministic,49,20,3,26,True,tested
muna,,deterministic,48,22,5,21,True,tested
anoda,,deterministic,46,22,6,18,True,tested
haisi,,deterministic,46,23,10,13,True,tested
kaa,,deterministic,46,28,7,11,True,tested
haasi,,deterministic,45,29,7,9,True,tested
hake,,deterministic,45,21,8,16,True,tested
kwenyu,,deterministic,44,25,3,16,True,tested
nani,,rag_recovered,44,18,2,24,True,tested
ivavo,,deterministic,43,26,6,11,True,tested
vake,,deterministic,43,19,6,18,True,tested
kuma,,deterministic,42,18,7,17,True,tested
kwedu,,deterministic,42,17,3,22,True,tested
mukati,,deterministic,41,19,9,13,True,tested
musi,,deterministic,40,20,2,18,True,tested
navo,,deterministic,40,22,10,8,True,tested
magetsi,,deterministic,39,23,4,12,True,tested
zvekuti,,deterministic,39,15,9,15,True,tested
ana,,rag_recovered,38,17,11,10,True,tested
havasi,,deterministic,38,23,11,4,True,tested
ndimi,,deterministic,38,23,3,12,True,tested
pasina,,deterministic,38,21,6,11,True,tested
amana,,deterministic,37,16,14,7,True,tested
ese,,rag_recovered,37,14,7,16,True,tested
rega,,deterministic,37,21,4,12,True,tested
sorobhi,,deterministic,37,17,4,16,True,tested
zve,suspected_non_content_seed,deterministic,37,19,7,11,True,tested
mushure,,deterministic,36,19,1,16,True,tested
nekuda,,deterministic,36,21,2,13,True,tested
propertybookzw,,deterministic,36,2,3,31,True,tested
vakuru,,deterministic,36,20,6,10,True,tested
ndivo,,deterministic,34,12,7,15,True,tested
chiri,,deterministic,33,11,7,15,True,tested
hameno,,deterministic,33,13,13,7,True,tested
ichi,,rag_recovered,33,16,7,10,True,tested
kupi,,deterministic,33,18,7,8,True,tested
cde,,deterministic,32,14,4,14,True,tested
haina,,deterministic,32,22,4,6,True,tested
handina,,deterministic,32,18,2,12,True,tested
hauna,,deterministic,32,17,3,12,True,tested
mahure,,deterministic,32,23,5,4,True,tested
makore,,deterministic,32,18,4,10,True,tested
mhani,,deterministic,32,17,5,10,True,tested
ndiwe,,deterministic,32,21,3,8,True,tested
zvavo,,deterministic,32,13,7,12,True,tested
bho,,deterministic,31,17,1,13,True,tested
chimwe,,deterministic,31,20,4,7,True,tested
ndiko,,deterministic,31,16,6,9,True,tested
venyu,,deterministic,31,17,6,8,True,tested
anga,suspected_non_content_seed,deterministic,30,14,6,10,True,tested
ivava,,deterministic,30,23,4,3,True,tested
iyoyo,suspected_non_content_seed,deterministic,30,13,2,15,True,tested
mamwe,,deterministic,30,16,6,8,True,tested
mberi,,deterministic,30,15,3,12,True,tested
umwe,,deterministic,30,17,3,10,True,tested
vanenge,,deterministic,30,16,10,4,True,tested
yenyu,,deterministic,30,15,6,9,True,tested
akati,,deterministic,29,15,8,6,True,tested
hausi,,deterministic,29,19,6,4,True,tested
kwavo,,deterministic,29,14,0,15,True,tested
lobola,,deterministic,29,10,7,12,True,tested
mazuva,,deterministic,29,13,5,11,True,tested
anoita,,deterministic,28,8,11,9,True,tested
kut,,deterministic,28,18,2,8,True,tested
ndoda,,deterministic,28,12,6,10,True,tested
ndosaka,,deterministic,28,13,4,11,True,tested
henyu,,deterministic,27,19,2,6,True,tested
imimi,,deterministic,27,20,6,1,True,tested
inga,,rag_recovered,27,14,6,7,True,tested
madzimai,,deterministic,27,11,6,10,True,tested
mahara,,deterministic,27,8,1,18,True,tested
ndi,,deterministic,27,7,5,15,True,tested
reharare,,deterministic,27,11,3,13,True,tested
umu,suspected_non_content_seed,deterministic,27,20,5,2,True,tested
wavo,,deterministic,27,9,7,11,True,tested
ano,,rag_recovered,26,13,2,11,True,tested
edu,,rag_recovered,26,14,1,11,True,tested
inini,,deterministic,26,11,3,12,True,tested
kwangu,,deterministic,26,12,4,10,True,tested
mashoko,,deterministic,26,7,7,12,True,tested
nemunhu,,deterministic,26,9,5,12,True,tested
rako,,deterministic,26,12,5,9,True,tested
tese,,deterministic,26,8,7,11,True,tested
ukaona,,deterministic,26,14,3,9,True,tested
wenyu,,deterministic,26,16,5,5,True,tested
enyu,,deterministic,25,15,3,7,True,tested
mabasa,,deterministic,25,16,1,8,True,tested
mumba,,deterministic,25,16,1,8,True,tested
newe,,deterministic,25,12,5,8,True,tested
nharo,,deterministic,25,16,4,5,True,tested
riri,,deterministic,25,16,3,6,True,tested
vavo,,deterministic,25,15,1,9,True,tested
wega,,deterministic,25,19,2,4,True,tested
akanaka,,deterministic,24,9,1,14,True,tested
havo,,deterministic,24,14,1,9,True,tested
idzi,suspected_non_content_seed,deterministic,24,15,4,5,True,tested
kutsvaga,,deterministic,24,11,4,9,True,tested
vevanhu,,deterministic,24,15,2,7,True,tested
bhoo,,deterministic,23,11,4,8,True,tested
kuisa,,deterministic,23,14,4,5,True,tested
kunzi,,deterministic,23,15,3,5,True,tested
kwake,,deterministic,23,11,1,11,True,tested
kwako,,deterministic,23,13,4,6,True,tested
musadaro,,deterministic,23,14,7,2,True,tested
mushe,,deterministic,23,10,2,11,True,tested
patwitter,,deterministic,23,12,4,7,True,tested
siyai,,deterministic,23,13,4,6,True,tested
uone,,deterministic,23,12,1,10,True,tested
usina,,deterministic,23,17,2,4,True,tested
vevhu,,deterministic,23,8,8,7,True,tested
wevanhu,,deterministic,23,16,2,5,True,tested
zvakadaro,,deterministic,23,12,5,6,True,tested
anogona,,deterministic,22,4,6,12,True,tested
muno,,deterministic,22,14,1,7,True,tested
nayo,,deterministic,22,11,3,8,True,tested
ndizvo,,deterministic,22,14,4,4,True,tested
nesu,,deterministic,22,6,1,15,True,tested
nxaa,,deterministic,22,16,2,4,True,tested
rimwe,,deterministic,22,13,7,2,True,tested
titi,,deterministic,22,11,3,8,True,tested
unoita,,deterministic,22,12,6,4,True,tested
acho,,deterministic,21,12,1,8,True,tested
aiwa,,deterministic,21,10,1,10,True,tested
akaita,,deterministic,21,8,3,10,True,tested
anoti,,deterministic,21,12,5,4,True,tested
chi,,rag_recovered,21,7,5,9,True,tested
enyika,,deterministic,21,9,1,11,True,tested
kani,,deterministic,21,13,4,4,True,tested
kuchikoro,,deterministic,21,12,3,6,True,tested
mudhara,,deterministic,21,11,5,5,True,tested
ndini,,deterministic,21,7,5,9,True,tested
nemari,,deterministic,21,16,0,5,True,tested
rangu,,deterministic,21,7,3,11,True,tested
vasikana,,deterministic,21,11,4,6,True,tested
vaya,,deterministic,21,16,2,3,True,tested
ani,,rag_recovered,20,10,2,8,True,tested
dzimwe,,deterministic,20,13,0,7,True,tested
izvozvo,,deterministic,20,13,1,6,True,tested
kungoti,,deterministic,20,13,1,6,True,tested
kwacho,,deterministic,20,8,5,7,True,tested
mdara,,deterministic,20,5,6,9,True,tested
vakomana,,deterministic,20,10,5,5,True,tested
zvenyu,,deterministic,20,12,0,8,True,tested
ake,,rag_recovered,19,11,1,7,True,tested
anorwara,,deterministic,19,16,2,1,True,tested
ave,,rag_recovered,19,13,2,4,True,tested
handisi,,deterministic,19,10,2,7,True,tested
hedu,,deterministic,19,8,1,10,True,tested
nachamisa,,deterministic,19,10,4,5,True,tested
pana,,deterministic,19,13,1,5,True,tested
rino,,rag_recovered,19,6,2,11,True,tested
uchida,,deterministic,19,5,5,9,True,tested
vave,,deterministic,19,10,3,6,True,tested
wamai,,deterministic,19,6,1,12,True,tested
yakanaka,,deterministic,19,9,0,10,True,tested
zvisina,,deterministic,19,15,0,4,True,tested
hazvina,,deterministic,18,11,1,6,True,tested
ipapa,,deterministic,18,11,3,4,True,tested
iyeye,suspected_non_content_seed,deterministic,18,9,4,5,True,tested
kutenga,,deterministic,18,6,3,9,True,tested
kwese,,deterministic,18,8,2,8,True,tested
muma,,deterministic,18,12,2,4,True,tested
muzim,,deterministic,18,11,1,6,True,tested
nazvo,,deterministic,18,11,2,5,True,tested
ndati,,deterministic,18,9,4,5,True,tested
pabasa,,deterministic,18,3,3,12,True,tested
regai,,deterministic,18,8,5,5,True,tested
vanoita,,deterministic,18,11,5,2,True,tested
vanoti,,deterministic,18,14,2,2,True,tested
wena,,deterministic,18,10,2,6,True,tested
asiri,,deterministic,17,12,0,5,True,tested
ende,,deterministic,17,8,3,6,True,tested
handiti,,deterministic,17,10,5,2,True,tested
hatina,,deterministic,17,10,1,6,True,tested
inenge,,deterministic,17,9,4,4,True,tested
kudhara,,deterministic,17,11,3,3,True,tested
kuri,,deterministic,17,5,2,10,True,tested
mapurisa,,deterministic,17,10,2,5,True,tested
mfana,,deterministic,17,7,4,6,True,tested
mumusoro,,deterministic,17,13,3,1,True,tested
munenge,,deterministic,17,9,5,3,True,tested
musina,,deterministic,17,9,2,6,True,tested
nevanhu,,deterministic,17,11,3,3,True,tested
pese,,deterministic,17,8,1,8,True,tested
sikhala,,deterministic,17,9,1,7,True,tested
unofanira,,deterministic,17,5,2,10,True,tested
unoziva,,deterministic,17,12,1,4,True,tested
vagari,,deterministic,17,9,2,6,True,tested
vakawanda,,deterministic,17,8,2,7,True,tested
vatanga,,deterministic,17,11,5,1,True,tested
veduwe,,deterministic,17,10,2,5,True,tested
zvedu,,deterministic,17,7,7,3,True,tested
achiri,,deterministic,16,8,1,7,True,tested
anogara,,deterministic,16,9,4,3,True,tested
ayo,,deterministic,16,8,4,4,True,tested
chaiye,,deterministic,16,9,2,5,True,tested
ishoma,,deterministic,16,6,5,5,True,tested
isina,,deterministic,16,11,2,3,True,tested
kwa,,deterministic,16,11,1,4,True,tested
maita,,deterministic,16,7,0,9,True,tested
ndaona,,deterministic,16,9,2,5,True,tested
ndipo,,deterministic,16,8,2,6,True,tested
rekuti,,deterministic,16,9,1,6,True,tested
utore,,deterministic,16,5,2,9,True,tested
vaite,,deterministic,16,8,3,5,True,tested
varungu,identity_term,deterministic,16,14,0,2,True,tested
veku,,deterministic,16,9,5,2,True,tested
wedu,,deterministic,16,4,2,10,True,tested
zvako,,deterministic,16,10,3,3,True,tested
angu,,deterministic,15,6,2,7,True,tested
ega,,deterministic,15,5,2,8,True,tested
hanty,,deterministic,15,9,0,6,True,tested
iya,,deterministic,15,10,1,4,True,tested
kubasa,,deterministic,15,7,0,8,True,tested
kuudza,,deterministic,15,9,6,0,True,tested
mbuya,,deterministic,15,11,2,2,True,tested
mudzimba,,deterministic,15,9,4,2,True,tested
muzukuru,,deterministic,15,8,2,5,True,tested
nashadaya,,deterministic,15,9,3,3,True,tested
nawo,,deterministic,15,10,4,1,True,tested
nemi,,deterministic,15,7,2,6,True,tested
nenyaya,,deterministic,15,8,3,4,True,tested
unoda,,deterministic,15,11,1,3,True,tested
vachiri,,deterministic,15,5,4,6,True,tested
vachiti,,deterministic,15,9,3,3,True,tested
vakadai,,deterministic,15,10,3,2,True,tested
vega,,rag_recovered,15,10,0,5,True,tested
vevamwe,,deterministic,15,6,6,3,True,tested
wevhu,,deterministic,15,4,4,7,True,tested
yekurara,,deterministic,15,0,3,12,True,tested
zvine,,deterministic,15,4,2,9,True,tested
achiti,,deterministic,14,7,1,6,True,tested
chirungu,,deterministic,14,5,4,5,True,tested
guru,,rag_recovered,14,4,3,7,True,tested
hamuna,,deterministic,14,9,1,4,True,tested
huyai,,deterministic,14,6,2,6,True,tested
kudaro,,deterministic,14,6,4,4,True,tested
kuendeswa,,deterministic,14,4,0,10,True,tested
kurohwa,,deterministic,14,11,2,1,True,tested
kuvhota,,deterministic,14,8,2,4,True,tested
kwaari,,deterministic,14,7,0,7,True,tested
kwauri,,deterministic,14,8,2,4,True,tested
ndeipi,,deterministic,14,6,3,5,True,tested
ndeye,,deterministic,14,7,4,3,True,tested
ndinoda,,deterministic,14,1,1,12,True,tested
neni,,deterministic,14,4,4,6,True,tested
nyangwe,,deterministic,14,5,4,5,True,tested
siyana,,deterministic,14,7,2,5,True,tested
tinoda,,deterministic,14,6,1,7,True,tested
vakanaka,,deterministic,14,7,0,7,True,tested
vaye,,deterministic,14,11,2,1,True,tested
vechidiki,,deterministic,14,9,1,4,True,tested
yanga,,deterministic,14,10,3,1,True,tested
yekuroja,,deterministic,14,0,1,13,True,tested
zvema,,deterministic,14,8,2,4,True,tested
zvibhorani,,deterministic,14,7,1,6,True,tested
anonzi,,deterministic,13,9,1,3,True,tested
anopenga,,deterministic,13,11,0,2,True,tested
ati,,rag_recovered,13,9,1,3,True,tested
chako,,deterministic,13,8,1,4,True,tested
dzose,,deterministic,13,6,1,6,True,tested
hre,,deterministic,13,5,4,4,True,tested
izvezvi,,deterministic,13,8,1,4,True,tested
izvozvi,,deterministic,13,8,0,5,True,tested
kudai,,deterministic,13,6,3,4,True,tested
kugara,,deterministic,13,7,3,3,True,tested
mazuvano,,deterministic,13,6,2,5,True,tested
muchiti,,deterministic,13,8,2,3,True,tested
mujeri,,deterministic,13,8,0,5,True,tested
mutown,,deterministic,13,8,1,4,True,tested
namai,,deterministic,13,7,3,3,True,tested
ndo,,deterministic,13,5,1,7,True,tested
nei,,rag_recovered,13,8,2,3,True,tested
nezanu,,deterministic,13,10,1,2,True,tested
ose,,deterministic,13,4,2,7,True,tested
paden,,deterministic,13,5,0,8,True,tested
pamberi,,deterministic,13,9,0,4,True,tested
paya,,deterministic,13,7,1,5,True,tested
redmarketsunday,,deterministic,13,0,0,13,True,tested
shaa,,deterministic,13,7,1,5,True,tested
shadhaya,,deterministic,13,8,1,4,True,tested
shoma,,deterministic,13,7,2,4,True,tested
unogona,,deterministic,13,7,2,4,True,tested
vangani,,deterministic,13,6,5,2,True,tested
vasiri,,deterministic,13,6,3,4,True,tested
wanga,,deterministic,13,9,3,1,True,tested
yave,,deterministic,13,3,5,5,True,tested
zimdomestict,,deterministic,13,2,1,10,True,tested
zvangu,,deterministic,13,4,2,7,True,tested
aine,,deterministic,12,10,0,2,True,tested
aita,,deterministic,12,9,1,2,True,tested
anoziva,,deterministic,12,5,2,5,True,tested
chaivo,,deterministic,12,7,3,2,True,tested
dzako,,deterministic,12,4,1,7,True,tested
dzedu,,deterministic,12,7,0,5,True,tested
dziri,,deterministic,12,6,3,3,True,tested
dzvanya,,deterministic,12,1,2,9,True,tested
endai,,deterministic,12,5,3,4,True,tested
gvt,,deterministic,12,7,1,4,True,tested
hatisi,,deterministic,12,7,2,3,True,tested
ibasa,,deterministic,12,4,1,7,True,tested
inoda,,deterministic,12,8,1,3,True,tested
iripo,,deterministic,12,3,3,6,True,tested
kudii,,deterministic,12,6,4,2,True,tested
kuitwa,,deterministic,12,6,2,4,True,tested
kumberi,,deterministic,12,8,0,4,True,tested
kuseri,,deterministic,12,5,1,6,True,tested
kwe,,deterministic,12,5,1,6,True,tested
makumi,,deterministic,12,2,4,6,True,tested
maoko,,deterministic,12,10,0,2,True,tested
matatu,,deterministic,12,2,1,9,True,tested
mati,,deterministic,12,3,5,4,True,tested
mazita,,deterministic,12,5,3,4,True,tested
moda,,rag_recovered,12,8,3,1,True,tested
mose,,rag_recovered,12,7,2,3,True,tested
nababa,,deterministic,12,7,0,5,True,tested
ndapota,,deterministic,12,5,3,4,True,tested
ndogara,,deterministic,12,4,3,5,True,tested
neharare,,deterministic,12,4,0,8,True,tested
rese,,deterministic,12,7,3,2,True,tested
uyuwo,suspected_non_content_seed,deterministic,12,11,1,0,True,tested
vadiki,,deterministic,12,6,4,2,True,tested
vakuda,,deterministic,12,7,0,5,True,tested
vano,suspected_non_content_seed,deterministic,12,8,2,2,True,tested
varipo,,deterministic,12,7,1,4,True,tested
yekuda,,deterministic,12,7,2,3,True,tested
aenda,,deterministic,11,6,1,4,True,tested
afa,,rag_recovered,11,6,1,4,True,tested
blaz,,deterministic,11,8,1,2,True,tested
chaiwo,,deterministic,11,8,0,3,True,tested
che,,rag_recovered,11,6,0,5,True,tested
chibage,,deterministic,11,6,2,3,True,tested
dzangu,,deterministic,11,7,1,3,True,tested
dzenyu,,deterministic,11,8,1,2,True,tested
dzimba,,deterministic,11,5,1,5,True,tested
eish,,deterministic,11,8,1,2,True,tested
hatidi,,deterministic,11,6,3,2,True,tested
idzo,suspected_non_content_seed,deterministic,11,9,0,2,True,tested
iih,,deterministic,11,5,1,5,True,tested
inogara,,deterministic,11,6,1,4,True,tested
iroro,,deterministic,11,4,2,5,True,tested
kutengeswa,,deterministic,11,0,0,11,True,tested
madungwe,,deterministic,11,5,2,4,True,tested
mdhara,,deterministic,11,3,2,6,True,tested
moti,,deterministic,11,9,0,2,True,tested
muface,,deterministic,11,5,4,2,True,tested
muhupenyu,,deterministic,11,6,0,5,True,tested
munoda,,deterministic,11,5,2,4,True,tested
ndisina,,deterministic,11,5,2,4,True,tested
ndobva,,deterministic,11,4,3,4,True,tested
nebulawayo,,deterministic,11,4,0,7,True,tested
obva,,deterministic,11,9,1,1,True,tested
pamba,,deterministic,11,7,1,3,True,tested
rine,,deterministic,11,4,3,4,True,tested
seiko,,rag_recovered,11,7,3,1,True,tested
sisi,,rag_recovered,11,6,1,4,True,tested
siyanai,,deterministic,11,8,1,2,True,tested
tichiri,,deterministic,11,4,3,4,True,tested
tisu,,deterministic,11,6,2,3,True,tested
tose,,deterministic,11,7,3,1,True,tested
uchiri,,deterministic,11,5,1,5,True,tested
uno,,rag_recovered,11,5,2,4,True,tested
vanogona,,deterministic,11,4,4,3,True,tested
variko,,deterministic,11,2,4,5,True,tested
waita,,deterministic,11,2,1,8,True,tested
wati,,deterministic,11,5,3,3,True,tested
zvakare,suspected_non_content_seed,deterministic,11,3,2,6,True,tested
aiva,,deterministic,10,6,0,4,True,tested
akabva,,deterministic,10,5,2,3,True,tested
akazara,,deterministic,10,5,3,2,True,tested
arikuda,,deterministic,10,5,1,4,True,tested
becoz,,deterministic,10,4,3,3,True,tested
chake,,deterministic,10,4,2,4,True,tested
chibaba,,deterministic,10,4,2,4,True,tested
chibhorani,,deterministic,10,5,1,4,True,tested
chose,,rag_recovered,10,4,0,6,True,tested
dhiri,,deterministic,10,5,0,5,True,tested
dzake,,deterministic,10,4,3,3,True,tested
dzavo,,deterministic,10,6,2,2,True,tested
eke,,rag_recovered,10,7,0,3,True,tested
garai,,deterministic,10,5,0,5,True,tested
handisati,,deterministic,10,6,1,3,True,tested
hutongi,,deterministic,10,6,1,3,True,tested
jonso,,deterministic,10,8,1,1,True,tested
kumwe,,deterministic,10,8,1,1,True,tested
kusina,,deterministic,10,6,2,2,True,tested
kuty,,deterministic,10,5,1,4,True,tested
kwandiri,,deterministic,10,4,0,6,True,tested
mface,,deterministic,10,7,0,3,True,tested
mufunge,,deterministic,10,3,3,4,True,tested
mugove,,deterministic,10,5,0,5,True,tested
munyika,,deterministic,10,7,1,2,True,tested
muudze,,deterministic,10,2,3,5,True,tested
ndofunga,suspected_non_content_seed,deterministic,10,7,2,1,True,tested
nevana,,deterministic,10,4,1,5,True,tested
nokuti,,deterministic,10,8,1,1,True,tested
pfee,,deterministic,10,4,2,4,True,tested
pliz,,deterministic,10,5,1,4,True,tested
ravo,,deterministic,10,6,3,1,True,tested
rtgs,,deterministic,10,5,1,4,True,tested
rumwe,,deterministic,10,3,2,5,True,tested
sewe,,deterministic,10,6,0,4,True,tested
tione,,deterministic,10,6,1,3,True,tested
uine,,deterministic,10,6,0,4,True,tested
ukuda,,deterministic,10,9,1,0,True,tested
vakaita,,deterministic,10,8,0,2,True,tested
vakati,,deterministic,10,3,2,5,True,tested
vepano,,deterministic,10,9,1,0,True,tested
vose,,deterministic,10,5,1,4,True,tested
wobva,,deterministic,10,5,2,3,True,tested
yose,,deterministic,10,4,0,6,True,tested
zviriko,,deterministic,10,5,2,3,True,tested
aive,,deterministic,9,3,3,3,False,below_minimum_document_support
akomana,,deterministic,9,5,1,3,False,below_minimum_document_support
anoenda,,deterministic,9,3,4,2,False,below_minimum_document_support
aripo,suspected_non_content_seed,deterministic,9,1,0,8,False,below_minimum_document_support
atanga,,deterministic,9,2,3,4,False,below_minimum_document_support
atori,,deterministic,9,3,1,5,False,below_minimum_document_support
auya,,deterministic,9,4,0,5,False,below_minimum_document_support
bato,,deterministic,9,6,0,3,False,below_minimum_document_support
chipo,,deterministic,9,3,1,5,False,below_minimum_document_support
haiwa,,deterministic,9,6,1,2,False,below_minimum_document_support
hamusi,,deterministic,9,5,2,2,False,below_minimum_document_support
havadi,,deterministic,9,5,2,2,False,below_minimum_document_support
hona,,deterministic,9,5,4,0,False,below_minimum_document_support
inogona,,deterministic,9,6,0,3,False,below_minimum_document_support
issawholenewvibe,,deterministic,9,1,0,8,False,below_minimum_document_support
itai,,deterministic,9,6,2,1,False,below_minimum_document_support
iwee,,deterministic,9,5,1,3,False,below_minimum_document_support
kubvunza,,deterministic,9,7,2,0,False,below_minimum_document_support
kudzidzisa,,deterministic,9,5,1,3,False,below_minimum_document_support
kufadza,,deterministic,9,5,0,4,False,below_minimum_document_support
kuudzwa,,deterministic,9,6,1,2,False,below_minimum_document_support
kwayo,,deterministic,9,1,2,6,False,below_minimum_document_support
macheso,,deterministic,9,3,1,5,False,below_minimum_document_support
mese,,deterministic,9,8,0,1,False,below_minimum_document_support
mudzimai,,deterministic,9,4,3,2,False,below_minimum_document_support
muroora,,deterministic,9,1,2,6,False,below_minimum_document_support
naro,,deterministic,9,5,1,3,False,below_minimum_document_support
ndanga,,deterministic,9,2,2,5,False,below_minimum_document_support
ndeupi,,deterministic,9,6,3,0,False,below_minimum_document_support
ndibaba,,deterministic,9,2,1,6,False,below_minimum_document_support
neimwe,,deterministic,9,3,0,6,False,below_minimum_document_support
nemhosva,,deterministic,9,5,0,4,False,below_minimum_document_support
nemusi,,deterministic,9,1,2,6,False,below_minimum_document_support
ngozi,,deterministic,9,5,2,2,False,below_minimum_document_support
pamunhu,,deterministic,9,3,1,5,False,below_minimum_document_support
panga,,deterministic,9,6,0,3,False,below_minimum_document_support
pple,,deterministic,9,5,1,3,False,below_minimum_document_support
racho,,deterministic,9,3,1,5,False,below_minimum_document_support
senge,,deterministic,9,3,2,4,False,below_minimum_document_support
senyika,,deterministic,9,4,1,4,False,below_minimum_document_support
tave,,deterministic,9,2,2,5,False,below_minimum_document_support
tinenge,,deterministic,9,4,3,2,False,below_minimum_document_support
uchiti,,deterministic,9,7,0,2,False,below_minimum_document_support
unofunga,,deterministic,9,6,1,2,False,below_minimum_document_support
unoona,,deterministic,9,3,2,4,False,below_minimum_document_support
vaita,,deterministic,9,6,2,1,False,below_minimum_document_support
vaive,,deterministic,9,5,3,1,False,below_minimum_document_support
vepa,,deterministic,9,6,1,2,False,below_minimum_document_support
wafunga,,deterministic,9,3,2,4,False,below_minimum_document_support
yechimanda,,deterministic,9,6,2,1,False,below_minimum_document_support
zambezi,,deterministic,9,3,2,4,False,below_minimum_document_support
zva,,deterministic,9,5,2,2,False,below_minimum_document_support
zvekuita,,deterministic,9,6,2,1,False,below_minimum_document_support
zvemari,,deterministic,9,5,2,2,False,below_minimum_document_support
zvirango,,deterministic,9,6,0,3,False,below_minimum_document_support
akuda,,deterministic,8,6,2,0,False,below_minimum_document_support
bcoz,,deterministic,8,5,1,2,False,below_minimum_document_support
bota,,deterministic,8,5,0,3,False,below_minimum_document_support
chakaipa,,deterministic,8,3,0,5,False,below_minimum_document_support
chese,,deterministic,8,2,3,3,False,below_minimum_document_support
dza,,deterministic,8,3,4,1,False,below_minimum_document_support
dzacho,,deterministic,8,4,2,2,False,below_minimum_document_support
emuharare,,deterministic,8,5,0,3,False,below_minimum_document_support
fona,,deterministic,8,1,2,5,False,below_minimum_document_support
gwara,,deterministic,8,3,1,4,False,below_minimum_document_support
haadi,,deterministic,8,5,0,3,False,below_minimum_document_support
handizivi,,deterministic,8,7,0,1,False,below_minimum_document_support
hanzvadzi,,deterministic,8,4,1,3,False,below_minimum_document_support
hayo,suspected_non_content_seed,deterministic,8,8,0,0,False,below_minimum_document_support
hezvo,,deterministic,8,6,0,2,False,below_minimum_document_support
huru,,deterministic,8,4,0,4,False,below_minimum_document_support
iko,,deterministic,8,6,0,2,False,below_minimum_document_support
ikozvino,,deterministic,8,4,1,3,False,below_minimum_document_support
inoita,,deterministic,8,5,1,2,False,below_minimum_document_support
inonzi,,deterministic,8,4,2,2,False,below_minimum_document_support
inosvika,,deterministic,8,4,0,4,False,below_minimum_document_support
isiri,,deterministic,8,5,1,2,False,below_minimum_document_support
kuchurch,,deterministic,8,7,0,1,False,below_minimum_document_support
kukenya,,deterministic,8,5,2,1,False,below_minimum_document_support
kutiza,,deterministic,8,5,0,3,False,below_minimum_document_support
kwamuri,,deterministic,8,5,1,2,False,below_minimum_document_support
kwazvo,,deterministic,8,5,0,3,False,below_minimum_document_support
kwemari,,deterministic,8,4,0,4,False,below_minimum_document_support
masimba,,deterministic,8,5,0,3,False,below_minimum_document_support
miriyoni,,deterministic,8,4,2,2,False,below_minimum_document_support
mtembe,,deterministic,8,2,0,6,False,below_minimum_document_support
muchida,,deterministic,8,5,1,2,False,below_minimum_document_support
mukwasha,,deterministic,8,3,2,3,False,below_minimum_document_support
munoti,,deterministic,8,5,3,0,False,below_minimum_document_support
muridzi,,deterministic,8,2,1,5,False,below_minimum_document_support
nanhasi,,deterministic,8,6,1,1,False,below_minimum_document_support
nawinky,,deterministic,8,1,2,5,False,below_minimum_document_support
ndekupi,,deterministic,8,4,2,2,False,below_minimum_document_support
ndidzo,,deterministic,8,5,1,2,False,below_minimum_document_support
ndinofunga,suspected_non_content_seed,deterministic,8,3,2,3,False,below_minimum_document_support
ndiyani,,deterministic,8,4,2,2,False,below_minimum_document_support
ndokuti,,deterministic,8,4,2,2,False,below_minimum_document_support
nekutaura,,deterministic,8,7,0,1,False,below_minimum_document_support
nemwana,,deterministic,8,2,0,6,False,below_minimum_document_support
nevamwe,,deterministic,8,5,1,2,False,below_minimum_document_support
nezuva,,deterministic,8,3,2,3,False,below_minimum_document_support
nezvinhu,,deterministic,8,6,0,2,False,below_minimum_document_support
ngoma,,deterministic,8,1,3,4,False,below_minimum_document_support
nhaiwe,suspected_non_content_seed,deterministic,8,7,1,0,False,below_minimum_document_support
pacho,,deterministic,8,6,0,2,False,below_minimum_document_support
pakadai,,deterministic,8,3,1,4,False,below_minimum_document_support
pakanzi,,deterministic,8,2,3,3,False,below_minimum_document_support
pangu,,deterministic,8,3,2,3,False,below_minimum_document_support
redu,,deterministic,8,4,2,2,False,below_minimum_document_support
registertovote,,deterministic,8,2,0,6,False,below_minimum_document_support
sezvineiwo,,deterministic,8,3,0,5,False,below_minimum_document_support
tarisai,,deterministic,8,4,0,4,False,below_minimum_document_support
tichiti,,deterministic,8,6,0,2,False,below_minimum_document_support
tiite,,deterministic,8,4,2,2,False,below_minimum_document_support
tinashe,,deterministic,8,5,1,2,False,below_minimum_document_support
toita,,deterministic,8,5,2,1,False,below_minimum_document_support
tongai,,deterministic,8,1,2,5,False,below_minimum_document_support
uchiona,,deterministic,8,3,3,2,False,below_minimum_document_support
umo,,deterministic,8,6,0,2,False,below_minimum_document_support
unoti,,deterministic,8,6,1,1,False,below_minimum_document_support
unotoona,suspected_non_content_seed,deterministic,8,6,1,1,False,below_minimum_document_support
utori,,deterministic,8,3,1,4,False,below_minimum_document_support
vaende,,deterministic,8,4,2,2,False,below_minimum_document_support
vaine,,deterministic,8,5,2,1,False,below_minimum_document_support
vanelson,,deterministic,8,4,1,3,False,below_minimum_document_support
vanoenda,,deterministic,8,4,2,2,False,below_minimum_document_support
variku,,deterministic,8,6,2,0,False,below_minimum_document_support
vatori,,deterministic,8,5,1,2,False,below_minimum_document_support
vemuharare,,deterministic,8,4,3,1,False,below_minimum_document_support
wapedza,,deterministic,8,3,2,3,False,below_minimum_document_support
yaita,,deterministic,8,4,2,2,False,below_minimum_document_support
yakawanda,,deterministic,8,4,1,3,False,below_minimum_document_support
yeharare,,deterministic,8,2,1,5,False,below_minimum_document_support
yei,,deterministic,8,5,1,2,False,below_minimum_document_support
yekuti,,deterministic,8,3,2,3,False,below_minimum_document_support
zvaita,,deterministic,8,3,0,5,False,below_minimum_document_support
zvauri,,deterministic,8,4,1,3,False,below_minimum_document_support
zvikanzi,,deterministic,8,1,3,4,False,below_minimum_document_support
zvirinani,,deterministic,8,6,0,2,False,below_minimum_document_support
achida,,deterministic,7,3,4,0,False,below_minimum_document_support
akaenda,,deterministic,7,3,2,2,False,below_minimum_document_support
akakwanisa,,deterministic,7,1,1,5,False,below_minimum_document_support
anouya,,deterministic,7,4,2,1,False,below_minimum_document_support
anovenga,,deterministic,7,6,0,1,False,below_minimum_document_support
apera,,deterministic,7,4,0,3,False,below_minimum_document_support
aripi,,deterministic,7,4,1,2,False,below_minimum_document_support
ashaya,,deterministic,7,4,1,2,False,below_minimum_document_support
batai,,deterministic,7,2,2,3,False,below_minimum_document_support
bcz,,deterministic,7,5,1,1,False,below_minimum_document_support
bhangu,,deterministic,7,5,1,1,False,below_minimum_document_support
cczimbabwe,,deterministic,7,7,0,0,False,below_minimum_document_support
chaidzo,,deterministic,7,3,1,3,False,below_minimum_document_support
chedu,,deterministic,7,2,2,3,False,below_minimum_document_support
chibharo,,deterministic,7,6,0,1,False,below_minimum_document_support
chikwata,,deterministic,7,1,0,6,False,below_minimum_document_support
dnt,,deterministic,7,6,0,1,False,below_minimum_document_support
dze,,deterministic,7,4,0,3,False,below_minimum_document_support
eeh,,deterministic,7,4,1,2,False,below_minimum_document_support
haasati,,deterministic,7,3,2,2,False,below_minimum_document_support
handidi,,deterministic,7,3,1,3,False,below_minimum_document_support
handizive,,deterministic,7,1,1,5,False,below_minimum_document_support
hant,,deterministic,7,5,2,0,False,below_minimum_document_support
hicc,,deterministic,7,1,0,6,False,below_minimum_document_support
honai,,deterministic,7,2,2,3,False,below_minimum_document_support
hwedu,,deterministic,7,6,0,1,False,below_minimum_document_support
imomo,suspected_non_content_seed,deterministic,7,3,1,3,False,below_minimum_document_support
ingori,,deterministic,7,3,1,3,False,below_minimum_document_support
inyaya,,deterministic,7,3,1,3,False,below_minimum_document_support
ipai,,deterministic,7,5,0,2,False,below_minimum_document_support
iripazasi,,deterministic,7,1,2,4,False,below_minimum_document_support
itori,,deterministic,7,4,2,1,False,below_minimum_document_support
ityai,,deterministic,7,4,1,2,False,below_minimum_document_support
jobszimbabwe,,deterministic,7,0,1,6,False,below_minimum_document_support
kubatwa,,deterministic,7,3,1,3,False,below_minimum_document_support
kubhawa,,deterministic,7,3,1,3,False,below_minimum_document_support
kudiwa,,deterministic,7,3,1,3,False,below_minimum_document_support
kuferefeta,,deterministic,7,4,0,3,False,below_minimum_document_support
kugadzira,,deterministic,7,4,1,2,False,below_minimum_document_support
kuguta,,deterministic,7,0,2,5,False,below_minimum_document_support
kumira,,deterministic,7,3,0,4,False,below_minimum_document_support
kunetsa,,deterministic,7,4,1,2,False,below_minimum_document_support
kungoita,suspected_non_content_seed,deterministic,7,6,0,1,False,below_minimum_document_support
kuparara,,deterministic,7,2,4,1,False,below_minimum_document_support
kupedza,,deterministic,7,5,0,2,False,below_minimum_document_support
kupihwa,,deterministic,7,4,1,2,False,below_minimum_document_support
kupiwa,,deterministic,7,2,1,4,False,below_minimum_document_support
kuroorwa,,deterministic,7,6,0,1,False,below_minimum_document_support
kushata,,deterministic,7,6,1,0,False,below_minimum_document_support
kuve,,deterministic,7,3,1,3,False,below_minimum_document_support
makomba,,deterministic,7,3,0,4,False,below_minimum_document_support
makorokoto,,deterministic,7,1,1,5,False,below_minimum_document_support
makuda,,deterministic,7,4,0,3,False,below_minimum_document_support
marii,,deterministic,7,3,0,4,False,below_minimum_document_support
masoja,,deterministic,7,3,3,1,False,below_minimum_document_support
mavhoti,,deterministic,7,4,0,3,False,below_minimum_document_support
mavirgin,,deterministic,7,5,1,1,False,below_minimum_document_support
mavo,,deterministic,7,7,0,0,False,below_minimum_document_support
mbanje,,deterministic,7,4,1,2,False,below_minimum_document_support
mbichana,,deterministic,7,5,1,1,False,below_minimum_document_support
mfesi,,deterministic,7,5,2,0,False,below_minimum_document_support
mhamha,,deterministic,7,4,0,3,False,below_minimum_document_support
mkoma,,deterministic,7,2,3,2,False,below_minimum_document_support
mukuda,,deterministic,7,5,0,2,False,below_minimum_document_support
mumastreets,,deterministic,7,5,0,2,False,below_minimum_document_support
murungu,,deterministic,7,2,2,3,False,below_minimum_document_support
musango,,deterministic,7,5,0,2,False,below_minimum_document_support
mushakabvu,,deterministic,7,2,0,5,False,below_minimum_document_support
musimboti,,deterministic,7,3,2,2,False,below_minimum_document_support
ndabva,,deterministic,7,4,0,3,False,below_minimum_document_support
ndichiti,,deterministic,7,3,2,2,False,below_minimum_document_support
ndinovimba,,deterministic,7,1,2,4,False,below_minimum_document_support
ndozvinoita,,deterministic,7,3,1,3,False,below_minimum_document_support
nekuita,,deterministic,7,4,0,3,False,below_minimum_document_support
nenhema,,deterministic,7,7,0,0,False,below_minimum_document_support
nenzara,,deterministic,7,5,1,1,False,below_minimum_document_support
nevarume,,deterministic,7,6,1,0,False,below_minimum_document_support
nhaimi,,deterministic,7,2,2,3,False,below_minimum_document_support
nxa,,deterministic,7,4,1,2,False,below_minimum_document_support
pafeya,,deterministic,7,4,3,0,False,below_minimum_document_support
paita,,deterministic,7,3,0,4,False,below_minimum_document_support
pakazara,,deterministic,7,4,3,0,False,below_minimum_document_support
pamusangano,,deterministic,7,2,1,4,False,below_minimum_document_support
panyaya,,deterministic,7,4,1,2,False,below_minimum_document_support
panze,,deterministic,7,4,0,3,False,below_minimum_document_support
patl,,deterministic,7,3,1,3,False,below_minimum_document_support
paye,,deterministic,7,3,1,3,False,below_minimum_document_support
registertovotezw,,deterministic,7,5,0,2,False,below_minimum_document_support
rekuita,,deterministic,7,3,1,3,False,below_minimum_document_support
rema,,deterministic,7,4,2,1,False,below_minimum_document_support
renyaradzo,,deterministic,7,1,0,6,False,below_minimum_document_support
revanhu,,deterministic,7,4,1,2,False,below_minimum_document_support
rinhi,,deterministic,7,3,2,2,False,below_minimum_document_support
rinouya,,deterministic,7,3,1,3,False,below_minimum_document_support
riripo,,deterministic,7,3,1,3,False,below_minimum_document_support
rwendo,,deterministic,7,1,1,5,False,below_minimum_document_support
saizi,,deterministic,7,1,2,4,False,below_minimum_document_support
sterek,,deterministic,7,4,1,2,False,below_minimum_document_support
tangai,,deterministic,7,5,0,2,False,below_minimum_document_support
tichaita,,deterministic,7,2,0,5,False,below_minimum_document_support
uchiziva,,deterministic,7,4,2,1,False,below_minimum_document_support
ukati,,deterministic,7,4,0,3,False,below_minimum_document_support
usati,,deterministic,7,2,0,5,False,below_minimum_document_support
vachi,,deterministic,7,3,2,2,False,below_minimum_document_support
vaconstantino,,deterministic,7,6,0,1,False,below_minimum_document_support
vakaenda,,deterministic,7,4,2,1,False,below_minimum_document_support
vakashaya,,deterministic,7,5,1,1,False,below_minimum_document_support
vanofunga,,deterministic,7,5,1,1,False,below_minimum_document_support
vanojairira,,deterministic,7,6,1,0,False,below_minimum_document_support
vanonzi,,deterministic,7,3,2,2,False,below_minimum_document_support
vanoziva,,deterministic,7,3,2,2,False,below_minimum_document_support
varikuti,,deterministic,7,5,0,2,False,below_minimum_document_support
varipi,,deterministic,7,1,2,4,False,below_minimum_document_support
vatungamiri,,deterministic,7,5,1,1,False,below_minimum_document_support
vembwa,,deterministic,7,7,0,0,False,below_minimum_document_support
voti,,deterministic,7,4,0,3,False,below_minimum_document_support
wadii,,deterministic,7,3,1,3,False,below_minimum_document_support
wakuda,,deterministic,7,4,0,3,False,below_minimum_document_support
wechikoro,,deterministic,7,5,1,1,False,below_minimum_document_support
wenyika,,deterministic,7,3,0,4,False,below_minimum_document_support
woti,,deterministic,7,3,3,1,False,below_minimum_document_support
yamai,,deterministic,7,5,0,2,False,below_minimum_document_support
yekuenda,,deterministic,7,3,0,4,False,below_minimum_document_support
yekuraratownhouse,,deterministic,7,0,0,7,False,below_minimum_document_support
yemunhu,,deterministic,7,5,1,1,False,below_minimum_document_support
zimbabweproperty,,deterministic,7,0,2,5,False,below_minimum_document_support
zvacho,,deterministic,7,4,1,2,False,below_minimum_document_support
zvakakosha,,deterministic,7,0,2,5,False,below_minimum_document_support
zvayo,suspected_non_content_seed,deterministic,7,3,2,2,False,below_minimum_document_support
zvonzi,,deterministic,7,4,1,2,False,below_minimum_document_support
adonha,,deterministic,6,5,0,1,False,below_minimum_document_support
afunga,,deterministic,6,3,1,2,False,below_minimum_document_support
aizve,suspected_non_content_seed,deterministic,6,5,1,0,False,below_minimum_document_support
akadya,,deterministic,6,6,0,0,False,below_minimum_document_support
akakwana,,deterministic,6,2,1,3,False,below_minimum_document_support
akapfeka,,deterministic,6,2,1,3,False,below_minimum_document_support
akaroora,,deterministic,6,5,1,0,False,below_minimum_document_support
anobata,,deterministic,6,2,2,2,False,below_minimum_document_support
anongoda,,deterministic,6,4,1,1,False,below_minimum_document_support
anonzwa,,deterministic,6,5,0,1,False,below_minimum_document_support
anoramba,,deterministic,6,5,0,1,False,below_minimum_document_support
ariko,,deterministic,6,5,0,1,False,below_minimum_document_support
arikuita,,deterministic,6,1,2,3,False,below_minimum_document_support
ayewa,,deterministic,6,1,0,5,False,below_minimum_document_support
bodo,,deterministic,6,1,0,5,False,below_minimum_document_support
chacho,,deterministic,6,4,1,1,False,below_minimum_document_support
chekuita,,deterministic,6,2,2,2,False,below_minimum_document_support
chienda,,deterministic,6,2,2,2,False,below_minimum_document_support
chikomana,,deterministic,6,4,0,2,False,below_minimum_document_support
chinonzi,,deterministic,6,1,2,3,False,below_minimum_document_support
chitowamombe,,deterministic,6,2,3,1,False,below_minimum_document_support
collabo,,deterministic,6,2,2,2,False,below_minimum_document_support
dzine,,deterministic,6,3,0,3,False,below_minimum_document_support
dziripo,,deterministic,6,1,0,5,False,below_minimum_document_support
dzungu,,deterministic,6,4,1,1,False,below_minimum_document_support
ehee,,deterministic,6,6,0,0,False,below_minimum_document_support
epworth,,deterministic,6,3,1,2,False,below_minimum_document_support
gafa,,deterministic,6,1,0,5,False,below_minimum_document_support
haaite,,deterministic,6,4,0,2,False,below_minimum_document_support
hakusi,,deterministic,6,2,2,2,False,below_minimum_document_support
harina,,deterministic,6,3,1,2,False,below_minimum_document_support
haugone,,deterministic,6,3,0,3,False,below_minimum_document_support
hazvinei,,deterministic,6,2,0,4,False,below_minimum_document_support
hupfumi,,deterministic,6,3,2,1,False,below_minimum_document_support
hwangu,,deterministic,6,1,1,4,False,below_minimum_document_support
idyai,,deterministic,6,1,0,5,False,below_minimum_document_support
iite,,deterministic,6,4,2,0,False,below_minimum_document_support
inopa,,deterministic,6,3,1,2,False,below_minimum_document_support
ipi,,deterministic,6,3,2,1,False,below_minimum_document_support
iripi,,deterministic,6,4,1,1,False,below_minimum_document_support
iwayo,,deterministic,6,2,1,3,False,below_minimum_document_support
kah,,deterministic,6,3,1,2,False,below_minimum_document_support
kaneta,,deterministic,6,3,0,3,False,below_minimum_document_support
kikiki,,deterministic,6,3,1,2,False,below_minimum_document_support
kikky,,deterministic,6,0,4,2,False,below_minimum_document_support
kukoshesa,,deterministic,6,2,2,2,False,below_minimum_document_support
kunational,,deterministic,6,4,0,2,False,below_minimum_document_support
kunoita,,deterministic,6,4,0,2,False,below_minimum_document_support
kunonzi,,deterministic,6,3,1,2,False,below_minimum_document_support
kunyepera,,deterministic,6,6,0,0,False,below_minimum_document_support
kushanda,,deterministic,6,1,2,3,False,below_minimum_document_support
kusvikira,,deterministic,6,1,0,5,False,below_minimum_document_support
kutambira,,deterministic,6,4,1,1,False,below_minimum_document_support
kutaurwa,,deterministic,6,1,1,4,False,below_minimum_document_support
kutoita,,deterministic,6,1,3,2,False,below_minimum_document_support
kuzimbabwe,,deterministic,6,3,0,3,False,below_minimum_document_support
kwenyika,,deterministic,6,1,2,3,False,below_minimum_document_support
mabhatiri,,deterministic,6,1,2,3,False,below_minimum_document_support
madii,,deterministic,6,2,2,2,False,below_minimum_document_support
maererano,,deterministic,6,1,1,4,False,below_minimum_document_support
majaira,,deterministic,6,3,0,3,False,below_minimum_document_support
makuru,,deterministic,6,0,0,6,False,below_minimum_document_support
mapenzi,,deterministic,6,5,0,1,False,below_minimum_document_support
mapfumo,,deterministic,6,1,1,4,False,below_minimum_document_support
masanctions,,deterministic,6,4,1,1,False,below_minimum_document_support
masports,,deterministic,6,3,1,2,False,below_minimum_document_support
mava,,deterministic,6,3,0,3,False,below_minimum_document_support
mhofu,,deterministic,6,1,2,3,False,below_minimum_document_support
migwagwa,,deterministic,6,2,0,4,False,below_minimum_document_support
mubaiwa,,deterministic,6,6,0,0,False,below_minimum_document_support
muchakabvu,,deterministic,6,2,0,4,False,below_minimum_document_support
muchetura,,deterministic,6,1,3,2,False,below_minimum_document_support
muhighlands,,deterministic,6,0,1,5,False,below_minimum_document_support
mukubata,,deterministic,6,1,2,3,False,below_minimum_document_support
mumoyo,ambiguous_name_or_content,deterministic,6,4,1,1,False,below_minimum_document_support
muone,,deterministic,6,2,0,4,False,below_minimum_document_support
murugare,,deterministic,6,2,0,4,False,below_minimum_document_support
musaga,,deterministic,6,3,1,2,False,below_minimum_document_support
musanyepere,,deterministic,6,5,0,1,False,below_minimum_document_support
mustreet,,deterministic,6,1,1,4,False,below_minimum_document_support
ndafunga,,deterministic,6,3,2,1,False,below_minimum_document_support
ndaita,,deterministic,6,4,1,1,False,below_minimum_document_support
ndakabva,,deterministic,6,2,1,3,False,below_minimum_document_support
ndakaenda,,deterministic,6,3,2,1,False,below_minimum_document_support
ndamboona,,deterministic,6,2,1,3,False,below_minimum_document_support
ndezvipi,,deterministic,6,3,2,1,False,below_minimum_document_support
ndichida,,deterministic,6,1,2,3,False,below_minimum_document_support
ndichiri,,deterministic,6,3,3,0,False,below_minimum_document_support
ndikuda,,deterministic,6,2,0,4,False,below_minimum_document_support
ndinotenda,,deterministic,6,0,1,5,False,below_minimum_document_support
ndokumbirawo,,deterministic,6,3,2,1,False,below_minimum_document_support
neku,,deterministic,6,3,2,1,False,below_minimum_document_support
nekutsvaga,,deterministic,6,3,0,3,False,below_minimum_document_support
nembudzi,,deterministic,6,1,1,4,False,below_minimum_document_support
nemombe,,deterministic,6,1,1,4,False,below_minimum_document_support
nemoyo,,deterministic,6,1,1,4,False,below_minimum_document_support
nemukadzi,,deterministic,6,3,1,2,False,below_minimum_document_support
nemukomana,,deterministic,6,5,0,1,False,below_minimum_document_support
nemweya,,deterministic,6,5,0,1,False,below_minimum_document_support
nepamusoro,,deterministic,6,3,1,2,False,below_minimum_document_support
nevakadzi,,deterministic,6,5,0,1,False,below_minimum_document_support
nevakomana,,deterministic,6,2,1,3,False,below_minimum_document_support
nhingi,,deterministic,6,4,1,1,False,below_minimum_document_support
oti,,deterministic,6,4,2,0,False,below_minimum_document_support
padhuze,,deterministic,6,4,0,2,False,below_minimum_document_support
paive,,deterministic,6,5,0,1,False,below_minimum_document_support
pakuita,,deterministic,6,4,0,2,False,below_minimum_document_support
pazasi,,deterministic,6,2,2,2,False,below_minimum_document_support
pfumvudza,,deterministic,6,4,1,1,False,below_minimum_document_support
ramangwana,,deterministic,6,1,2,3,False,below_minimum_document_support
rasta,,deterministic,6,4,0,2,False,below_minimum_document_support
rebasa,,deterministic,6,2,1,3,False,below_minimum_document_support
rinenge,,deterministic,6,1,1,4,False,below_minimum_document_support
rini,,deterministic,6,3,1,2,False,below_minimum_document_support
sahwira,,deterministic,6,3,0,3,False,below_minimum_document_support
sithole,,deterministic,6,3,0,3,False,below_minimum_document_support
taurai,,deterministic,6,1,0,5,False,below_minimum_document_support
tezvara,,deterministic,6,2,1,3,False,below_minimum_document_support
theplug,,deterministic,6,0,2,4,False,below_minimum_document_support
tipe,,deterministic,6,4,1,1,False,below_minimum_document_support
tisina,,deterministic,6,3,2,1,False,below_minimum_document_support
tobva,,deterministic,6,1,2,3,False,below_minimum_document_support
ukuwo,,deterministic,6,1,2,3,False,below_minimum_document_support
unofa,,deterministic,6,4,1,1,False,below_minimum_document_support
unonzwa,,deterministic,6,2,2,2,False,below_minimum_document_support
urwu,,deterministic,6,2,0,4,False,below_minimum_document_support
usadaro,,deterministic,6,5,0,1,False,below_minimum_document_support
vachaita,,deterministic,6,4,2,0,False,below_minimum_document_support
vachiita,,deterministic,6,3,2,1,False,below_minimum_document_support
vaiti,,deterministic,6,4,0,2,False,below_minimum_document_support
vakadaro,,deterministic,6,2,2,2,False,below_minimum_document_support
vakadzidza,,deterministic,6,4,1,1,False,below_minimum_document_support
vakananga,,deterministic,6,2,1,3,False,below_minimum_document_support
vakapusa,,deterministic,6,4,0,2,False,below_minimum_document_support
vanobata,,deterministic,6,2,1,3,False,below_minimum_document_support
vanofanira,,deterministic,6,4,0,2,False,below_minimum_document_support
vanonzwa,,deterministic,6,1,0,5,False,below_minimum_document_support
vanopenga,,deterministic,6,5,0,1,False,below_minimum_document_support
vanotora,,deterministic,6,4,2,0,False,below_minimum_document_support
vaone,,deterministic,6,2,1,3,False,below_minimum_document_support
vapfana,,deterministic,6,3,0,3,False,below_minimum_document_support
vashoma,,deterministic,6,3,2,1,False,below_minimum_document_support
vatema,identity_term,deterministic,6,4,0,2,False,below_minimum_document_support
vava,,deterministic,6,4,2,0,False,below_minimum_document_support
vawane,,deterministic,6,3,2,1,False,below_minimum_document_support
vayo,,deterministic,6,5,0,1,False,below_minimum_document_support
veduwee,,deterministic,6,3,2,1,False,below_minimum_document_support
veharare,,deterministic,6,1,1,4,False,below_minimum_document_support
vobva,,deterministic,6,5,0,1,False,below_minimum_document_support
waenda,,deterministic,6,4,0,2,False,below_minimum_document_support
wakazara,,deterministic,6,4,0,2,False,below_minimum_document_support
wezimbabwe,,deterministic,6,2,1,3,False,below_minimum_document_support
wonzwa,,deterministic,6,3,0,3,False,below_minimum_document_support
yababa,,deterministic,6,1,3,2,False,below_minimum_document_support
yakabatana,,deterministic,6,0,0,6,False,below_minimum_document_support
yakuda,,deterministic,6,1,0,5,False,below_minimum_document_support
yayo,,deterministic,6,1,1,4,False,below_minimum_document_support
yeku,,deterministic,6,4,1,1,False,below_minimum_document_support
yekugezera,,deterministic,6,0,2,4,False,below_minimum_document_support
yekurenda,,deterministic,6,0,2,4,False,below_minimum_document_support
yezimbabwe,,deterministic,6,4,0,2,False,below_minimum_document_support
zesa,,deterministic,6,5,1,0,False,below_minimum_document_support
zimbabweans,,deterministic,6,5,1,0,False,below_minimum_document_support
zimdancehall,,deterministic,6,2,1,3,False,below_minimum_document_support
zororai,,deterministic,6,4,0,2,False,below_minimum_document_support
zvaanotaura,,deterministic,6,4,0,2,False,below_minimum_document_support
zvematongerwo,,deterministic,6,2,1,3,False,below_minimum_document_support
zvezimbabwe,,deterministic,6,3,2,1,False,below_minimum_document_support
zvishavane,,deterministic,6,2,0,4,False,below_minimum_document_support
zviya,,deterministic,6,4,0,2,False,below_minimum_document_support
aahh,,deterministic,5,3,0,2,False,below_minimum_document_support
achaita,,deterministic,5,4,0,1,False,below_minimum_document_support
aende,,deterministic,5,3,1,1,False,below_minimum_document_support
akabata,,deterministic,5,3,0,2,False,below_minimum_document_support
akadai,,deterministic,5,5,0,0,False,below_minimum_document_support
akasiya,,deterministic,5,3,1,1,False,below_minimum_document_support
akatanga,,deterministic,5,2,1,2,False,below_minimum_document_support
akawana,,deterministic,5,3,0,2,False,below_minimum_document_support
akazvarwa,,deterministic,5,2,0,3,False,below_minimum_document_support
akuita,,deterministic,5,3,1,1,False,below_minimum_document_support
akutoda,,deterministic,5,2,1,2,False,below_minimum_document_support
anoona,,deterministic,5,4,0,1,False,below_minimum_document_support
apedza,,deterministic,5,1,1,3,False,below_minimum_document_support
apinda,,deterministic,5,1,1,3,False,below_minimum_document_support
aramba,,deterministic,5,4,0,1,False,below_minimum_document_support
ariku,,deterministic,5,2,1,2,False,below_minimum_document_support
aripa,suspected_non_content_seed,deterministic,5,4,1,0,False,below_minimum_document_support
asati,,deterministic,5,4,0,1,False,below_minimum_document_support
auraya,,deterministic,5,3,1,1,False,below_minimum_document_support
bharanzi,,deterministic,5,4,0,1,False,below_minimum_document_support
bhazi,,deterministic,5,4,0,1,False,below_minimum_document_support
byo,,deterministic,5,2,2,1,False,below_minimum_document_support
chaicho,,deterministic,5,3,1,1,False,below_minimum_document_support
chaimo,,deterministic,5,4,1,0,False,below_minimum_document_support
changamire,,deterministic,5,2,1,2,False,below_minimum_document_support
changu,,deterministic,5,2,0,3,False,below_minimum_document_support
charma,,deterministic,5,0,3,2,False,below_minimum_document_support
chiiko,,deterministic,5,2,1,2,False,below_minimum_document_support
chimukai,,deterministic,5,5,0,0,False,below_minimum_document_support
chinorwadza,,deterministic,5,4,1,0,False,below_minimum_document_support
chivako,,deterministic,5,2,1,2,False,below_minimum_document_support
chivakwa,,deterministic,5,2,1,2,False,below_minimum_document_support
chokuda,,deterministic,5,4,1,0,False,below_minimum_document_support
cnr,,deterministic,5,1,1,3,False,below_minimum_document_support
condevproperty,,deterministic,5,0,1,4,False,below_minimum_document_support
dzana,,deterministic,5,5,0,0,False,below_minimum_document_support
dzema,,deterministic,5,2,0,3,False,below_minimum_document_support
dzevanhu,,deterministic,5,3,0,2,False,below_minimum_document_support
ekunze,,deterministic,5,1,0,4,False,below_minimum_document_support
gaffa,,deterministic,5,3,1,1,False,below_minimum_document_support
gokwe,,deterministic,5,3,1,1,False,below_minimum_document_support
handei,,deterministic,5,1,1,3,False,below_minimum_document_support
handione,,deterministic,5,4,0,1,False,below_minimum_document_support
hanti,,deterministic,5,3,0,2,False,below_minimum_document_support
hapasisina,,deterministic,5,5,0,0,False,below_minimum_document_support
hausati,,deterministic,5,3,0,2,False,below_minimum_document_support
havagone,,deterministic,5,2,1,2,False,below_minimum_document_support
havasati,,deterministic,5,4,0,1,False,below_minimum_document_support
hkd,,deterministic,5,0,3,2,False,below_minimum_document_support
hobho,,deterministic,5,2,2,1,False,below_minimum_document_support
hofisi,,deterministic,5,0,0,5,False,below_minimum_document_support
hopewero,,deterministic,5,2,2,1,False,below_minimum_document_support
hupedzisira,,deterministic,5,3,2,0,False,below_minimum_document_support
hura,,deterministic,5,5,0,0,False,below_minimum_document_support
huri,,deterministic,5,3,1,1,False,below_minimum_document_support
hurongwa,,deterministic,5,3,0,2,False,below_minimum_document_support
hurukuro,,deterministic,5,2,0,3,False,below_minimum_document_support
hwende,,deterministic,5,5,0,0,False,below_minimum_document_support
inodhura,,deterministic,5,3,0,2,False,below_minimum_document_support
inonaka,,deterministic,5,0,0,5,False,below_minimum_document_support
inouya,,deterministic,5,2,0,3,False,below_minimum_document_support
iriko,,deterministic,5,2,0,3,False,below_minimum_document_support
iyoyi,,deterministic,5,4,0,1,False,below_minimum_document_support
jukwa,,deterministic,5,1,1,3,False,below_minimum_document_support
kako,,deterministic,5,3,0,2,False,below_minimum_document_support
kombi,,deterministic,5,3,0,2,False,below_minimum_document_support
kufarisa,,deterministic,5,4,0,1,False,below_minimum_document_support
kukwanisa,,deterministic,5,4,0,1,False,below_minimum_document_support
kumamisha,,deterministic,5,4,0,1,False,below_minimum_document_support
kumeso,,deterministic,5,4,1,0,False,below_minimum_document_support
kumhuri,,deterministic,5,1,2,2,False,below_minimum_document_support
kumupa,,deterministic,5,3,1,1,False,below_minimum_document_support
kumutambo,,deterministic,5,2,0,3,False,below_minimum_document_support
kunana,,deterministic,5,4,0,1,False,below_minimum_document_support
kupfura,,deterministic,5,0,0,5,False,below_minimum_document_support
kurufu,,deterministic,5,4,0,1,False,below_minimum_document_support
kusarudza,,deterministic,5,0,3,2,False,below_minimum_document_support
kusimudza,,deterministic,5,2,0,3,False,below_minimum_document_support
kuto,,deterministic,5,4,0,1,False,below_minimum_document_support
kuya,,deterministic,5,4,1,0,False,below_minimum_document_support
kuzoita,,deterministic,5,3,1,1,False,below_minimum_document_support
kuzoti,,deterministic,5,4,0,1,False,below_minimum_document_support
kuzungaira,,deterministic,5,5,0,0,False,below_minimum_document_support
kwana,,deterministic,5,4,0,1,False,below_minimum_document_support
kwezvirango,,deterministic,5,2,0,3,False,below_minimum_document_support
mafambiro,,deterministic,5,3,1,1,False,below_minimum_document_support
mafume,,deterministic,5,2,0,3,False,below_minimum_document_support
magaro,,deterministic,5,4,0,1,False,below_minimum_document_support
mainini,,deterministic,5,3,0,2,False,below_minimum_document_support
mangu,,deterministic,5,2,1,2,False,below_minimum_document_support
manyama,,deterministic,5,0,0,5,False,below_minimum_document_support
manyepo,,deterministic,5,5,0,0,False,below_minimum_document_support
mariri,,deterministic,5,3,0,2,False,below_minimum_document_support
masevhisi,,deterministic,5,3,0,2,False,below_minimum_document_support
mastreets,,deterministic,5,1,1,3,False,below_minimum_document_support
maziso,,deterministic,5,2,1,2,False,below_minimum_document_support
mazowe,,deterministic,5,0,0,5,False,below_minimum_document_support
mbinga,,deterministic,5,2,1,2,False,below_minimum_document_support
medu,,deterministic,5,3,0,2,False,below_minimum_document_support
mekunge,,deterministic,5,1,1,3,False,below_minimum_document_support
mhiri,,deterministic,5,3,0,2,False,below_minimum_document_support
mitengo,,deterministic,5,1,0,4,False,below_minimum_document_support
mkadzi,,deterministic,5,0,0,5,False,below_minimum_document_support
mkomana,,deterministic,5,3,0,2,False,below_minimum_document_support
mkwasha,,deterministic,5,1,0,4,False,below_minimum_document_support
mskana,,deterministic,5,3,0,2,False,below_minimum_document_support
mubairo,,deterministic,5,1,1,3,False,below_minimum_document_support
mubhawa,,deterministic,5,2,1,2,False,below_minimum_document_support
muchienda,,deterministic,5,2,1,2,False,below_minimum_document_support
muchiita,,deterministic,5,2,1,2,False,below_minimum_document_support
mudzuri,,deterministic,5,3,2,0,False,below_minimum_document_support
muguta,,deterministic,5,3,1,1,False,below_minimum_document_support
muhondo,,deterministic,5,3,2,0,False,below_minimum_document_support
mukanwa,,deterministic,5,4,1,0,False,below_minimum_document_support
mukuita,,deterministic,5,4,1,0,False,below_minimum_document_support
munewlands,,deterministic,5,0,0,5,False,below_minimum_document_support
munoita,,deterministic,5,4,0,1,False,below_minimum_document_support
munya,,deterministic,5,0,3,2,False,below_minimum_document_support
mupini,,deterministic,5,2,1,2,False,below_minimum_document_support
murakashi,,deterministic,5,3,0,2,False,below_minimum_document_support
murudo,,deterministic,5,1,2,2,False,below_minimum_document_support
musada,,deterministic,5,4,0,1,False,below_minimum_document_support
musape,,deterministic,5,2,2,1,False,below_minimum_document_support
mustock,,deterministic,5,1,0,4,False,below_minimum_document_support
mutongo,,deterministic,5,3,1,1,False,below_minimum_document_support
mutumbi,,deterministic,5,4,0,1,False,below_minimum_document_support
mutumwa,,deterministic,5,1,1,3,False,below_minimum_document_support
najah,,deterministic,5,1,0,4,False,below_minimum_document_support
ndafa,,deterministic,5,3,0,2,False,below_minimum_document_support
ndakaita,,deterministic,5,3,1,1,False,below_minimum_document_support
ndicho,,deterministic,5,3,1,1,False,below_minimum_document_support
ndiende,,deterministic,5,3,1,1,False,below_minimum_document_support
ndikupe,,deterministic,5,2,0,3,False,below_minimum_document_support
ndinogona,,deterministic,5,0,2,3,False,below_minimum_document_support
ndinonzwa,,deterministic,5,2,0,3,False,below_minimum_document_support
ndoita,,deterministic,5,3,0,2,False,below_minimum_document_support
ndokumutsa,,deterministic,5,0,2,3,False,below_minimum_document_support
ndouya,,deterministic,5,1,0,4,False,below_minimum_document_support
nechishanu,,deterministic,5,3,0,2,False,below_minimum_document_support
nechokwadi,,deterministic,5,0,1,4,False,below_minimum_document_support
nehanda,,deterministic,5,2,0,3,False,below_minimum_document_support
nemagaro,,deterministic,5,2,1,2,False,below_minimum_document_support
nemaoko,,deterministic,5,2,1,2,False,below_minimum_document_support
nemota,,deterministic,5,2,2,1,False,below_minimum_document_support
nemukaka,,deterministic,5,2,2,1,False,below_minimum_document_support
nenyika,,deterministic,5,4,0,1,False,below_minimum_document_support
nesadza,,deterministic,5,2,1,2,False,below_minimum_document_support
nethium,,deterministic,5,0,2,3,False,below_minimum_document_support
neumwe,,deterministic,5,5,0,0,False,below_minimum_document_support
nezimbabwe,,deterministic,5,2,0,3,False,below_minimum_document_support
nezvei,,deterministic,5,2,3,0,False,below_minimum_document_support
nezvisina,,deterministic,5,1,1,3,False,below_minimum_document_support
ngavasiye,,deterministic,5,2,1,2,False,below_minimum_document_support
ngochani,,deterministic,5,5,0,0,False,below_minimum_document_support
nhy,,deterministic,5,3,2,0,False,below_minimum_document_support
noahsark,,deterministic,5,0,2,3,False,below_minimum_document_support
nyatsime,,deterministic,5,4,1,0,False,below_minimum_document_support
odha,,deterministic,5,1,0,4,False,below_minimum_document_support
oita,,deterministic,5,3,1,1,False,below_minimum_document_support
ongororo,,deterministic,5,1,1,3,False,below_minimum_document_support
pachigaro,,deterministic,5,2,1,2,False,below_minimum_document_support
pamazuva,,deterministic,5,2,0,3,False,below_minimum_document_support
pambudzi,,deterministic,5,1,0,4,False,below_minimum_document_support
pamuromo,,deterministic,5,4,0,1,False,below_minimum_document_support
pamusha,,deterministic,5,0,0,5,False,below_minimum_document_support
pamuzinda,,deterministic,5,2,0,3,False,below_minimum_document_support
panapa,,deterministic,5,1,1,3,False,below_minimum_document_support
panhamba,,deterministic,5,0,0,5,False,below_minimum_document_support
panoda,,deterministic,5,4,1,0,False,below_minimum_document_support
panyika,,deterministic,5,2,1,2,False,below_minimum_document_support
panzvimbo,,deterministic,5,2,0,3,False,below_minimum_document_support
pasocial,,deterministic,5,2,1,2,False,below_minimum_document_support
penyu,,deterministic,5,4,0,1,False,below_minimum_document_support
rachamisa,,deterministic,5,3,0,2,False,below_minimum_document_support
rambai,,deterministic,5,1,0,4,False,below_minimum_document_support
rapfuura,,deterministic,5,2,0,3,False,below_minimum_document_support
rekare,,deterministic,5,0,0,5,False,below_minimum_document_support
rekushandisa,,deterministic,5,1,3,1,False,below_minimum_document_support
remunhu,,deterministic,5,3,0,2,False,below_minimum_document_support
ruto,,deterministic,5,2,1,2,False,below_minimum_document_support
sangana,,deterministic,5,1,0,4,False,below_minimum_document_support
sekuona,,deterministic,5,3,1,1,False,below_minimum_document_support
shanyira,,deterministic,5,1,1,3,False,below_minimum_document_support
shuga,,deterministic,5,4,1,0,False,below_minimum_document_support
sinhi,,deterministic,5,3,0,2,False,below_minimum_document_support
sorobi,,deterministic,5,2,0,3,False,below_minimum_document_support
sungura,,deterministic,5,2,0,3,False,below_minimum_document_support
tanzwa,,deterministic,5,4,0,1,False,below_minimum_document_support
tiwane,,deterministic,5,3,0,2,False,below_minimum_document_support
toti,,deterministic,5,3,2,0,False,below_minimum_document_support
tsvagai,,deterministic,5,3,0,2,False,below_minimum_document_support
tym,,deterministic,5,3,1,1,False,below_minimum_document_support
uchibva,,deterministic,5,4,0,1,False,below_minimum_document_support
uchiita,,deterministic,5,3,1,1,False,below_minimum_document_support
udzai,,deterministic,5,1,2,2,False,below_minimum_document_support
ungati,,deterministic,5,2,1,2,False,below_minimum_document_support
unoenda,,deterministic,5,1,1,3,False,below_minimum_document_support
unogara,,deterministic,5,2,2,1,False,below_minimum_document_support
unoudza,,deterministic,5,2,1,2,False,below_minimum_document_support
unowana,,deterministic,5,3,0,2,False,below_minimum_document_support
unzwe,,deterministic,5,1,1,3,False,below_minimum_document_support
utaure,,deterministic,5,2,0,3,False,below_minimum_document_support
vachida,,deterministic,5,5,0,0,False,below_minimum_document_support
vachiona,,deterministic,5,3,2,0,False,below_minimum_document_support
vagadzirise,,deterministic,5,1,1,3,False,below_minimum_document_support
vagara,,deterministic,5,3,1,1,False,below_minimum_document_support
vajaira,,deterministic,5,3,2,0,False,below_minimum_document_support
vakaroora,,deterministic,5,2,0,3,False,below_minimum_document_support
vakaroorwa,,deterministic,5,2,1,2,False,below_minimum_document_support
vakuziva,,deterministic,5,3,1,1,False,below_minimum_document_support
vanobuda,,deterministic,5,2,1,2,False,below_minimum_document_support
vanodya,,deterministic,5,3,2,0,False,below_minimum_document_support
vanogara,,deterministic,5,2,1,2,False,below_minimum_document_support
vanopinda,,deterministic,5,3,0,2,False,below_minimum_document_support
vanotaura,,deterministic,5,1,3,1,False,below_minimum_document_support
vanotonga,,deterministic,5,1,1,3,False,below_minimum_document_support
vanotsvaga,,deterministic,5,4,1,0,False,below_minimum_document_support
vapedza,,deterministic,5,4,0,1,False,below_minimum_document_support
vapfanha,,deterministic,5,4,0,1,False,below_minimum_document_support
vasadaro,,deterministic,5,5,0,0,False,below_minimum_document_support
vasati,,deterministic,5,4,1,0,False,below_minimum_document_support
vashe,,deterministic,5,3,0,2,False,below_minimum_document_support
vatatu,,deterministic,5,2,0,3,False,below_minimum_document_support
vatete,,deterministic,5,4,1,0,False,below_minimum_document_support
vauye,,deterministic,5,4,0,1,False,below_minimum_document_support
vema,,deterministic,5,1,1,3,False,below_minimum_document_support
vemuzimbabwe,,deterministic,5,4,1,0,False,below_minimum_document_support
vevana,,deterministic,5,0,0,5,False,below_minimum_document_support
vezimbabwe,,deterministic,5,3,1,1,False,below_minimum_document_support
vhoti,,deterministic,5,5,0,0,False,below_minimum_document_support
voga,,deterministic,5,0,3,2,False,below_minimum_document_support
wachipo,,deterministic,5,0,3,2,False,below_minimum_document_support
wadya,,deterministic,5,3,0,2,False,below_minimum_document_support
wakanyarara,,deterministic,5,4,0,1,False,below_minimum_document_support
wakati,,deterministic,5,3,1,1,False,below_minimum_document_support
waona,,deterministic,5,2,1,2,False,below_minimum_document_support
wauri,,deterministic,5,1,1,3,False,below_minimum_document_support
wava,,deterministic,5,2,0,3,False,below_minimum_document_support
wemutambo,,deterministic,5,1,0,4,False,below_minimum_document_support
yaa,,deterministic,5,1,2,2,False,below_minimum_document_support
yakadai,,deterministic,5,3,0,2,False,below_minimum_document_support
yakaita,,deterministic,5,3,0,2,False,below_minimum_document_support
yakaitwa,,deterministic,5,3,0,2,False,below_minimum_document_support
yakatorwa,,deterministic,5,3,0,2,False,below_minimum_document_support
yapinda,,deterministic,5,3,1,1,False,below_minimum_document_support
yauri,,deterministic,5,2,1,2,False,below_minimum_document_support
yazara,,deterministic,5,4,0,1,False,below_minimum_document_support
yebasa,,deterministic,5,0,0,5,False,below_minimum_document_support
yedare,,deterministic,5,2,1,2,False,below_minimum_document_support
yekurarahouse,,deterministic,5,0,1,4,False,below_minimum_document_support
yemwana,,deterministic,5,2,2,1,False,below_minimum_document_support
yeumai,,deterministic,5,3,1,1,False,below_minimum_document_support
yezanu,,deterministic,5,2,2,1,False,below_minimum_document_support
zanupfmustgo,,deterministic,5,5,0,0,False,below_minimum_document_support
zvakaita,,deterministic,5,2,1,2,False,below_minimum_document_support
zvinokosha,,deterministic,5,0,2,3,False,below_minimum_document_support
zwitter,,deterministic,5,3,1,1,False,below_minimum_document_support
aagh,,deterministic,4,2,2,0,False,below_minimum_document_support
achatora,,deterministic,4,1,1,2,False,below_minimum_document_support
achinzi,,deterministic,4,3,0,1,False,below_minimum_document_support
achitamba,,deterministic,4,1,0,3,False,below_minimum_document_support
achiudza,,deterministic,4,3,1,0,False,below_minimum_document_support
aimbove,,deterministic,4,3,0,1,False,below_minimum_document_support
akadzidza,,deterministic,4,3,1,0,False,below_minimum_document_support
akakundikana,,deterministic,4,1,0,3,False,below_minimum_document_support
akanga,,deterministic,4,3,1,0,False,below_minimum_document_support
akapinda,,deterministic,4,2,1,1,False,below_minimum_document_support
akaroorwa,,deterministic,4,3,0,1,False,below_minimum_document_support
angave,,deterministic,4,1,1,2,False,below_minimum_document_support
anobva,,deterministic,4,2,1,1,False,below_minimum_document_support
anodiwa,,deterministic,4,1,0,3,False,below_minimum_document_support
anofunga,,deterministic,4,3,1,0,False,below_minimum_document_support
anomirira,,deterministic,4,2,0,2,False,below_minimum_document_support
anonyepa,,deterministic,4,4,0,0,False,below_minimum_document_support
anopa,,deterministic,4,2,0,2,False,below_minimum_document_support
anopedza,,deterministic,4,2,0,2,False,below_minimum_document_support
anoreva,,deterministic,4,3,0,1,False,below_minimum_document_support
anorova,,deterministic,4,2,1,1,False,below_minimum_document_support
anosvika,,deterministic,4,0,0,4,False,below_minimum_document_support
anoudza,,deterministic,4,2,1,1,False,below_minimum_document_support
anozviti,,deterministic,4,4,0,0,False,below_minimum_document_support
arikuti,,deterministic,4,3,0,1,False,below_minimum_document_support
ashadaya,,deterministic,4,1,1,2,False,below_minimum_document_support
ataura,,deterministic,4,1,0,3,False,below_minimum_document_support
atova,,deterministic,4,3,0,1,False,below_minimum_document_support
auye,,deterministic,4,2,1,1,False,below_minimum_document_support
azere,,deterministic,4,2,2,0,False,below_minimum_document_support
bedroomed,,deterministic,4,1,1,2,False,below_minimum_document_support
bonyora,,deterministic,4,4,0,0,False,below_minimum_document_support
chadyiwa,,deterministic,4,3,0,1,False,below_minimum_document_support
chairo,,deterministic,4,2,0,2,False,below_minimum_document_support
chakadaro,,deterministic,4,2,1,1,False,below_minimum_document_support
chakaita,,deterministic,4,2,0,2,False,below_minimum_document_support
chandinoziva,,deterministic,4,1,0,3,False,below_minimum_document_support
charamba,,deterministic,4,0,2,2,False,below_minimum_document_support
chari,,deterministic,4,1,1,2,False,below_minimum_document_support
chavo,,deterministic,4,4,0,0,False,below_minimum_document_support
chehigh,,deterministic,4,1,0,3,False,below_minimum_document_support
chengetai,,deterministic,4,1,1,2,False,below_minimum_document_support
chenjerai,,deterministic,4,2,2,0,False,below_minimum_document_support
chepamusoro,,deterministic,4,1,2,1,False,below_minimum_document_support
chezimbabwe,,deterministic,4,1,0,3,False,below_minimum_document_support
chinenge,,deterministic,4,4,0,0,False,below_minimum_document_support
chingoti,,deterministic,4,1,0,3,False,below_minimum_document_support
chinobva,,deterministic,4,2,1,1,False,below_minimum_document_support
deno,,deterministic,4,2,0,2,False,below_minimum_document_support
dhodhi,,deterministic,4,4,0,0,False,below_minimum_document_support
dololo,,deterministic,4,2,1,1,False,below_minimum_document_support
duzvi,,deterministic,4,4,0,0,False,below_minimum_document_support
dzekuti,,deterministic,4,3,0,1,False,below_minimum_document_support
dzese,,deterministic,4,1,0,3,False,below_minimum_document_support
dziya,,deterministic,4,3,1,0,False,below_minimum_document_support
dzokera,,deterministic,4,1,1,2,False,below_minimum_document_support
econet,,deterministic,4,3,1,0,False,below_minimum_document_support
edzimba,,deterministic,4,1,0,3,False,below_minimum_document_support
ehupenyu,,deterministic,4,2,1,1,False,below_minimum_document_support
emunhumutapa,,deterministic,4,0,0,4,False,below_minimum_document_support
esolar,,deterministic,4,0,1,3,False,below_minimum_document_support
ezuva,,deterministic,4,2,0,2,False,below_minimum_document_support
fone,,deterministic,4,3,1,0,False,below_minimum_document_support
fonera,,deterministic,4,1,1,2,False,below_minimum_document_support
garo,,deterministic,4,4,0,0,False,below_minimum_document_support
gpzvhrk,,deterministic,4,1,0,3,False,below_minimum_document_support
gulez,,deterministic,4,1,1,2,False,below_minimum_document_support
gutu,,deterministic,4,2,0,2,False,below_minimum_document_support
hacho,,deterministic,4,4,0,0,False,below_minimum_document_support
hadzina,,deterministic,4,3,1,0,False,below_minimum_document_support
hadzisi,,deterministic,4,2,1,1,False,below_minimum_document_support
haifiridzi,,deterministic,4,1,1,2,False,below_minimum_document_support
haikona,,deterministic,4,1,2,1,False,below_minimum_document_support
handi,,deterministic,4,2,0,2,False,below_minimum_document_support
handikwanise,,deterministic,4,3,0,1,False,below_minimum_document_support
handizvo,,deterministic,4,2,2,0,False,below_minimum_document_support
harisi,,deterministic,4,3,1,0,False,below_minimum_document_support
hatisati,,deterministic,4,2,0,2,False,below_minimum_document_support
hava,,deterministic,4,4,0,0,False,below_minimum_document_support
havade,,deterministic,4,2,0,2,False,below_minimum_document_support
havazive,,deterministic,4,1,0,3,False,below_minimum_document_support
hazviko,,deterministic,4,2,0,2,False,below_minimum_document_support
hazvireve,,deterministic,4,1,1,2,False,below_minimum_document_support
hazvishande,,deterministic,4,3,0,1,False,below_minimum_document_support
hesi,,deterministic,4,3,0,1,False,below_minimum_document_support
highfields,,deterministic,4,2,0,2,False,below_minimum_document_support
homwe,,deterministic,4,0,2,2,False,below_minimum_document_support
hoody,,deterministic,4,0,1,3,False,below_minimum_document_support
humbowo,,deterministic,4,3,0,1,False,below_minimum_document_support
hwabaraty,,deterministic,4,1,1,2,False,below_minimum_document_support
hwahwa,,deterministic,4,2,1,1,False,below_minimum_document_support
ichipo,,deterministic,4,2,1,1,False,below_minimum_document_support
ichiri,,deterministic,4,4,0,0,False,below_minimum_document_support
ichocho,,deterministic,4,2,1,1,False,below_minimum_document_support
imbavha,,deterministic,4,4,0,0,False,below_minimum_document_support
imika,,deterministic,4,4,0,0,False,below_minimum_document_support
indaba,,deterministic,4,1,0,3,False,below_minimum_document_support
inokwana,,deterministic,4,2,0,2,False,below_minimum_document_support
inorojeswa,,deterministic,4,1,0,3,False,below_minimum_document_support
inzira,,deterministic,4,2,0,2,False,below_minimum_document_support
isati,,deterministic,4,2,0,2,False,below_minimum_document_support
ivai,,deterministic,4,1,2,1,False,below_minimum_document_support
izuva,,deterministic,4,2,0,2,False,below_minimum_document_support
jahman,,deterministic,4,4,0,0,False,below_minimum_document_support
kacho,,deterministic,4,4,0,0,False,below_minimum_document_support
kae,,deterministic,4,1,2,1,False,below_minimum_document_support
kanzuru,,deterministic,4,3,1,0,False,below_minimum_document_support
kna,,deterministic,4,2,1,1,False,below_minimum_document_support
kodzero,,deterministic,4,3,0,1,False,below_minimum_document_support
kubira,,deterministic,4,4,0,0,False,below_minimum_document_support
kuchengeta,,deterministic,4,2,1,1,False,below_minimum_document_support
kudm,,deterministic,4,1,1,2,False,below_minimum_document_support
kudzimba,,deterministic,4,2,0,2,False,below_minimum_document_support
kuenderera,,deterministic,4,2,0,2,False,below_minimum_document_support
kufonera,,deterministic,4,3,0,1,False,below_minimum_document_support
kufudza,,deterministic,4,1,3,0,False,below_minimum_document_support
kugadzirwa,,deterministic,4,3,0,1,False,below_minimum_document_support
kuhondo,,deterministic,4,3,0,1,False,below_minimum_document_support
kuitira,,deterministic,4,4,0,0,False,below_minimum_document_support
kujairira,,deterministic,4,3,1,0,False,below_minimum_document_support
kukama,,deterministic,4,4,0,0,False,below_minimum_document_support
kumaraini,,deterministic,4,2,1,1,False,below_minimum_document_support
kumariro,,deterministic,4,3,1,0,False,below_minimum_document_support
kumaruwa,,deterministic,4,2,0,2,False,below_minimum_document_support
kumbare,,deterministic,4,2,1,1,False,below_minimum_document_support
kumunhu,,deterministic,4,4,0,0,False,below_minimum_document_support
kumusana,,deterministic,4,4,0,0,False,below_minimum_document_support
kunew,,deterministic,4,3,0,1,False,below_minimum_document_support
kungobuda,,deterministic,4,2,1,1,False,below_minimum_document_support
kunhamo,,deterministic,4,3,1,0,False,below_minimum_document_support
kunotenga,,deterministic,4,1,1,2,False,below_minimum_document_support
kunotora,,deterministic,4,2,2,0,False,below_minimum_document_support
kunyika,,deterministic,4,2,0,2,False,below_minimum_document_support
kupambwa,,deterministic,4,4,0,0,False,below_minimum_document_support
kupikisa,,deterministic,4,1,0,3,False,below_minimum_document_support
kuridza,,deterministic,4,3,1,0,False,below_minimum_document_support
kusanyara,,deterministic,4,3,0,1,False,below_minimum_document_support
kusara,,deterministic,4,3,1,0,False,below_minimum_document_support
kushambadza,,deterministic,4,1,2,1,False,below_minimum_document_support
kushomeka,,deterministic,4,3,0,1,False,below_minimum_document_support
kushumira,,deterministic,4,1,1,2,False,below_minimum_document_support
kusungwa,,deterministic,4,3,0,1,False,below_minimum_document_support
kusvirana,,deterministic,4,1,0,3,False,below_minimum_document_support
kutoda,,deterministic,4,2,1,1,False,below_minimum_document_support
kutumirwa,,deterministic,4,3,1,0,False,below_minimum_document_support
kuumba,,deterministic,4,2,0,2,False,below_minimum_document_support
kuvakwa,,deterministic,4,0,1,3,False,below_minimum_document_support
kuvaziva,,deterministic,4,1,2,1,False,below_minimum_document_support
kuzasi,,deterministic,4,2,1,1,False,below_minimum_document_support
kuzotora,,deterministic,4,1,0,3,False,below_minimum_document_support
kwababa,,deterministic,4,0,0,4,False,below_minimum_document_support
kwaiva,,deterministic,4,0,2,2,False,below_minimum_document_support
kwakabva,,deterministic,4,2,1,1,False,below_minimum_document_support
kwasara,,deterministic,4,2,0,2,False,below_minimum_document_support
kwatiri,,deterministic,4,1,1,2,False,below_minimum_document_support
kwavari,,deterministic,4,2,1,1,False,below_minimum_document_support
kwave,,deterministic,4,3,1,0,False,below_minimum_document_support
kweharare,,deterministic,4,1,0,3,False,below_minimum_document_support
kwenguva,,deterministic,4,1,0,3,False,below_minimum_document_support
kwesvondo,,deterministic,4,1,1,2,False,below_minimum_document_support
legacyrealestate,,deterministic,4,0,0,4,False,below_minimum_document_support
maawa,,deterministic,4,1,1,2,False,below_minimum_document_support
madhara,,deterministic,4,2,1,1,False,below_minimum_document_support
madzibaba,,deterministic,4,0,3,1,False,below_minimum_document_support
mafollowers,,deterministic,4,1,2,1,False,below_minimum_document_support
magirazi,,deterministic,4,3,1,0,False,below_minimum_document_support
maguta,,deterministic,4,1,1,2,False,below_minimum_document_support
mahere,,deterministic,4,3,0,1,False,below_minimum_document_support
makanyarara,,deterministic,4,2,0,2,False,below_minimum_document_support
makazara,,deterministic,4,3,0,1,False,below_minimum_document_support
makuhwa,,deterministic,4,3,0,1,False,below_minimum_document_support
makuseni,,deterministic,4,2,0,2,False,below_minimum_document_support
malikes,,deterministic,4,2,0,2,False,below_minimum_document_support
manzwi,,deterministic,4,1,0,3,False,below_minimum_document_support
mapikicha,,deterministic,4,1,1,2,False,below_minimum_document_support
matanga,,deterministic,4,4,0,0,False,below_minimum_document_support
matsotsi,,deterministic,4,2,0,2,False,below_minimum_document_support
mazi,,deterministic,4,3,0,1,False,below_minimum_document_support
mazondo,,deterministic,4,1,2,1,False,below_minimum_document_support
mfanha,,deterministic,4,2,1,1,False,below_minimum_document_support
mfes,,deterministic,4,2,1,1,False,below_minimum_document_support
mibairo,,deterministic,4,0,2,2,False,below_minimum_document_support
mifananidzo,,deterministic,4,0,0,4,False,below_minimum_document_support
mikana,,deterministic,4,0,1,3,False,below_minimum_document_support
minamato,,deterministic,4,2,0,2,False,below_minimum_document_support
mishonga,,deterministic,4,3,0,1,False,below_minimum_document_support
mobva,,deterministic,4,3,1,0,False,below_minimum_document_support
mpfanha,,deterministic,4,3,1,0,False,below_minimum_document_support
msoro,,deterministic,4,2,0,2,False,below_minimum_document_support
mubato,,deterministic,4,1,0,3,False,below_minimum_document_support
mubatsiri,,deterministic,4,3,0,1,False,below_minimum_document_support
muborrowdale,,deterministic,4,0,1,3,False,below_minimum_document_support
mucbd,,deterministic,4,3,0,1,False,below_minimum_document_support
muchaita,,deterministic,4,1,1,2,False,below_minimum_document_support
muchasvinura,,deterministic,4,3,0,1,False,below_minimum_document_support
mufesi,,deterministic,4,1,1,2,False,below_minimum_document_support
mugadzirise,,deterministic,4,2,0,2,False,below_minimum_document_support
mugomba,,deterministic,4,2,0,2,False,below_minimum_document_support
muhombe,,deterministic,4,0,1,3,False,below_minimum_document_support
mujaya,,deterministic,4,3,0,1,False,below_minimum_document_support
mukanya,,deterministic,4,1,1,2,False,below_minimum_document_support
mukudzei,,deterministic,4,0,0,4,False,below_minimum_document_support
mumaoko,,deterministic,4,3,1,0,False,below_minimum_document_support
mumota,,deterministic,4,4,0,0,False,below_minimum_document_support
mumusha,,deterministic,4,2,1,1,False,below_minimum_document_support
munin'ina,,deterministic,4,2,1,1,False,below_minimum_document_support
mupfana,,deterministic,4,2,2,0,False,below_minimum_document_support
mupoto,,deterministic,4,3,0,1,False,below_minimum_document_support
murindi,,deterministic,4,3,1,0,False,below_minimum_document_support
musadaroo,,deterministic,4,2,2,0,False,below_minimum_document_support
musade,,deterministic,4,3,0,1,False,below_minimum_document_support
musika,,deterministic,4,1,2,1,False,below_minimum_document_support
musiye,,deterministic,4,3,0,1,False,below_minimum_document_support
muskana,,deterministic,4,2,0,2,False,below_minimum_document_support
mutema,,deterministic,4,2,1,1,False,below_minimum_document_support
mutirongo,,deterministic,4,3,1,0,False,below_minimum_document_support
mutori,,deterministic,4,2,0,2,False,below_minimum_document_support
muzimbo,,deterministic,4,1,0,3,False,below_minimum_document_support
muzuva,,deterministic,4,2,0,2,False,below_minimum_document_support
mxm,,deterministic,4,2,0,2,False,below_minimum_document_support
naana,,deterministic,4,3,0,1,False,below_minimum_document_support
nadzo,,deterministic,4,2,1,1,False,below_minimum_document_support
naizvozvo,,deterministic,4,0,1,3,False,below_minimum_document_support
nako,,deterministic,4,2,1,1,False,below_minimum_document_support
napresident,,deterministic,4,2,0,2,False,below_minimum_document_support
ncube,,deterministic,4,1,2,1,False,below_minimum_document_support
ndaa,,deterministic,4,2,0,2,False,below_minimum_document_support
ndabuda,,deterministic,4,1,1,2,False,below_minimum_document_support
ndachema,,deterministic,4,2,0,2,False,below_minimum_document_support
ndaisa,,deterministic,4,3,0,1,False,below_minimum_document_support
ndakawana,,deterministic,4,3,1,0,False,below_minimum_document_support
ndakura,,deterministic,4,0,1,3,False,below_minimum_document_support
ndakuvara,,deterministic,4,1,1,2,False,below_minimum_document_support
ndamuka,,deterministic,4,1,1,2,False,below_minimum_document_support
ndangoti,,deterministic,4,0,1,3,False,below_minimum_document_support
ndarwadziwa,,deterministic,4,4,0,0,False,below_minimum_document_support
ndasvika,,deterministic,4,2,0,2,False,below_minimum_document_support
ndaswera,,deterministic,4,3,0,1,False,below_minimum_document_support
ndatopedza,,deterministic,4,2,1,1,False,below_minimum_document_support
ndauya,,deterministic,4,0,1,3,False,below_minimum_document_support
ndave,,deterministic,4,3,0,1,False,below_minimum_document_support
ndeapi,,deterministic,4,1,1,2,False,below_minimum_document_support
ndebele,,deterministic,4,1,1,2,False,below_minimum_document_support
ndere,,deterministic,4,2,1,1,False,below_minimum_document_support
nderekuti,,deterministic,4,3,0,1,False,below_minimum_document_support
ndewekushaya,,deterministic,4,2,1,1,False,below_minimum_document_support
ndeyako,,deterministic,4,2,2,0,False,below_minimum_document_support
ndibatsireiwo,,deterministic,4,1,0,3,False,below_minimum_document_support
ndichiudza,,deterministic,4,2,1,1,False,below_minimum_document_support
ndikati,,deterministic,4,2,2,0,False,below_minimum_document_support
ndinoita,,deterministic,4,3,1,0,False,below_minimum_document_support
ndione,,deterministic,4,1,1,2,False,below_minimum_document_support
ndipei,,deterministic,4,0,1,3,False,below_minimum_document_support
ndipeiwo,,deterministic,4,1,2,1,False,below_minimum_document_support
ndirikuda,,deterministic,4,2,1,1,False,below_minimum_document_support
ndisati,,deterministic,4,0,2,2,False,below_minimum_document_support
ndisu,,deterministic,4,2,0,2,False,below_minimum_document_support
nditore,,deterministic,4,0,1,3,False,below_minimum_document_support
ndivana,,deterministic,4,2,0,2,False,below_minimum_document_support
ndive,,deterministic,4,4,0,0,False,below_minimum_document_support
ndokumbira,,deterministic,4,0,1,3,False,below_minimum_document_support
ndokupa,,deterministic,4,0,3,1,False,below_minimum_document_support
ndotenga,,deterministic,4,2,2,0,False,below_minimum_document_support
neboka,,deterministic,4,2,0,2,False,below_minimum_document_support
nechikoro,,deterministic,4,1,0,3,False,below_minimum_document_support
nechirungu,,deterministic,4,2,0,2,False,below_minimum_document_support
nehofisi,,deterministic,4,1,0,3,False,below_minimum_document_support
nehondo,,deterministic,4,0,1,3,False,below_minimum_document_support
nekushandisa,,deterministic,4,3,0,1,False,below_minimum_document_support
nekushaya,,deterministic,4,4,0,0,False,below_minimum_document_support
nemabasa,,deterministic,4,2,1,1,False,below_minimum_document_support
nemadhara,,deterministic,4,2,2,0,False,below_minimum_document_support
nemahure,,deterministic,4,2,1,1,False,below_minimum_document_support
nemhepo,,deterministic,4,0,0,4,False,below_minimum_document_support
nemukuru,,deterministic,4,2,0,2,False,below_minimum_document_support
nesitiroko,,deterministic,4,2,0,2,False,below_minimum_document_support
neusd,,deterministic,4,2,0,2,False,below_minimum_document_support
nevabereki,,deterministic,4,2,2,0,False,below_minimum_document_support
nevakuru,,deterministic,4,3,0,1,False,below_minimum_document_support
nezvibhorani,,deterministic,4,4,0,0,False,below_minimum_document_support
ngati,,deterministic,4,2,2,0,False,below_minimum_document_support
ngavaite,,deterministic,4,2,1,1,False,below_minimum_document_support
ngavasadaro,,deterministic,4,1,3,0,False,below_minimum_document_support
ngavatye,,deterministic,4,3,1,0,False,below_minimum_document_support
nhaka,,deterministic,4,1,0,3,False,below_minimum_document_support
nhau,,deterministic,4,3,0,1,False,below_minimum_document_support
nhumwa,,deterministic,4,0,0,4,False,below_minimum_document_support
nokuda,,deterministic,4,2,1,1,False,below_minimum_document_support
nyikainovakwanevenevayo,,deterministic,4,2,0,2,False,below_minimum_document_support
ouya,,deterministic,4,1,0,3,False,below_minimum_document_support
padyo,,deterministic,4,0,2,2,False,below_minimum_document_support
pairi,,deterministic,4,3,0,1,False,below_minimum_document_support
pakaita,,deterministic,4,2,0,2,False,below_minimum_document_support
pakatanga,,deterministic,4,3,0,1,False,below_minimum_document_support
pakona,,deterministic,4,2,0,2,False,below_minimum_document_support
pakubatsira,,deterministic,4,1,0,3,False,below_minimum_document_support
pakuda,,deterministic,4,3,0,1,False,below_minimum_document_support
pama,,deterministic,4,2,1,1,False,below_minimum_document_support
pamari,,deterministic,4,3,0,1,False,below_minimum_document_support
pamubhedha,,deterministic,4,3,0,1,False,below_minimum_document_support
pandiri,,deterministic,4,2,0,2,False,below_minimum_document_support
patafura,,deterministic,4,1,1,2,False,below_minimum_document_support
pauz,,deterministic,4,2,0,2,False,below_minimum_document_support
pavo,,deterministic,4,0,0,4,False,below_minimum_document_support
pawhatsapp,,deterministic,4,1,0,3,False,below_minimum_document_support
pazvinhu,,deterministic,4,3,0,1,False,below_minimum_document_support
peharare,,deterministic,4,1,0,3,False,below_minimum_document_support
pekupedzisira,,deterministic,4,0,2,2,False,below_minimum_document_support
pekutanga,,deterministic,4,2,0,2,False,below_minimum_document_support
polony,,deterministic,4,2,1,1,False,below_minimum_document_support
queenelizabethii,,deterministic,4,2,0,2,False,below_minimum_document_support
rakafa,,deterministic,4,2,0,2,False,below_minimum_document_support
rakapera,,deterministic,4,2,0,2,False,below_minimum_document_support
rapera,,deterministic,4,1,0,3,False,below_minimum_document_support
redzimhosva,,deterministic,4,3,0,1,False,below_minimum_document_support
remvura,,deterministic,4,3,0,1,False,below_minimum_document_support
renyika,,deterministic,4,2,0,2,False,below_minimum_document_support
repa,,deterministic,4,2,0,2,False,below_minimum_document_support
riini,,deterministic,4,1,1,2,False,below_minimum_document_support
ripi,,deterministic,4,2,2,0,False,below_minimum_document_support
riye,,deterministic,4,2,0,2,False,below_minimum_document_support
rovai,,deterministic,4,1,2,1,False,below_minimum_document_support
sachigaro,,deterministic,4,2,1,1,False,below_minimum_document_support
sadc,,deterministic,4,1,0,3,False,below_minimum_document_support
satani,,deterministic,4,3,0,1,False,below_minimum_document_support
sekunge,,deterministic,4,4,0,0,False,below_minimum_document_support
sekuti,,deterministic,4,2,0,2,False,below_minimum_document_support
semari,,deterministic,4,2,0,2,False,below_minimum_document_support
shavi,,deterministic,4,2,0,2,False,below_minimum_document_support
sikana,,deterministic,4,1,0,3,False,below_minimum_document_support
sirin'i,,deterministic,4,0,2,2,False,below_minimum_document_support
taenda,,deterministic,4,1,1,2,False,below_minimum_document_support
tafadzwa,,deterministic,4,3,1,0,False,below_minimum_document_support
tagara,,deterministic,4,2,0,2,False,below_minimum_document_support
takaenda,,deterministic,4,3,0,1,False,below_minimum_document_support
takakura,,deterministic,4,0,2,2,False,below_minimum_document_support
takaona,,deterministic,4,2,0,2,False,below_minimum_document_support
takati,,deterministic,4,2,0,2,False,below_minimum_document_support
takavarairwa,,deterministic,4,3,1,0,False,below_minimum_document_support
tambirai,,deterministic,4,3,0,1,False,below_minimum_document_support
tarenda,,deterministic,4,1,1,2,False,below_minimum_document_support
tawana,,deterministic,4,3,0,1,False,below_minimum_document_support
tenge,,deterministic,4,2,1,1,False,below_minimum_document_support
tichiita,,deterministic,4,2,1,1,False,below_minimum_document_support
tichiona,,deterministic,4,2,1,1,False,below_minimum_document_support
tingati,,deterministic,4,1,0,3,False,below_minimum_document_support
toenda,,deterministic,4,4,0,0,False,below_minimum_document_support
togona,,deterministic,4,4,0,0,False,below_minimum_document_support
tozoona,,deterministic,4,2,2,0,False,below_minimum_document_support
tsano,,deterministic,4,2,0,2,False,below_minimum_document_support
tsotsi,,deterministic,4,2,0,2,False,below_minimum_document_support
tuma,,deterministic,4,2,1,1,False,below_minimum_document_support
uchaita,,deterministic,4,1,2,1,False,below_minimum_document_support
uchifunga,,deterministic,4,2,0,2,False,below_minimum_document_support
uchitaura,,deterministic,4,1,1,2,False,below_minimum_document_support
ukada,,deterministic,4,2,0,2,False,below_minimum_document_support
ukaenda,,deterministic,4,3,0,1,False,below_minimum_document_support
ukawana,,deterministic,4,3,0,1,False,below_minimum_document_support
unga,,deterministic,4,2,1,1,False,below_minimum_document_support
ungadai,,deterministic,4,3,0,1,False,below_minimum_document_support
unobva,,deterministic,4,2,0,2,False,below_minimum_document_support
unongobhadhara,,deterministic,4,1,0,3,False,below_minimum_document_support
unotenga,,deterministic,4,2,1,1,False,below_minimum_document_support
unotora,,deterministic,4,1,0,3,False,below_minimum_document_support
usiri,,deterministic,4,3,0,1,False,below_minimum_document_support
usiye,,deterministic,4,0,1,3,False,below_minimum_document_support
uyezve,,deterministic,4,2,0,2,False,below_minimum_document_support
vachibva,,deterministic,4,2,2,0,False,below_minimum_document_support
vachidya,,deterministic,4,2,1,1,False,below_minimum_document_support
vachifarira,,deterministic,4,3,0,1,False,below_minimum_document_support
vadzidzi,,deterministic,4,3,0,1,False,below_minimum_document_support
vafana,,deterministic,4,3,1,0,False,below_minimum_document_support
vainzi,,deterministic,4,2,0,2,False,below_minimum_document_support
vakadya,,deterministic,4,1,0,3,False,below_minimum_document_support
vakafanana,,deterministic,4,2,1,1,False,below_minimum_document_support
vakafira,,deterministic,4,3,0,1,False,below_minimum_document_support
vakasaina,,deterministic,4,1,0,3,False,below_minimum_document_support
vakazvipira,,deterministic,4,0,0,4,False,below_minimum_document_support
vakuita,,deterministic,4,2,0,2,False,below_minimum_document_support
vakura,,deterministic,4,3,0,1,False,below_minimum_document_support
vakuti,,deterministic,4,2,0,2,False,below_minimum_document_support
vakuuya,,deterministic,4,3,0,1,False,below_minimum_document_support
vanobhowa,,deterministic,4,3,0,1,False,below_minimum_document_support
vanobva,,deterministic,4,2,1,1,False,below_minimum_document_support
vanodiwa,,deterministic,4,2,0,2,False,below_minimum_document_support
vanoimba,,deterministic,4,2,0,2,False,below_minimum_document_support
vanoisa,,deterministic,4,1,3,0,False,below_minimum_document_support
vanonyepa,,deterministic,4,4,0,0,False,below_minimum_document_support
vanoona,,deterministic,4,4,0,0,False,below_minimum_document_support
vanopikisa,,deterministic,4,3,0,1,False,below_minimum_document_support
vanoroya,,deterministic,4,3,0,1,False,below_minimum_document_support
vanotyisa,,deterministic,4,1,1,2,False,below_minimum_document_support
vanowana,,deterministic,4,1,1,2,False,below_minimum_document_support
vanyori,,deterministic,4,2,1,1,False,below_minimum_document_support
vanzwa,,deterministic,4,2,0,2,False,below_minimum_document_support
vaona,,deterministic,4,4,0,0,False,below_minimum_document_support
varamba,,deterministic,4,4,0,0,False,below_minimum_document_support
varikushaya,,deterministic,4,2,1,1,False,below_minimum_document_support
vasatani,,deterministic,4,3,0,1,False,below_minimum_document_support
vati,,deterministic,4,2,0,2,False,below_minimum_document_support
vatongi,,deterministic,4,1,1,2,False,below_minimum_document_support
vaudze,,deterministic,4,3,0,1,False,below_minimum_document_support
vauya,,deterministic,4,2,0,2,False,below_minimum_document_support
vawanda,,deterministic,4,0,3,1,False,below_minimum_document_support
vazorore,,deterministic,4,2,0,2,False,below_minimum_document_support
vecc,,deterministic,4,4,0,0,False,below_minimum_document_support
vemwana,,deterministic,4,2,2,0,False,below_minimum_document_support
wababa,,deterministic,4,3,0,1,False,below_minimum_document_support
wagara,,deterministic,4,3,0,1,False,below_minimum_document_support
waiona,,deterministic,4,2,1,1,False,below_minimum_document_support
wakaita,,deterministic,4,1,2,1,False,below_minimum_document_support
wakanaka,,deterministic,4,1,0,3,False,below_minimum_document_support
wanzwa,,deterministic,4,3,1,0,False,below_minimum_document_support
wasiya,,deterministic,4,2,1,1,False,below_minimum_document_support
wasvika,,deterministic,4,3,1,0,False,below_minimum_document_support
watadza,,deterministic,4,2,1,1,False,below_minimum_document_support
wataura,,deterministic,4,2,0,2,False,below_minimum_document_support
wauya,,deterministic,4,1,0,3,False,below_minimum_document_support
waya,,deterministic,4,2,1,1,False,below_minimum_document_support
weku,,deterministic,4,1,1,2,False,below_minimum_document_support
wekuti,,deterministic,4,1,1,2,False,below_minimum_document_support
wemumwe,,deterministic,4,0,0,4,False,below_minimum_document_support
wemwana,,deterministic,4,2,0,2,False,below_minimum_document_support
wezim,,deterministic,4,0,0,4,False,below_minimum_document_support
wiwa,,deterministic,4,0,2,2,False,below_minimum_document_support
woda,,deterministic,4,3,1,0,False,below_minimum_document_support
woenda,,deterministic,4,2,1,1,False,below_minimum_document_support
wonzi,,deterministic,4,1,2,1,False,below_minimum_document_support
wotanga,,deterministic,4,1,0,3,False,below_minimum_document_support
yachamisa,,deterministic,4,1,2,1,False,below_minimum_document_support
yaida,,deterministic,4,3,0,1,False,below_minimum_document_support
yaive,,deterministic,4,3,1,0,False,below_minimum_document_support
yakahwina,,deterministic,4,1,0,3,False,below_minimum_document_support
yakaitika,,deterministic,4,2,0,2,False,below_minimum_document_support
yakashata,,deterministic,4,2,0,2,False,below_minimum_document_support
yapera,,deterministic,4,0,0,4,False,below_minimum_document_support
yasvika,,deterministic,4,3,0,1,False,below_minimum_document_support
yava,,deterministic,4,2,0,2,False,below_minimum_document_support
yega,,deterministic,4,3,0,1,False,below_minimum_document_support
yehumhandara,,deterministic,4,3,0,1,False,below_minimum_document_support
yekugara,,deterministic,4,2,1,1,False,below_minimum_document_support
yekuona,,deterministic,4,3,0,1,False,below_minimum_document_support
yekuraraflat,,deterministic,4,1,1,2,False,below_minimum_document_support
yekutenga,,deterministic,4,1,1,2,False,below_minimum_document_support
yema,,deterministic,4,2,0,2,False,below_minimum_document_support
yemazuva,,deterministic,4,1,0,3,False,below_minimum_document_support
yemurume,,deterministic,4,4,0,0,False,below_minimum_document_support
yepa,,deterministic,4,1,1,2,False,below_minimum_document_support
yevarume,,deterministic,4,2,0,2,False,below_minimum_document_support
zakaria,,deterministic,4,1,0,3,False,below_minimum_document_support
zengeza,,deterministic,4,1,1,2,False,below_minimum_document_support
zii,,deterministic,4,3,1,0,False,below_minimum_document_support
zimbos,,deterministic,4,2,1,1,False,below_minimum_document_support
zrp,,deterministic,4,3,1,0,False,below_minimum_document_support
zupco,,deterministic,4,2,0,2,False,below_minimum_document_support
zvaari,,deterministic,4,4,0,0,False,below_minimum_document_support
zvadhakwa,,deterministic,4,3,0,1,False,below_minimum_document_support
zvagara,,deterministic,4,2,0,2,False,below_minimum_document_support
zvana,,deterministic,4,1,1,2,False,below_minimum_document_support
zvapera,,deterministic,4,4,0,0,False,below_minimum_document_support
zvawo,,deterministic,4,2,1,1,False,below_minimum_document_support
zveku,,deterministic,4,3,0,1,False,below_minimum_document_support
zvekupenga,,deterministic,4,2,0,2,False,below_minimum_document_support
zvekutaura,,deterministic,4,2,2,0,False,below_minimum_document_support
zvinoda,,deterministic,4,2,1,1,False,below_minimum_document_support
zvinofanirwa,,deterministic,4,1,1,2,False,below_minimum_document_support
zvinosuwisa,,deterministic,4,1,1,2,False,below_minimum_document_support
zvipi,,deterministic,4,2,1,1,False,below_minimum_document_support
zviripo,,deterministic,4,4,0,0,False,below_minimum_document_support
zvisiri,,deterministic,4,3,0,1,False,below_minimum_document_support
zviso,,deterministic,4,3,0,1,False,below_minimum_document_support
zvivakwa,,deterministic,4,1,0,3,False,below_minimum_document_support
-chikamu,,deterministic,3,1,0,2,False,below_minimum_document_support
abatwa,,deterministic,3,1,0,2,False,below_minimum_document_support
abva,,deterministic,3,0,1,2,False,below_minimum_document_support
achahwina,,deterministic,3,0,0,3,False,below_minimum_document_support
achi,,deterministic,3,2,0,1,False,below_minimum_document_support
achinge,,deterministic,3,2,1,0,False,below_minimum_document_support
achinyora,,deterministic,3,0,1,2,False,below_minimum_document_support
achirova,,deterministic,3,1,0,2,False,below_minimum_document_support
achitora,,deterministic,3,2,0,1,False,below_minimum_document_support
adii,,deterministic,3,1,2,0,False,below_minimum_document_support
aibva,,deterministic,3,2,0,1,False,below_minimum_document_support
aigara,,deterministic,3,3,0,0,False,below_minimum_document_support
aigona,,deterministic,3,1,0,2,False,below_minimum_document_support
aimbova,,deterministic,3,3,0,0,False,below_minimum_document_support
ainzi,,deterministic,3,1,0,2,False,below_minimum_document_support
aitwa,,deterministic,3,1,2,0,False,below_minimum_document_support
akabatwa,,deterministic,3,1,1,1,False,below_minimum_document_support
akabhadhara,,deterministic,3,1,1,1,False,below_minimum_document_support
akafanana,,deterministic,3,0,3,0,False,below_minimum_document_support
akaguta,,deterministic,3,2,1,0,False,below_minimum_document_support
akahwina,,deterministic,3,0,0,3,False,below_minimum_document_support
akaitwa,,deterministic,3,1,0,2,False,below_minimum_document_support
akamaka,,deterministic,3,2,0,1,False,below_minimum_document_support
akamira,,deterministic,3,1,0,2,False,below_minimum_document_support
akange,,deterministic,3,3,0,0,False,below_minimum_document_support
akangofanana,,deterministic,3,3,0,0,False,below_minimum_document_support
akangoti,,deterministic,3,0,1,2,False,below_minimum_document_support
akanyanya,,deterministic,3,2,0,1,False,below_minimum_document_support
akanyora,,deterministic,3,0,1,2,False,below_minimum_document_support
akaona,,deterministic,3,2,1,0,False,below_minimum_document_support
akaonekwa,,deterministic,3,2,0,1,False,below_minimum_document_support
akapenga,,deterministic,3,2,0,1,False,below_minimum_document_support
akapera,,deterministic,3,3,0,0,False,below_minimum_document_support
akapindwa,,deterministic,3,1,0,2,False,below_minimum_document_support
akapiwa,,deterministic,3,3,0,0,False,below_minimum_document_support
akararama,,deterministic,3,2,0,1,False,below_minimum_document_support
akashandiswa,,deterministic,3,2,0,1,False,below_minimum_document_support
akashaya,,deterministic,3,2,0,1,False,below_minimum_document_support
akatadza,,deterministic,3,1,2,0,False,below_minimum_document_support
akatsamwa,,deterministic,3,2,0,1,False,below_minimum_document_support
akavenga,,deterministic,3,2,0,1,False,below_minimum_document_support
akavharwa,,deterministic,3,2,0,1,False,below_minimum_document_support
akazoti,,deterministic,3,1,1,1,False,below_minimum_document_support
akura,,deterministic,3,2,0,1,False,below_minimum_document_support
akutaura,,deterministic,3,2,1,0,False,below_minimum_document_support
akuti,,deterministic,3,2,1,0,False,below_minimum_document_support
ambuya,,deterministic,3,2,0,1,False,below_minimum_document_support
amuka,,deterministic,3,1,1,1,False,below_minimum_document_support
anembiri,,deterministic,3,2,1,0,False,below_minimum_document_support
anerudo,,deterministic,3,1,0,2,False,below_minimum_document_support
angadai,,deterministic,3,2,0,1,False,below_minimum_document_support
angati,,deterministic,3,2,0,1,False,below_minimum_document_support
angori,,deterministic,3,1,1,1,False,below_minimum_document_support
anobuda,,deterministic,3,2,0,1,False,below_minimum_document_support
anobvisa,,deterministic,3,1,0,2,False,below_minimum_document_support
anochema,,deterministic,3,2,0,1,False,below_minimum_document_support
anodaro,,deterministic,3,1,0,2,False,below_minimum_document_support
anogadzira,,deterministic,3,2,1,0,False,below_minimum_document_support
anogadzirira,,deterministic,3,0,0,3,False,below_minimum_document_support
anomboita,,deterministic,3,2,1,0,False,below_minimum_document_support
anomutsa,,deterministic,3,2,1,0,False,below_minimum_document_support
anonyora,,deterministic,3,0,1,2,False,below_minimum_document_support
anonzwisisa,,deterministic,3,0,0,3,False,below_minimum_document_support
anopera,,deterministic,3,1,1,1,False,below_minimum_document_support
anopikisa,,deterministic,3,1,0,2,False,below_minimum_document_support
anopisa,,deterministic,3,1,1,1,False,below_minimum_document_support
anorirova,,deterministic,3,3,0,0,False,below_minimum_document_support
anoroora,,deterministic,3,2,0,1,False,below_minimum_document_support
anorwadziwa,,deterministic,3,3,0,0,False,below_minimum_document_support
anoshandisa,,deterministic,3,1,0,2,False,below_minimum_document_support
anotakura,,deterministic,3,1,2,0,False,below_minimum_document_support
anotengesa,,deterministic,3,2,0,1,False,below_minimum_document_support
anovengwa,,deterministic,3,3,0,0,False,below_minimum_document_support
anozviita,,deterministic,3,3,0,0,False,below_minimum_document_support
anzi,,deterministic,3,1,0,2,False,below_minimum_document_support
anzwa,,deterministic,3,1,0,2,False,below_minimum_document_support
arambe,,deterministic,3,2,0,1,False,below_minimum_document_support
arikupiwa,,deterministic,3,3,0,0,False,below_minimum_document_support
asangana,,deterministic,3,2,0,1,False,below_minimum_document_support
asingacheme,,deterministic,3,2,0,1,False,below_minimum_document_support
asingazive,,deterministic,3,3,0,0,False,below_minimum_document_support
atadza,,deterministic,3,3,0,0,False,below_minimum_document_support
atipa,,deterministic,3,1,1,1,False,below_minimum_document_support
atove,,deterministic,3,1,0,2,False,below_minimum_document_support
atowana,,deterministic,3,0,0,3,False,below_minimum_document_support
avana,,deterministic,3,3,0,0,False,below_minimum_document_support
avanoita,,deterministic,3,2,0,1,False,below_minimum_document_support
awane,,deterministic,3,2,0,1,False,below_minimum_document_support
ayehwa,,deterministic,3,0,0,3,False,below_minimum_document_support
babaharare,,deterministic,3,1,1,1,False,below_minimum_document_support
bamukuru,,deterministic,3,0,1,2,False,below_minimum_document_support
benzi,,deterministic,3,2,0,1,False,below_minimum_document_support
bhebhi,,deterministic,3,1,0,2,False,below_minimum_document_support
bhobho,,deterministic,3,1,0,2,False,below_minimum_document_support
bhutsu,,deterministic,3,2,0,1,False,below_minimum_document_support
bigman,,deterministic,3,2,1,0,False,below_minimum_document_support
boiz,,deterministic,3,3,0,0,False,below_minimum_document_support
boka,,deterministic,3,0,1,2,False,below_minimum_document_support
bongozozo,,deterministic,3,0,0,3,False,below_minimum_document_support
borrowdale,,deterministic,3,0,2,1,False,below_minimum_document_support
buda,,deterministic,3,2,0,1,False,below_minimum_document_support
bufu,,deterministic,3,1,1,1,False,below_minimum_document_support
butcheries,,deterministic,3,0,0,3,False,below_minimum_document_support
bvunzai,,deterministic,3,1,0,2,False,below_minimum_document_support
cerevita,,deterministic,3,1,2,0,False,below_minimum_document_support
chaipo,,deterministic,3,1,1,1,False,below_minimum_document_support
chaita,,deterministic,3,0,0,3,False,below_minimum_document_support
chaora,,deterministic,3,3,0,0,False,below_minimum_document_support
chasara,,deterministic,3,2,0,1,False,below_minimum_document_support
chava,,deterministic,3,3,0,0,False,below_minimum_document_support
chedura,,deterministic,3,1,0,2,False,below_minimum_document_support
cheharare,,deterministic,3,1,1,1,False,below_minimum_document_support
cheharare-,,deterministic,3,1,0,2,False,below_minimum_document_support
chekare,,deterministic,3,0,0,3,False,below_minimum_document_support
chekudya,,deterministic,3,1,0,2,False,below_minimum_document_support
chekuisa,,deterministic,3,1,0,2,False,below_minimum_document_support
chekutaura,,deterministic,3,2,1,0,False,below_minimum_document_support
chekuti,,deterministic,3,1,0,2,False,below_minimum_document_support
chenyu,,deterministic,3,0,1,2,False,below_minimum_document_support
chibereko,,deterministic,3,2,0,1,False,below_minimum_document_support
chichauraya,,deterministic,3,3,0,0,False,below_minimum_document_support
chiita,,deterministic,3,2,0,1,False,below_minimum_document_support
chimunya,,deterministic,3,2,1,0,False,below_minimum_document_support
chinoda,,deterministic,3,0,1,2,False,below_minimum_document_support
chinodiwa,,deterministic,3,1,1,1,False,below_minimum_document_support
chinyararire,,deterministic,3,2,0,1,False,below_minimum_document_support
chipatara,,deterministic,3,2,0,1,False,below_minimum_document_support
chiriko,,deterministic,3,3,0,0,False,below_minimum_document_support
chisina,,deterministic,3,2,1,0,False,below_minimum_document_support
chiya,,deterministic,3,2,0,1,False,below_minimum_document_support
dhongi,,deterministic,3,1,0,2,False,below_minimum_document_support
dhora,,deterministic,3,1,1,1,False,below_minimum_document_support
dovi,,deterministic,3,2,1,0,False,below_minimum_document_support
dzakanaka,,deterministic,3,1,0,2,False,below_minimum_document_support
dzakawanda,,deterministic,3,2,0,1,False,below_minimum_document_support
dzanga,,deterministic,3,3,0,0,False,below_minimum_document_support
dzava,,deterministic,3,2,0,1,False,below_minimum_document_support
dzave,,deterministic,3,2,0,1,False,below_minimum_document_support
dzega,,deterministic,3,0,1,2,False,below_minimum_document_support
dzekwababa,,deterministic,3,3,0,0,False,below_minimum_document_support
dzi,,deterministic,3,2,0,1,False,below_minimum_document_support
dzidzai,,deterministic,3,1,2,0,False,below_minimum_document_support
dzino,,deterministic,3,1,1,1,False,below_minimum_document_support
dzinoita,,deterministic,3,2,0,1,False,below_minimum_document_support
dzinosvika,,deterministic,3,0,0,3,False,below_minimum_document_support
dzinoti,,deterministic,3,0,0,3,False,below_minimum_document_support
dziriko,,deterministic,3,1,0,2,False,below_minimum_document_support
dzisina,,deterministic,3,1,2,0,False,below_minimum_document_support
dziye,,deterministic,3,3,0,0,False,below_minimum_document_support
eharare,,deterministic,3,0,0,3,False,below_minimum_document_support
eheka,,deterministic,3,1,0,2,False,below_minimum_document_support
ehuku,,deterministic,3,2,0,1,False,below_minimum_document_support
ekare,,deterministic,3,3,0,0,False,below_minimum_document_support
eku,,deterministic,3,2,0,1,False,below_minimum_document_support
ekutanga,,deterministic,3,3,0,0,False,below_minimum_document_support
endesa,,deterministic,3,2,1,0,False,below_minimum_document_support
epasi,,deterministic,3,1,1,1,False,below_minimum_document_support
ezvematongerwo,,deterministic,3,0,0,3,False,below_minimum_document_support
ezvinhu,,deterministic,3,1,1,1,False,below_minimum_document_support
faindi,,deterministic,3,1,0,2,False,below_minimum_document_support
gango,,deterministic,3,1,0,2,False,below_minimum_document_support
gotwe,,deterministic,3,3,0,0,False,below_minimum_document_support
guestandtannerrealestate,,deterministic,3,1,2,0,False,below_minimum_document_support
guka,,deterministic,3,3,0,0,False,below_minimum_document_support
gweta,,deterministic,3,3,0,0,False,below_minimum_document_support
haagone,,deterministic,3,2,0,1,False,below_minimum_document_support
haapinde,,deterministic,3,2,0,1,False,below_minimum_document_support
haatombogoni,,deterministic,3,3,0,0,False,below_minimum_document_support
haiite,,deterministic,3,1,1,1,False,below_minimum_document_support
hais,,deterministic,3,0,1,2,False,below_minimum_document_support
haite,,deterministic,3,3,0,0,False,below_minimum_document_support
haiwawo,,deterministic,3,3,0,0,False,below_minimum_document_support
haizi,,deterministic,3,1,0,2,False,below_minimum_document_support
hakudi,,deterministic,3,2,0,1,False,below_minimum_document_support
hakusisina,,deterministic,3,2,1,0,False,below_minimum_document_support
hamudi,,deterministic,3,3,0,0,False,below_minimum_document_support
hamunyare,,deterministic,3,1,0,2,False,below_minimum_document_support
hapanawo,,deterministic,3,3,0,0,False,below_minimum_document_support
harareproperties,,deterministic,3,1,1,1,False,below_minimum_document_support
haudi,,deterministic,3,3,0,0,False,below_minimum_document_support
haugoni,,deterministic,3,2,0,1,False,below_minimum_document_support
havadye,,deterministic,3,1,0,2,False,below_minimum_document_support
havaite,,deterministic,3,2,1,0,False,below_minimum_document_support
havanei,,deterministic,3,3,0,0,False,below_minimum_document_support
havasvinure,,deterministic,3,3,0,0,False,below_minimum_document_support
havatereri,,deterministic,3,2,0,1,False,below_minimum_document_support
havatide,,deterministic,3,2,1,0,False,below_minimum_document_support
havatodi,,deterministic,3,2,1,0,False,below_minimum_document_support
havazivi,,deterministic,3,3,0,0,False,below_minimum_document_support
hayas,,deterministic,3,3,0,0,False,below_minimum_document_support
hazvidi,,deterministic,3,1,0,2,False,below_minimum_document_support
heino,,deterministic,3,1,0,2,False,below_minimum_document_support
highdensity,,deterministic,3,1,1,1,False,below_minimum_document_support
hnt,,deterministic,3,3,0,0,False,below_minimum_document_support
hnty,,deterministic,3,2,0,1,False,below_minimum_document_support
hotera,,deterministic,3,2,0,1,False,below_minimum_document_support
hoyoo,,deterministic,3,0,0,3,False,below_minimum_document_support
hungwaru,,deterministic,3,3,0,0,False,below_minimum_document_support
huno,,deterministic,3,1,1,1,False,below_minimum_document_support
hunza,,deterministic,3,3,0,0,False,below_minimum_document_support
hurumende,,deterministic,3,0,1,2,False,below_minimum_document_support
husina,,deterministic,3,3,0,0,False,below_minimum_document_support
hwacho,,deterministic,3,3,0,0,False,below_minimum_document_support
hwakasimba,,deterministic,3,2,0,1,False,below_minimum_document_support
hwako,,deterministic,3,1,1,1,False,below_minimum_document_support
hwavo,,deterministic,3,3,0,0,False,below_minimum_document_support
hwejekerere,,deterministic,3,1,1,1,False,below_minimum_document_support
ichaita,,deterministic,3,1,0,2,False,below_minimum_document_support
ichienda,,deterministic,3,3,0,0,False,below_minimum_document_support
ichoo,,deterministic,3,3,0,0,False,below_minimum_document_support
idofo,,deterministic,3,2,0,1,False,below_minimum_document_support
idzodzo,,deterministic,3,1,0,2,False,below_minimum_document_support
ikaka,,deterministic,3,2,0,1,False,below_minimum_document_support
imhaka,,deterministic,3,2,0,1,False,below_minimum_document_support
imhosva,,deterministic,3,3,0,0,False,below_minimum_document_support
imwi,,deterministic,3,2,0,1,False,below_minimum_document_support
inguva,,deterministic,3,0,0,3,False,below_minimum_document_support
inobata,,deterministic,3,1,1,1,False,below_minimum_document_support
inoenda,,deterministic,3,1,0,2,False,below_minimum_document_support
inoendesa,,deterministic,3,2,0,1,False,below_minimum_document_support
inofamba,,deterministic,3,2,0,1,False,below_minimum_document_support
inofanirwa,,deterministic,3,1,0,2,False,below_minimum_document_support
inoitwa,,deterministic,3,2,1,0,False,below_minimum_document_support
inopedza,,deterministic,3,3,0,0,False,below_minimum_document_support
inorarama,,deterministic,3,3,0,0,False,below_minimum_document_support
inosara,,deterministic,3,0,2,1,False,below_minimum_document_support
inosimudzira,,deterministic,3,1,0,2,False,below_minimum_document_support
inotarisisa,,deterministic,3,0,2,1,False,below_minimum_document_support
inotengeswa,,deterministic,3,0,0,3,False,below_minimum_document_support
inotevera,,deterministic,3,2,0,1,False,below_minimum_document_support
inoti,,deterministic,3,3,0,0,False,below_minimum_document_support
inotonhora,,deterministic,3,1,1,1,False,below_minimum_document_support
inzvimbo,,deterministic,3,2,0,1,False,below_minimum_document_support
iuye,,deterministic,3,3,0,0,False,below_minimum_document_support
iwaya,,deterministic,3,2,0,1,False,below_minimum_document_support
iyewo,,deterministic,3,2,0,1,False,below_minimum_document_support
jiti,,deterministic,3,2,0,1,False,below_minimum_document_support
kamusikana,,deterministic,3,2,1,0,False,below_minimum_document_support
kangani,,deterministic,3,2,0,1,False,below_minimum_document_support
kasina,,deterministic,3,1,0,2,False,below_minimum_document_support
katalog,,deterministic,3,1,0,2,False,below_minimum_document_support
kekutanga,,deterministic,3,3,0,0,False,below_minimum_document_support
khuphe,,deterministic,3,1,1,1,False,below_minimum_document_support
kikikiki,,deterministic,3,1,0,2,False,below_minimum_document_support
komichi,,deterministic,3,2,0,1,False,below_minimum_document_support
kozoti,,deterministic,3,1,0,2,False,below_minimum_document_support
kristu,,deterministic,3,2,0,1,False,below_minimum_document_support
kubatsirwa,,deterministic,3,1,1,1,False,below_minimum_document_support
kubvunzurudza,,deterministic,3,3,0,0,False,below_minimum_document_support
kucc,,deterministic,3,0,1,2,False,below_minimum_document_support
kuchechi,,deterministic,3,1,0,2,False,below_minimum_document_support
kuchengeteka,,deterministic,3,1,1,1,False,below_minimum_document_support
kuchikurubi,,deterministic,3,1,1,1,False,below_minimum_document_support
kuchinjwa,,deterministic,3,2,0,1,False,below_minimum_document_support
kudare,,deterministic,3,1,1,1,False,below_minimum_document_support
kudivi,,deterministic,3,2,1,0,False,below_minimum_document_support
kudonhedza,,deterministic,3,0,2,1,False,below_minimum_document_support
kudura,,deterministic,3,1,0,2,False,below_minimum_document_support
kuendesa,,deterministic,3,1,1,1,False,below_minimum_document_support
kufambira,,deterministic,3,2,0,1,False,below_minimum_document_support
kufirwa,,deterministic,3,2,1,0,False,below_minimum_document_support
kugarisana,,deterministic,3,2,0,1,False,below_minimum_document_support
kugovana,,deterministic,3,1,1,1,False,below_minimum_document_support
kuguma,,deterministic,3,0,0,3,False,below_minimum_document_support
kuhotera,,deterministic,3,2,0,1,False,below_minimum_document_support
kuine,,deterministic,3,1,0,2,False,below_minimum_document_support
kuitei,,deterministic,3,2,1,0,False,below_minimum_document_support
kuiziva,,deterministic,3,1,1,1,False,below_minimum_document_support
kujeri,,deterministic,3,2,0,1,False,below_minimum_document_support
kukudza,,deterministic,3,0,0,3,False,below_minimum_document_support
kukupa,,deterministic,3,1,0,2,False,below_minimum_document_support
kumabasa,,deterministic,3,1,1,1,False,below_minimum_document_support
kumahumbwe,,deterministic,3,1,1,1,False,below_minimum_document_support
kumhandara,,deterministic,3,3,0,0,False,below_minimum_document_support
kumukadzi,,deterministic,3,3,0,0,False,below_minimum_document_support
kumurume,,deterministic,3,1,0,2,False,below_minimum_document_support
kumusangano,,deterministic,3,1,0,2,False,below_minimum_document_support
kundirova,,deterministic,3,3,0,0,False,below_minimum_document_support
kunga,,deterministic,3,2,0,1,False,below_minimum_document_support
kungoda,,deterministic,3,2,0,1,False,below_minimum_document_support
kungonzi,,deterministic,3,0,3,0,False,below_minimum_document_support
kunodiwa,,deterministic,3,2,0,1,False,below_minimum_document_support
kunoroora,,deterministic,3,0,0,3,False,below_minimum_document_support
kunosiya,,deterministic,3,0,0,3,False,below_minimum_document_support
kunyange,,deterministic,3,2,0,1,False,below_minimum_document_support
kuonana,,deterministic,3,2,0,1,False,below_minimum_document_support
kupfurwa,,deterministic,3,2,0,1,False,below_minimum_document_support
kupiko,,deterministic,3,2,1,0,False,below_minimum_document_support
kupurazi,,deterministic,3,2,0,1,False,below_minimum_document_support
kurepublic,,deterministic,3,0,0,3,False,below_minimum_document_support
kurwadza,,deterministic,3,2,0,1,False,below_minimum_document_support
kus,,deterministic,3,1,0,2,False,below_minimum_document_support
kusagona,,deterministic,3,2,0,1,False,below_minimum_document_support
kuseni,,deterministic,3,1,0,2,False,below_minimum_document_support
kushaikwa,,deterministic,3,3,0,0,False,below_minimum_document_support
kushambadzira,,deterministic,3,1,0,2,False,below_minimum_document_support
kusiri,,deterministic,3,2,0,1,False,below_minimum_document_support
kusungisa,,deterministic,3,2,0,1,False,below_minimum_document_support
kusviba,,deterministic,3,3,0,0,False,below_minimum_document_support
kuswera,,deterministic,3,1,0,2,False,below_minimum_document_support
kutambisa,,deterministic,3,2,1,0,False,below_minimum_document_support
kutarisisa,,deterministic,3,2,0,1,False,below_minimum_document_support
kutaurira,,deterministic,3,1,0,2,False,below_minimum_document_support
kutengwa,,deterministic,3,1,0,2,False,below_minimum_document_support
kuterera,,deterministic,3,2,0,1,False,below_minimum_document_support
kutii,,deterministic,3,2,1,0,False,below_minimum_document_support
kutodya,,deterministic,3,3,0,0,False,below_minimum_document_support
kutori,,deterministic,3,1,1,1,False,below_minimum_document_support
kutsvaka,,deterministic,3,2,0,1,False,below_minimum_document_support
kutukwa,,deterministic,3,2,0,1,False,below_minimum_document_support
kutuma,,deterministic,3,3,0,0,False,below_minimum_document_support
kutyisa,,deterministic,3,3,0,0,False,below_minimum_document_support
kuvanhu,,deterministic,3,1,2,0,False,below_minimum_document_support
kuvharwa,,deterministic,3,1,0,2,False,below_minimum_document_support
kuvoter,,deterministic,3,1,1,1,False,below_minimum_document_support
kuwadzana,,deterministic,3,1,1,1,False,below_minimum_document_support
kuzere,,deterministic,3,3,0,0,False,below_minimum_document_support
kuzim,,deterministic,3,1,1,1,False,below_minimum_document_support
kuzivisa,,deterministic,3,1,0,2,False,below_minimum_document_support
kuziya,,deterministic,3,2,0,1,False,below_minimum_document_support
kuzvipa,,deterministic,3,2,0,1,False,below_minimum_document_support
kuzvitaura,,deterministic,3,1,0,2,False,below_minimum_document_support
kuzviuraya,,deterministic,3,2,0,1,False,below_minimum_document_support
kwaita,,deterministic,3,2,1,0,False,below_minimum_document_support
kwaive,,deterministic,3,1,0,2,False,below_minimum_document_support
kwakakomberedzwa,,deterministic,3,1,1,1,False,below_minimum_document_support
kwakanaka,,deterministic,3,1,1,1,False,below_minimum_document_support
kwakasimba,,deterministic,3,1,0,2,False,below_minimum_document_support
kwanga,,deterministic,3,2,0,1,False,below_minimum_document_support
kwanzi,,deterministic,3,2,0,1,False,below_minimum_document_support
kwechinhu,,deterministic,3,3,0,0,False,below_minimum_document_support
kwegore,,deterministic,3,1,1,1,False,below_minimum_document_support
kweimba,,deterministic,3,1,0,2,False,below_minimum_document_support
kwezuva,,deterministic,3,1,2,0,False,below_minimum_document_support
mababe,,deterministic,3,1,0,2,False,below_minimum_document_support
mabata,,deterministic,3,0,0,3,False,below_minimum_document_support
mabhunu,identity_term,deterministic,3,3,0,0,False,below_minimum_document_support
machende,,deterministic,3,2,0,1,False,below_minimum_document_support
macomments,,deterministic,3,1,1,1,False,below_minimum_document_support
mada,,deterministic,3,2,1,0,False,below_minimum_document_support
madiki,,deterministic,3,2,0,1,False,below_minimum_document_support
madora,,deterministic,3,2,1,0,False,below_minimum_document_support
madrama,,deterministic,3,0,2,1,False,below_minimum_document_support
mafacts,,deterministic,3,1,0,2,False,below_minimum_document_support
mafans,,deterministic,3,1,1,1,False,below_minimum_document_support
mafeelings,,deterministic,3,0,2,1,False,below_minimum_document_support
mafunga,,deterministic,3,1,1,1,False,below_minimum_document_support
magadzirirwo,,deterministic,3,2,1,0,False,below_minimum_document_support
magara,,deterministic,3,1,2,0,False,below_minimum_document_support
majness,,deterministic,3,1,0,2,False,below_minimum_document_support
makadii,,deterministic,3,1,0,2,False,below_minimum_document_support
makanzura,,deterministic,3,0,1,2,False,below_minimum_document_support
makapeti,,deterministic,3,1,0,2,False,below_minimum_document_support
makomborero,,deterministic,3,2,0,1,False,below_minimum_document_support
makukutu,,deterministic,3,1,1,1,False,below_minimum_document_support
malema,,deterministic,3,1,0,2,False,below_minimum_document_support
mamuka,,deterministic,3,1,0,2,False,below_minimum_document_support
mamukasei,,deterministic,3,1,2,0,False,below_minimum_document_support
mapedza,,deterministic,3,2,0,1,False,below_minimum_document_support
masere,,deterministic,3,1,1,1,False,below_minimum_document_support
maslay,,deterministic,3,3,0,0,False,below_minimum_document_support
masofa,,deterministic,3,0,1,2,False,below_minimum_document_support
maswera,,deterministic,3,2,1,0,False,below_minimum_document_support
matanda,,deterministic,3,1,0,2,False,below_minimum_document_support
matare,,deterministic,3,2,0,1,False,below_minimum_document_support
matumbu,,deterministic,3,1,0,2,False,below_minimum_document_support
matuzvi,,deterministic,3,2,1,0,False,below_minimum_document_support
mave,,deterministic,3,3,0,0,False,below_minimum_document_support
mazinga,,deterministic,3,2,1,0,False,below_minimum_document_support
mazogara,,deterministic,3,1,0,2,False,below_minimum_document_support
mbare,,deterministic,3,2,0,1,False,below_minimum_document_support
mbwa,,deterministic,3,3,0,0,False,below_minimum_document_support
mdca,,deterministic,3,1,1,1,False,below_minimum_document_support
memukova,,deterministic,3,1,0,2,False,below_minimum_document_support
menge,,deterministic,3,2,0,1,False,below_minimum_document_support
meso,,deterministic,3,0,0,3,False,below_minimum_document_support
meya,,deterministic,3,0,1,2,False,below_minimum_document_support
mhan,,deterministic,3,2,1,0,False,below_minimum_document_support
mhanya,,deterministic,3,1,0,2,False,below_minimum_document_support
mhomho,,deterministic,3,3,0,0,False,below_minimum_document_support
mhsrip,,deterministic,3,1,0,2,False,below_minimum_document_support
minda,,deterministic,3,1,1,1,False,below_minimum_document_support
misoro,,deterministic,3,2,0,1,False,below_minimum_document_support
miti,,deterministic,3,2,0,1,False,below_minimum_document_support
mmh,,deterministic,3,1,0,2,False,below_minimum_document_support
mochema,,deterministic,3,3,0,0,False,below_minimum_document_support
modzoka,,deterministic,3,1,0,2,False,below_minimum_document_support
mofamba,,deterministic,3,2,0,1,False,below_minimum_document_support
moga,,deterministic,3,3,0,0,False,below_minimum_document_support
mogara,,deterministic,3,3,0,0,False,below_minimum_document_support
mokutumira,,deterministic,3,1,0,2,False,below_minimum_document_support
momz,,deterministic,3,1,1,1,False,below_minimum_document_support
mpfana,,deterministic,3,2,1,0,False,below_minimum_document_support
muafrica,,deterministic,3,1,0,2,False,below_minimum_document_support
mucherechedzo,,deterministic,3,1,0,2,False,below_minimum_document_support
muchiri,,deterministic,3,3,0,0,False,below_minimum_document_support
muchitaura,,deterministic,3,1,1,1,False,below_minimum_document_support
mudare,,deterministic,3,1,0,2,False,below_minimum_document_support
mudzvanyiriri,,deterministic,3,3,0,0,False,below_minimum_document_support
mufana,,deterministic,3,1,0,2,False,below_minimum_document_support
mufundisi,,deterministic,3,2,1,0,False,below_minimum_document_support
muglen,,deterministic,3,0,2,1,False,below_minimum_document_support
mugo,,deterministic,3,1,2,0,False,below_minimum_document_support
mugore,,deterministic,3,2,0,1,False,below_minimum_document_support
muguva,,deterministic,3,1,0,2,False,below_minimum_document_support
muhusungwa,,deterministic,3,0,0,3,False,below_minimum_document_support
muimba,,deterministic,3,2,0,1,False,below_minimum_document_support
muine,,deterministic,3,2,1,0,False,below_minimum_document_support
muite,,deterministic,3,2,1,0,False,below_minimum_document_support
mukaita,,deterministic,3,3,0,0,False,below_minimum_document_support
mukuona,,deterministic,3,2,0,1,False,below_minimum_document_support
mukupera,,deterministic,3,2,0,1,False,below_minimum_document_support
mumuromo,,deterministic,3,3,0,0,False,below_minimum_document_support
mumusangano,,deterministic,3,0,0,3,False,below_minimum_document_support
mumwaka,,deterministic,3,1,2,0,False,below_minimum_document_support
munational,,deterministic,3,1,0,2,False,below_minimum_document_support
munharaunda,,deterministic,3,2,0,1,False,below_minimum_document_support
munhukadzi,,deterministic,3,2,0,1,False,below_minimum_document_support
munofunga,,deterministic,3,2,1,0,False,below_minimum_document_support
munoona,,deterministic,3,2,0,1,False,below_minimum_document_support
munoziva,,deterministic,3,3,0,0,False,below_minimum_document_support
muparty,,deterministic,3,3,0,0,False,below_minimum_document_support
mupe,,deterministic,3,2,0,1,False,below_minimum_document_support
mupengo,,deterministic,3,3,0,0,False,below_minimum_document_support
mupfungwa,,deterministic,3,3,0,0,False,below_minimum_document_support
murefu,,deterministic,3,2,0,1,False,below_minimum_document_support
muriko,,deterministic,3,0,0,3,False,below_minimum_document_support
murisei,,deterministic,3,1,1,1,False,below_minimum_document_support
muroad,,deterministic,3,3,0,0,False,below_minimum_document_support
muropa,,deterministic,3,2,0,1,False,below_minimum_document_support
musatibhowe,,deterministic,3,2,0,1,False,below_minimum_document_support
mushonga,,deterministic,3,1,1,1,False,below_minimum_document_support
musipo,,deterministic,3,2,0,1,False,below_minimum_document_support
mutauriri,,deterministic,3,2,0,1,False,below_minimum_document_support
muwane,,deterministic,3,1,1,1,False,below_minimum_document_support
muzinda,,deterministic,3,0,1,2,False,below_minimum_document_support
muzive,,deterministic,3,2,1,0,False,below_minimum_document_support
mzukuru,,deterministic,3,3,0,0,False,below_minimum_document_support
naamai,,deterministic,3,2,1,0,False,below_minimum_document_support
naed,,deterministic,3,1,0,2,False,below_minimum_document_support
namadam,,deterministic,3,2,0,1,False,below_minimum_document_support
namambo,,deterministic,3,2,0,1,False,below_minimum_document_support
namwari,,deterministic,3,1,0,2,False,below_minimum_document_support
nanelson,,deterministic,3,1,1,1,False,below_minimum_document_support
ndaigara,,deterministic,3,1,0,2,False,below_minimum_document_support
ndaive,,deterministic,3,2,0,1,False,below_minimum_document_support
ndakagara,,deterministic,3,2,0,1,False,below_minimum_document_support
ndakambozvitaura,,deterministic,3,2,0,1,False,below_minimum_document_support
ndakanyora,,deterministic,3,3,0,0,False,below_minimum_document_support
ndana,,deterministic,3,1,0,2,False,below_minimum_document_support
ndanzwa,,deterministic,3,2,1,0,False,below_minimum_document_support
ndarota,,deterministic,3,0,1,2,False,below_minimum_document_support
ndataura,,deterministic,3,2,1,0,False,below_minimum_document_support
ndatora,,deterministic,3,1,1,1,False,below_minimum_document_support
ndazoona,,deterministic,3,2,0,1,False,below_minimum_document_support
ndazviona,,deterministic,3,2,1,0,False,below_minimum_document_support
ndedze,,deterministic,3,1,1,1,False,below_minimum_document_support
ndenge,,deterministic,3,1,1,1,False,below_minimum_document_support
ndezve,,deterministic,3,2,1,0,False,below_minimum_document_support
ndezvenyu,,deterministic,3,2,0,1,False,below_minimum_document_support
ndibatei,,deterministic,3,1,1,1,False,below_minimum_document_support
ndichibva,,deterministic,3,2,1,0,False,below_minimum_document_support
ndidye,,deterministic,3,0,1,2,False,below_minimum_document_support
ndiine,,deterministic,3,1,0,2,False,below_minimum_document_support
ndiite,,deterministic,3,2,1,0,False,below_minimum_document_support
ndikaita,,deterministic,3,2,1,0,False,below_minimum_document_support
ndikutengere,,deterministic,3,2,0,1,False,below_minimum_document_support
ndikuudze,,deterministic,3,2,0,1,False,below_minimum_document_support
ndimai,,deterministic,3,3,0,0,False,below_minimum_document_support
ndinenge,,deterministic,3,2,0,1,False,below_minimum_document_support
ndinoona,,deterministic,3,2,1,0,False,below_minimum_document_support
ndinoti,,deterministic,3,1,1,1,False,below_minimum_document_support
ndinotya,,deterministic,3,3,0,0,False,below_minimum_document_support
ndinoziva,,deterministic,3,1,1,1,False,below_minimum_document_support
ndisiri,,deterministic,3,2,0,1,False,below_minimum_document_support
ndogona,,deterministic,3,1,1,1,False,below_minimum_document_support
ndokuwana,,deterministic,3,1,1,1,False,below_minimum_document_support
ndoona,,deterministic,3,3,0,0,False,below_minimum_document_support
ndopinda,,deterministic,3,1,0,2,False,below_minimum_document_support
ndosiya,,deterministic,3,1,1,1,False,below_minimum_document_support
ndoti,,deterministic,3,1,1,1,False,below_minimum_document_support
ndotoda,,deterministic,3,1,0,2,False,below_minimum_document_support
nebasa,,deterministic,3,1,1,1,False,below_minimum_document_support
nebp,,deterministic,3,3,0,0,False,below_minimum_document_support
nebyo,,deterministic,3,0,0,3,False,below_minimum_document_support
necc,,deterministic,3,1,0,2,False,below_minimum_document_support
nechinhu,,deterministic,3,1,1,1,False,below_minimum_document_support
nechitatu,,deterministic,3,0,1,2,False,below_minimum_document_support
nedombo,,deterministic,3,0,0,3,False,below_minimum_document_support
nedzimba,,deterministic,3,1,0,2,False,below_minimum_document_support
nehama,,deterministic,3,2,0,1,False,below_minimum_document_support
nehanzvadzi,,deterministic,3,2,0,1,False,below_minimum_document_support
nehope,,deterministic,3,2,0,1,False,below_minimum_document_support
neimba,,deterministic,3,0,1,2,False,below_minimum_document_support
neizvi,,deterministic,3,1,1,1,False,below_minimum_document_support
neka,,deterministic,3,0,0,3,False,below_minimum_document_support
nekubva,,deterministic,3,1,0,2,False,below_minimum_document_support
nekudya,,deterministic,3,1,0,2,False,below_minimum_document_support
nekugadzira,,deterministic,3,1,0,2,False,below_minimum_document_support
nekugara,,deterministic,3,3,0,0,False,below_minimum_document_support
nekunyepa,,deterministic,3,3,0,0,False,below_minimum_document_support
nekunze,,deterministic,3,1,0,2,False,below_minimum_document_support
nekunzi,,deterministic,3,2,0,1,False,below_minimum_document_support
nekushanda,,deterministic,3,2,0,1,False,below_minimum_document_support
nekutonga,,deterministic,3,3,0,0,False,below_minimum_document_support
nekuvapa,,deterministic,3,1,0,2,False,below_minimum_document_support
nemakore,,deterministic,3,1,2,0,False,below_minimum_document_support
nemasimba,,deterministic,3,1,1,1,False,below_minimum_document_support
nemazai,,deterministic,3,0,0,3,False,below_minimum_document_support
nemazuva,,deterministic,3,1,1,1,False,below_minimum_document_support
nemhinduro,,deterministic,3,2,0,1,False,below_minimum_document_support
nemitengo,,deterministic,3,0,0,3,False,below_minimum_document_support
nemukana,,deterministic,3,1,1,1,False,below_minimum_document_support
nemusikana,,deterministic,3,0,1,2,False,below_minimum_document_support
nenhamo,,deterministic,3,3,0,0,False,below_minimum_document_support
nenharo,,deterministic,3,1,0,2,False,below_minimum_document_support
nenyama,,deterministic,3,3,0,0,False,below_minimum_document_support
nenzira,,deterministic,3,2,0,1,False,below_minimum_document_support
nephone,,deterministic,3,3,0,0,False,below_minimum_document_support
nerimwe,,deterministic,3,3,0,0,False,below_minimum_document_support
neshamwari,,deterministic,3,1,0,2,False,below_minimum_document_support
neshungu,,deterministic,3,3,0,0,False,below_minimum_document_support
netsoka,,deterministic,3,1,1,1,False,below_minimum_document_support
nevasikana,,deterministic,3,1,1,1,False,below_minimum_document_support
nevasina,,deterministic,3,1,1,1,False,below_minimum_document_support
newewo,,deterministic,3,2,1,0,False,below_minimum_document_support
ngaende,,deterministic,3,2,0,1,False,below_minimum_document_support
ngarire,,deterministic,3,1,2,0,False,below_minimum_document_support
ngarivhume,,deterministic,3,3,0,0,False,below_minimum_document_support
ngavakwane,,deterministic,3,2,0,1,False,below_minimum_document_support
ngavasiyane,,deterministic,3,3,0,0,False,below_minimum_document_support
ngazviende,,deterministic,3,2,0,1,False,below_minimum_document_support
ngwazi,,deterministic,3,3,0,0,False,below_minimum_document_support
nhaurirano,,deterministic,3,0,0,3,False,below_minimum_document_support
nhiyo,,deterministic,3,2,0,1,False,below_minimum_document_support
njanji,,deterministic,3,1,0,2,False,below_minimum_document_support
nkomo,,deterministic,3,0,1,2,False,below_minimum_document_support
nokugadzira,,deterministic,3,0,0,3,False,below_minimum_document_support
nomumwe,,deterministic,3,2,1,0,False,below_minimum_document_support
nyanzvi,,deterministic,3,1,0,2,False,below_minimum_document_support
nyarara,,deterministic,3,1,0,2,False,below_minimum_document_support
nyatso,,deterministic,3,1,2,0,False,below_minimum_document_support
nyerere,,deterministic,3,2,0,1,False,below_minimum_document_support
nywe,,deterministic,3,1,0,2,False,below_minimum_document_support
odzoka,,deterministic,3,2,1,0,False,below_minimum_document_support
oenda,,deterministic,3,3,0,0,False,below_minimum_document_support
oskid,,deterministic,3,0,0,3,False,below_minimum_document_support
pachedu,,deterministic,3,0,0,3,False,below_minimum_document_support
pachikoro,,deterministic,3,3,0,0,False,below_minimum_document_support
pachinhu,,deterministic,3,3,0,0,False,below_minimum_document_support
pachokwadi,,deterministic,3,1,0,2,False,below_minimum_document_support
pafair,,deterministic,3,2,1,0,False,below_minimum_document_support
pahafu-eka,,deterministic,3,0,1,2,False,below_minimum_document_support
pakazoita,,deterministic,3,2,1,0,False,below_minimum_document_support
pake,,deterministic,3,3,0,0,False,below_minimum_document_support
pako,,deterministic,3,2,0,1,False,below_minimum_document_support
pakubata,,deterministic,3,2,0,1,False,below_minimum_document_support
pakuisa,,deterministic,3,1,0,2,False,below_minimum_document_support
pakuona,,deterministic,3,1,0,2,False,below_minimum_document_support
pakupera,,deterministic,3,1,2,0,False,below_minimum_document_support
pakushandisa,,deterministic,3,1,0,2,False,below_minimum_document_support
pakuti,,deterministic,3,1,1,1,False,below_minimum_document_support
palunch,,deterministic,3,3,0,0,False,below_minimum_document_support
pamhepo,,deterministic,3,1,0,2,False,below_minimum_document_support
pamoto,,deterministic,3,1,0,2,False,below_minimum_document_support
panenge,,deterministic,3,1,0,2,False,below_minimum_document_support
papevensey,,deterministic,3,0,1,2,False,below_minimum_document_support
parizvino,,deterministic,3,0,0,3,False,below_minimum_document_support
parufu,,deterministic,3,2,0,1,False,below_minimum_document_support
pauri,,deterministic,3,2,0,1,False,below_minimum_document_support
pavanhu,,deterministic,3,2,1,0,False,below_minimum_document_support
pazuva,,deterministic,3,0,1,2,False,below_minimum_document_support
pedu,,deterministic,3,3,0,0,False,below_minimum_document_support
pegreat,,deterministic,3,0,1,2,False,below_minimum_document_support
pekuti,,deterministic,3,2,0,1,False,below_minimum_document_support
penga,,deterministic,3,0,1,2,False,below_minimum_document_support
pengere,,deterministic,3,2,1,0,False,below_minimum_document_support
pepamusoro,,deterministic,3,3,0,0,False,below_minimum_document_support
pevensey,,deterministic,3,0,1,2,False,below_minimum_document_support
pipo,,deterministic,3,1,1,1,False,below_minimum_document_support
rakaipa,,deterministic,3,0,0,3,False,below_minimum_document_support
rakajeka,,deterministic,3,1,0,2,False,below_minimum_document_support
rakawanda,,deterministic,3,2,0,1,False,below_minimum_document_support
ranhasi,,deterministic,3,1,0,2,False,below_minimum_document_support
rati,,deterministic,3,3,0,0,False,below_minimum_document_support
rawsonproperties,,deterministic,3,0,0,3,False,below_minimum_document_support
rbz,,deterministic,3,1,1,1,False,below_minimum_document_support
rechitungwiza,,deterministic,3,1,0,2,False,below_minimum_document_support
redourne,,deterministic,3,2,0,1,False,below_minimum_document_support
redura,,deterministic,3,1,0,2,False,below_minimum_document_support
rekudya,,deterministic,3,1,1,1,False,below_minimum_document_support
rekudzidzisa,,deterministic,3,2,0,1,False,below_minimum_document_support
rekugadzirira,,deterministic,3,1,0,2,False,below_minimum_document_support
rekupedzisira,,deterministic,3,2,0,1,False,below_minimum_document_support
reshadaya,,deterministic,3,1,2,0,False,below_minimum_document_support
rezanu,,deterministic,3,2,0,1,False,below_minimum_document_support
richinzi,,deterministic,3,2,1,0,False,below_minimum_document_support
riinhi,,deterministic,3,3,0,0,False,below_minimum_document_support
rimwechete,,deterministic,3,0,1,2,False,below_minimum_document_support
rinogona,,deterministic,3,1,0,2,False,below_minimum_document_support
rinopikisa,,deterministic,3,1,0,2,False,below_minimum_document_support
rinoshanda,,deterministic,3,2,0,1,False,below_minimum_document_support
rinoti,,deterministic,3,0,1,2,False,below_minimum_document_support
ririko,,deterministic,3,2,0,1,False,below_minimum_document_support
roda,,deterministic,3,1,0,2,False,below_minimum_document_support
roorai,,deterministic,3,1,1,1,False,below_minimum_document_support
rudzii,,deterministic,3,2,1,0,False,below_minimum_document_support
ruremekedzo,,deterministic,3,2,0,1,False,below_minimum_document_support
rutendo,,deterministic,3,2,0,1,False,below_minimum_document_support
rwedu,,deterministic,3,1,1,1,False,below_minimum_document_support
rwerudyi,,deterministic,3,2,0,1,False,below_minimum_document_support
ryt,,deterministic,3,2,0,1,False,below_minimum_document_support
salani,,deterministic,3,2,1,0,False,below_minimum_document_support
satanist,,deterministic,3,1,1,1,False,below_minimum_document_support
seke,,deterministic,3,0,0,3,False,below_minimum_document_support
semurume,,deterministic,3,1,1,1,False,below_minimum_document_support
seni,,deterministic,3,2,0,1,False,below_minimum_document_support
sevanhu,,deterministic,3,0,1,2,False,below_minimum_document_support
sezvo,,deterministic,3,1,0,2,False,below_minimum_document_support
shamhu,,deterministic,3,2,0,1,False,below_minimum_document_support
shava,,deterministic,3,0,0,3,False,below_minimum_document_support
shld,,deterministic,3,1,0,2,False,below_minimum_document_support
shud,,deterministic,3,2,0,1,False,below_minimum_document_support
simp,,deterministic,3,3,0,0,False,below_minimum_document_support
southerton,,deterministic,3,2,0,1,False,below_minimum_document_support
sungai,,deterministic,3,3,0,0,False,below_minimum_document_support
svosve,,deterministic,3,1,0,2,False,below_minimum_document_support
takafamba,,deterministic,3,1,1,1,False,below_minimum_document_support
takamirira,,deterministic,3,1,0,2,False,below_minimum_document_support
takanga,,deterministic,3,1,2,0,False,below_minimum_document_support
takawirirana,,deterministic,3,2,1,0,False,below_minimum_document_support
takuda,,deterministic,3,1,0,2,False,below_minimum_document_support
takuita,,deterministic,3,2,0,1,False,below_minimum_document_support
tamirira,,deterministic,3,0,1,2,False,below_minimum_document_support
tane,,deterministic,3,1,0,2,False,below_minimum_document_support
tarisiro,,deterministic,3,1,1,1,False,below_minimum_document_support
taswera,,deterministic,3,2,0,1,False,below_minimum_document_support
tatelicious,,deterministic,3,1,0,2,False,below_minimum_document_support
tega,,deterministic,3,3,0,0,False,below_minimum_document_support
temba,,deterministic,3,0,2,1,False,below_minimum_document_support
tengai,,deterministic,3,2,0,1,False,below_minimum_document_support
terezim,,deterministic,3,0,0,3,False,below_minimum_document_support
thehubzw,,deterministic,3,0,2,1,False,below_minimum_document_support
ticha,,deterministic,3,2,0,1,False,below_minimum_document_support
tichinzwa,,deterministic,3,2,0,1,False,below_minimum_document_support
tikati,,deterministic,3,1,1,1,False,below_minimum_document_support
tikunzwei,,deterministic,3,1,1,1,False,below_minimum_document_support
tinofa,,deterministic,3,1,0,2,False,below_minimum_document_support
tinoona,,deterministic,3,1,1,1,False,below_minimum_document_support
tinotenda,,deterministic,3,0,0,3,False,below_minimum_document_support
tinotumira,,deterministic,3,0,0,3,False,below_minimum_document_support
tinzwe,,deterministic,3,2,0,1,False,below_minimum_document_support
tipei,,deterministic,3,2,1,0,False,below_minimum_document_support
tipeiwo,,deterministic,3,2,0,1,False,below_minimum_document_support
tiriko,,deterministic,3,0,1,2,False,below_minimum_document_support
tisati,,deterministic,3,1,0,2,False,below_minimum_document_support
tokuzivai,,deterministic,3,3,0,0,False,below_minimum_document_support
tonderai,,deterministic,3,3,0,0,False,below_minimum_document_support
torai,,deterministic,3,2,0,1,False,below_minimum_document_support
tovapa,,deterministic,3,1,1,1,False,below_minimum_document_support
tsaga,,deterministic,3,1,1,1,False,below_minimum_document_support
tsaona,,deterministic,3,1,1,1,False,below_minimum_document_support
tuckshop,,deterministic,3,1,1,1,False,below_minimum_document_support
tusina,,deterministic,3,3,0,0,False,below_minimum_document_support
tuvana,,deterministic,3,2,1,0,False,below_minimum_document_support
uchienda,,deterministic,3,0,0,3,False,below_minimum_document_support
uchigona,,deterministic,3,1,1,1,False,below_minimum_document_support
uda,,deterministic,3,3,0,0,False,below_minimum_document_support
udza,,deterministic,3,2,1,0,False,below_minimum_document_support
ufunge,,deterministic,3,0,0,3,False,below_minimum_document_support
uise,,deterministic,3,1,1,1,False,below_minimum_document_support
uite,,deterministic,3,1,0,2,False,below_minimum_document_support
ukaita,,deterministic,3,1,0,2,False,below_minimum_document_support
ukanzwa,,deterministic,3,2,0,1,False,below_minimum_document_support
ukaramba,,deterministic,3,2,0,1,False,below_minimum_document_support
ukauya,,deterministic,3,1,1,1,False,below_minimum_document_support
ukuti,,deterministic,3,1,1,1,False,below_minimum_document_support
ukuziva,,deterministic,3,1,0,2,False,below_minimum_document_support
unhu,,deterministic,3,1,0,2,False,below_minimum_document_support
unodya,,deterministic,3,1,1,1,False,below_minimum_document_support
unogwara,,deterministic,3,3,0,0,False,below_minimum_document_support
unokwira,,deterministic,3,2,0,1,False,below_minimum_document_support
unongowona,,deterministic,3,3,0,0,False,below_minimum_document_support
unoreva,,deterministic,3,1,2,0,False,below_minimum_document_support
unoswera,,deterministic,3,2,0,1,False,below_minimum_document_support
unouya,,deterministic,3,2,0,1,False,below_minimum_document_support
unozoona,,deterministic,3,0,0,3,False,below_minimum_document_support
usanyebere,,deterministic,3,3,0,0,False,below_minimum_document_support
usanyepe,,deterministic,3,3,0,0,False,below_minimum_document_support
usingaite,,deterministic,3,2,0,1,False,below_minimum_document_support
utengese,,deterministic,3,0,0,3,False,below_minimum_document_support
uve,,deterministic,3,3,0,0,False,below_minimum_document_support
uzere,,deterministic,3,3,0,0,False,below_minimum_document_support
vabatwa,,deterministic,3,2,0,1,False,below_minimum_document_support
vaburitswe,,deterministic,3,1,0,2,False,below_minimum_document_support
vachange,,deterministic,3,1,0,2,False,below_minimum_document_support
vachiba,,deterministic,3,2,1,0,False,below_minimum_document_support
vachifunga,,deterministic,3,1,1,1,False,below_minimum_document_support
vachikumbira,,deterministic,3,1,2,0,False,below_minimum_document_support
vachirarama,,deterministic,3,3,0,0,False,below_minimum_document_support
vachisiya,,deterministic,3,1,1,1,False,below_minimum_document_support
vachitaura,,deterministic,3,2,1,0,False,below_minimum_document_support
vachitsvaga,,deterministic,3,1,0,2,False,below_minimum_document_support
vadii,,deterministic,3,1,2,0,False,below_minimum_document_support
vadya,,deterministic,3,2,0,1,False,below_minimum_document_support
vafa,,deterministic,3,2,0,1,False,below_minimum_document_support
vafunga,,deterministic,3,2,0,1,False,below_minimum_document_support
vagare,,deterministic,3,2,0,1,False,below_minimum_document_support
vahanzvadzi,,deterministic,3,1,0,2,False,below_minimum_document_support
vaida,,deterministic,3,0,1,2,False,below_minimum_document_support
vaimbove,,deterministic,3,1,0,2,False,below_minimum_document_support
vaisada,,deterministic,3,3,0,0,False,below_minimum_document_support
vaiva,,deterministic,3,2,0,1,False,below_minimum_document_support
vakabva,,deterministic,3,1,2,0,False,below_minimum_document_support
vakadimburwa,,deterministic,3,3,0,0,False,below_minimum_document_support
vakadzokera,,deterministic,3,3,0,0,False,below_minimum_document_support
vakakuona,,deterministic,3,1,0,2,False,below_minimum_document_support
vakamirira,,deterministic,3,1,1,1,False,below_minimum_document_support
vakangwara,,deterministic,3,1,0,2,False,below_minimum_document_support
vakanzi,,deterministic,3,2,1,0,False,below_minimum_document_support
vakaoma,,deterministic,3,1,2,0,False,below_minimum_document_support
vakapa,,deterministic,3,0,1,2,False,below_minimum_document_support
vakapedza,,deterministic,3,2,1,0,False,below_minimum_document_support
vakatanga,,deterministic,3,1,0,2,False,below_minimum_document_support
vakatarisa,,deterministic,3,2,0,1,False,below_minimum_document_support
vakatsamwa,,deterministic,3,2,0,1,False,below_minimum_document_support
vakazara,,deterministic,3,1,0,2,False,below_minimum_document_support
vaku,,deterministic,3,2,0,1,False,below_minimum_document_support
vakuenda,,deterministic,3,3,0,0,False,below_minimum_document_support
vakufunga,,deterministic,3,2,0,1,False,below_minimum_document_support
vakumbira,,deterministic,3,1,2,0,False,below_minimum_document_support
vakutsvaga,,deterministic,3,2,1,0,False,below_minimum_document_support
vandiri,,deterministic,3,0,2,1,False,below_minimum_document_support
vaneta,,deterministic,3,2,1,0,False,below_minimum_document_support
vanochema,,deterministic,3,1,2,0,False,below_minimum_document_support
vanodzidza,,deterministic,3,2,1,0,False,below_minimum_document_support
vanogeza,,deterministic,3,1,1,1,False,below_minimum_document_support
vanohura,,deterministic,3,3,0,0,False,below_minimum_document_support
vanokumbira,,deterministic,3,2,0,1,False,below_minimum_document_support
vanokura,,deterministic,3,0,0,3,False,below_minimum_document_support
vanonamatira,,deterministic,3,2,0,1,False,below_minimum_document_support
vanonwa,,deterministic,3,3,0,0,False,below_minimum_document_support
vanonyora,,deterministic,3,2,0,1,False,below_minimum_document_support
vanopa,,deterministic,3,0,1,2,False,below_minimum_document_support
vanopfeka,,deterministic,3,1,1,1,False,below_minimum_document_support
vanorarama,,deterministic,3,1,0,2,False,below_minimum_document_support
vanorova,,deterministic,3,3,0,0,False,below_minimum_document_support
vanoshamisa,,deterministic,3,2,0,1,False,below_minimum_document_support
vanosiyana,,deterministic,3,1,1,1,False,below_minimum_document_support
vanosvika,,deterministic,3,1,2,0,False,below_minimum_document_support
vanotya,,deterministic,3,2,0,1,False,below_minimum_document_support
vanouya,,deterministic,3,2,1,0,False,below_minimum_document_support
vanovhunduka,,deterministic,3,1,1,1,False,below_minimum_document_support
vapera,,deterministic,3,3,0,0,False,below_minimum_document_support
vapi,,deterministic,3,0,2,1,False,below_minimum_document_support
varikuda,,deterministic,3,3,0,0,False,below_minimum_document_support
varikungo,,deterministic,3,3,0,0,False,below_minimum_document_support
varimi,,deterministic,3,0,0,3,False,below_minimum_document_support
varimo,,deterministic,3,1,1,1,False,below_minimum_document_support
vashadhaya,,deterministic,3,1,1,1,False,below_minimum_document_support
vaskana,,deterministic,3,1,2,0,False,below_minimum_document_support
vatange,,deterministic,3,2,0,1,False,below_minimum_document_support
vatendi,,deterministic,3,1,2,0,False,below_minimum_document_support
vatore,,deterministic,3,1,1,1,False,below_minimum_document_support
vatumwa,,deterministic,3,2,1,0,False,below_minimum_document_support
vaungana,,deterministic,3,1,0,2,False,below_minimum_document_support
vawo,,deterministic,3,3,0,0,False,below_minimum_document_support
vazive,,deterministic,3,2,1,0,False,below_minimum_document_support
vebenzi,,deterministic,3,1,0,2,False,below_minimum_document_support
veko,,deterministic,3,2,0,1,False,below_minimum_document_support
vekuchitungwiza,,deterministic,3,1,0,2,False,below_minimum_document_support
vekumasvingo,,deterministic,3,1,0,2,False,below_minimum_document_support
vekumba,,deterministic,3,1,2,0,False,below_minimum_document_support
vekuti,,deterministic,3,0,0,3,False,below_minimum_document_support
vekuziva,,deterministic,3,1,1,1,False,below_minimum_document_support
vele,,deterministic,3,0,1,2,False,below_minimum_document_support
vemazuva,,deterministic,3,1,1,1,False,below_minimum_document_support
vemba,,deterministic,3,2,0,1,False,below_minimum_document_support
vemuafrica,,deterministic,3,1,1,1,False,below_minimum_document_support
vemuzim,,deterministic,3,2,1,0,False,below_minimum_document_support
venzvimbo,,deterministic,3,2,0,1,False,below_minimum_document_support
vesangano,,deterministic,3,2,0,1,False,below_minimum_document_support
vhidhiyo,,deterministic,3,1,0,2,False,below_minimum_document_support
vhoterawo,,deterministic,3,1,2,0,False,below_minimum_document_support
vocomplainer,,deterministic,3,1,2,0,False,below_minimum_document_support
voita,,deterministic,3,2,1,0,False,below_minimum_document_support
vorudzi,,deterministic,3,2,0,1,False,below_minimum_document_support
wadiwa,,deterministic,3,2,1,0,False,below_minimum_document_support
wafa,,deterministic,3,3,0,0,False,below_minimum_document_support
waiziva,,deterministic,3,3,0,0,False,below_minimum_document_support
wajaira,,deterministic,3,3,0,0,False,below_minimum_document_support
wakadya,,deterministic,3,2,0,1,False,below_minimum_document_support
wakakura,,deterministic,3,2,1,0,False,below_minimum_document_support
wakamira,,deterministic,3,1,0,2,False,below_minimum_document_support
wakaona,,deterministic,3,3,0,0,False,below_minimum_document_support
wakashata,,deterministic,3,2,1,0,False,below_minimum_document_support
wakashinga,,deterministic,3,1,0,2,False,below_minimum_document_support
wamunoti,,deterministic,3,0,1,2,False,below_minimum_document_support
wanano,,deterministic,3,0,1,2,False,below_minimum_document_support
wanyepa,,deterministic,3,2,0,1,False,below_minimum_document_support
wasangana,,deterministic,3,2,0,1,False,below_minimum_document_support
watanga,,deterministic,3,3,0,0,False,below_minimum_document_support
watopedza,,deterministic,3,0,1,2,False,below_minimum_document_support
webasa,,deterministic,3,1,0,2,False,below_minimum_document_support
wechina,,deterministic,3,0,1,2,False,below_minimum_document_support
wecitizens,,deterministic,3,1,1,1,False,below_minimum_document_support
wedare,,deterministic,3,2,0,1,False,below_minimum_document_support
weguta,,deterministic,3,1,0,2,False,below_minimum_document_support
wehure,,deterministic,3,2,0,1,False,below_minimum_document_support
wekenya,,deterministic,3,1,1,1,False,below_minimum_document_support
wekuroora,,deterministic,3,2,0,1,False,below_minimum_document_support
wemari,,deterministic,3,2,0,1,False,below_minimum_document_support
wembudzi,,deterministic,3,1,2,0,False,below_minimum_document_support
wemhando,,deterministic,3,1,0,2,False,below_minimum_document_support
wemuharare,,deterministic,3,2,0,1,False,below_minimum_document_support
wemurume,,deterministic,3,3,0,0,False,below_minimum_document_support
wemusango,,deterministic,3,1,0,2,False,below_minimum_document_support
wepa,,deterministic,3,1,0,2,False,below_minimum_document_support
weparaffin,,deterministic,3,2,0,1,False,below_minimum_document_support
weparamende,,deterministic,3,2,0,1,False,below_minimum_document_support
weparty,,deterministic,3,3,0,0,False,below_minimum_document_support
wokupedzisira,,deterministic,3,1,1,1,False,below_minimum_document_support
wotoona,,deterministic,3,0,2,1,False,below_minimum_document_support
woyee,,deterministic,3,2,0,1,False,below_minimum_document_support
yaah,,deterministic,3,3,0,0,False,below_minimum_document_support
yabuda,,deterministic,3,1,1,1,False,below_minimum_document_support
yadarika,,deterministic,3,1,1,1,False,below_minimum_document_support
yakaderera,,deterministic,3,0,2,1,False,below_minimum_document_support
yakafa,,deterministic,3,3,0,0,False,below_minimum_document_support
yakanzi,,deterministic,3,2,0,1,False,below_minimum_document_support
yakapera,,deterministic,3,1,1,1,False,below_minimum_document_support
yakazvigarira,,deterministic,3,0,1,2,False,below_minimum_document_support
yamuka,,deterministic,3,0,0,3,False,below_minimum_document_support
yaona,,deterministic,3,2,1,0,False,below_minimum_document_support
yasara,,deterministic,3,1,1,1,False,below_minimum_document_support
yashadaya,,deterministic,3,2,1,0,False,below_minimum_document_support
yati,,deterministic,3,1,1,1,False,below_minimum_document_support
yatova,,deterministic,3,2,1,0,False,below_minimum_document_support
yechikafu,,deterministic,3,1,1,1,False,below_minimum_document_support
yechokwadi,,deterministic,3,2,1,0,False,below_minimum_document_support
yedura,,deterministic,3,2,0,1,False,below_minimum_document_support
yeguta,,deterministic,3,2,0,1,False,below_minimum_document_support
yekugeza,,deterministic,3,2,0,1,False,below_minimum_document_support
yekuraracottage,,deterministic,3,0,0,3,False,below_minimum_document_support
yekuwana,,deterministic,3,2,0,1,False,below_minimum_document_support
yemhosva,,deterministic,3,3,0,0,False,below_minimum_document_support
yemombe,,deterministic,3,2,0,1,False,below_minimum_document_support
yemukadzi,,deterministic,3,1,0,2,False,below_minimum_document_support
yemukati,,deterministic,3,0,0,3,False,below_minimum_document_support
yepamusoro,,deterministic,3,1,0,2,False,below_minimum_document_support
yevanhu,,deterministic,3,3,0,0,False,below_minimum_document_support
yezuva,,deterministic,3,2,1,0,False,below_minimum_document_support
zhakata,,deterministic,3,0,0,3,False,below_minimum_document_support
ziff,,deterministic,3,0,0,3,False,below_minimum_document_support
zinara,,deterministic,3,2,0,1,False,below_minimum_document_support
zinwa,,deterministic,3,2,1,0,False,below_minimum_document_support
zondo,,deterministic,3,0,1,2,False,below_minimum_document_support
zvaanoda,,deterministic,3,1,0,2,False,below_minimum_document_support
zvakabuda,,deterministic,3,1,1,1,False,below_minimum_document_support
zvakabva,,deterministic,3,3,0,0,False,below_minimum_document_support
zvakasanganiswa,,deterministic,3,1,1,1,False,below_minimum_document_support
zvamanje,,deterministic,3,3,0,0,False,below_minimum_document_support
zvanga,,deterministic,3,2,1,0,False,below_minimum_document_support
zvanyanya,,deterministic,3,3,0,0,False,below_minimum_document_support
zvaunoita,,deterministic,3,1,0,2,False,below_minimum_document_support
zvavanoita,,deterministic,3,1,2,0,False,below_minimum_document_support
zvave,,deterministic,3,2,1,0,False,below_minimum_document_support
zvebhora,,deterministic,3,1,0,2,False,below_minimum_document_support
zvee,,deterministic,3,3,0,0,False,below_minimum_document_support
zvekudaro,,deterministic,3,1,0,2,False,below_minimum_document_support
zvekugara,,deterministic,3,1,0,2,False,below_minimum_document_support
zvekupa,,deterministic,3,2,0,1,False,below_minimum_document_support
zvemagaro,,deterministic,3,1,0,2,False,below_minimum_document_support
zvemashuwa,,deterministic,3,0,1,2,False,below_minimum_document_support
zvepa,,deterministic,3,2,0,1,False,below_minimum_document_support
zverudo,,deterministic,3,1,0,2,False,below_minimum_document_support
zvevana,,deterministic,3,0,0,3,False,below_minimum_document_support
zvi,,deterministic,3,1,0,2,False,below_minimum_document_support
zvichange,,deterministic,3,0,2,1,False,below_minimum_document_support
zvichienda,,deterministic,3,0,2,1,False,below_minimum_document_support
zvigaro,,deterministic,3,2,0,1,False,below_minimum_document_support
zvikaita,,deterministic,3,1,0,2,False,below_minimum_document_support
zvikumbiro,,deterministic,3,2,1,0,False,below_minimum_document_support
zvikwereti,,deterministic,3,3,0,0,False,below_minimum_document_support
zvima,,deterministic,3,1,0,2,False,below_minimum_document_support
zvinenge,,deterministic,3,2,0,1,False,below_minimum_document_support
zvinogona,,deterministic,3,2,0,1,False,below_minimum_document_support
zvinonzi,,deterministic,3,1,1,1,False,below_minimum_document_support
zvinorevei,,deterministic,3,1,0,2,False,below_minimum_document_support
zvirimo,,deterministic,3,2,0,1,False,below_minimum_document_support
zviripachena,,deterministic,3,1,1,1,False,below_minimum_document_support
zvirizvo,,deterministic,3,3,0,0,False,below_minimum_document_support
zvisungo,,deterministic,3,0,0,3,False,below_minimum_document_support
zvivindi,,deterministic,3,2,1,0,False,below_minimum_document_support
zvizvarwa,,deterministic,3,1,1,1,False,below_minimum_document_support
zvoita,,deterministic,3,2,0,1,False,below_minimum_document_support
zvokwadi,,deterministic,3,2,0,1,False,below_minimum_document_support
akapihwa,,deterministic,2,1,1,0,False,below_minimum_document_support
anobika,,deterministic,2,0,2,0,False,below_minimum_document_support
aripano,,deterministic,2,2,0,0,False,below_minimum_document_support
asiya,,deterministic,2,2,0,0,False,below_minimum_document_support
budiriro,,deterministic,2,1,0,1,False,below_minimum_document_support
chegumi,,deterministic,2,0,0,2,False,below_minimum_document_support
chenyika,,deterministic,2,1,0,1,False,below_minimum_document_support
chinopa,,deterministic,2,1,0,1,False,below_minimum_document_support
dhuma,,deterministic,2,1,1,0,False,below_minimum_document_support
dzachamisa,,deterministic,2,2,0,0,False,below_minimum_document_support
edworks,,deterministic,2,0,0,2,False,below_minimum_document_support
edzimhosva,,deterministic,2,1,1,0,False,below_minimum_document_support
hatizvidi,,deterministic,2,1,1,0,False,below_minimum_document_support
heya,,deterministic,2,0,0,2,False,below_minimum_document_support
kty,,deterministic,2,2,0,0,False,below_minimum_document_support
kunanga,,deterministic,2,1,1,0,False,below_minimum_document_support
kwega,,deterministic,2,1,0,1,False,below_minimum_document_support
kwekutonga,,deterministic,2,1,1,0,False,below_minimum_document_support
kwemanyepo,,deterministic,2,2,0,0,False,below_minimum_document_support
macondom,,deterministic,2,1,1,0,False,below_minimum_document_support
makudo,,deterministic,2,0,1,1,False,below_minimum_document_support
muchishona,,deterministic,2,0,1,1,False,below_minimum_document_support
mupot,,deterministic,2,0,2,0,False,below_minimum_document_support
namalema,,deterministic,2,2,0,0,False,below_minimum_document_support
natezvara,,deterministic,2,0,1,1,False,below_minimum_document_support
neguta,,deterministic,2,0,1,1,False,below_minimum_document_support
nekuona,,deterministic,2,1,0,1,False,below_minimum_document_support
nekutumira,,deterministic,2,1,1,0,False,below_minimum_document_support
nezanupf,,deterministic,2,1,0,1,False,below_minimum_document_support
nhembe,,deterministic,2,0,1,1,False,below_minimum_document_support
padura,,deterministic,2,2,0,0,False,below_minimum_document_support
patsva,,deterministic,2,0,1,1,False,below_minimum_document_support
prblm,,deterministic,2,1,0,1,False,below_minimum_document_support
rakataurwa,,deterministic,2,1,0,1,False,below_minimum_document_support
realpremiumspices,,deterministic,2,0,1,1,False,below_minimum_document_support
remitemo,,deterministic,2,1,1,0,False,below_minimum_document_support
rive,,deterministic,2,1,0,1,False,below_minimum_document_support
rufaro,,deterministic,2,0,0,2,False,below_minimum_document_support
siyayi,,deterministic,2,2,0,0,False,below_minimum_document_support
southlea,,deterministic,2,0,1,1,False,below_minimum_document_support
stereki,,deterministic,2,1,0,1,False,below_minimum_document_support
thaza,,deterministic,2,0,1,1,False,below_minimum_document_support
tiudze,,deterministic,2,1,1,0,False,below_minimum_document_support
tsisi,,deterministic,2,1,0,1,False,below_minimum_document_support
twu,,deterministic,2,1,1,0,False,below_minimum_document_support
u're,,deterministic,2,2,0,0,False,below_minimum_document_support
uchinge,,deterministic,2,1,1,0,False,below_minimum_document_support
vagadziri,,deterministic,2,1,0,1,False,below_minimum_document_support
vakamboita,,deterministic,2,0,0,2,False,below_minimum_document_support
vakaronga,,deterministic,2,0,0,2,False,below_minimum_document_support
vakaroorana,,deterministic,2,1,0,1,False,below_minimum_document_support
vanorwirawo,,deterministic,2,0,0,2,False,below_minimum_document_support
varikutiza,,deterministic,2,1,1,0,False,below_minimum_document_support
wamwari,,deterministic,2,1,0,1,False,below_minimum_document_support
wemukuwasha,,deterministic,2,0,1,1,False,below_minimum_document_support
woga,,deterministic,2,1,0,1,False,below_minimum_document_support
zvaivapo,,deterministic,2,0,2,0,False,below_minimum_document_support
zvega,,deterministic,2,2,0,0,False,below_minimum_document_support
zvigadziriswe,,deterministic,2,0,0,2,False,below_minimum_document_support
zvinei,,deterministic,2,2,0,0,False,below_minimum_document_support
buat,,deterministic,1,0,1,0,False,below_minimum_document_support
chamba,,deterministic,1,1,0,0,False,below_minimum_document_support
chega,,deterministic,1,0,0,1,False,below_minimum_document_support
humbula,,deterministic,1,1,0,0,False,below_minimum_document_support
icha,,deterministic,1,0,0,1,False,below_minimum_document_support
kubhaibheri,,deterministic,1,0,1,0,False,below_minimum_document_support
maside,,deterministic,1,0,0,1,False,below_minimum_document_support
mayasi,,deterministic,1,1,0,0,False,below_minimum_document_support
pamushandi,,deterministic,1,0,0,1,False,below_minimum_document_support
prie,,deterministic,1,0,1,0,False,below_minimum_document_support
svisvimha,,deterministic,1,1,0,0,False,below_minimum_document_support
yegukurahundi,,deterministic,1,0,0,1,False,below_minimum_document_support
