word,review_flag,candidate_source,df_total,neg_count,neu_count,pos_count,pmi_neg,pmi_neu,pmi_pos,delta_pmi_pos_minus_neg,fisher_odds_ratio,fisher_p_value,bootstrap_ci_low,bootstrap_ci_high,bootstrap_ci_excludes_zero,direction,direction_stability,dominant_share,wilson_lower,wilson_upper,score_minus9_to9,bh_adjusted_p_value,survives_fdr,statistical_keep,statistical_reject_reasons
vana,,deterministic,585,350,114,121,0.30002641362801574,0.104012104748612,-0.6782480800886814,-0.9782744937166972,0.48233724592041227,3.1140095271769e-12,-1.2709118171550084,-0.7093220657598114,True,NEG,1.0,0.5982905982905983,0.5580473007876305,0.6372514477589086,-4,1.4698124968274967e-09,True,True,
propertybookzw,,deterministic,36,2,3,31,-2.8276153238740473,-0.9241359596695293,1.3779201414266522,4.2055354653006995,22.95918762088975,1.2692417835158754e-10,2.8841259706956484,6.789100434021555,True,POS,1.0,0.8611111111111112,0.713404696106438,0.9391818499086717,7,2.995410609097466e-08,True,True,
uyu,suspected_non_content_seed,deterministic,718,399,147,172,0.1934884865892479,0.17406047494475052,-0.4679270179850521,-0.6614155045743,0.6053431450967846,7.662421844454161e-08,-0.9111466748897935,-0.4082464261935532,True,NEG,1.0,0.5557103064066853,0.519164577999311,0.5916630823164317,-3,1.2055543701941214e-05,True,True,
yekuroja,,deterministic,14,0,1,13,-3.8176998550089642,-0.8146848172535321,1.4873712838426494,5.305071138851614,inf,7.941981250091876e-06,4.271468885779811,5.9209441650415044,True,POS,1.0,0.9285714285714286,0.6853129557584889,0.9872777847521093,8,0.0007497230300086732,True,True,
redmarketsunday,,deterministic,13,0,0,13,-3.7146063620448597,-2.2965538250105855,1.590464776806754,5.305071138851614,inf,7.941981250091876e-06,4.406599495918407,5.924234794835591,True,POS,1.0,1.0,0.7719046276458016,0.9999999999999999,9,0.0007497230300086732,True,True,
yekurara,,deterministic,15,0,3,12,-3.9139151702682664,0.31149228882361335,1.2801246561946034,5.19403982646287,inf,1.9626209425630268e-05,4.214707492262471,5.854794019174484,True,POS,1.0,0.8,0.5481455128483065,0.9295245065301844,7,0.0015439284748162477,True,True,
kutengeswa,,deterministic,11,0,0,11,-3.4832808159384054,-2.065228278904131,1.590464776806753,5.0737455927451585,inf,4.848916846961859e-05,3.988773708225293,5.776231942569026,True,POS,1.0,1.0,0.7411670330319684,1.0,9,0.003269555359665711,True,True,
ndinoda,,deterministic,14,1,1,12,-2.232737354287808,-0.8146848172535321,1.3763399714539055,3.6090773257417137,17.649769585253456,0.00015983694753209102,1.9159638652586255,5.670138859371075,True,POS,1.0,0.8571428571428571,0.6005862050302965,0.9599060787285351,7,0.00943037990439337,True,True,
imi,suspected_non_content_seed,deterministic,132,84,21,27,0.3913120269502306,-0.16525011759558073,-0.6780240591191493,-1.06933608606938,0.4651961595762291,0.0004016024718535942,-1.7772169564971176,-0.4880513892291198,True,NEG,0.9995,0.6363636363636364,0.5515211883191461,0.7134936334630516,-4,0.021061818523877385,True,True,
imimi,,deterministic,27,20,6,1,0.6164734312120315,0.37741368176931545,-2.605932435996751,-3.2224058672087823,0.072868068833652,0.0004570330210968896,-5.237460198051974,-1.655408020478456,True,NEG,1.0,0.7407407407407407,0.5532142868544692,0.8682962543809281,-6,0.02157195859577319,True,True,
mai,,rag_recovered,276,119,34,123,-0.1699877221353514,-0.5442775363036549,0.42769633815672314,0.5976840602920745,1.5390184954848365,0.0010576179697820369,0.22214425218385253,0.9499803805508771,True,POS,1.0,0.44565217391304346,0.38815882165822163,0.5046376205615057,0,0.04538142561246558,True,False,wilson_lower_not_above_threshold
naye,,deterministic,60,18,11,31,-0.6691287315270369,0.06303239593530208,0.6488814630320752,1.318010194559112,2.540361057382334,0.0018460777382822823,0.5151046682875281,2.194515842735388,True,POS,1.0,0.5166666666666667,0.39307810032592494,0.6382495046026722,2,0.0633768354669811,False,False,fails_bh_fdr;wilson_lower_not_above_threshold
umu,suspected_non_content_seed,deterministic,27,20,5,2,0.6164734312120315,0.13640558226552102,-1.8689668418305434,-2.485440273042575,0.1457918898240245,0.0018086144734644387,-5.040159699657587,-1.0893109886724732,True,NEG,0.9995,0.7407407407407407,0.5532142868544692,0.8682962543809281,-6,0.0633768354669811,False,False,fails_bh_fdr
dzvanya,,deterministic,12,1,2,9,-2.0186125489349607,0.13640558226552102,1.1945361004756148,3.2131486494105754,13.222094361334868,0.0018798213909697783,1.451748876020654,5.358941507418875,True,POS,0.9995,0.75,0.46769466506643426,0.9110583316059453,6,0.0633768354669811,False,False,fails_bh_fdr;wilson_lower_not_above_threshold
ivava,,deterministic,30,23,4,3,0.6641326542333585,-0.30247865896769,-1.5329176386985282,-2.1970502929318867,0.19008635751010833,0.002086802824662294,-4.96391030301318,-0.9424221427415737,True,NEG,1.0,0.7666666666666667,0.5907167384187784,0.8820761185551049,-6,0.06566472888270686,False,False,fails_bh_fdr
anorwara,,deterministic,19,16,2,1,0.7992730406148132,-0.5051404468220024,-2.1099749413343396,-2.909247981949153,0.09118068833652007,0.002321345348350347,-4.948513765626379,-1.3593199715790045,True,NEG,1.0,0.8421052631578947,0.6243452472967093,0.9447952836146585,-7,0.06847968777633524,False,False,fails_bh_fdr
pabasa,,deterministic,18,3,3,12,-1.3618173034527388,0.05623523358153726,1.0248676009525273,2.386684904405266,5.880184331797235,0.00261150815783525,0.8969639676145826,5.2629553543789145,True,POS,0.9995,0.6666666666666666,0.43749467295945105,0.837212252491663,4,0.07250775591166105,False,False,fails_bh_fdr;wilson_lower_not_above_threshold
hakuna,,deterministic,74,52,6,16,0.5353581373225689,-1.0603951251681867,-0.5843096242969548,-1.1196677616195236,0.4472189349112426,0.004020149953112879,-1.9973355934655344,-0.41137762216950563,True,NEG,0.999,0.7027027027027027,0.5906708986801543,0.794727839402392,-4,0.09470538444175383,False,False,fails_bh_fdr
vasina,,deterministic,49,34,7,8,0.5194489768171664,-0.264132347318208,-0.9514290020225165,-1.4708779788396829,0.34256586070010825,0.004122365378088804,-2.8252256614582967,-0.518429002856594,True,NEG,1.0,0.6938775510204082,0.5547210644108935,0.8048450873199342,-5,0.09470538444175383,False,False,fails_bh_fdr
mahara,,deterministic,27,8,1,18,-0.6536157321557123,-1.7380635356506193,1.0185584289110432,1.6721741610667555,3.3109122401847575,0.004213587019654302,0.5776592603791174,3.0918726470083207,True,POS,0.999,0.6666666666666666,0.47824760507320074,0.8135673850128435,3,0.09470538444175383,False,False,fails_bh_fdr;wilson_lower_not_above_threshold
uyuwo,suspected_non_content_seed,deterministic,12,11,1,0,0.9199869064008954,-0.6005600119006846,-3.0533914129679722,-3.9733783193688677,0.0,0.004075735448623979,-4.618200514453513,-2.914590769990535,True,NEG,1.0,0.9166666666666666,0.646120088858883,0.9851349055950829,-8,0.09470538444175383,False,False,fails_bh_fdr
hanzi,,deterministic,64,42,10,12,0.43844482083305536,-0.16057615549161053,-0.7769062888417766,-1.215351109674832,0.41573403554970373,0.005222563369009959,-2.263071633667382,-0.36759824243851474,True,NEG,0.9995,0.65625,0.5340364020991819,0.7607685792155665,-4,0.09938554609400392,False,False,fails_bh_fdr
pakaipa,,deterministic,63,43,8,12,0.4945399491951701,-0.4428881683689436,-0.7543637201906881,-1.2489036693858582,0.4059586325152717,0.005306860280787385,-2.269512955614314,-0.4000078495077023,True,NEG,0.9985,0.6825396825396826,0.5599646825583142,0.7841331334648034,-4,0.09938554609400392,False,False,fails_bh_fdr
havasi,,deterministic,38,23,11,4,0.3280834511013433,0.7151090925149948,-1.5063967624458368,-1.83448021354718,0.2535455090219056,0.005474627539076487,-3.9832317758244873,-0.6444439183200489,True,NEG,0.9995,0.6052631578947368,0.4471786799604255,0.744019242518399,-4,0.09938554609400392,False,False,fails_bh_fdr;wilson_lower_not_above_threshold
mahure,,deterministic,32,23,5,4,0.5725021787677909,-0.10460251723827341,-1.2619780347793892,-1.83448021354718,0.2535455090219056,0.005474627539076487,-3.7366421570557624,-0.6464729607430106,True,NEG,1.0,0.71875,0.5462549057408342,0.8443541950225723,-5,0.09938554609400392,False,False,fails_bh_fdr
zimdomestict,,deterministic,13,2,1,10,-1.392678267157498,-0.7115913242894276,1.2278946974220455,2.6205729645795435,7.346508058326938,0.005090587851578081,1.0057333661563244,5.258167231035893,True,POS,0.999,0.7692307692307693,0.49743624053272495,0.9182047128150143,6,0.09938554609400392,False,False,fails_bh_fdr;wilson_lower_not_above_threshold
nesu,,deterministic,22,6,1,15,-0.7511322380699745,-1.448556918455635,1.0528079908639532,1.8039402289339277,3.676470588235294,0.0061339045661297185,0.6123704645764562,3.559152933643664,True,POS,0.9985,0.6818181818181818,0.47318597741042745,0.8363940681864375,4,0.10722973908197136,False,False,fails_bh_fdr;wilson_lower_not_above_threshold
nhai,,deterministic,87,52,18,17,0.30331554595240195,0.21657593094950478,-0.7314633180806087,-1.0347788640330107,0.47535294639950276,0.006483531161652657,-1.891093374933489,-0.35210971770300514,True,NEG,1.0,0.5977011494252874,0.49264741201064083,0.6944918107703932,-4,0.10929381101071622,False,False,fails_bh_fdr;wilson_lower_not_above_threshold
shadaya,,deterministic,391,194,102,95,0.031038987813759356,0.5249452793672891,-0.4449748924485384,-0.47601388026229774,0.7064677328993159,0.00691119544210817,-0.8136788300593687,-0.15862659126917772,True,NEG,0.9985,0.4961636828644501,0.44688430073226226,0.5455177129545468,-2,0.11248566374741574,False,False,fails_bh_fdr;wilson_lower_not_above_threshold
anogona,,deterministic,22,4,6,12,-1.281646954768755,0.6669202989642997,0.7424678702518026,2.0241148250205576,4.408986175115207,0.008428593277175902,0.5649121198470906,3.9315358436675596,True,POS,0.9975,0.5454545454545454,0.3465979532073494,0.7307970581918668,3,0.13260986756090085,False,False,fails_bh_fdr;wilson_lower_not_above_threshold
matatu,,deterministic,12,2,1,9,-1.281646954768755,-0.6005600119006846,1.1945361004756148,2.4761830552443698,6.609321058688147,0.009835475847113884,0.8393509118308375,5.127538388295403,True,POS,0.9975,0.75,0.46769466506643426,0.9110583316059453,5,0.14975305160766947,False,False,fails_bh_fdr;wilson_lower_not_above_threshold
chero,,deterministic,87,35,9,43,-0.26118285220903825,-0.7449499212358601,0.5821971608231529,0.8433800130321911,1.8125367830770085,0.010373810274648669,0.18443290484213867,1.512539759308299,True,POS,0.9955,0.4942528735632184,0.3916827782936405,0.5973090321310045,1,0.15301370155106786,False,False,fails_bh_fdr;wilson_lower_not_above_threshold
mumusoro,,deterministic,17,13,3,1,0.6658856253371095,0.13640558226552102,-1.9538557394170581,-2.6197413647541676,0.11231063391675246,0.011604351742692552,-4.690773799929298,-0.9610287067892724,True,NEG,0.9995,0.7647058823529411,0.5273820188043501,0.9044495567791988,-6,0.1659773946227541,False,False,fails_bh_fdr
asina,,deterministic,57,41,3,13,0.5698305205211573,-1.5798014517338874,-0.5001377719741535,-1.069968292495311,0.46166243452676553,0.012307367903724796,-2.1267342551688557,-0.30080373136050603,True,NEG,0.997,0.7192982456140351,0.5916980132395605,0.8192060065617645,-4,0.1708552250164148,False,False,fails_bh_fdr
kuudza,,deterministic,15,9,6,0,0.3340123431753188,1.2045770849071005,-3.363731533580122,-3.6977438767554407,0.0,0.013409146676534357,-4.416089628828841,-2.5851434756541636,True,NEG,1.0,0.6,0.357468301206246,0.8017550385865841,-5,0.17105722246822205,False,False,fails_bh_fdr;wilson_lower_not_above_threshold
ukuda,,deterministic,10,9,1,0,0.8958912307834339,-0.3490212449047192,-2.801852645972007,-3.6977438767554407,0.0,0.013409146676534357,-4.413477697676616,-2.3197397873137287,True,NEG,1.0,0.9,0.5958499732047615,0.9821237869049271,-8,0.17105722246822205,False,False,fails_bh_fdr
vepano,,deterministic,10,9,1,0,0.8958912307834339,-0.3490212449047192,-2.801852645972007,-3.6977438767554407,0.0,0.013409146676534357,-4.46673706873561,-2.3432910327850287,True,NEG,1.0,0.9,0.5958499732047615,0.9821237869049271,-8,0.17105722246822205,False,False,fails_bh_fdr
ndi,,deterministic,27,7,5,15,-0.8341879777975336,0.13640558226552102,0.7633013736689689,1.5974893514665025,3.1504366452463337,0.01460528092889304,0.43317449592153295,3.1594975385563218,True,POS,0.9945,0.5555555555555556,0.3731302451322448,0.72414141822977,3,0.1814129631167767,False,False,fails_bh_fdr;wilson_lower_not_above_threshold
waita,,deterministic,11,2,1,8,-1.1613527210510437,-0.48026577818297334,1.15436566200008,2.3157183830511237,5.872699386503068,0.018974646718661666,0.5833415095895597,4.979152191492521,True,POS,0.995,0.7272727272727273,0.43435469882387084,0.902539407099751,5,0.22964187823611043,False,False,fails_bh_fdr;wilson_lower_not_above_threshold
musadaro,,deterministic,23,14,7,2,0.3436732835685419,0.8106354210837647,-1.642195979983521,-1.985869263552063,0.20860203300907204,0.02187790423705649,-4.620681217316212,-0.4951874782049096,True,NEG,0.9945,0.6086956521739131,0.4078552239138171,0.7784237720752205,-5,0.24586597142596817,False,False,fails_bh_fdr;wilson_lower_not_above_threshold
vanoti,,deterministic,18,14,2,2,0.6888087696172285,-0.42919159358870473,-1.2970604939348345,-1.985869263552063,0.20860203300907204,0.02187790423705649,-4.5844122707734885,-0.5599423866225667,True,NEG,0.9985,0.7777777777777778,0.5478541568378739,0.9099907189139831,-6,0.24586597142596817,False,False,fails_bh_fdr
varungu,identity_term,deterministic,16,14,0,2,0.8538680158877252,-2.5860604422055715,-1.1320012476643377,-1.985869263552063,0.20860203300907204,0.02187790423705649,-4.584500262266,-0.4908039378268452,True,NEG,0.9955,0.875,0.639771727342413,0.9650225122567595,-7,0.24586597142596817,False,False,fails_bh_fdr
kubva,,deterministic,126,51,21,54,-0.25621190739248423,-0.09839514283932882,0.37565552688936954,0.6318674342818538,1.562198649951784,0.027099454505255766,0.07350299711210968,1.1960379196195856,True,POS,0.985,0.42857142857142855,0.34553800493777653,0.5158313899882517,0,0.28424316725512716,False,False,fails_bh_fdr;wilson_lower_not_above_threshold
wedu,,deterministic,16,4,2,10,-0.8341879777975336,-0.264132347318208,0.9383880802270594,1.772576058024593,3.6713353798925557,0.02663670526941469,0.3146275230821622,3.803344734629887,True,POS,0.9905,0.625,0.38641040545502714,0.8151876744113636,3,0.28424316725512716,False,False,fails_bh_fdr;wilson_lower_not_above_threshold
kuendeswa,,deterministic,14,4,0,10,-0.6477748535666521,-2.39964731797469,1.124801204457941,1.772576058024593,3.6713353798925557,0.02663670526941469,0.24649873030556999,4.002185045005346,True,POS,0.988,0.7142857142857143,0.4535091567010681,0.8827862135542308,4,0.28424316725512716,False,False,fails_bh_fdr;wilson_lower_not_above_threshold
yedu,,deterministic,49,20,3,26,-0.23152347534291895,-1.363668020869122,0.6890286112903423,0.9205520866332613,1.9128571428571428,0.03405818149449658,0.09108849024022446,1.828788154803194,True,POS,0.9835,0.5306122448979592,0.39380863983661896,0.6629649630682484,1,0.29395319996941655,False,False,fails_bh_fdr;wilson_lower_not_above_threshold
hausi,,deterministic,29,19,6,4,0.44304030961901386,0.2761303459321329,-1.1222532711127773,-1.5652935807317911,0.30724590956717984,0.031147957727391436,-3.461904719603936,-0.3377586659655464,True,NEG,0.9945,0.6551724137931034,0.47345104090476137,0.80059281473325,-5,0.29395319996941655,False,False,fails_bh_fdr;wilson_lower_not_above_threshold
wega,,deterministic,25,19,2,4,0.6532580170093611,-0.8921635699312489,-0.91203556372243,-1.5652935807317911,0.30724590956717984,0.031147957727391436,-3.584203009968193,-0.4058484015615038,True,NEG,0.996,0.76,0.5657031664457093,0.8850368630659855,-5,0.29395319996941655,False,False,fails_bh_fdr
rimwe,,deterministic,22,13,7,2,0.30331554595240107,0.8733711764317267,-1.5794602246355591,-1.8827757705879602,0.22470719792831498,0.03487580338620196,-4.537321008231868,-0.3245966986836111,True,NEG,0.992,0.5909090909090909,0.3873481847631513,0.7674418380352814,-4,0.29395319996941655,False,False,fails_bh_fdr;wilson_lower_not_above_threshold
vaya,,deterministic,21,16,2,3,0.658410504774964,-0.6460029826618516,-1.0284450558377394,-1.6868555606127034,0.27375143513203215,0.033397261740927886,-4.437251139899105,-0.2923577919014021,True,NEG,0.991,0.7619047619047619,0.5490882631704924,0.8937198697736354,-6,0.29395319996941655,False,False,fails_bh_fdr
wamai,,deterministic,19,6,1,12,-0.5446813606025476,-1.242106040988208,0.9489187477192296,1.4936001083217771,2.9377880184331797,0.02993487227752122,0.18084939200630376,3.2251909140204855,True,POS,0.989,0.631578947368421,0.41039533164803066,0.8085048725486492,3,0.29395319996941655,False,False,fails_bh_fdr;wilson_lower_not_above_threshold
vatanga,,deterministic,17,11,5,1,0.43456007923065343,0.7884822788452137,-1.9538557394170581,-2.3884158186477116,0.1328002781157657,0.03461588645081339,-4.561126251044689,-0.6550906877660994,True,NEG,0.9965,0.6470588235294118,0.41300363485218694,0.8269027960275627,-5,0.29395319996941655,False,False,fails_bh_fdr;wilson_lower_not_above_threshold
nawo,,deterministic,15,10,4,1,0.4784022525104934,0.6740623682083218,-1.7787690328589658,-2.257171285369459,0.1461185468451243,0.0342596016487251,-4.389748078218918,-0.4805726794453501,True,NEG,0.994,0.6666666666666666,0.41713547738519774,0.8482367556028526,-5,0.29395319996941655,False,False,fails_bh_fdr;wilson_lower_not_above_threshold
kurohwa,,deterministic,14,11,2,1,0.7058621010480479,-0.07771922308732648,-1.6825537175996637,-2.3884158186477116,0.1328002781157657,0.03461588645081339,-4.48511309514893,-0.6999100981981338,True,NEG,0.998,0.7857142857142857,0.524107694133997,0.9242861328730683,-6,0.29395319996941655,False,False,fails_bh_fdr
vaye,,deterministic,14,11,2,1,0.7058621010480479,-0.07771922308732648,-1.6825537175996637,-2.3884158186477116,0.1328002781157657,0.03461588645081339,-4.504046420233398,-0.6549048213293618,True,NEG,0.9955,0.7857142857142857,0.524107694133997,0.9242861328730683,-6,0.29395319996941655,False,False,fails_bh_fdr
yanga,,deterministic,14,10,3,1,0.5746175677697956,0.4077076040829155,-1.6825537175996637,-2.257171285369459,0.1461185468451243,0.0342596016487251,-4.401083248461401,-0.5426039775793172,True,NEG,0.9975,0.7142857142857143,0.4535091567010681,0.8827862135542308,-6,0.29395319996941655,False,False,fails_bh_fdr;wilson_lower_not_above_threshold
imwe,,deterministic,91,37,13,41,-0.2466000076695538,-0.3024786589676909,0.4498043698696357,0.6964043775391895,1.632684334820257,0.036272989022488655,0.041113967628457544,1.3558421244123113,True,POS,0.98,0.45054945054945056,0.3523976853313362,0.5527071062660257,0,0.30036580383534467,False,False,fails_bh_fdr;wilson_lower_not_above_threshold
nani,,rag_recovered,44,18,2,24,-0.2259989252188408,-1.6954716589261523,0.7294411899555637,0.9554401151744045,1.9614197530864197,0.03912507634100059,0.11342601887318847,1.8498795131032917,True,POS,0.985,0.5454545454545454,0.40066183198961974,0.6829476585777909,1,0.31839717298193587,False,False,fails_bh_fdr;wilson_lower_not_above_threshold
haasi,,deterministic,45,29,7,9,0.41512954928175283,-0.142570367437294,-0.6694023499483563,-1.0845318992301092,0.4526010872584421,0.04528371972708639,-2.3790299234004952,-0.14734884527325048,True,NEG,0.988,0.6444444444444445,0.4983581419637687,0.7678091739578413,-4,0.3616361899058082,False,False,fails_bh_fdr;wilson_lower_not_above_threshold
usina,,deterministic,23,17,2,4,0.6149753053859373,-0.7743270796373913,-0.7941990734285724,-1.4091743788145097,0.3435726511125124,0.046736880475115046,-3.39535711896208,-0.13517678889036314,True,NEG,0.987,0.7391304347826086,0.5352999516257462,0.8745138395501366,-5,0.3616361899058082,False,False,fails_bh_fdr
zvine,,deterministic,15,4,2,9,-0.7439901688259543,-0.17393453834662864,0.8841959798634651,1.6281861486894194,3.3029344073647873,0.04653351384943791,-0.04724049648524948,3.706279807026941,False,POS,0.972,0.6,0.357468301206246,0.8017550385865841,3,0.3616361899058082,False,False,fails_bh_fdr;bootstrap_ci_includes_zero;wilson_lower_not_above_threshold
zviri,,deterministic,72,28,12,32,-0.3067379357315847,-0.07771922308732648,0.4329234998202738,0.7396614355518585,1.681999115435648,0.04771246047598275,0.031656428383676195,1.464003046886795,True,POS,0.98,0.4444444444444444,0.33539070561321394,0.559126091341948,0,0.3632303442687719,False,False,fails_bh_fdr;wilson_lower_not_above_threshold
kwedu,,deterministic,42,17,3,22,-0.23982677907412686,-1.1437023369272135,0.672926936998727,0.9127537160728538,1.9027620300240373,0.04971432118821208,0.010162845513765142,1.8747581383341108,True,POS,0.9765,0.5238095238095238,0.3772246413134498,0.6664039876929454,1,0.36664311876306405,False,False,fails_bh_fdr;wilson_lower_not_above_threshold
rino,,rag_recovered,19,6,2,11,-0.5446813606025476,-0.5051404468220024,0.8286245140015183,1.3733058746040658,2.6919385796545106,0.04946654013950676,0.028662285573157167,3.124971065268377,True,POS,0.9775,0.5789473684210527,0.3627590353425504,0.7685810871754576,2,0.36664311876306405,False,False,fails_bh_fdr;wilson_lower_not_above_threshold
haina,,deterministic,32,22,4,6,0.5097664234198289,-0.3941091344332577,-0.7314633180806087,-1.2412297415004376,0.39801462904911183,0.05189260316829791,-2.7722117499406957,-0.19888634974322797,True,NEG,0.9915,0.6875,0.5143332169904459,0.8204745836639026,-4,0.3768201337759479,False,False,fails_bh_fdr
akanaka,,deterministic,24,9,1,14,-0.3265011905530155,-1.5714136662411686,0.8337359278191165,1.160237118372132,2.2849090443248783,0.055790174081172136,0.020558877441569062,2.642169628638746,True,POS,0.9765,0.5833333333333334,0.3883466586522876,0.7553239739018824,2,0.3912750315134322,False,False,fails_bh_fdr;wilson_lower_not_above_threshold
wanga,,deterministic,13,9,3,1,0.5333211513987255,0.51080109704702,-1.5794602246355591,-2.1127813760342846,0.1623964308476737,0.05637013165871481,-4.296674940845208,-0.30979011273351703,True,NEG,0.9875,0.6923076923076923,0.42369343180549035,0.8731929634428948,-6,0.3912750315134322,False,False,fails_bh_fdr;wilson_lower_not_above_threshold
obva,,deterministic,11,9,1,1,0.7646466975051798,-0.48026577818297334,-1.3481346785291048,-2.1127813760342846,0.1623964308476737,0.05637013165871481,-4.2755603661286905,-0.28183225531190337,True,NEG,0.9875,0.8181818181818182,0.523019438039156,0.9486323102539149,-7,0.3912750315134322,False,False,fails_bh_fdr
mashoko,,deterministic,26,7,7,12,-0.7807487188360724,0.6373038181982036,0.5064005120182795,1.287149230854352,2.5174456879526006,0.05955164810541724,0.06655333287187701,2.860075392777568,True,POS,0.9795,0.46153846153846156,0.2875585353039122,0.6454206125314121,2,0.40736779573560783,False,False,fails_bh_fdr;wilson_lower_not_above_threshold
kuri,,deterministic,17,5,2,10,-0.6295702581890623,-0.349021244904721,0.8534991826405465,1.4830694408296088,2.9363008442056793,0.06170410291057582,0.13111030918686187,3.3654650006297757,True,POS,0.983,0.5882352941176471,0.3600544264299978,0.7838894320978518,3,0.4102019235745322,False,False,fails_bh_fdr;wilson_lower_not_above_threshold
unofanira,,deterministic,17,5,2,10,-0.6295702581890623,-0.349021244904721,0.8534991826405465,1.4830694408296088,2.9363008442056793,0.06170410291057582,0.02554497735166853,3.294074030443252,True,POS,0.9775,0.5882352941176471,0.3600544264299978,0.7838894320978518,3,0.4102019235745322,False,False,fails_bh_fdr;wilson_lower_not_above_threshold
kuno,,deterministic,68,28,9,31,-0.22486092867717744,-0.3917708923640584,0.46971261734614256,0.69457354602332,1.6288063000828958,0.06320354545504553,-0.049732483228568804,1.453512801575582,False,POS,0.967,0.45588235294117646,0.34304882927391533,0.5734339357131498,0,0.4143343535386318,False,False,fails_bh_fdr;bootstrap_ci_includes_zero;wilson_lower_not_above_threshold
vanenge,,deterministic,30,16,10,4,0.1539379219141752,0.9199137623687577,-1.1703475593138215,-1.3242854812279967,0.3651416539050536,0.06928366571787047,-3.262157655721153,-0.06848038804102133,True,NEG,0.98,0.5333333333333333,0.36142299619873297,0.6976761109230025,-4,0.43602520291779817,False,False,fails_bh_fdr;wilson_lower_not_above_threshold
nxaa,,deterministic,22,16,2,4,0.5928221631473862,-0.7115913242894294,-0.7314633180806105,-1.3242854812279967,0.3651416539050536,0.06928366571787047,-3.4664963396248942,-0.013467745127816216,True,NEG,0.975,0.7272727272727273,0.5184826598759762,0.8684923971201053,-5,0.43602520291779817,False,False,fails_bh_fdr
makumi,,deterministic,12,2,4,6,-1.281646954768755,0.9844024888204714,0.6470483051731204,1.9286952599418754,4.401149425287357,0.06886753962815348,0.06693424374996365,4.648143084621238,True,POS,0.978,0.5,0.2537815976337061,0.7462184023662939,3,0.43602520291779817,False,False,fails_bh_fdr;wilson_lower_not_above_threshold
neharare,,deterministic,12,4,0,8,-0.4336500482138046,-2.1855225126218425,1.0340714282823686,1.4677214764961732,2.9348159509202456,0.07988261322063411,-0.09130780449833274,3.4663276784456345,False,POS,0.9685,0.6666666666666666,0.39062208887279953,0.8618799089087867,3,0.4961130715807802,False,False,fails_bh_fdr;bootstrap_ci_includes_zero;wilson_lower_not_above_threshold
varume,,deterministic,65,36,15,14,0.19668269746117417,0.3791069860023075,-0.5849772296031253,-0.7816599270642994,0.5671919036638483,0.08223005894367903,-1.787045046766404,0.04688437848526209,False,NEG,0.967,0.5538461538461539,0.43337818677803974,0.6683047252333449,-3,0.5040595820963182,False,False,fails_bh_fdr;bootstrap_ci_includes_zero;wilson_lower_not_above_threshold
vangu,,deterministic,66,25,13,28,-0.34257595341108615,0.15793874381516204,0.36807235547030537,0.7106483088813915,1.6471097372488408,0.0908808107960911,-0.06366359459923529,1.494727321453561,False,POS,0.9665,0.42424242424242425,0.3124251014854188,0.5443934677590571,0,0.5048099285490536,False,False,fails_bh_fdr;bootstrap_ci_includes_zero;wilson_lower_not_above_threshold
shuwa,,deterministic,52,32,8,12,0.34840343548093955,-0.16844899926290058,-0.47992455108464505,-0.8283279865655846,0.5470910138248848,0.08928114605752321,-1.8843036956527424,0.03157049290321428,False,NEG,0.9695,0.6153846153846154,0.4795987371581939,0.7352953621978379,-3,0.5048099285490536,False,False,fails_bh_fdr;bootstrap_ci_includes_zero;wilson_lower_not_above_threshold
rangu,,deterministic,21,7,3,11,-0.4790930189749716,-0.16057615549160964,0.6877619781616691,1.1668549971366406,2.306772689882095,0.09276898897571331,-0.08666239510796175,2.6995066649151265,False,POS,0.964,0.5238095238095238,0.3236953458284443,0.7165599389846583,2,0.5048099285490536,False,False,fails_bh_fdr;bootstrap_ci_includes_zero;wilson_lower_not_above_threshold
vanoita,,deterministic,18,11,5,2,0.35438973054666967,0.70831193016123,-1.2970604939348345,-1.6514502244815041,0.26570216317729706,0.088317040218674,-4.337417893956706,-0.05971997897950758,True,NEG,0.978,0.6111111111111112,0.3861904160223791,0.7969475342783638,-4,0.5048099285490536,False,False,fails_bh_fdr;wilson_lower_not_above_threshold
mbuya,,deterministic,15,11,2,2,0.6096467857887458,-0.17393453834662864,-1.0418034386927584,-1.6514502244815041,0.26570216317729706,0.088317040218674,-4.283263813559313,-0.07336241016609014,True,NEG,0.98,0.7333333333333333,0.4804956594401943,0.8910254667430761,-5,0.5048099285490536,False,False,fails_bh_fdr;wilson_lower_not_above_threshold
anopenga,,deterministic,13,11,0,2,0.8089555940121524,-2.2965538250105855,-0.8424946304693517,-1.6514502244815041,0.26570216317729706,0.088317040218674,-4.3167961088562254,-0.09037647539565206,True,NEG,0.9815,0.8461538461538461,0.5776536898051745,0.9567418216419186,-6,0.5048099285490536,False,False,fails_bh_fdr
moda,,rag_recovered,12,8,3,1,0.48388779159422235,0.621832409435763,-1.4684289122468162,-1.9523167038410385,0.18274378585086043,0.09304759276221963,-4.135519235099572,-0.06347881375917824,True,NEG,0.977,0.6666666666666666,0.39062208887279953,0.8618799089087867,-5,0.5048099285490536,False,False,fails_bh_fdr;wilson_lower_not_above_threshold
jonso,,deterministic,10,8,1,1,0.7354265585901878,-0.3490212449047192,-1.2168901452508507,-1.9523167038410385,0.18274378585086043,0.09304759276221963,-4.174777067435025,-0.08200523443985326,True,NEG,0.9805,0.8,0.49016247153664183,0.9433178485456247,-6,0.5048099285490536,False,False,fails_bh_fdr;wilson_lower_not_above_threshold
kumwe,,deterministic,10,8,1,1,0.7354265585901878,-0.3490212449047192,-1.2168901452508507,-1.9523167038410385,0.18274378585086043,0.09304759276221963,-4.120202309759712,-0.06895687820647686,True,NEG,0.9775,0.8,0.49016247153664183,0.9433178485456247,-6,0.5048099285490536,False,False,fails_bh_fdr;wilson_lower_not_above_threshold
nokuti,,deterministic,10,8,1,1,0.7354265585901878,-0.3490212449047192,-1.2168901452508507,-1.9523167038410385,0.18274378585086043,0.09304759276221963,-4.106967121124455,-0.20088584061321474,True,NEG,0.9845,0.8,0.49016247153664183,0.9433178485456247,-6,0.5048099285490536,False,False,fails_bh_fdr;wilson_lower_not_above_threshold
nema,,deterministic,51,33,5,13,0.41986980339316204,-0.7687352313930376,-0.3411482482129964,-0.7610180516061584,0.5747913246952817,0.09807365598580772,-1.7823944606010906,0.03643994505773601,False,NEG,0.9685,0.6470588235294118,0.5098605845450523,0.7636551154847915,-4,0.5171937151409174,False,False,fails_bh_fdr;bootstrap_ci_includes_zero
mdara,,deterministic,20,5,6,9,-0.8578392458621789,0.8012213906758916,0.4808402856322562,1.338679531494435,2.641657077100115,0.09971319508013449,-0.13828491847953275,3.2978857463760853,False,POS,0.9585,0.45,0.2581978582556243,0.6579146575496577,2,0.5171937151409174,False,False,fails_bh_fdr;bootstrap_ci_includes_zero;wilson_lower_not_above_threshold
uchida,,deterministic,19,5,5,9,-0.7856894601063438,0.6323630769279323,0.5529900713880913,1.338679531494435,2.641657077100115,0.09971319508013449,-0.19005264771644273,3.3810759846486858,False,POS,0.963,0.47368421052631576,0.2732980516117956,0.6829219075488682,2,0.5171937151409174,False,False,fails_bh_fdr;bootstrap_ci_includes_zero;wilson_lower_not_above_threshold
utore,,deterministic,16,5,2,9,-0.5446813606025493,-0.264132347318208,0.7939981708918857,1.338679531494435,2.641657077100115,0.09971319508013449,-0.25264866256933793,3.0981658234921494,False,POS,0.953,0.5625,0.331785563988119,0.7690134759450765,2,0.5171937151409174,False,False,fails_bh_fdr;bootstrap_ci_includes_zero;wilson_lower_not_above_threshold
zvisina,,deterministic,19,15,0,4,0.7090752316432347,-2.827068541709366,-0.5250124406131835,-1.2340876722564182,0.3895865237366003,0.10215431652015954,-3.112580542609196,0.1201780083314334,False,NEG,0.9665,0.7894736842105263,0.5666572155618583,0.9149232336708375,-5,0.5240960586686445,False,False,fails_bh_fdr;bootstrap_ci_includes_zero
henyu,,deterministic,27,19,2,6,0.5443236454561964,-1.0010979414844137,-0.4904552185768143,-1.0347788640330107,0.461222020568663,0.104400238233399,-2.6620637956959055,0.08768710520020483,False,NEG,0.9635,0.7037037037037037,0.5151931703585185,0.8414695953022023,-4,0.5298592736146702,False,False,fails_bh_fdr;bootstrap_ci_includes_zero
chiri,,deterministic,33,11,7,15,-0.5022460942821523,0.2991350823036294,0.4785718967358559,0.9808179910180082,2.0027262241795114,0.10744501122124016,-0.07033831204617992,2.1987308098929628,False,POS,0.966,0.45454545454545453,0.29842938513876116,0.6201406146378254,1,0.5395111201747378,False,False,fails_bh_fdr;bootstrap_ci_includes_zero;wilson_lower_not_above_threshold
sadza,,deterministic,221,80,70,71,-0.4199648703217935,0.8067221409966585,-0.040826774969875856,0.37913809535191767,1.3080599214145383,0.11112443415429496,-0.08685902485098487,0.8326856639923308,False,POS,0.947,0.3212669683257919,0.26320742160579685,0.3854338903018942,0,0.5521129781139708,False,False,fails_bh_fdr;bootstrap_ci_includes_zero;wilson_lower_not_above_threshold
yacho,,deterministic,68,33,21,14,0.008338247615853334,0.7865663488944543,-0.6495863110262015,-0.6579245586420548,0.6192439382293341,0.13867786454256625,-1.699679113955404,0.168031782725084,False,NEG,0.9345,0.4852941176470588,0.3705084547256065,0.6016524669367487,-3,0.5576998337571667,False,False,fails_bh_fdr;bootstrap_ci_includes_zero;wilson_lower_not_above_threshold
vacho,,deterministic,65,36,14,15,0.19668269746117417,0.2828916707430045,-0.4887619143438222,-0.6854446118049964,0.6079392541330257,0.11591199272560374,-1.6444851566910947,0.08615866908569088,False,NEG,0.962,0.5538461538461539,0.43337818677803974,0.6683047252333449,-3,0.5576998337571667,False,False,fails_bh_fdr;bootstrap_ci_includes_zero;wilson_lower_not_above_threshold
haana,,deterministic,63,38,9,16,0.3183829940413432,-0.2824234961756975,-0.35382579060695907,-0.6722087846483022,0.614251012145749,0.12514423885584147,-1.584590096059794,0.12825452279505042,False,NEG,0.9505,0.6031746031746031,0.47980918511657444,0.7146808848095354,-3,0.5576998337571667,False,False,fails_bh_fdr;bootstrap_ci_includes_zero;wilson_lower_not_above_threshold
navo,,deterministic,40,22,10,8,0.1922842335636581,0.5108010970470191,-0.6619223848275313,-0.8542066183911894,0.5310931399888456,0.1379303833504953,-2.3070103875856125,0.17569580612522398,False,NEG,0.948,0.55,0.39829091798932054,0.6929469218909508,-3,0.5576998337571667,False,False,fails_bh_fdr;bootstrap_ci_includes_zero;wilson_lower_not_above_threshold
ndivo,,deterministic,34,12,7,15,-0.42438712688483715,0.2566998159832332,0.4361366304154597,0.8605237573002968,1.8353517877739332,0.11976443245857923,-0.2845705594003731,2.0262338272446616,False,POS,0.9315,0.4411764705882353,0.2888348224624216,0.6054610074379694,1,0.5576998337571667,False,False,fails_bh_fdr;bootstrap_ci_includes_zero;wilson_lower_not_above_threshold
wenyu,,deterministic,26,16,5,5,0.35675480491386313,0.1898448412269822,-0.6780240591191475,-1.0347788640330107,0.4566018766756032,0.12615819513811405,-2.7926142194758334,0.21287602997205451,False,NEG,0.9505,0.6153846153846154,0.4253485008511553,0.7757140556428721,-4,0.5576998337571667,False,False,fails_bh_fdr;bootstrap_ci_includes_zero;wilson_lower_not_above_threshold
nharo,,deterministic,25,16,4,5,0.4122499175055667,-0.04416666337629849,-0.622528946527444,-1.0347788640330107,0.4566018766756032,0.12615819513811405,-2.7360534694877408,0.18441034513747087,False,NEG,0.9475,0.64,0.44518497748164865,0.7975211922554178,-4,0.5576998337571667,False,False,fails_bh_fdr;bootstrap_ci_includes_zero;wilson_lower_not_above_threshold
wevanhu,,deterministic,23,16,2,5,0.5300864077994243,-0.7743270796373913,-0.5046924562335864,-1.0347788640330107,0.4566018766756032,0.12615819513811405,-2.941653117012301,0.22196882219886627,False,NEG,0.946,0.6956521739130435,0.49134243731240795,0.8439597554678597,-4,0.5576998337571667,False,False,fails_bh_fdr;bootstrap_ci_includes_zero;wilson_lower_not_above_threshold
nemari,,deterministic,21,16,0,5,0.658410504774964,-2.967931077549215,-0.3763683592580467,-1.0347788640330107,0.4566018766756032,0.12615819513811405,-2.7966579667578197,0.213048871789759,False,NEG,0.945,0.7619047619047619,0.5490882631704924,0.8937198697736354,-5,0.5576998337571667,False,False,fails_bh_fdr;bootstrap_ci_includes_zero
handiti,,deterministic,17,10,5,2,0.30331554595240107,0.7884822788452137,-1.2168901452508507,-1.5202056912032518,0.29234889058913544,0.13942495843929167,-4.14027010705633,0.18318930885301066,False,NEG,0.962,0.5882352941176471,0.3600544264299978,0.7838894320978518,-4,0.5576998337571667,False,False,fails_bh_fdr;bootstrap_ci_includes_zero;wilson_lower_not_above_threshold
vakadai,,deterministic,15,10,3,2,0.4784022525104934,0.31149228882361335,-1.0418034386927584,-1.5202056912032518,0.29234889058913544,0.13942495843929167,-4.156210990582102,0.24323281390855098,False,NEG,0.9575,0.6666666666666666,0.41713547738519774,0.8482367556028526,-5,0.5576998337571667,False,False,fails_bh_fdr;bootstrap_ci_includes_zero;wilson_lower_not_above_threshold
wevhu,,deterministic,15,4,4,7,-0.7439901688259543,0.6740623682083218,0.5431590620283977,1.287149230854352,2.5669796857033345,0.1340725347785678,-0.4110307027628079,3.322422304579489,False,POS,0.941,0.4666666666666667,0.24809535365737387,0.698830199745016,2,0.5576998337571667,False,False,fails_bh_fdr;bootstrap_ci_includes_zero;wilson_lower_not_above_threshold
guru,,rag_recovered,14,4,3,7,-0.6477748535666521,0.4077076040829155,0.6393743772876999,1.287149230854352,2.5669796857033345,0.1340725347785678,-0.3345847573826878,3.3454859190049753,False,POS,0.949,0.5,0.26799202452413634,0.7320079754758637,2,0.5576998337571667,False,False,fails_bh_fdr;bootstrap_ci_includes_zero;wilson_lower_not_above_threshold
nezanu,,deterministic,13,10,1,2,0.6777110607339001,-0.7115913242894276,-0.8424946304693517,-1.5202056912032518,0.29234889058913544,0.13942495843929167,-4.170742118096779,0.2175905781093616,False,NEG,0.957,0.7692307692307693,0.49743624053272495,0.9182047128150143,-6,0.5576998337571667,False,False,fails_bh_fdr;bootstrap_ci_includes_zero;wilson_lower_not_above_threshold
ose,,deterministic,13,4,2,7,-0.5446813606025476,0.025374269876778044,0.7424678702518044,1.287149230854352,2.5669796857033345,0.1340725347785678,-0.5361861790981426,3.377350934204542,False,POS,0.934,0.5384615384615384,0.29143795714506004,0.7679393219046169,2,0.5576998337571667,False,False,fails_bh_fdr;bootstrap_ci_includes_zero;wilson_lower_not_above_threshold
zvangu,,deterministic,13,4,2,7,-0.5446813606025476,0.025374269876778044,0.7424678702518044,1.287149230854352,2.5669796857033345,0.1340725347785678,-0.4061453183205679,3.4947224152924043,False,POS,0.9315,0.5384615384615384,0.29143795714506004,0.7679393219046169,2,0.5576998337571667,False,False,fails_bh_fdr;bootstrap_ci_includes_zero;wilson_lower_not_above_threshold
aine,,deterministic,12,10,0,2,0.7887423731226431,-2.1855225126218425,-0.7314633180806087,-1.5202056912032518,0.29234889058913544,0.13942495843929167,-4.1167186364570165,0.155124349107445,False,NEG,0.9635,0.8333333333333334,0.5519691377470266,0.9530348578161463,-6,0.5576998337571667,False,False,fails_bh_fdr;bootstrap_ci_includes_zero
dzako,,deterministic,12,4,1,7,-0.4336500482138046,-0.6005600119006846,0.8534991826405474,1.287149230854352,2.5669796857033345,0.1340725347785678,-0.3105719921613111,3.4277246715272045,False,POS,0.9375,0.5833333333333334,0.31951131254954973,0.8067396863412435,2,0.5576998337571667,False,False,fails_bh_fdr;bootstrap_ci_includes_zero;wilson_lower_not_above_threshold
ibasa,,deterministic,12,4,1,7,-0.4336500482138046,-0.6005600119006846,0.8534991826405474,1.287149230854352,2.5669796857033345,0.1340725347785678,-0.3784105759103202,3.489977915961893,False,POS,0.9445,0.5833333333333334,0.31951131254954973,0.8067396863412435,2,0.5576998337571667,False,False,fails_bh_fdr;bootstrap_ci_includes_zero;wilson_lower_not_above_threshold
maoko,,deterministic,12,10,0,2,0.7887423731226431,-2.1855225126218425,-0.7314633180806087,-1.5202056912032518,0.29234889058913544,0.13942495843929167,-4.128550631909926,0.18233886827226425,False,NEG,0.9615,0.8333333333333334,0.5519691377470266,0.9530348578161463,-6,0.5576998337571667,False,False,fails_bh_fdr;bootstrap_ci_includes_zero
nebulawayo,,deterministic,11,4,0,7,-0.3133558144960933,-2.065228278904131,0.9737934163582587,1.287149230854352,2.5669796857033345,0.1340725347785678,-0.5112806988631405,3.484461661774228,False,POS,0.944,0.6363636363636364,0.35380117450784887,0.8483352890463243,2,0.5576998337571667,False,False,fails_bh_fdr;bootstrap_ci_includes_zero;wilson_lower_not_above_threshold
variko,,deterministic,11,2,4,5,-1.1613527210510437,1.1046967225381827,0.5263344393870373,1.687687160438081,3.6662198391420913,0.12792982160825167,-0.3055378175762947,4.474026359816674,False,POS,0.953,0.45454545454545453,0.21271271622459764,0.719908462590678,2,0.5576998337571667,False,False,fails_bh_fdr;bootstrap_ci_includes_zero;wilson_lower_not_above_threshold
muudze,,deterministic,10,2,3,5,-1.0301081877727896,0.8733711764317285,0.6575789726652914,1.687687160438081,3.6662198391420913,0.12792982160825167,-0.3334697135522217,4.2800020692529275,False,POS,0.9515,0.5,0.236593090512564,0.7634069094874361,3,0.5576998337571667,False,False,fails_bh_fdr;bootstrap_ci_includes_zero;wilson_lower_not_above_threshold
kaa,,deterministic,46,28,7,11,0.3340123431753179,-0.17393453834662953,-0.4251320782442649,-0.7591444214195828,0.5735261859062243,0.14077889116962086,-1.9154560793555446,0.15271602166569098,False,NEG,0.9495,0.6086956521739131,0.46456843231620754,0.7360677496217098,-3,0.5583835011097567,False,False,fails_bh_fdr;bootstrap_ci_includes_zero;wilson_lower_not_above_threshold
ndizvo,,deterministic,22,14,4,4,0.4064090389165038,0.13640558226552102,-0.7314633180806105,-1.1378723569971143,0.4175235178297965,0.14941844264662701,-3.1774229717917883,0.1796367359973892,False,NEG,0.9555,0.6363636363636364,0.42951708090131013,0.8026679532963387,-4,0.587712541076733,False,False,fails_bh_fdr;bootstrap_ci_includes_zero;wilson_lower_not_above_threshold
seiko,,rag_recovered,11,7,3,1,0.4236097796701124,0.7421266431534743,-1.3481346785291048,-1.7717444581992172,0.20890467085495767,0.1536988884358937,-4.014138363646103,0.09702503868592988,False,NEG,0.965,0.6363636363636364,0.35380117450784887,0.8483352890463243,-5,0.5898038645670066,False,False,fails_bh_fdr;bootstrap_ci_includes_zero;wilson_lower_not_above_threshold
tose,,deterministic,11,7,3,1,0.4236097796701124,0.7421266431534743,-1.3481346785291048,-1.7717444581992172,0.20890467085495767,0.1536988884358937,-4.008638130302904,0.19896434680391192,False,NEG,0.9605,0.6363636363636364,0.35380117450784887,0.8483352890463243,-5,0.5898038645670066,False,False,fails_bh_fdr;bootstrap_ci_includes_zero;wilson_lower_not_above_threshold
ndofunga,suspected_non_content_seed,deterministic,10,7,2,1,0.5548543129483665,0.38794434926148647,-1.2168901452508507,-1.7717444581992172,0.20890467085495767,0.1536988884358937,-3.9814181054869535,0.11331084286044762,False,NEG,0.9665,0.7,0.39677814746114537,0.8922087325936989,-5,0.5898038645670066,False,False,fails_bh_fdr;bootstrap_ci_includes_zero;wilson_lower_not_above_threshold
uko,suspected_non_content_seed,deterministic,67,43,4,20,0.4064090389165047,-1.448556918455635,-0.12879881562599405,-0.5352078545424988,0.6786827677643602,0.1585387039825369,-1.3654954717056471,0.17499042716358668,False,NEG,0.926,0.6417910447761194,0.5221850983992186,0.7460194292360839,-3,0.5936948564349451,False,False,fails_bh_fdr;bootstrap_ci_includes_zero
tese,,deterministic,26,8,7,11,-0.6001764731942512,0.6373038181982036,0.3861062783005682,0.9862827514948194,2.017898272552783,0.15974416687974158,-0.31296642740518055,2.3835642329507873,False,POS,0.9385,0.4230769230769231,0.2554444331365656,0.6105138625340828,1,0.5936948564349451,False,False,fails_bh_fdr;bootstrap_ci_includes_zero;wilson_lower_not_above_threshold
ega,,deterministic,15,5,2,8,-0.45448355163097,-0.17393453834662864,0.723731307670219,1.178214859301189,2.347239263803681,0.15831128803608976,-0.3052406869752175,2.8444404569600206,False,POS,0.9375,0.5333333333333333,0.30116980025498397,0.7519046463426261,2,0.5936948564349451,False,False,fails_bh_fdr;bootstrap_ci_includes_zero;wilson_lower_not_above_threshold
paden,,deterministic,13,5,0,8,-0.2551747434075633,-2.2965538250105855,0.9230401158936257,1.178214859301189,2.347239263803681,0.15831128803608976,-0.3379696932352766,3.0117805530453254,False,POS,0.9435,0.6153846153846154,0.355228915126657,0.8229029220223743,2,0.5936948564349451,False,False,fails_bh_fdr;bootstrap_ci_includes_zero;wilson_lower_not_above_threshold
uku,,deterministic,51,31,7,13,0.33106053643530586,-0.3212762544218162,-0.3411482482129964,-0.6722087846483022,0.6121968448316458,0.16544262005205734,-1.7105824753573668,0.17297051277241626,False,NEG,0.938,0.6078431372549019,0.4708515898394834,0.7297265901824019,-3,0.6073509108866108,False,False,fails_bh_fdr;bootstrap_ci_includes_zero;wilson_lower_not_above_threshold
chimwe,,deterministic,31,20,4,7,0.42055322123677463,-0.3490212449047201,-0.47992455108464416,-0.9004777723214188,0.5112495208892296,0.16808033211051565,-2.3225793299704676,0.1908321355611557,False,NEG,0.9445,0.6451612903225806,0.46947954064368874,0.788833409061346,-4,0.6073509108866108,False,False,fails_bh_fdr;bootstrap_ci_includes_zero;wilson_lower_not_above_threshold
iyoyo,suspected_non_content_seed,deterministic,30,13,2,15,-0.13556869528080995,-1.1504755655226404,0.6139237496307421,0.7494924449115521,1.6937272646615207,0.1791418113693969,-0.31950388411815145,1.8396678745013353,False,POS,0.924,0.5,0.33154125640533766,0.6684587435946623,1,0.6073509108866108,False,False,fails_bh_fdr;bootstrap_ci_includes_zero;wilson_lower_not_above_threshold
nemunhu,,deterministic,26,9,5,12,-0.43971180100100504,0.1898448412269822,0.5064005120182795,0.9461123130192846,1.956989247311828,0.18014645661890996,-0.24663572071370546,2.2830232956231233,False,POS,0.9375,0.46153846153846156,0.2875585353039122,0.6454206125314121,1,0.6073509108866108,False,False,fails_bh_fdr;bootstrap_ci_includes_zero;wilson_lower_not_above_threshold
idzi,suspected_non_content_seed,deterministic,24,15,4,5,0.3797676063902742,0.013548834479987448,-0.564813448671158,-0.9445810550614322,0.48716966679433166,0.17742750723027645,-2.790865902449708,0.2552744082392139,False,NEG,0.936,0.625,0.42709962442674276,0.7884063244045122,-4,0.6073509108866108,False,False,fails_bh_fdr;bootstrap_ci_includes_zero;wilson_lower_not_above_threshold
kunzi,,deterministic,23,15,3,5,0.4398885988278458,-0.28890025246714934,-0.5046924562335864,-0.9445810550614322,0.48716966679433166,0.17742750723027645,-2.8348186047509736,0.2562494004889513,False,NEG,0.9345,0.6521739130434783,0.44890335377263,0.8118872406120227,-4,0.6073509108866108,False,False,fails_bh_fdr;bootstrap_ci_includes_zero;wilson_lower_not_above_threshold
kudhara,,deterministic,17,11,3,3,0.43456007923065343,0.13640558226552102,-0.7314633180806087,-1.1660233973112621,0.3987057718401002,0.17893347955887062,-3.9110817535329483,0.3247929961795759,False,NEG,0.9395,0.6470588235294118,0.41300363485218694,0.8269027960275627,-4,0.6073509108866108,False,False,fails_bh_fdr;bootstrap_ci_includes_zero;wilson_lower_not_above_threshold
nevanhu,,deterministic,17,11,3,3,0.43456007923065343,0.13640558226552102,-0.7314633180806087,-1.1660233973112621,0.3987057718401002,0.17893347955887062,-3.949968472096938,0.2849545100534588,False,NEG,0.9335,0.6470588235294118,0.41300363485218694,0.8269027960275627,-4,0.6073509108866108,False,False,fails_bh_fdr;bootstrap_ci_includes_zero;wilson_lower_not_above_threshold
isina,,deterministic,16,11,2,3,0.5194489768171664,-0.264132347318208,-0.6465744204940957,-1.1660233973112621,0.3987057718401002,0.17893347955887062,-4.067453213147582,0.3052409082114189,False,NEG,0.9375,0.6875,0.44404355834740666,0.8583535614521796,-4,0.6073509108866108,False,False,fails_bh_fdr;bootstrap_ci_includes_zero;wilson_lower_not_above_threshold
unoda,,deterministic,15,11,1,3,0.6096467857887458,-0.9109001325128343,-0.5563766115225164,-1.1660233973112621,0.3987057718401002,0.17893347955887062,-3.966678731433835,0.2856291859181326,False,NEG,0.9445,0.7333333333333333,0.4804956594401943,0.8910254667430761,-5,0.6073509108866108,False,False,fails_bh_fdr;bootstrap_ci_includes_zero;wilson_lower_not_above_threshold
iripo,,deterministic,12,3,3,6,-0.796220127598513,0.621832409435763,0.6470483051731204,1.4432684327716334,2.933333333333333,0.17164662166913686,-0.3839190522593316,4.007790003654916,False,POS,0.9405,0.5,0.2537815976337061,0.7462184023662939,2,0.6073509108866108,False,False,fails_bh_fdr;bootstrap_ci_includes_zero;wilson_lower_not_above_threshold
mdhara,,deterministic,11,3,2,6,-0.6759258938808017,0.2566998159832323,0.7673425388908317,1.4432684327716334,2.933333333333333,0.17164662166913686,-0.35594254393254854,4.268853718378524,False,POS,0.946,0.5454545454545454,0.280091537409322,0.7872872837754024,2,0.6073509108866108,False,False,fails_bh_fdr;bootstrap_ci_includes_zero;wilson_lower_not_above_threshold
zvakare,suspected_non_content_seed,deterministic,11,3,2,6,-0.6759258938808017,0.2566998159832323,0.7673425388908317,1.4432684327716334,2.933333333333333,0.17164662166913686,-0.5446210581548229,4.072981871846012,False,POS,0.936,0.5454545454545454,0.280091537409322,0.7872872837754024,2,0.6073509108866108,False,False,fails_bh_fdr;bootstrap_ci_includes_zero;wilson_lower_not_above_threshold
ndiwe,,deterministic,32,21,3,8,0.44417808179225204,-0.7566792138179661,-0.34444019497136047,-0.7886182767636125,0.5565293602103418,0.18586079956959842,-2.1494106654907457,0.25481850918498883,False,NEG,0.925,0.65625,0.4831108797896222,0.7958956207556682,-4,0.618679360025091,False,False,fails_bh_fdr;bootstrap_ci_includes_zero;wilson_lower_not_above_threshold
kutenga,,deterministic,18,6,3,9,-0.4687325073692499,0.05623523358153726,0.628938924621389,1.0976714319906389,2.2008055235903337,0.18612811254992145,-0.30884424374340697,2.7899766705334774,False,POS,0.936,0.5,0.29031021505169974,0.7096897849483003,2,0.618679360025091,False,False,fails_bh_fdr;bootstrap_ci_includes_zero;wilson_lower_not_above_threshold
ese,,rag_recovered,37,14,7,16,-0.33055655524970184,0.13640558226552102,0.40604020566932597,0.7365967609190278,1.6778021978021977,0.1915760467237033,-0.30478351743577603,1.8568491662054185,False,POS,0.9315,0.43243243243243246,0.28671719277157315,0.5908581890983192,0,0.6323349234516641,False,False,fails_bh_fdr;bootstrap_ci_includes_zero;wilson_lower_not_above_threshold
lobola,,deterministic,29,10,7,12,-0.45004448646447415,0.4825812233995599,0.3516779172196358,0.80172240368411,1.7608294930875577,0.1967532440621802,-0.4829099918676085,2.0348078132565948,False,POS,0.904,0.41379310344827586,0.255131773413224,0.5926216401212141,1,0.6380122883730402,False,False,fails_bh_fdr;bootstrap_ci_includes_zero;wilson_lower_not_above_threshold
reharare,,deterministic,27,11,3,13,-0.21751661734903927,-0.5156711143141717,0.5639925654455622,0.7815091827946015,1.734362448922572,0.21184546490138684,-0.3546649198903003,2.049041864570108,False,POS,0.9105,0.48148148148148145,0.3074322697621846,0.6601438424504771,1,0.6380122883730402,False,False,fails_bh_fdr;bootstrap_ci_includes_zero;wilson_lower_not_above_threshold
chi,,rag_recovered,21,7,5,9,-0.4790930189749716,0.49150054108808305,0.4121275355482421,0.8912205545232137,1.8859115567976328,0.2124132240813552,-0.5561765487827821,2.4768655953247722,False,POS,0.9015,0.42857142857142855,0.2446996892537596,0.6345344563069328,1,0.6380122883730402,False,False,fails_bh_fdr;bootstrap_ci_includes_zero;wilson_lower_not_above_threshold
kani,,deterministic,21,13,4,4,0.36890388757997883,0.20199392389309878,-0.6658749764530327,-1.0347788640330116,0.44975851101425374,0.21611866628705134,-3.227787442177326,0.279725114252535,False,NEG,0.9395,0.6190476190476191,0.4087865377511576,0.7924898863143551,-4,0.6380122883730402,False,False,fails_bh_fdr;bootstrap_ci_includes_zero;wilson_lower_not_above_threshold
ndini,,deterministic,21,7,5,9,-0.4790930189749716,0.49150054108808305,0.4121275355482421,0.8912205545232137,1.8859115567976328,0.2124132240813552,-0.6086361950163053,2.4885744083806247,False,POS,0.896,0.42857142857142855,0.2446996892537596,0.6345344563069328,1,0.6380122883730402,False,False,fails_bh_fdr;bootstrap_ci_includes_zero;wilson_lower_not_above_threshold
ave,,rag_recovered,19,13,2,4,0.509766423419828,-0.5051404468220024,-0.5250124406131835,-1.0347788640330116,0.44975851101425374,0.21611866628705134,-3.038771707210899,0.3508531499336918,False,NEG,0.9285,0.6842105263157895,0.46010407675327475,0.8463562091220773,-4,0.6380122883730402,False,False,fails_bh_fdr;bootstrap_ci_includes_zero;wilson_lower_not_above_threshold
maita,,deterministic,16,7,0,9,-0.09722238363132796,-2.5860604422055715,0.7939981708918857,0.8912205545232137,1.8859115567976328,0.2124132240813552,-0.5475522054887679,2.4856852354442145,False,POS,0.903,0.5625,0.331785563988119,0.7690134759450765,1,0.6380122883730402,False,False,fails_bh_fdr;bootstrap_ci_includes_zero;wilson_lower_not_above_threshold
veku,,deterministic,16,9,5,2,0.24381453420373944,0.8733711764317267,-1.1320012476643377,-1.3758157818680772,0.3249171129813823,0.21762707294080397,-4.0086357162060064,0.22778422712222512,False,NEG,0.9455,0.5625,0.331785563988119,0.7690134759450765,-4,0.6380122883730402,False,False,fails_bh_fdr;bootstrap_ci_includes_zero;wilson_lower_not_above_threshold
mudzimba,,deterministic,15,9,4,2,0.3340123431753188,0.6740623682083218,-1.0418034386927584,-1.3758157818680772,0.3249171129813823,0.21762707294080397,-4.095839923370559,0.27900671203964533,False,NEG,0.946,0.6,0.357468301206246,0.8017550385865841,-4,0.6380122883730402,False,False,fails_bh_fdr;bootstrap_ci_includes_zero;wilson_lower_not_above_threshold
aita,,deterministic,12,9,1,2,0.6443524637874685,-0.6005600119006846,-0.7314633180806087,-1.3758157818680772,0.3249171129813823,0.21762707294080397,-4.060338902780688,0.2967687733241762,False,NEG,0.948,0.75,0.46769466506643426,0.9110583316059453,-5,0.6380122883730402,False,False,fails_bh_fdr;bootstrap_ci_includes_zero;wilson_lower_not_above_threshold
vano,suspected_non_content_seed,deterministic,12,8,2,2,0.48388779159422235,0.13640558226552102,-0.7314633180806087,-1.215351109674831,0.3656273909716909,0.21699710062018177,-3.860820790374735,0.5696805342130149,False,NEG,0.9115,0.6666666666666666,0.39062208887279953,0.8618799089087867,-4,0.6380122883730402,False,False,fails_bh_fdr;bootstrap_ci_includes_zero;wilson_lower_not_above_threshold
blaz,,deterministic,11,8,1,2,0.6041820253119337,-0.48026577818297334,-0.6111690843628974,-1.215351109674831,0.3656273909716909,0.21699710062018177,-3.869252694254341,0.5384594697180708,False,NEG,0.922,0.7272727272727273,0.43435469882387084,0.902539407099751,-5,0.6380122883730402,False,False,fails_bh_fdr;bootstrap_ci_includes_zero;wilson_lower_not_above_threshold
dzenyu,,deterministic,11,8,1,2,0.6041820253119337,-0.48026577818297334,-0.6111690843628974,-1.215351109674831,0.3656273909716909,0.21699710062018177,-3.9326173898236645,0.5472362558303175,False,NEG,0.908,0.7272727272727273,0.43435469882387084,0.902539407099751,-5,0.6380122883730402,False,False,fails_bh_fdr;bootstrap_ci_includes_zero;wilson_lower_not_above_threshold
eish,,deterministic,11,8,1,2,0.6041820253119337,-0.48026577818297334,-0.6111690843628974,-1.215351109674831,0.3656273909716909,0.21699710062018177,-3.876323302019937,0.5454872101644459,False,NEG,0.9125,0.7272727272727273,0.43435469882387084,0.902539407099751,-5,0.6380122883730402,False,False,fails_bh_fdr;bootstrap_ci_includes_zero;wilson_lower_not_above_threshold
idzo,suspected_non_content_seed,deterministic,11,9,0,2,0.7646466975051798,-2.065228278904131,-0.6111690843628974,-1.3758157818680772,0.3249171129813823,0.21762707294080397,-4.080192849701626,0.24343885958929073,False,NEG,0.951,0.8181818181818182,0.523019438039156,0.9486323102539149,-6,0.6380122883730402,False,False,fails_bh_fdr;bootstrap_ci_includes_zero
moti,,deterministic,11,9,0,2,0.7646466975051798,-2.065228278904131,-0.6111690843628974,-1.3758157818680772,0.3249171129813823,0.21762707294080397,-4.104444273192314,0.20870359716814765,False,NEG,0.9525,0.8181818181818182,0.523019438039156,0.9486323102539149,-6,0.6380122883730402,False,False,fails_bh_fdr;bootstrap_ci_includes_zero
siyanai,,deterministic,11,8,1,2,0.6041820253119337,-0.48026577818297334,-0.6111690843628974,-1.215351109674831,0.3656273909716909,0.21699710062018177,-3.9495945297093216,0.5681574111174043,False,NEG,0.9095,0.7272727272727273,0.43435469882387084,0.902539407099751,-5,0.6380122883730402,False,False,fails_bh_fdr;bootstrap_ci_includes_zero;wilson_lower_not_above_threshold
vakaita,,deterministic,10,8,0,2,0.7354265585901878,-1.933983745625877,-0.47992455108464327,-1.215351109674831,0.3656273909716909,0.21699710062018177,-3.9836773746812004,0.5117791391590345,False,NEG,0.919,0.8,0.49016247153664183,0.9433178485456247,-5,0.6380122883730402,False,False,fails_bh_fdr;bootstrap_ci_includes_zero;wilson_lower_not_above_threshold
mune,,deterministic,56,31,11,14,0.19738210120333655,0.16171667079470886,-0.37173319048086206,-0.5691152916841986,0.6595422875703553,0.22424357555131827,-1.5712878033228124,0.295054579193672,False,NEG,0.901,0.5535714285714286,0.4241321478993947,0.6761327874521665,-3,0.653351652223594,False,False,fails_bh_fdr;bootstrap_ci_includes_zero;wilson_lower_not_above_threshold
hangu,,deterministic,49,17,14,18,-0.4597924630160355,0.6869580522008452,0.1705615223560928,0.6303539853721283,1.5544083684282026,0.22698362386997117,-0.3239133120021073,1.6115354604091734,False,POS,0.9115,0.3673469387755102,0.24665172968683138,0.5073293243920758,0,0.6572777329240883,False,False,fails_bh_fdr;bootstrap_ci_includes_zero;wilson_lower_not_above_threshold
akaita,,deterministic,21,8,3,10,-0.2985207733331503,-0.16057615549160964,0.5565174448834158,0.8550382182165661,1.8337490406753645,0.23167187859563693,-0.513106606922363,2.263183926924407,False,POS,0.895,0.47619047619047616,0.2834400610153417,0.6763046541715557,1,0.6627219799826705,False,False,fails_bh_fdr;bootstrap_ci_includes_zero;wilson_lower_not_above_threshold
hedu,,deterministic,19,8,1,10,-0.1576582374933011,-1.242106040988208,0.697379980723265,0.8550382182165661,1.8337490406753645,0.23167187859563693,-0.4901112339673286,2.337944684022032,False,POS,0.909,0.5263157894736842,0.3170780924511316,0.7267019483882042,1,0.6627219799826705,False,False,fails_bh_fdr;bootstrap_ci_includes_zero;wilson_lower_not_above_threshold
ivavo,,deterministic,43,26,6,11,0.32525809883307844,-0.28417010055475345,-0.32891676298496186,-0.6541748618180403,0.6179684039568877,0.23940810171098587,-1.8055151512851184,0.22964054722802335,False,NEG,0.916,0.6046511627906976,0.45579063062873904,0.7363468524170255,-3,0.6807266506481044,False,False,fails_bh_fdr;bootstrap_ci_includes_zero;wilson_lower_not_above_threshold
ndo,,deterministic,13,5,1,7,-0.2551747434075633,-0.7115913242894276,0.7424678702518044,0.9976426136593677,2.0530471444998084,0.2456638320908694,-0.6282017072838274,2.7853284390951467,False,POS,0.8905,0.5384615384615384,0.29143795714506004,0.7679393219046169,1,0.6943313098616188,False,False,fails_bh_fdr;bootstrap_ci_includes_zero;wilson_lower_not_above_threshold
kuisa,,deterministic,23,14,4,5,0.3436732835685419,0.07366982691755908,-0.5046924562335864,-0.8483657398021283,0.5221042840728785,0.24720408558498663,-2.6917784765108372,0.5008133306545833,False,NEG,0.9115,0.6086956521739131,0.4078552239138171,0.7784237720752205,-4,0.6945257642625815,False,False,fails_bh_fdr;bootstrap_ci_includes_zero;wilson_lower_not_above_threshold
wavo,,deterministic,27,9,7,11,-0.4931510599624662,0.5838645592367424,0.33266701933910703,0.8258180793015732,1.7932181701855405,0.2535410375921245,-0.48495757130911904,2.1429285013778268,False,POS,0.9,0.4074074074074074,0.24514757074395552,0.592732990319353,1,0.6998325715993143,False,False,fails_bh_fdr;bootstrap_ci_includes_zero;wilson_lower_not_above_threshold
enyika,,deterministic,21,9,1,11,-0.13805610113990419,-1.3829685768280573,0.6877619781616691,0.8258180793015732,1.7932181701855405,0.2535410375921245,-0.4636593064918215,2.2253755453352944,False,POS,0.9035,0.5238095238095238,0.3236953458284443,0.7165599389846583,1,0.6998325715993143,False,False,fails_bh_fdr;bootstrap_ci_includes_zero;wilson_lower_not_above_threshold
ravo,,deterministic,10,6,3,1,0.3484034354809413,0.8733711764317285,-1.2168901452508507,-1.565293580731792,0.24378585086042065,0.2529035864531186,-3.812020322396953,0.5401596595256332,False,NEG,0.935,0.6,0.31267376973365824,0.8318196702937638,-4,0.6998325715993143,False,False,fails_bh_fdr;bootstrap_ci_includes_zero;wilson_lower_not_above_threshold
kwavo,,deterministic,29,14,0,15,0.015619085884337025,-3.4243093722089597,0.6620180378317864,0.6463989519474493,1.572334816279453,0.2564588500689959,-0.5030903005417519,1.7433487869778999,False,POS,0.8865,0.5172413793103449,0.34431021881994717,0.6861390984731652,0,0.7037707978637562,False,False,fails_bh_fdr;bootstrap_ci_includes_zero;wilson_lower_not_above_threshold
havana,,rag_recovered,56,35,4,17,0.3698492972081029,-1.1919202838199912,-0.10043116866346757,-0.47028046587157046,0.7094157093387566,0.2603003487597828,-1.342980808300116,0.3247374079408086,False,NEG,0.871,0.625,0.4940536590850181,0.7398978567352911,-3,0.7101836104891184,False,False,fails_bh_fdr;bootstrap_ci_includes_zero;wilson_lower_not_above_threshold
vane,,rag_recovered,156,79,34,43,0.0631452484703443,0.27683928699843374,-0.2566105742771372,-0.3197558227474815,0.7937146708516385,0.263940449229622,-0.8745903680794125,0.19715233475920452,False,NEG,0.888,0.5064102564102564,0.42874962494275415,0.5837627733721508,-2,0.711885097350752,False,False,fails_bh_fdr;bootstrap_ci_includes_zero;wilson_lower_not_above_threshold
zvako,,deterministic,16,10,3,3,0.38820444353891403,0.221294479852034,-0.6465744204940957,-1.0347788640330098,0.438691159586682,0.2631218539630735,-3.7407033738634334,0.5324828797734403,False,NEG,0.907,0.625,0.38641040545502714,0.8151876744113636,-4,0.711885097350752,False,False,fails_bh_fdr;bootstrap_ci_includes_zero;wilson_lower_not_above_threshold
iwewe,,deterministic,59,37,4,18,0.37428206730654523,-1.266559084712747,-0.09489962087224058,-0.4691816881787858,0.710442544160789,0.2707484864585773,-1.3361385186090704,0.3474455587886443,False,NEG,0.876,0.6271186440677966,0.4995359106706382,0.7391600120767886,-3,0.7260982136843664,False,False,fails_bh_fdr;bootstrap_ci_includes_zero;wilson_lower_not_above_threshold
wese,,deterministic,54,22,11,21,-0.2360500883286436,0.21371130843296982,0.24854520673192493,0.48459529506056853,1.4011035207567,0.27867890709983867,-0.4157441217373602,1.3566097365602985,False,POS,0.8555,0.3888888888888889,0.270419338291165,0.5221170146179233,0,0.7297202297719905,False,False,fails_bh_fdr;bootstrap_ci_includes_zero;wilson_lower_not_above_threshold
muna,,deterministic,48,22,5,21,-0.06777860573884453,-0.6821475463969469,0.416816689321724,0.48459529506056853,1.4011035207567,0.27867890709983867,-0.3707615269126335,1.3542919970863623,False,POS,0.862,0.4375,0.30701269040654244,0.5772498258017222,0,0.7297202297719905,False,False,fails_bh_fdr;bootstrap_ci_includes_zero;wilson_lower_not_above_threshold
riri,,deterministic,25,16,3,6,0.4122499175055667,-0.4067367427610069,-0.3815208470236495,-0.7937707645292162,0.548132183908046,0.27714861753431097,-2.344743199003746,0.41697263310121596,False,NEG,0.896,0.64,0.44518497748164865,0.7975211922554178,-4,0.7297202297719905,False,False,fails_bh_fdr;bootstrap_ci_includes_zero;wilson_lower_not_above_threshold
mushe,,deterministic,23,10,2,11,-0.1219902887802693,-0.7743270796373913,0.5594378811861294,0.6814281699663987,1.6134740882917467,0.2751989566018359,-0.5507011973170823,2.0042748342579673,False,POS,0.8685,0.4782608695652174,0.29237157416646653,0.6703726266357259,0,0.7297202297719905,False,False,fails_bh_fdr;bootstrap_ci_includes_zero;wilson_lower_not_above_threshold
yave,,deterministic,13,3,5,5,-0.907251439987256,1.1628777936267127,0.295008893280583,1.202260333267839,2.443508234392953,0.282921190780242,-0.7799348361733449,4.01671848746864,False,POS,0.9135,0.38461538461538464,0.17709707797762575,0.6447710848733431,1,0.7297202297719905,False,False,fails_bh_fdr;bootstrap_ci_includes_zero;wilson_lower_not_above_threshold
rumwe,,deterministic,10,3,2,5,-0.5446813606025476,0.38794434926148647,0.6575789726652914,1.202260333267839,2.443508234392953,0.282921190780242,-0.6666643629022677,3.935076491531406,False,POS,0.902,0.5,0.236593090512564,0.7634069094874361,2,0.7297202297719905,False,False,fails_bh_fdr;bootstrap_ci_includes_zero;wilson_lower_not_above_threshold
vakati,,deterministic,10,3,2,5,-0.5446813606025476,0.38794434926148647,0.6575789726652914,1.202260333267839,2.443508234392953,0.282921190780242,-0.8358196104064582,4.004617055286519,False,POS,0.8995,0.5,0.236593090512564,0.7634069094874361,2,0.7297202297719905,False,False,fails_bh_fdr;bootstrap_ci_includes_zero;wilson_lower_not_above_threshold
inini,,deterministic,26,11,3,12,-0.1640773583875781,-0.4622318553527105,0.5064005120182795,0.6704778704058576,1.6003351487222455,0.29032149232586935,-0.5619529640279861,1.88781138237151,False,POS,0.8705,0.46153846153846156,0.2875585353039122,0.6454206125314121,0,0.7447377411837518,False,False,fails_bh_fdr;bootstrap_ci_includes_zero;wilson_lower_not_above_threshold
unoita,,deterministic,22,12,6,4,0.19228423356365631,0.6669202989642997,-0.7314633180806105,-0.9237475516442668,0.48736600306278716,0.30796738153156394,-3.362900813486626,0.4138727942272525,False,NEG,0.9065,0.5454545454545454,0.3465979532073494,0.7307970581918668,-3,0.7650558109626221,False,False,fails_bh_fdr;bootstrap_ci_includes_zero;wilson_lower_not_above_threshold
anoti,,deterministic,21,12,5,4,0.2578725751912341,0.49150054108808305,-0.6658749764530327,-0.9237475516442668,0.48736600306278716,0.30796738153156394,-3.105081721689685,0.5396488673197262,False,NEG,0.9025,0.5714285714285714,0.3654655436930671,0.7553003107462404,-3,0.7650558109626221,False,False,fails_bh_fdr;bootstrap_ci_includes_zero;wilson_lower_not_above_threshold
ipapa,,deterministic,18,11,3,4,0.35438973054666967,0.05623523358153726,-0.44906358737988583,-0.8034533179265555,0.5318112209383266,0.30679650405248865,-2.8477062844136976,0.5785073778464193,False,NEG,0.861,0.6111111111111112,0.3861904160223791,0.7969475342783638,-4,0.7650558109626221,False,False,fails_bh_fdr;bootstrap_ci_includes_zero;wilson_lower_not_above_threshold
muma,,deterministic,18,12,2,4,0.474683964264381,-0.42919159358870473,-0.44906358737988583,-0.9237475516442668,0.48736600306278716,0.30796738153156394,-2.832336986707816,0.5209080683020012,False,NEG,0.9045,0.6666666666666666,0.43749467295945105,0.837212252491663,-4,0.7650558109626221,False,False,fails_bh_fdr;bootstrap_ci_includes_zero;wilson_lower_not_above_threshold
unoziva,,deterministic,17,12,1,4,0.5548543129483647,-1.0859868390709266,-0.36889323869590207,-0.9237475516442668,0.48736600306278716,0.30796738153156394,-2.888665696701367,0.5253508774426993,False,NEG,0.906,0.7058823529411765,0.4686688993346016,0.8672001038970478,-4,0.7650558109626221,False,False,fails_bh_fdr;bootstrap_ci_includes_zero;wilson_lower_not_above_threshold
kwa,,deterministic,16,11,1,4,0.5194489768171664,-1.0010979414844137,-0.2840043411093891,-0.8034533179265555,0.5318112209383266,0.30679650405248865,-2.846109193291111,0.5927391812929087,False,NEG,0.874,0.6875,0.44404355834740666,0.8583535614521796,-4,0.7650558109626221,False,False,fails_bh_fdr;bootstrap_ci_includes_zero;wilson_lower_not_above_threshold
vake,,deterministic,43,19,6,18,-0.11726013686787251,-0.28417010055475345,0.3569746465869743,0.4742347834548468,1.390057128965601,0.3191255467603156,-0.4664376707567406,1.369132579931178,False,POS,0.836,0.4186046511627907,0.28384550927849195,0.5667142261303578,0,0.7886243878055967,False,False,fails_bh_fdr;bootstrap_ci_includes_zero;wilson_lower_not_above_threshold
anoita,,deterministic,28,8,11,9,-0.7051460327957937,1.1490056190451554,0.005502276085598723,0.7106483088813924,1.649741081703107,0.32882582077542327,-0.7826252192096088,2.1094002368833538,False,POS,0.8435,0.32142857142857145,0.1793324692249496,0.5066115681914238,0,0.7918060784536776,False,False,fails_bh_fdr;bootstrap_ci_includes_zero;wilson_lower_not_above_threshold
neni,,deterministic,14,4,4,6,-0.6477748535666521,0.7702776834676239,0.4329234998202729,1.080698353386925,2.199425287356322,0.33383349494127507,-0.6281913194910371,3.0937267281883756,False,POS,0.89,0.42857142857142855,0.21380798904474121,0.6740935542034926,1,0.7918060784536776,False,False,fails_bh_fdr;bootstrap_ci_includes_zero;wilson_lower_not_above_threshold
chaivo,,deterministic,12,7,3,2,0.30331554595240107,0.621832409435763,-0.7314633180806087,-1.0347788640330098,0.4179691769592305,0.32667890884029427,-3.7219633169634823,0.898468994424383,False,NEG,0.8815,0.5833333333333334,0.31951131254954973,0.8067396863412435,-4,0.7918060784536776,False,False,fails_bh_fdr;bootstrap_ci_includes_zero;wilson_lower_not_above_threshold
rese,,deterministic,12,7,3,2,0.30331554595240107,0.621832409435763,-0.7314633180806087,-1.0347788640330098,0.4179691769592305,0.32667890884029427,-3.8221265923364713,0.8784454196850977,False,NEG,0.8705,0.5833333333333334,0.31951131254954973,0.8067396863412435,-4,0.7918060784536776,False,False,fails_bh_fdr;bootstrap_ci_includes_zero;wilson_lower_not_above_threshold
chose,,rag_recovered,10,4,0,6,-0.18211128121783915,-1.933983745625877,0.8985870721690858,1.080698353386925,2.199425287356322,0.33383349494127507,-0.6229055352125963,3.228670234950371,False,POS,0.903,0.6,0.31267376973365824,0.8318196702937638,2,0.7918060784536776,False,False,fails_bh_fdr;bootstrap_ci_includes_zero;wilson_lower_not_above_threshold
kwandiri,,deterministic,10,4,0,6,-0.18211128121783915,-1.933983745625877,0.8985870721690858,1.080698353386925,2.199425287356322,0.33383349494127507,-0.7104056360524575,3.238413510810227,False,POS,0.887,0.6,0.31267376973365824,0.8318196702937638,2,0.7918060784536776,False,False,fails_bh_fdr;bootstrap_ci_includes_zero;wilson_lower_not_above_threshold
munyika,,deterministic,10,7,1,2,0.5548543129483665,-0.3490212449047192,-0.47992455108464327,-1.0347788640330098,0.4179691769592305,0.32667890884029427,-3.703587758638203,0.6295033863343557,False,NEG,0.869,0.7,0.39677814746114537,0.8922087325936989,-4,0.7918060784536776,False,False,fails_bh_fdr;bootstrap_ci_includes_zero;wilson_lower_not_above_threshold
yose,,deterministic,10,4,0,6,-0.18211128121783915,-1.933983745625877,0.8985870721690858,1.080698353386925,2.199425287356322,0.33383349494127507,-0.7677945317992294,3.4523444775016134,False,POS,0.8925,0.6,0.31267376973365824,0.8318196702937638,2,0.7918060784536776,False,False,fails_bh_fdr;bootstrap_ci_includes_zero;wilson_lower_not_above_threshold
cde,,deterministic,32,14,4,14,-0.12410567778227488,-0.3941091344332577,0.4260779589058714,0.5501836366881463,1.4669485011529593,0.33794769538412966,-0.5794513040767537,1.62949531233037,False,POS,0.8415,0.4375,0.2816533111504036,0.6067440886314801,0,0.7975565611065459,False,False,fails_bh_fdr;bootstrap_ci_includes_zero;wilson_lower_not_above_threshold
pana,,deterministic,19,13,1,5,0.509766423419828,-1.242106040988208,-0.23550582341819748,-0.7452722468380255,0.5624134578558171,0.3401871861827491,-2.5528081088546632,0.5768676195883574,False,NEG,0.8665,0.6842105263157895,0.46010407675327475,0.8463562091220773,-4,0.798847521782376,False,False,fails_bh_fdr;bootstrap_ci_includes_zero;wilson_lower_not_above_threshold
yavo,,deterministic,49,29,6,14,0.29356756940083883,-0.47058322478563497,-0.18091084814528458,-0.4744784175461234,0.7053990299239312,0.3502093071282569,-1.481792224604421,0.4038376379997577,False,NEG,0.8485,0.5918367346938775,0.4524731939184714,0.7178476147961312,-3,0.8141290870048113,False,False,fails_bh_fdr;bootstrap_ci_includes_zero;wilson_lower_not_above_threshold
zvekuti,,deterministic,39,15,9,15,-0.3093032976716197,0.40248044241936576,0.24088033901652572,0.5501836366881454,1.467128027681661,0.3518693511630964,-0.5932092475827158,1.6274639928886132,False,POS,0.8365,0.38461538461538464,0.24891373465561348,0.5410093854307493,0,0.8141290870048113,False,False,fails_bh_fdr;bootstrap_ci_includes_zero;wilson_lower_not_above_threshold
yakanaka,,deterministic,19,9,0,10,0.002806434699945015,-2.827068541709366,0.697379980723265,0.69457354602332,1.6295727807623432,0.3504626332600739,-0.5790544489018252,2.126200187747665,False,POS,0.8535,0.5263157894736842,0.3170780924511316,0.7267019483882042,0,0.8141290870048113,False,False,fails_bh_fdr;bootstrap_ci_includes_zero;wilson_lower_not_above_threshold
sorobhi,,deterministic,37,17,4,16,-0.059254533432306467,-0.6005600119006846,0.40604020566932597,0.46529473910163244,1.380633484162896,0.3774080715830441,-0.4639798781491746,1.4774338531458593,False,POS,0.8305,0.43243243243243246,0.28671719277157315,0.5908581890983192,0,0.8373225131155245,False,False,fails_bh_fdr;bootstrap_ci_includes_zero;wilson_lower_not_above_threshold
akati,,deterministic,29,15,8,6,0.11183440114364096,0.6631534690413803,-0.5917385544139968,-0.7035729555576378,0.5848275862068966,0.3736591567032105,-2.277878940278978,0.5105088573221683,False,NEG,0.8795,0.5172413793103449,0.34431021881994717,0.6861390984731652,-3,0.8373225131155245,False,False,fails_bh_fdr;bootstrap_ci_includes_zero;wilson_lower_not_above_threshold
munenge,,deterministic,17,9,5,3,0.15892563661722647,0.7884822788452137,-0.7314633180806087,-0.8903889546978352,0.48756218905472637,0.38140750067762236,-3.5451233872579437,0.5747683284835385,False,NEG,0.863,0.5294117647058824,0.30963235060004424,0.7383489355759056,-3,0.8373225131155245,False,False,fails_bh_fdr;bootstrap_ci_includes_zero;wilson_lower_not_above_threshold
anogara,,deterministic,16,9,4,3,0.24381453420373944,0.5838645592367424,-0.6465744204940957,-0.8903889546978352,0.48756218905472637,0.38140750067762236,-3.523676258830235,0.5585376903426236,False,NEG,0.875,0.5625,0.331785563988119,0.7690134759450765,-3,0.8373225131155245,False,False,fails_bh_fdr;bootstrap_ci_includes_zero;wilson_lower_not_above_threshold
nashadaya,,deterministic,15,9,3,3,0.3340123431753188,0.31149228882361335,-0.5563766115225164,-0.8903889546978352,0.48756218905472637,0.38140750067762236,-3.5642286293957635,0.743193298374907,False,NEG,0.866,0.6,0.357468301206246,0.8017550385865841,-4,0.8373225131155245,False,False,fails_bh_fdr;bootstrap_ci_includes_zero;wilson_lower_not_above_threshold
vachiri,,deterministic,15,5,4,6,-0.45448355163097,0.6740623682083218,0.33670818456097074,0.7911917361919407,1.7590804597701148,0.37044551916528934,-1.0281460310533987,2.6019091760246247,False,POS,0.8395,0.4,0.1982449614134158,0.6425316987937539,1,0.8373225131155245,False,False,fails_bh_fdr;bootstrap_ci_includes_zero;wilson_lower_not_above_threshold
vachiti,,deterministic,15,9,3,3,0.3340123431753188,0.31149228882361335,-0.5563766115225164,-0.8903889546978352,0.48756218905472637,0.38140750067762236,-3.723980475761887,0.5765381726522933,False,NEG,0.875,0.6,0.357468301206246,0.8017550385865841,-4,0.8373225131155245,False,False,fails_bh_fdr;bootstrap_ci_includes_zero;wilson_lower_not_above_threshold
anonzi,,deterministic,13,9,1,3,0.5333211513987255,-0.7115913242894276,-0.3570678032991097,-0.8903889546978352,0.48756218905472637,0.38140750067762236,-3.6950855649144843,0.5922692877758148,False,NEG,0.8735,0.6923076923076923,0.42369343180549035,0.8731929634428948,-4,0.8373225131155245,False,False,fails_bh_fdr;bootstrap_ci_includes_zero;wilson_lower_not_above_threshold
ati,,rag_recovered,13,9,1,3,0.5333211513987255,-0.7115913242894276,-0.3570678032991097,-0.8903889546978352,0.48756218905472637,0.38140750067762236,-3.6548100911049133,0.7290734381742912,False,NEG,0.865,0.6923076923076923,0.42369343180549035,0.8731929634428948,-4,0.8373225131155245,False,False,fails_bh_fdr;bootstrap_ci_includes_zero;wilson_lower_not_above_threshold
kuseri,,deterministic,12,5,1,6,-0.14414343101882032,-0.6005600119006846,0.6470483051731204,0.7911917361919407,1.7590804597701148,0.37044551916528934,-0.875194038241824,2.6980046436140768,False,POS,0.8525,0.5,0.2537815976337061,0.7462184023662939,1,0.8373225131155245,False,False,fails_bh_fdr;bootstrap_ci_includes_zero;wilson_lower_not_above_threshold
kwe,,deterministic,12,5,1,6,-0.14414343101882032,-0.6005600119006846,0.6470483051731204,0.7911917361919407,1.7590804597701148,0.37044551916528934,-1.0008004795600833,2.6986575313354426,False,POS,0.82,0.5,0.2537815976337061,0.7462184023662939,1,0.8373225131155245,False,False,fails_bh_fdr;bootstrap_ci_includes_zero;wilson_lower_not_above_threshold
hako,,deterministic,56,27,5,24,0.0014618912280797147,-0.9024136666250069,0.3849956585067744,0.3835337672786947,1.3045267489711934,0.39078382725713423,-0.4606485760929423,1.1416952549699901,False,POS,0.8135,0.42857142857142855,0.3076896268393824,0.5586237926918696,0,0.8461007636026026,False,False,fails_bh_fdr;bootstrap_ci_includes_zero;wilson_lower_not_above_threshold
kuma,,deterministic,42,18,7,17,-0.159656430390144,-0.044166663376299375,0.31035685761401854,0.47001328800416253,1.3855970244966012,0.3888024182051407,-0.4370470010085318,1.419346497072787,False,POS,0.8475,0.40476190476190477,0.27042861147481323,0.5550568724996064,0,0.8461007636026026,False,False,fails_bh_fdr;bootstrap_ci_includes_zero;wilson_lower_not_above_threshold
kwake,,deterministic,23,11,1,11,0.009254244497983066,-1.511292673803597,0.5594378811861294,0.5501836366881463,1.4664107485604607,0.3901880207197328,-0.7002037444972193,1.8833056524310379,False,POS,0.831,0.4782608695652174,0.29237157416646653,0.6703726266357259,0,0.8461007636026026,False,False,fails_bh_fdr;bootstrap_ci_includes_zero;wilson_lower_not_above_threshold
amana,,deterministic,37,16,14,7,-0.14414343101881943,1.0874959817845742,-0.7314633180806087,-0.5873198870617893,0.6397326561901111,0.3976285355617117,-2.1470334336026435,0.5644668417971112,False,NEG,0.8425,0.43243243243243246,0.28671719277157315,0.5908581890983192,-2,0.8542568170369106,False,False,fails_bh_fdr;bootstrap_ci_includes_zero;wilson_lower_not_above_threshold
angu,,deterministic,15,6,2,7,-0.21347545212717378,-0.17393453834662864,0.5431590620283977,0.7566345141555715,1.710425450364124,0.3999804164516043,-0.8035167795119813,2.4183455195333083,False,POS,0.842,0.4666666666666667,0.24809535365737387,0.698830199745016,1,0.8542568170369106,False,False,fails_bh_fdr;bootstrap_ci_includes_zero;wilson_lower_not_above_threshold
tinoda,,deterministic,14,6,1,7,-0.11726013686787162,-0.8146848172535321,0.6393743772876999,0.7566345141555715,1.710425450364124,0.3999804164516043,-0.9105526874019352,2.470142237815184,False,POS,0.854,0.5,0.26799202452413634,0.7320079754758637,1,0.8542568170369106,False,False,fails_bh_fdr;bootstrap_ci_includes_zero;wilson_lower_not_above_threshold
musi,,deterministic,40,20,2,18,0.05798314185206621,-1.559588230844379,0.46006813955107795,0.40208499769901174,1.3202078521939953,0.4107119464898514,-0.49544038366522897,1.311836259433484,False,POS,0.8125,0.45,0.3070530781090492,0.6017090820106794,0,0.8732253997441884,False,False,fails_bh_fdr;bootstrap_ci_includes_zero;wilson_lower_not_above_threshold
kupi,,deterministic,33,18,7,8,0.18364531528978478,0.2991350823036294,-0.38816157240067906,-0.5718068876904638,0.6497955010224948,0.42388240647745246,-1.9979779057998115,0.5068586985979694,False,NEG,0.8505,0.5454545454545454,0.37985938536217456,0.7015706148612388,-3,0.8876804155528386,False,False,fails_bh_fdr;bootstrap_ci_includes_zero;wilson_lower_not_above_threshold
venyu,,deterministic,31,17,6,8,0.1922842335636581,0.18149347179405861,-0.2993523054428229,-0.49163653900648097,0.6881992060627932,0.4218223678009898,-1.9382496182934805,0.591353213052077,False,NEG,0.808,0.5483870967741935,0.37772167637354503,0.7083826401947998,-3,0.8876804155528386,False,False,fails_bh_fdr;bootstrap_ci_includes_zero;wilson_lower_not_above_threshold
kut,,deterministic,28,18,2,8,0.41684449158281645,-1.052628242124495,-0.1549623961076474,-0.5718068876904638,0.6497955010224948,0.42388240647745246,-2.0499162550307073,0.51504757413912,False,NEG,0.8515,0.6428571428571429,0.4583030651442781,0.7929417049226233,-3,0.8876804155528386,False,False,fails_bh_fdr;bootstrap_ci_includes_zero;wilson_lower_not_above_threshold
iya,,deterministic,15,10,1,4,0.4784022525104934,-0.9109001325128343,-0.19380653213780974,-0.6722087846483031,0.585145482388974,0.4250334193113168,-2.612106611365608,0.7459161942777169,False,NEG,0.8325,0.6666666666666666,0.41713547738519774,0.8482367556028526,-4,0.8876804155528386,False,False,fails_bh_fdr;bootstrap_ci_includes_zero;wilson_lower_not_above_threshold
wani,,deterministic,54,27,13,14,0.05345652886634067,0.445036854539425,-0.3197385528426011,-0.3731950817089418,0.7580493637372961,0.4297583889185571,-1.394613060229441,0.5221524665990791,False,NEG,0.8055,0.5,0.3711458304022563,0.6288541695977437,-2,0.8912884794696674,False,False,fails_bh_fdr;bootstrap_ci_includes_zero;wilson_lower_not_above_threshold
kubasa,,deterministic,15,7,0,8,-0.007024574659748595,-2.495862633233992,0.723731307670219,0.7307558823299676,1.6757230499561788,0.43053765533704275,-0.8899348286047108,2.312715514911213,False,POS,0.8375,0.5333333333333333,0.30116980025498397,0.7519046463426261,1,0.8912884794696674,False,False,fails_bh_fdr;bootstrap_ci_includes_zero;wilson_lower_not_above_threshold
muzimbabwe,,deterministic,67,33,6,28,0.029554733525548826,-0.9180422017568564,0.34653919392066346,0.31698446039511463,1.2451875790361107,0.4325348655056207,-0.4324526312054881,1.0804847902260355,False,POS,0.8005,0.417910447761194,0.30742300955672297,0.5373006849702071,-1,0.8915129105618033,False,False,fails_bh_fdr;bootstrap_ci_includes_zero;wilson_lower_not_above_threshold
kwese,,deterministic,18,8,2,8,-0.0817093842600034,-0.42919159358870473,0.4684742524281429,0.5501836366881463,1.4658742331288344,0.45510238231270056,-0.9187611941334309,1.9650946046069995,False,POS,0.783,0.4444444444444444,0.24559518127005633,0.6628358435795723,0,0.9219241392772304,False,False,fails_bh_fdr;bootstrap_ci_includes_zero;wilson_lower_not_above_threshold
pese,,deterministic,17,8,1,8,-0.0015390355760196428,-1.0859868390709266,0.5486446011121267,0.5501836366881463,1.4658742331288344,0.45510238231270056,-0.9530703158153485,2.0042897468727827,False,POS,0.7825,0.47058823529411764,0.26165106442409436,0.6903676493999558,0,0.9219241392772304,False,False,fails_bh_fdr;bootstrap_ci_includes_zero;wilson_lower_not_above_threshold
mati,,deterministic,12,3,5,4,-0.796220127598513,1.2739091060154557,0.11653358847433992,0.9127537160728529,1.9540581929555896,0.45203060289109787,-1.3528794955113066,3.732561030930443,False,POS,0.819,0.3333333333333333,0.13812009109121315,0.6093779111272004,1,0.9219241392772304,False,False,fails_bh_fdr;bootstrap_ci_includes_zero;wilson_lower_not_above_threshold
mufunge,,deterministic,10,3,3,4,-0.5446813606025476,0.8733711764317285,0.36807235547030537,0.9127537160728529,1.9540581929555896,0.45203060289109787,-1.3255512643863834,3.3913637007878776,False,POS,0.826,0.4,0.16818032970623614,0.6873262302663417,1,0.9219241392772304,False,False,fails_bh_fdr;bootstrap_ci_includes_zero;wilson_lower_not_above_threshold
vakuru,,deterministic,36,20,6,10,0.2080085858566738,-0.031051163586042207,-0.20704235929450387,-0.4150509451511777,0.7311972371450499,0.46150592087275244,-1.6053081484525702,0.5810677799207538,False,NEG,0.7895,0.5555555555555556,0.395810617556973,0.7045873125991978,-2,0.9269395517103795,False,False,fails_bh_fdr;bootstrap_ci_includes_zero;wilson_lower_not_above_threshold
asiri,,deterministic,17,12,0,5,0.5548543129483647,-2.6709493397920845,-0.07938662150091602,-0.6342409344492808,0.6094408272692455,0.4607800054253711,-2.420417372056784,0.6919864780831385,False,NEG,0.832,0.7058823529411765,0.4686688993346016,0.8672001038970478,-4,0.9269395517103795,False,False,fails_bh_fdr;bootstrap_ci_includes_zero;wilson_lower_not_above_threshold
pane,,rag_recovered,184,81,41,62,-0.13846771171071115,0.30589610243941134,0.028772055408444075,0.16723976711915522,1.1238725021027292,0.49228036584462154,-0.31604186522269107,0.6216213042882752,False,POS,0.761,0.33695652173913043,0.2726143245021751,0.4079673725486683,-1,0.9299915940299512,False,False,fails_bh_fdr;bootstrap_ci_includes_zero;wilson_lower_not_above_threshold
futi,suspected_non_content_seed,deterministic,117,62,18,37,0.12954847821569526,-0.20872990378316647,-0.05723347926236588,-0.18678195747806114,0.8721372374888992,0.537652378379815,-0.7930722109449532,0.3818888109295632,False,NEG,0.7195,0.5299145299145299,0.4399704900134548,0.6179566491349288,-2,0.9299915940299512,False,False,fails_bh_fdr;bootstrap_ci_includes_zero;wilson_lower_not_above_threshold
apo,,rag_recovered,82,37,15,30,-0.09722238363132707,0.046207773293942545,0.1548799001238237,0.25210228375515076,1.1895654355051106,0.5321872902797073,-0.48107602100911573,0.9612487322393165,False,POS,0.7695,0.36585365853658536,0.2697862503419967,0.47392733162364004,-1,0.9299915940299512,False,False,fails_bh_fdr;bootstrap_ci_includes_zero;wilson_lower_not_above_threshold
kuna,,deterministic,57,33,6,18,0.2608802796320049,-0.6867166556504003,-0.04557190850867254,-0.30645218814067743,0.7973965987822801,0.4770396949026309,-1.1996142320260903,0.4926080823366171,False,NEG,0.784,0.5789473684210527,0.44980141395599427,0.6981240331724827,-2,0.9299915940299512,False,False,fails_bh_fdr;bootstrap_ci_includes_zero;wilson_lower_not_above_threshold
magetsi,,deterministic,39,23,4,12,0.2910892436191421,-0.6755220695819064,-0.06945978159562483,-0.36054902521476695,0.7629733520336606,0.49403689712055066,-1.450939294376865,0.5941460210404228,False,NEG,0.768,0.5897435897435898,0.43418622882896973,0.7292068999927483,-3,0.9299915940299512,False,False,fails_bh_fdr;bootstrap_ci_includes_zero;wilson_lower_not_above_threshold
ndimi,,deterministic,38,23,3,12,0.3280834511013433,-1.0010979414844137,-0.032465574113423656,-0.36054902521476695,0.7629733520336606,0.49403689712055066,-1.427811151309874,0.5739638823800797,False,NEG,0.7575,0.6052631578947368,0.4471786799604255,0.744019242518399,-3,0.9299915940299512,False,False,fails_bh_fdr;bootstrap_ci_includes_zero;wilson_lower_not_above_threshold
zvavo,,deterministic,32,13,7,12,-0.22719917074637763,0.342856459732948,0.2119531535530239,0.43915232429940154,1.3534207727756116,0.5412781731389578,-0.7655184055129985,1.5892189248182107,False,POS,0.7765,0.375,0.22933887309454212,0.5474559264692255,0,0.9299915940299512,False,False,fails_bh_fdr;bootstrap_ci_includes_zero;wilson_lower_not_above_threshold
mamwe,,deterministic,30,16,6,8,0.1539379219141752,0.2280360577310887,-0.2528097195057928,-0.406747641419968,0.7314033742331288,0.5370263268465841,-1.8765391430284706,0.7027145652535302,False,NEG,0.766,0.5333333333333333,0.36142299619873297,0.6976761109230025,-2,0.9299915940299512,False,False,fails_bh_fdr;bootstrap_ci_includes_zero;wilson_lower_not_above_threshold
madzimai,,deterministic,27,11,6,10,-0.21751661734903927,0.37741368176931545,0.20142248606085378,0.41893910340989304,1.332589129979767,0.5130281522652825,-0.9354680731817907,1.6232619739837995,False,POS,0.757,0.37037037037037035,0.21532512960965597,0.5577076558789761,0,0.9299915940299512,False,False,fails_bh_fdr;bootstrap_ci_includes_zero;wilson_lower_not_above_threshold
enyu,,deterministic,25,15,3,7,0.32205210853398825,-0.4067367427610069,-0.17506996955622256,-0.4971220780902108,0.6825603679570716,0.5158735102448968,-1.938849948516837,0.6617964045741822,False,NEG,0.792,0.6,0.40739457358967,0.7659669762225203,-3,0.9299915940299512,False,False,fails_bh_fdr;bootstrap_ci_includes_zero;wilson_lower_not_above_threshold
mabasa,,deterministic,25,16,1,8,0.4122499175055667,-1.6291291640974546,0.005502276085598723,-0.406747641419968,0.7314033742331288,0.5370263268465841,-1.8351172989572364,0.6855846011859317,False,NEG,0.7735,0.64,0.44518497748164865,0.7975211922554178,-3,0.9299915940299512,False,False,fails_bh_fdr;bootstrap_ci_includes_zero;wilson_lower_not_above_threshold
mumba,,deterministic,25,16,1,8,0.4122499175055667,-1.6291291640974546,0.005502276085598723,-0.406747641419968,0.7314033742331288,0.5370263268465841,-1.8086456676636502,0.726821540492291,False,NEG,0.764,0.64,0.44518497748164865,0.7975211922554178,-3,0.9299915940299512,False,False,fails_bh_fdr;bootstrap_ci_includes_zero;wilson_lower_not_above_threshold
vevanhu,,deterministic,24,15,2,7,0.3797676063902742,-0.834448072074963,-0.11735447169993662,-0.4971220780902108,0.6825603679570716,0.5158735102448968,-2.0429610808456595,0.6374280859391855,False,NEG,0.8075,0.625,0.42709962442674276,0.7884063244045122,-3,0.9299915940299512,False,False,fails_bh_fdr;bootstrap_ci_includes_zero;wilson_lower_not_above_threshold
kwako,,deterministic,23,13,4,6,0.24057979060443913,0.07366982691755908,-0.26368435672979196,-0.5042641473342311,0.6751547303271441,0.4900212969736906,-2.0808311379228406,0.7525946690423625,False,NEG,0.7825,0.5652173913043478,0.3681137508501646,0.743653646743258,-3,0.9299915940299512,False,False,fails_bh_fdr;bootstrap_ci_includes_zero;wilson_lower_not_above_threshold
siyai,,deterministic,23,13,4,6,0.24057979060443913,0.07366982691755908,-0.26368435672979196,-0.5042641473342311,0.6751547303271441,0.4900212969736906,-2.172038021154314,0.754213316463259,False,NEG,0.791,0.5652173913043478,0.3681137508501646,0.743653646743258,-3,0.9299915940299512,False,False,fails_bh_fdr;bootstrap_ci_includes_zero;wilson_lower_not_above_threshold
aiwa,,deterministic,21,10,1,10,0.006333808195270407,-1.3829685768280573,0.5565174448834158,0.5501836366881454,1.4662317728319263,0.4947515485171948,-0.773971547972195,1.9036456214666597,False,POS,0.798,0.47619047619047616,0.2834400610153417,0.6763046541715557,0,0.9299915940299512,False,False,fails_bh_fdr;bootstrap_ci_includes_zero;wilson_lower_not_above_threshold
izvozvo,,deterministic,20,13,1,6,0.43761663766399295,-1.3142558267440432,-0.06664750967023814,-0.5042641473342311,0.6751547303271441,0.4900212969736906,-2.1341180497671437,0.7796518996041676,False,NEG,0.784,0.65,0.43285427668523624,0.818808175898918,-3,0.9299915940299512,False,False,fails_bh_fdr;bootstrap_ci_includes_zero;wilson_lower_not_above_threshold
kungoti,,deterministic,20,13,1,6,0.43761663766399295,-1.3142558267440432,-0.06664750967023814,-0.5042641473342311,0.6751547303271441,0.4900212969736906,-2.1381143041871025,0.7555848537971414,False,NEG,0.7875,0.65,0.43285427668523624,0.818808175898918,-3,0.9299915940299512,False,False,fails_bh_fdr;bootstrap_ci_includes_zero;wilson_lower_not_above_threshold
chirungu,,deterministic,14,5,4,5,-0.3582682363716678,0.7702776834676239,0.19191540031647847,0.5501836366881463,1.4653389505936423,0.5393330955847788,-1.5250448563561159,2.3500430662629053,False,POS,0.7365,0.35714285714285715,0.1634473175355414,0.612355768960926,0,0.9299915940299512,False,False,fails_bh_fdr;bootstrap_ci_includes_zero;wilson_lower_not_above_threshold
nyangwe,,deterministic,14,5,4,5,-0.3582682363716678,0.7702776834676239,0.19191540031647847,0.5501836366881463,1.4653389505936423,0.5393330955847788,-1.4342322884368142,2.6113488907053113,False,POS,0.7285,0.35714285714285715,0.1634473175355414,0.612355768960926,0,0.9299915940299512,False,False,fails_bh_fdr;bootstrap_ci_includes_zero;wilson_lower_not_above_threshold
muchiti,,deterministic,13,8,2,3,0.3728564792054794,0.025374269876778044,-0.3570678032991097,-0.7299242825045891,0.5486509758897818,0.5418383227928741,-3.3985606144422476,0.8781907182541365,False,NEG,0.822,0.6153846153846154,0.355228915126657,0.8229029220223743,-3,0.9299915940299512,False,False,fails_bh_fdr;bootstrap_ci_includes_zero;wilson_lower_not_above_threshold
nei,,rag_recovered,13,8,2,3,0.3728564792054794,0.025374269876778044,-0.3570678032991097,-0.7299242825045891,0.5486509758897818,0.5418383227928741,-3.5280341981048373,0.8756471831047712,False,NEG,0.811,0.6153846153846154,0.355228915126657,0.8229029220223743,-3,0.9299915940299512,False,False,fails_bh_fdr;bootstrap_ci_includes_zero;wilson_lower_not_above_threshold
vangani,,deterministic,13,6,5,2,-0.014166643903767095,1.1628777936267127,-0.8424946304693517,-0.8283279865655846,0.48775822494261667,0.48590652933261913,-3.5376421660594723,1.0394457511227417,False,NEG,0.8225,0.46153846153846156,0.23206067809538303,0.7085620428549398,-3,0.9299915940299512,False,False,fails_bh_fdr;bootstrap_ci_includes_zero;wilson_lower_not_above_threshold
anoziva,,deterministic,12,5,2,5,-0.14414343101882032,0.13640558226552102,0.40604020566932597,0.5501836366881463,1.4653389505936423,0.5393330955847788,-1.5288787712348921,2.4776752946838365,False,POS,0.727,0.4166666666666667,0.19326031365875665,0.6804886874504503,0,0.9299915940299512,False,False,fails_bh_fdr;bootstrap_ci_includes_zero;wilson_lower_not_above_threshold
inoda,,deterministic,12,8,1,3,0.48388779159422235,-0.6005600119006846,-0.24603649091036672,-0.7299242825045891,0.5486509758897818,0.5418383227928741,-3.5625171150720725,0.945979315370515,False,NEG,0.8185,0.6666666666666666,0.39062208887279953,0.8618799089087867,-4,0.9299915940299512,False,False,fails_bh_fdr;bootstrap_ci_includes_zero;wilson_lower_not_above_threshold
kudii,,deterministic,12,6,4,2,0.09686466848497588,0.9844024888204714,-0.7314633180806087,-0.8283279865655846,0.48775822494261667,0.48590652933261913,-3.5686157261772773,1.035566774207328,False,NEG,0.8,0.5,0.2537815976337061,0.7462184023662939,-3,0.9299915940299512,False,False,fails_bh_fdr;bootstrap_ci_includes_zero;wilson_lower_not_above_threshold
ndogara,,deterministic,12,4,3,5,-0.4336500482138046,0.621832409435763,0.40604020566932597,0.8396902538831306,1.8321524320183837,0.4995305457547021,-1.2811366027430955,3.0124519621565646,False,POS,0.8225,0.4166666666666667,0.19326031365875665,0.6804886874504503,1,0.9299915940299512,False,False,fails_bh_fdr;bootstrap_ci_includes_zero;wilson_lower_not_above_threshold
vadiki,,deterministic,12,6,4,2,0.09686466848497588,0.9844024888204714,-0.7314633180806087,-0.8283279865655846,0.48775822494261667,0.48590652933261913,-3.5253954296389103,1.0829135274539137,False,NEG,0.8105,0.5,0.2537815976337061,0.7462184023662939,-3,0.9299915940299512,False,False,fails_bh_fdr;bootstrap_ci_includes_zero;wilson_lower_not_above_threshold
chaiwo,,deterministic,11,8,0,3,0.6041820253119337,-2.065228278904131,-0.12574225719265542,-0.7299242825045891,0.5486509758897818,0.5418383227928741,-3.4634759082162274,0.8906315677713463,False,NEG,0.824,0.7272727272727273,0.43435469882387084,0.902539407099751,-4,0.9299915940299512,False,False,fails_bh_fdr;bootstrap_ci_includes_zero;wilson_lower_not_above_threshold
dzimba,,deterministic,11,5,1,5,-0.023849197301109015,-0.48026577818297334,0.5263344393870373,0.5501836366881463,1.4653389505936423,0.5393330955847788,-1.3627529964609533,2.469170939250796,False,POS,0.745,0.45454545454545453,0.21271271622459764,0.719908462590678,0,0.9299915940299512,False,False,fails_bh_fdr;bootstrap_ci_includes_zero;wilson_lower_not_above_threshold
hatidi,,deterministic,11,6,3,2,0.2171589022026872,0.7421266431534743,-0.6111690843628974,-0.8283279865655846,0.48775822494261667,0.48590652933261913,-3.6361527039124595,1.1492203568371733,False,NEG,0.8055,0.5454545454545454,0.280091537409322,0.7872872837754024,-3,0.9299915940299512,False,False,fails_bh_fdr;bootstrap_ci_includes_zero;wilson_lower_not_above_threshold
iih,,deterministic,11,5,1,5,-0.023849197301109015,-0.48026577818297334,0.5263344393870373,0.5501836366881463,1.4653389505936423,0.5393330955847788,-1.5075781442386043,2.4561795925126475,False,POS,0.7435,0.45454545454545453,0.21271271622459764,0.719908462590678,0,0.9299915940299512,False,False,fails_bh_fdr;bootstrap_ci_includes_zero;wilson_lower_not_above_threshold
iroro,,deterministic,11,4,2,5,-0.3133558144960933,0.2566998159832323,0.5263344393870373,0.8396902538831306,1.8321524320183837,0.4995305457547021,-1.1549556146608773,2.8778577606867737,False,POS,0.8085,0.45454545454545453,0.21271271622459764,0.719908462590678,1,0.9299915940299512,False,False,fails_bh_fdr;bootstrap_ci_includes_zero;wilson_lower_not_above_threshold
uchiri,,deterministic,11,5,1,5,-0.023849197301109015,-0.48026577818297334,0.5263344393870373,0.5501836366881463,1.4653389505936423,0.5393330955847788,-1.3299446398733454,2.4796522542671675,False,POS,0.7565,0.45454545454545453,0.21271271622459764,0.719908462590678,0,0.9299915940299512,False,False,fails_bh_fdr;bootstrap_ci_includes_zero;wilson_lower_not_above_threshold
dhiri,,deterministic,10,5,0,5,0.10739533597714512,-1.933983745625877,0.6575789726652914,0.5501836366881463,1.4653389505936423,0.5393330955847788,-1.3528649450704633,2.663064526464822,False,POS,0.721,0.5,0.236593090512564,0.7634069094874361,0,0.9299915940299512,False,False,fails_bh_fdr;bootstrap_ci_includes_zero;wilson_lower_not_above_threshold
dzavo,,deterministic,10,6,2,2,0.3484034354809413,0.38794434926148647,-0.47992455108464327,-0.8283279865655846,0.48775822494261667,0.48590652933261913,-3.5615758374304267,1.0483614823308425,False,NEG,0.8125,0.6,0.31267376973365824,0.8318196702937638,-4,0.9299915940299512,False,False,fails_bh_fdr;bootstrap_ci_includes_zero;wilson_lower_not_above_threshold
garai,,deterministic,10,5,0,5,0.10739533597714512,-1.933983745625877,0.6575789726652914,0.5501836366881463,1.4653389505936423,0.5393330955847788,-1.3312647110730567,2.338137730805764,False,POS,0.74,0.5,0.236593090512564,0.7634069094874361,0,0.9299915940299512,False,False,fails_bh_fdr;bootstrap_ci_includes_zero;wilson_lower_not_above_threshold
kusina,,deterministic,10,6,2,2,0.3484034354809413,0.38794434926148647,-0.47992455108464327,-0.8283279865655846,0.48775822494261667,0.48590652933261913,-3.513850535478812,1.0737861774651825,False,NEG,0.8065,0.6,0.31267376973365824,0.8318196702937638,-4,0.9299915940299512,False,False,fails_bh_fdr;bootstrap_ci_includes_zero;wilson_lower_not_above_threshold
mugove,,deterministic,10,5,0,5,0.10739533597714512,-1.933983745625877,0.6575789726652914,0.5501836366881463,1.4653389505936423,0.5393330955847788,-1.3639980177311195,2.447275077710659,False,POS,0.725,0.5,0.236593090512564,0.7634069094874361,0,0.9299915940299512,False,False,fails_bh_fdr;bootstrap_ci_includes_zero;wilson_lower_not_above_threshold
nevana,,deterministic,10,4,1,5,-0.18211128121783915,-0.3490212449047192,0.6575789726652914,0.8396902538831306,1.8321524320183837,0.4995305457547021,-1.0682926112657898,3.2105430604420966,False,POS,0.813,0.5,0.236593090512564,0.7634069094874361,1,0.9299915940299512,False,False,fails_bh_fdr;bootstrap_ci_includes_zero;wilson_lower_not_above_threshold
hapana,,deterministic,122,65,18,39,0.13706620265348768,-0.2688508962207372,-0.042392414018713964,-0.17945861667220164,0.8768335273573923,0.5471868252621772,-0.7961938582356831,0.37645701781044966,False,NEG,0.736,0.5327868852459017,0.44460958924920835,0.6189624646269221,-2,0.9357687736367668,False,False,fails_bh_fdr;bootstrap_ci_includes_zero;wilson_lower_not_above_threshold
wacho,,deterministic,58,31,10,17,0.1471963440351196,-0.01971361965176044,-0.1506169258316845,-0.2978132698668041,0.8017972172920106,0.5556851042957474,-1.2003407714856846,0.49059319353597874,False,NEG,0.771,0.5344827586206896,0.408001750439952,0.6566797767471373,-2,0.9468713690526814,False,False,fails_bh_fdr;bootstrap_ci_includes_zero;wilson_lower_not_above_threshold
huyai,,deterministic,14,6,2,6,-0.11726013686787162,-0.07771922308732648,0.4329234998202729,0.5501836366881445,1.4655172413793103,0.5630990405330857,-1.1204105130811304,2.28315034408105,False,POS,0.764,0.42857142857142855,0.21380798904474121,0.6740935542034926,0,0.9526263338050768,False,False,fails_bh_fdr;bootstrap_ci_includes_zero;wilson_lower_not_above_threshold
dzose,,deterministic,13,6,1,6,-0.014166643903767095,-0.7115913242894276,0.5360169927843774,0.5501836366881445,1.4655172413793103,0.5630990405330857,-1.14392527506899,2.300299115665348,False,POS,0.759,0.46153846153846156,0.23206067809538303,0.7085620428549398,0,0.9526263338050768,False,False,fails_bh_fdr;bootstrap_ci_includes_zero;wilson_lower_not_above_threshold
yako,,deterministic,94,47,10,37,0.0478943242284835,-0.7115913242894285,0.2570410430815615,0.209146718853078,1.1550576258322127,0.5762615559599592,-0.4357240401270197,0.7996236185951687,False,POS,0.726,0.39361702127659576,0.3008989325900031,0.4946887432167085,-1,0.9624826633218145,False,False,fails_bh_fdr;bootstrap_ci_includes_zero;wilson_lower_not_above_threshold
inenge,,deterministic,17,9,4,4,0.15892563661722647,0.49897566165022944,-0.36889323869590207,-0.5278188753131285,0.6503318019397651,0.5791209245410918,-2.5688238074343004,1.0013261323439515,False,NEG,0.7675,0.5294117647058824,0.30963235060004424,0.7383489355759056,-3,0.9624826633218145,False,False,fails_bh_fdr;bootstrap_ci_includes_zero;wilson_lower_not_above_threshold
hamuna,,deterministic,14,9,1,4,0.43022765843462096,-0.8146848172535321,-0.09759121687850758,-0.5278188753131285,0.6503318019397651,0.5791209245410918,-2.753544003931382,1.0920244232010308,False,NEG,0.752,0.6428571428571429,0.38764423103907397,0.8365526824644587,-3,0.9624826633218145,False,False,fails_bh_fdr;bootstrap_ci_includes_zero;wilson_lower_not_above_threshold
vechidiki,,deterministic,14,9,1,4,0.43022765843462096,-0.8146848172535321,-0.09759121687850758,-0.5278188753131285,0.6503318019397651,0.5791209245410918,-2.614074116951889,0.976064983738329,False,NEG,0.7685,0.6428571428571429,0.38764423103907397,0.8365526824644587,-3,0.9624826633218145,False,False,fails_bh_fdr;bootstrap_ci_includes_zero;wilson_lower_not_above_threshold
pamberi,,deterministic,13,9,0,4,0.5333211513987255,-2.2965538250105855,0.005502276085596947,-0.5278188753131285,0.6503318019397651,0.5791209245410918,-2.7889045967447346,1.0383304601338348,False,NEG,0.7655,0.6923076923076923,0.42369343180549035,0.8731929634428948,-3,0.9624826633218145,False,False,fails_bh_fdr;bootstrap_ci_includes_zero;wilson_lower_not_above_threshold
pasina,,deterministic,38,21,6,11,0.19975935412580448,-0.10801314540092655,-0.15275980783113496,-0.35251916195693944,0.7661091307924321,0.5890907952758629,-1.4916930959229948,0.6368583365478813,False,NEG,0.757,0.5526315789473685,0.3970629712199248,0.6985359900194876,-2,0.9688183113944506,False,False,fails_bh_fdr;bootstrap_ci_includes_zero;wilson_lower_not_above_threshold
kwaari,,deterministic,14,7,0,7,0.08919074059955356,-2.39964731797469,0.6393743772876999,0.5501836366881463,1.4656956688386356,0.587757697060347,-1.1792848619530516,2.163424859050453,False,POS,0.7685,0.5,0.26799202452413634,0.7320079754758637,0,0.9688183113944506,False,False,fails_bh_fdr;bootstrap_ci_includes_zero;wilson_lower_not_above_threshold
vakanaka,,deterministic,14,7,0,7,0.08919074059955356,-2.39964731797469,0.6393743772876999,0.5501836366881463,1.4656956688386356,0.587757697060347,-1.0668937950776465,2.156891478035298,False,POS,0.771,0.5,0.26799202452413634,0.7320079754758637,0,0.9688183113944506,False,False,fails_bh_fdr;bootstrap_ci_includes_zero;wilson_lower_not_above_threshold
kune,,deterministic,180,84,33,63,-0.05469445048637844,0.028567840723484395,0.08329443669174807,0.13798888717812652,1.1007638072855463,0.6103682470378944,-0.35230315223010317,0.6096353449549443,False,POS,0.7265,0.35,0.28411585057863636,0.42215279879784745,-1,0.975750383167148,False,False,fails_bh_fdr;bootstrap_ci_includes_zero;wilson_lower_not_above_threshold
mumwe,,deterministic,102,58,9,35,0.23116576019656598,-0.9732189089089776,0.060731796805989724,-0.17043396339057626,0.882142713997515,0.5960571819827045,-0.8107445155984224,0.440171204028195,False,NEG,0.713,0.5686274509803921,0.4717497773240239,0.6605235317931281,-2,0.975750383167148,False,False,fails_bh_fdr;bootstrap_ci_includes_zero;wilson_lower_not_above_threshold
mushure,,deterministic,36,19,1,16,0.13585880010083873,-2.146528381005977,0.4450343372851897,0.309175537184351,1.234655870445344,0.6054433215433206,-0.6940463215649078,1.229470132549262,False,POS,0.757,0.4444444444444444,0.2954126874008022,0.6041893824430271,-1,0.975750383167148,False,False,fails_bh_fdr;bootstrap_ci_includes_zero;wilson_lower_not_above_threshold
vevhu,,deterministic,23,8,8,7,-0.42684487030869,0.9912076667255851,-0.057233479262364995,0.369611391046325,1.2821483326945189,0.6119045248319204,-1.1571702952810403,1.9055918437148274,False,POS,0.6995,0.30434782608695654,0.15604024453214022,0.508657562687592,0,0.975750383167148,False,False,fails_bh_fdr;bootstrap_ci_includes_zero;wilson_lower_not_above_threshold
mudhara,,deterministic,21,11,5,5,0.13757834147352277,0.49150054108808305,-0.3763683592580467,-0.5139467007315695,0.6650186274851154,0.6119112572404148,-2.3341404058262016,0.8658495730718081,False,NEG,0.7725,0.5238095238095238,0.3236953458284443,0.7165599389846583,-3,0.975750383167148,False,False,fails_bh_fdr;bootstrap_ci_includes_zero;wilson_lower_not_above_threshold
kwacho,,deterministic,20,8,5,7,-0.22980802324913618,0.5602132911720972,0.13980336779718883,0.369611391046325,1.2821483326945189,0.6119045248319204,-1.0820770399730615,1.8152268190062808,False,POS,0.7035,0.35,0.18119182410108206,0.5671457233147638,0,0.975750383167148,False,False,fails_bh_fdr;bootstrap_ci_includes_zero;wilson_lower_not_above_threshold
nazvo,,deterministic,18,11,2,5,0.35438973054666967,-0.42919159358870473,-0.15955697018489978,-0.5139467007315695,0.6650186274851154,0.6119112572404148,-2.4832917119229148,1.0271939377135018,False,NEG,0.7705,0.6111111111111112,0.3861904160223791,0.7969475342783638,-3,0.975750383167148,False,False,fails_bh_fdr;bootstrap_ci_includes_zero;wilson_lower_not_above_threshold
vakawanda,,deterministic,17,8,2,7,-0.0015390355760196428,-0.349021244904721,0.36807235547030537,0.369611391046325,1.2821483326945189,0.6119045248319204,-1.1149908763557048,1.9106261248963676,False,POS,0.6975,0.4117647058823529,0.2161105679021481,0.6399455735700021,-1,0.975750383167148,False,False,fails_bh_fdr;bootstrap_ci_includes_zero;wilson_lower_not_above_threshold
achiri,,deterministic,16,8,1,7,0.08334986201049333,-1.0010979414844137,0.45296125305681834,0.369611391046325,1.2821483326945189,0.6119045248319204,-1.159681882352266,1.9481684358007265,False,POS,0.711,0.4375,0.23098652405492354,0.6682144360118811,-1,0.975750383167148,False,False,fails_bh_fdr;bootstrap_ci_includes_zero;wilson_lower_not_above_threshold
haisi,,deterministic,46,23,10,13,0.055711180688213346,0.31149228882361246,-0.19380653213780974,-0.24951771282602309,0.8268720038751274,0.6148229299999035,-1.2999181699253604,0.6865715318350207,False,NEG,0.7035,0.5,0.3611893708270325,0.6388106291729675,-2,0.9770923331984999,False,False,fails_bh_fdr;bootstrap_ci_includes_zero;wilson_lower_not_above_threshold
wangu,,deterministic,166,85,27,54,0.0787552879332436,-0.13968497639371869,-0.02072926548758236,-0.09948455342082596,0.9288882766221243,0.7271486431132823,-0.6029477296404127,0.37022366798395323,False,NEG,0.6595,0.5120481927710844,0.43660076812207427,0.5869506075418789,-2,0.9880587202066854,False,False,fails_bh_fdr;bootstrap_ci_includes_zero;wilson_lower_not_above_threshold
manje,,deterministic,96,49,17,30,0.07718072293013734,-0.004840343170230632,-0.07125492289844093,-0.14843564582857827,0.8954022444244519,0.7296945498052867,-0.8396592074666724,0.4950527959938396,False,NEG,0.675,0.5104166666666666,0.41196037089885484,0.6080713876874437,-2,0.9880587202066854,False,False,fails_bh_fdr;bootstrap_ci_includes_zero;wilson_lower_not_above_threshold
wako,,deterministic,80,45,8,27,0.2171589022026872,-0.7851203597113949,0.040907612216795286,-0.1762512899858919,0.877404403244496,0.6309054825830349,-0.8944430219699262,0.4917453384208743,False,NEG,0.691,0.5625,0.4534113429694972,0.6658613908385618,-2,0.9880587202066854,False,False,fails_bh_fdr;bootstrap_ci_includes_zero;wilson_lower_not_above_threshold
yangu,,deterministic,74,31,19,24,-0.20160745684363768,0.5245673755529703,-0.013993899540199806,0.18761355730343787,1.135005973715651,0.6800329051462666,-0.595685996775025,0.9723581354927059,False,POS,0.676,0.32432432432432434,0.22864074907764337,0.4373470112508166,-1,0.9880587202066854,False,False,fails_bh_fdr;bootstrap_ci_includes_zero;wilson_lower_not_above_threshold
yake,,deterministic,67,31,12,24,-0.059254533432307355,0.025374269876776268,0.12835902387113052,0.18761355730343787,1.135005973715651,0.6800329051462666,-0.575462845046064,0.9616148705743394,False,POS,0.694,0.3582089552238806,0.2539805707639161,0.4778149016007813,-1,0.9880587202066854,False,False,fails_bh_fdr;bootstrap_ci_includes_zero;wilson_lower_not_above_threshold
aya,,rag_recovered,65,31,10,24,-0.01586193791892665,-0.1827719016058067,0.17175161938451122,0.18761355730343787,1.135005973715651,0.6800329051462666,-0.6218708113457344,0.9463226157590545,False,POS,0.6955,0.36923076923076925,0.2622939587407091,0.4907618263744998,-1,0.9880587202066854,False,False,fails_bh_fdr;bootstrap_ci_includes_zero;wilson_lower_not_above_threshold
kumusha,,deterministic,58,30,5,23,0.10065375809808952,-0.9525994237932238,0.27468890890098585,0.17403515080289633,1.1238333976089472,0.6759314910983041,-0.6363160938454471,0.9477491755605216,False,POS,0.6715,0.39655172413793105,0.2808875779487437,0.525067840489988,-1,0.9880587202066854,False,False,fails_bh_fdr;bootstrap_ci_includes_zero;wilson_lower_not_above_threshold
unenge,,deterministic,50,24,8,18,-0.003220498517978676,-0.1124149643485719,0.1417066596839085,0.14492715820188717,1.0990184757505774,0.7553052014249236,-0.7891107180533182,0.992825346070224,False,POS,0.6105,0.36,0.24138749651846741,0.49858983123887307,-1,0.9880587202066854,False,False,fails_bh_fdr;bootstrap_ci_includes_zero;wilson_lower_not_above_threshold
vanoda,,deterministic,50,25,5,20,0.054494999338309036,-0.7404461869616137,0.28980529867304305,0.23531029933473402,1.1728813559322033,0.6485409273874376,-0.6173325234645293,1.0843473901433913,False,POS,0.7145,0.4,0.27608389730256544,0.5381856225241064,-1,0.9880587202066854,False,False,fails_bh_fdr;bootstrap_ci_includes_zero;wilson_lower_not_above_threshold
anoda,,deterministic,46,22,6,18,-0.007024574659748595,-0.3803854158140565,0.26075933132767126,0.26778390598741986,1.1995591014066764,0.6288551629327368,-0.6530682958261763,1.134900498558125,False,POS,0.716,0.391304347826087,0.26393225037829016,0.5354315676837925,-1,0.9880587202066854,False,False,fails_bh_fdr;bootstrap_ci_includes_zero;wilson_lower_not_above_threshold
hake,,deterministic,45,21,8,16,-0.04124874537798995,0.038001878204526385,0.12706425596651094,0.1683130013445009,1.1164835164835165,0.7399841352482208,-0.7884920653543744,1.1243760297360843,False,POS,0.6395,0.35555555555555557,0.23219082604215874,0.5016418580362314,-1,0.9880587202066854,False,False,fails_bh_fdr;bootstrap_ci_includes_zero;wilson_lower_not_above_threshold
rega,,deterministic,37,21,4,12,0.23772720432482508,-0.6005600119006846,0.005502276085596947,-0.23222492823922813,0.8360763660302831,0.7234530510818662,-1.3811645940072608,0.7230674772184392,False,NEG,0.686,0.5675675675675675,0.4091418109016808,0.7132828072284269,-2,0.9880587202066854,False,False,fails_bh_fdr;bootstrap_ci_includes_zero;wilson_lower_not_above_threshold
zve,suspected_non_content_seed,deterministic,37,19,7,11,0.09686466848497499,0.13640558226552102,-0.11479195763211436,-0.21165662611708935,0.8471966865339934,0.713236582201445,-1.3042828401616566,0.800046987942446,False,NEG,0.6485,0.5135135135135135,0.358948966656188,0.6655359569698336,-2,0.9880587202066854,False,False,fails_bh_fdr;bootstrap_ci_includes_zero;wilson_lower_not_above_threshold
hameno,,deterministic,33,13,13,7,-0.2709205481756962,1.147131988858579,-0.5687338180425003,-0.2978132698668041,0.7879824276911284,0.6566539897531,-1.8372015232974177,0.9447570464701112,False,NEG,0.68,0.3939393939393939,0.2468310743447709,0.5631655918005977,-2,0.9880587202066854,False,False,fails_bh_fdr;bootstrap_ci_includes_zero;wilson_lower_not_above_threshold
makore,,deterministic,32,18,4,10,0.22736669271910337,-0.3941091344332577,-0.03958561344294065,-0.266952306162044,0.8128677411102584,0.7014473146810881,-1.5449582307676901,0.7772108177637449,False,NEG,0.6805,0.5625,0.3932559113685198,0.7183466888495963,-2,0.9880587202066854,False,False,fails_bh_fdr;bootstrap_ci_includes_zero;wilson_lower_not_above_threshold
ndiko,,deterministic,31,16,6,9,0.10739533597714512,0.18149347179405861,-0.13888763324957676,-0.24628296922672188,0.823144418872267,0.6887418961107659,-1.596189058389503,0.8402397285032698,False,NEG,0.6645,0.5161290322580645,0.348403954480288,0.6802974843758269,-2,0.9880587202066854,False,False,fails_bh_fdr;bootstrap_ci_includes_zero;wilson_lower_not_above_threshold
mberi,,deterministic,30,15,3,12,0.06374011294259674,-0.6650487383523984,0.3035836290185916,0.23984351607599486,1.1723502304147466,0.6980789068833033,-0.8810905917703598,1.3389973495298353,False,POS,0.658,0.4,0.24590628116801852,0.5767963974667752,-1,0.9880587202066854,False,False,fails_bh_fdr;bootstrap_ci_includes_zero;wilson_lower_not_above_threshold
mazuva,,deterministic,29,13,5,11,-0.08747440707976573,0.0351222464283385,0.2313836835019245,0.31885809058169023,1.2401594566661744,0.678403304232062,-0.9287853083828281,1.4376809285672054,False,POS,0.7065,0.3793103448275862,0.2268802210080984,0.5599745579401147,-1,0.9880587202066854,False,False,fails_bh_fdr;bootstrap_ci_includes_zero;wilson_lower_not_above_threshold
ndoda,,deterministic,28,12,6,10,-0.1487526842714093,0.3258833811292341,0.14989218542077243,0.29864486969218174,1.2212202609363008,0.6677638825220592,-1.0570808450330131,1.4923529078476474,False,POS,0.696,0.35714285714285715,0.2070582950773768,0.5416969348557219,-1,0.9880587202066854,False,False,fails_bh_fdr;bootstrap_ci_includes_zero;wilson_lower_not_above_threshold
ndosaka,,deterministic,28,13,4,11,-0.037721371882664556,-0.2046313355695446,0.2811367186990257,0.31885809058169023,1.2401594566661744,0.678403304232062,-0.8611749989850493,1.45494022559626,False,POS,0.6985,0.39285714285714285,0.2356568654157959,0.5759095570340281,-1,0.9880587202066854,False,False,fails_bh_fdr;bootstrap_ci_includes_zero;wilson_lower_not_above_threshold
inga,,rag_recovered,27,14,6,7,0.11690242172151954,0.37741368176931545,-0.2840043411093873,-0.40090676283090687,0.7315063242621694,0.6572969061096936,-1.7944170615954809,0.825988448009986,False,NEG,0.744,0.5185185185185185,0.3398561575495229,0.6925677302378153,-2,0.9880587202066854,False,False,fails_bh_fdr;bootstrap_ci_includes_zero;wilson_lower_not_above_threshold
ano,,rag_recovered,26,13,2,11,0.06724818771887797,-0.9476586825229525,0.3861062783005682,0.31885809058169023,1.2401594566661744,0.678403304232062,-0.9517033595768206,1.4661370081329164,False,POS,0.6975,0.4230769230769231,0.2554444331365656,0.6105138625340828,-1,0.9880587202066854,False,False,fails_bh_fdr;bootstrap_ci_includes_zero;wilson_lower_not_above_threshold
kwangu,,deterministic,26,12,4,10,-0.04378312466986678,-0.09966177596800208,0.25486174502231496,0.29864486969218174,1.2212202609363008,0.6677638825220592,-1.0012961675822025,1.5119656977727087,False,POS,0.701,0.38461538461538464,0.22428594435712798,0.5746514991488447,-1,0.9880587202066854,False,False,fails_bh_fdr;bootstrap_ci_includes_zero;wilson_lower_not_above_threshold
uone,,deterministic,23,12,1,10,0.12954847821569437,-1.511292673803597,0.4281933479078761,0.29864486969218174,1.2212202609363008,0.6677638825220592,-0.925810340424688,1.5085695641926018,False,POS,0.7055,0.43478260869565216,0.25634635325674215,0.6318862491498354,-1,0.9880587202066854,False,False,fails_bh_fdr;bootstrap_ci_includes_zero;wilson_lower_not_above_threshold
zvakadaro,,deterministic,23,12,5,6,0.12954847821569437,0.36317644411254335,-0.26368435672979196,-0.39323283494548633,0.7316091954022989,0.6349548427272484,-1.9757219423509509,0.902195882239503,False,NEG,0.718,0.5217391304347826,0.32962737336427406,0.7076284258335335,-2,0.9880587202066854,False,False,fails_bh_fdr;bootstrap_ci_includes_zero;wilson_lower_not_above_threshold
muno,,deterministic,22,14,1,7,0.4064090389165038,-1.448556918455635,0.005502276085596947,-0.40090676283090687,0.7315063242621694,0.6572969061096936,-1.9988799969701831,0.8388542190052054,False,NEG,0.736,0.6363636363636364,0.42951708090131013,0.8026679532963387,-3,0.9880587202066854,False,False,fails_bh_fdr;bootstrap_ci_includes_zero;wilson_lower_not_above_threshold
kuchikoro,,deterministic,21,12,3,6,0.2578725751912341,-0.16057615549160964,-0.13536025975425225,-0.39323283494548633,0.7316091954022989,0.6349548427272484,-1.9762190285376784,0.9849893881096794,False,NEG,0.7305,0.5714285714285714,0.3654655436930671,0.7553003107462404,-3,0.9880587202066854,False,False,fails_bh_fdr;bootstrap_ci_includes_zero;wilson_lower_not_above_threshold
dzimwe,,deterministic,20,13,0,7,0.43761663766399295,-2.899218327465201,0.13980336779718883,-0.2978132698668041,0.7879824276911284,0.6566539897531,-1.8027567828149569,0.9584605292590728,False,NEG,0.6835,0.65,0.43285427668523624,0.818808175898918,-3,0.9880587202066854,False,False,fails_bh_fdr;bootstrap_ci_includes_zero;wilson_lower_not_above_threshold
vakomana,,deterministic,20,10,5,5,0.07504655827928453,0.5602132911720972,-0.30765560917403256,-0.3827021674533171,0.7317119877441594,0.7933776588100291,-2.2028272025928364,1.0887163419079477,False,NEG,0.71,0.5,0.2992980081982123,0.7007019918017877,-2,0.9880587202066854,False,False,fails_bh_fdr;bootstrap_ci_includes_zero;wilson_lower_not_above_threshold
nachamisa,,deterministic,19,10,4,5,0.1471963440351196,0.342856459732948,-0.23550582341819748,-0.3827021674533171,0.7317119877441594,0.7933776588100291,-2.211208899433018,1.1021656376785578,False,NEG,0.7185,0.5263157894736842,0.3170780924511316,0.7267019483882042,-2,0.9880587202066854,False,False,fails_bh_fdr;bootstrap_ci_includes_zero;wilson_lower_not_above_threshold
iyeye,suspected_non_content_seed,deterministic,18,9,4,5,0.07875528793324271,0.4188053129662457,-0.15955697018489978,-0.2383122581181425,0.8132260947274352,0.7913887228550742,-2.0649505970543034,1.2164945314341964,False,NEG,0.623,0.5,0.29031021505169974,0.7096897849483003,-2,0.9880587202066854,False,False,fails_bh_fdr;bootstrap_ci_includes_zero;wilson_lower_not_above_threshold
ndati,,deterministic,18,9,4,5,0.07875528793324271,0.4188053129662457,-0.15955697018489978,-0.2383122581181425,0.8132260947274352,0.7913887228550742,-2.1525605289915655,1.3248794031796232,False,NEG,0.6195,0.5,0.29031021505169974,0.7096897849483003,-2,0.9880587202066854,False,False,fails_bh_fdr;bootstrap_ci_includes_zero;wilson_lower_not_above_threshold
mapurisa,,deterministic,17,10,2,5,0.30331554595240107,-0.349021244904721,-0.07938662150091602,-0.3827021674533171,0.7317119877441594,0.7933776588100291,-2.1033198293844304,1.0580734606834763,False,NEG,0.708,0.5882352941176471,0.3600544264299978,0.7838894320978518,-3,0.9880587202066854,False,False,fails_bh_fdr;bootstrap_ci_includes_zero;wilson_lower_not_above_threshold
mfana,,deterministic,17,7,4,6,-0.18211128121784093,0.49897566165022944,0.1616214780028784,0.34373275922071933,1.2558292282430215,0.7796895074984215,-1.3293484936321096,1.9632446358113103,False,POS,0.656,0.35294117647058826,0.17309720397243744,0.5869963651478132,-1,0.9880587202066854,False,False,fails_bh_fdr;bootstrap_ci_includes_zero;wilson_lower_not_above_threshold
veduwe,,deterministic,17,10,2,5,0.30331554595240107,-0.349021244904721,-0.07938662150091602,-0.3827021674533171,0.7317119877441594,0.7933776588100291,-2.267357876946616,1.0537595398416928,False,NEG,0.7025,0.5882352941176471,0.3600544264299978,0.7838894320978518,-3,0.9880587202066854,False,False,fails_bh_fdr;bootstrap_ci_includes_zero;wilson_lower_not_above_threshold
zvedu,,deterministic,17,7,7,3,-0.18211128121784093,1.235941255816435,-0.7314633180806087,-0.5493520368627678,0.6271937018205674,0.7491572638903632,-3.3377446218417655,1.246589298935413,False,NEG,0.7275,0.4117647058823529,0.2161105679021481,0.6399455735700021,-2,0.9880587202066854,False,False,fails_bh_fdr;bootstrap_ci_includes_zero;wilson_lower_not_above_threshold
ayo,,deterministic,16,8,4,4,0.08334986201049333,0.5838645592367424,-0.2840043411093891,-0.3673542031198824,0.7318147013782542,0.7718541970956455,-2.5381369664376754,1.2360565811749016,False,NEG,0.686,0.5,0.27999563610326017,0.7200043638967398,-2,0.9880587202066854,False,False,fails_bh_fdr;bootstrap_ci_includes_zero;wilson_lower_not_above_threshold
chaiye,,deterministic,16,9,2,5,0.24381453420373944,-0.264132347318208,0.005502276085596947,-0.2383122581181425,0.8132260947274352,0.7913887228550742,-2.1008542856110437,1.2351092758339537,False,NEG,0.624,0.5625,0.331785563988119,0.7690134759450765,-2,0.9880587202066854,False,False,fails_bh_fdr;bootstrap_ci_includes_zero;wilson_lower_not_above_threshold
ishoma,,deterministic,16,6,5,5,-0.30367326109875314,0.8733711764317267,0.005502276085596947,0.3091755371843501,1.2207966296438146,0.7657691444148125,-1.559845041627887,2.1202070005609506,False,POS,0.6365,0.3125,0.14164643854782039,0.5559564416525933,-1,0.9880587202066854,False,False,fails_bh_fdr;bootstrap_ci_includes_zero;wilson_lower_not_above_threshold
ndaona,,deterministic,16,9,2,5,0.24381453420373944,-0.264132347318208,0.005502276085596947,-0.2383122581181425,0.8132260947274352,0.7913887228550742,-2.0436435634557064,1.265458920850761,False,NEG,0.63,0.5625,0.331785563988119,0.7690134759450765,-2,0.9880587202066854,False,False,fails_bh_fdr;bootstrap_ci_includes_zero;wilson_lower_not_above_threshold
nemi,,deterministic,15,7,2,6,-0.007024574659748595,-0.17393453834662864,0.33670818456097074,0.34373275922071933,1.2558292282430215,0.7796895074984215,-1.421306054099506,1.9660787435331957,False,POS,0.685,0.4,0.1982449614134158,0.6425316987937539,-1,0.9880587202066854,False,False,fails_bh_fdr;bootstrap_ci_includes_zero;wilson_lower_not_above_threshold
nenyaya,,deterministic,15,8,3,4,0.1735476709820727,0.31149228882361335,-0.19380653213780974,-0.3673542031198824,0.7318147013782542,0.7718541970956455,-2.627082623057196,1.2356193077223694,False,NEG,0.68,0.5333333333333333,0.30116980025498397,0.7519046463426261,-2,0.9880587202066854,False,False,fails_bh_fdr;bootstrap_ci_includes_zero;wilson_lower_not_above_threshold
vega,,rag_recovered,15,10,0,5,0.4784022525104934,-2.495862633233992,0.09570008505717631,-0.3827021674533171,0.7317119877441594,0.7933776588100291,-2.236166373528903,1.0409789342537852,False,NEG,0.7035,0.6666666666666666,0.41713547738519774,0.8482367556028526,-3,0.9880587202066854,False,False,fails_bh_fdr;bootstrap_ci_includes_zero;wilson_lower_not_above_threshold
vevamwe,,deterministic,15,6,6,3,-0.21347545212717378,1.2045770849071005,-0.5563766115225164,-0.3429011593953426,0.7319173363949484,0.746744558012466,-3.1016650659175533,1.5300088946785957,False,NEG,0.6515,0.4,0.1982449614134158,0.6425316987937539,-2,0.9880587202066854,False,False,fails_bh_fdr;bootstrap_ci_includes_zero;wilson_lower_not_above_threshold
achiti,,deterministic,14,7,1,6,0.08919074059955356,-0.8146848172535321,0.4329234998202729,0.34373275922071933,1.2558292282430215,0.7796895074984215,-1.4785435826864,1.9317993134512659,False,POS,0.6675,0.42857142857142855,0.21380798904474121,0.6740935542034926,-1,0.9880587202066854,False,False,fails_bh_fdr;bootstrap_ci_includes_zero;wilson_lower_not_above_threshold
kuvhota,,deterministic,14,8,2,4,0.26976298624137485,-0.07771922308732648,-0.09759121687850758,-0.3673542031198824,0.7318147013782542,0.7718541970956455,-2.5560279309965366,1.1970652789927352,False,NEG,0.6845,0.5714285714285714,0.3259064457965074,0.7861920109552588,-3,0.9880587202066854,False,False,fails_bh_fdr;bootstrap_ci_includes_zero;wilson_lower_not_above_threshold
kwauri,,deterministic,14,8,2,4,0.26976298624137485,-0.07771922308732648,-0.09759121687850758,-0.3673542031198824,0.7318147013782542,0.7718541970956455,-2.499232485722781,1.2414767302294405,False,NEG,0.6795,0.5714285714285714,0.3259064457965074,0.7861920109552588,-3,0.9880587202066854,False,False,fails_bh_fdr;bootstrap_ci_includes_zero;wilson_lower_not_above_threshold
ndeipi,,deterministic,14,6,3,5,-0.11726013686787162,0.4077076040829155,0.19191540031647847,0.3091755371843501,1.2207966296438146,0.7657691444148125,-1.584138766159048,2.0025642904026855,False,POS,0.647,0.35714285714285715,0.1634473175355414,0.612355768960926,-1,0.9880587202066854,False,False,fails_bh_fdr;bootstrap_ci_includes_zero;wilson_lower_not_above_threshold
ndeye,,deterministic,14,7,4,3,0.08919074059955356,0.7702776834676239,-0.4601612962632142,-0.5493520368627678,0.6271937018205674,0.7491572638903632,-3.359538667340618,1.1558911634925726,False,NEG,0.7275,0.5,0.26799202452413634,0.7320079754758637,-3,0.9880587202066854,False,False,fails_bh_fdr;bootstrap_ci_includes_zero;wilson_lower_not_above_threshold
zvema,,deterministic,14,8,2,4,0.26976298624137485,-0.07771922308732648,-0.09759121687850758,-0.3673542031198824,0.7318147013782542,0.7718541970956455,-2.527307577642709,1.2122574551316738,False,NEG,0.6845,0.5714285714285714,0.3259064457965074,0.7861920109552588,-3,0.9880587202066854,False,False,fails_bh_fdr;bootstrap_ci_includes_zero;wilson_lower_not_above_threshold
zvibhorani,,deterministic,14,7,1,6,0.08919074059955356,-0.8146848172535321,0.4329234998202729,0.34373275922071933,1.2558292282430215,0.7796895074984215,-1.2911999822100326,2.0570912661172804,False,POS,0.679,0.42857142857142855,0.21380798904474121,0.6740935542034926,-1,0.9880587202066854,False,False,fails_bh_fdr;bootstrap_ci_includes_zero;wilson_lower_not_above_threshold
chako,,deterministic,13,8,1,4,0.3728564792054794,-0.7115913242894276,0.005502276085596947,-0.3673542031198824,0.7318147013782542,0.7718541970956455,-2.4556494930345725,1.2368742323684543,False,NEG,0.6915,0.6153846153846154,0.355228915126657,0.8229029220223743,-3,0.9880587202066854,False,False,fails_bh_fdr;bootstrap_ci_includes_zero;wilson_lower_not_above_threshold
izvezvi,,deterministic,13,8,1,4,0.3728564792054794,-0.7115913242894276,0.005502276085596947,-0.3673542031198824,0.7318147013782542,0.7718541970956455,-2.4032858460309887,1.1530657084164722,False,NEG,0.6945,0.6153846153846154,0.355228915126657,0.8229029220223743,-3,0.9880587202066854,False,False,fails_bh_fdr;bootstrap_ci_includes_zero;wilson_lower_not_above_threshold
kugara,,deterministic,13,7,3,3,0.1922842335636581,0.51080109704702,-0.3570678032991097,-0.5493520368627678,0.6271937018205674,0.7491572638903632,-3.166268156945589,1.2106061532183088,False,NEG,0.7555,0.5384615384615384,0.29143795714506004,0.7679393219046169,-3,0.9880587202066854,False,False,fails_bh_fdr;bootstrap_ci_includes_zero;wilson_lower_not_above_threshold
mazuvano,,deterministic,13,6,2,5,-0.014166643903767095,0.025374269876778044,0.295008893280583,0.3091755371843501,1.2207966296438146,0.7657691444148125,-1.716051720749663,2.073025738267217,False,POS,0.6085,0.38461538461538464,0.17709707797762575,0.6447710848733431,-1,0.9880587202066854,False,False,fails_bh_fdr;bootstrap_ci_includes_zero;wilson_lower_not_above_threshold
mutown,,deterministic,13,8,1,4,0.3728564792054794,-0.7115913242894276,0.005502276085596947,-0.3673542031198824,0.7318147013782542,0.7718541970956455,-2.4783818352751545,1.207392574862711,False,NEG,0.678,0.6153846153846154,0.355228915126657,0.8229029220223743,-3,0.9880587202066854,False,False,fails_bh_fdr;bootstrap_ci_includes_zero;wilson_lower_not_above_threshold
namai,,deterministic,13,7,3,3,0.1922842335636581,0.51080109704702,-0.3570678032991097,-0.5493520368627678,0.6271937018205674,0.7491572638903632,-3.3430615939372395,1.1507044753057067,False,NEG,0.749,0.5384615384615384,0.29143795714506004,0.7679393219046169,-3,0.9880587202066854,False,False,fails_bh_fdr;bootstrap_ci_includes_zero;wilson_lower_not_above_threshold
shadhaya,,deterministic,13,8,1,4,0.3728564792054794,-0.7115913242894276,0.005502276085596947,-0.3673542031198824,0.7318147013782542,0.7718541970956455,-2.5167639988937616,1.2776074447112782,False,NEG,0.678,0.6153846153846154,0.355228915126657,0.8229029220223743,-3,0.9880587202066854,False,False,fails_bh_fdr;bootstrap_ci_includes_zero;wilson_lower_not_above_threshold
dziri,,deterministic,12,6,3,3,0.09686466848497588,0.621832409435763,-0.24603649091036672,-0.3429011593953426,0.7319173363949484,0.746744558012466,-3.1105242772911685,1.472306594584808,False,NEG,0.642,0.5,0.2537815976337061,0.7462184023662939,-2,0.9880587202066854,False,False,fails_bh_fdr;bootstrap_ci_includes_zero;wilson_lower_not_above_threshold
hatisi,,deterministic,12,7,2,3,0.30331554595240107,0.13640558226552102,-0.24603649091036672,-0.5493520368627678,0.6271937018205674,0.7491572638903632,-3.151734542159666,1.2102065215266937,False,NEG,0.7675,0.5833333333333334,0.31951131254954973,0.8067396863412435,-3,0.9880587202066854,False,False,fails_bh_fdr;bootstrap_ci_includes_zero;wilson_lower_not_above_threshold
kumberi,,deterministic,12,8,0,4,0.48388779159422235,-2.1855225126218425,0.11653358847433992,-0.3673542031198824,0.7318147013782542,0.7718541970956455,-2.339549844087743,1.120692507795975,False,NEG,0.6955,0.6666666666666666,0.39062208887279953,0.8618799089087867,-3,0.9880587202066854,False,False,fails_bh_fdr;bootstrap_ci_includes_zero;wilson_lower_not_above_threshold
mose,,rag_recovered,12,7,2,3,0.30331554595240107,0.13640558226552102,-0.24603649091036672,-0.5493520368627678,0.6271937018205674,0.7491572638903632,-3.1493095202411334,1.1695585685980463,False,NEG,0.74,0.5833333333333334,0.31951131254954973,0.8067396863412435,-3,0.9880587202066854,False,False,fails_bh_fdr;bootstrap_ci_includes_zero;wilson_lower_not_above_threshold
yekuda,,deterministic,12,7,2,3,0.30331554595240107,0.13640558226552102,-0.24603649091036672,-0.5493520368627678,0.6271937018205674,0.7491572638903632,-3.3496425518359683,1.319450599886663,False,NEG,0.731,0.5833333333333334,0.31951131254954973,0.8067396863412435,-3,0.9880587202066854,False,False,fails_bh_fdr;bootstrap_ci_includes_zero;wilson_lower_not_above_threshold
che,,rag_recovered,11,6,0,5,0.2171589022026872,-2.065228278904131,0.5263344393870373,0.3091755371843501,1.2207966296438146,0.7657691444148125,-1.6158181341958575,2.1423279536130884,False,POS,0.647,0.45454545454545453,0.21271271622459764,0.719908462590678,-1,0.9880587202066854,False,False,fails_bh_fdr;bootstrap_ci_includes_zero;wilson_lower_not_above_threshold
chibage,,deterministic,11,6,2,3,0.2171589022026872,0.2566998159832323,-0.12574225719265542,-0.3429011593953426,0.7319173363949484,0.746744558012466,-2.9791992640686438,1.4542840570468947,False,NEG,0.66,0.5454545454545454,0.280091537409322,0.7872872837754024,-2,0.9880587202066854,False,False,fails_bh_fdr;bootstrap_ci_includes_zero;wilson_lower_not_above_threshold
dzangu,,deterministic,11,7,1,3,0.4236097796701124,-0.48026577818297334,-0.12574225719265542,-0.5493520368627678,0.6271937018205674,0.7491572638903632,-3.1404853646102593,1.2055828397418937,False,NEG,0.7375,0.6363636363636364,0.35380117450784887,0.8483352890463243,-3,0.9880587202066854,False,False,fails_bh_fdr;bootstrap_ci_includes_zero;wilson_lower_not_above_threshold
muface,,deterministic,11,5,4,2,-0.023849197301109015,1.1046967225381827,-0.6111690843628974,-0.5873198870617884,0.5854628921193573,0.7082823502010772,-3.2064663111274414,1.3846879003277028,False,NEG,0.719,0.45454545454545453,0.21271271622459764,0.719908462590678,-2,0.9880587202066854,False,False,fails_bh_fdr;bootstrap_ci_includes_zero;wilson_lower_not_above_threshold
muhupenyu,,deterministic,11,6,0,5,0.2171589022026872,-2.065228278904131,0.5263344393870373,0.3091755371843501,1.2207966296438146,0.7657691444148125,-1.5567912260976309,1.9522940688815278,False,POS,0.633,0.45454545454545453,0.21271271622459764,0.719908462590678,-1,0.9880587202066854,False,False,fails_bh_fdr;bootstrap_ci_includes_zero;wilson_lower_not_above_threshold
ndobva,,deterministic,11,4,3,4,-0.3133558144960933,0.7421266431534743,0.23682782219205123,0.5501836366881445,1.4651607963246553,0.7226326842781423,-1.7680935567502163,2.6419729432662358,False,POS,0.718,0.36363636363636365,0.15166471095367573,0.6461988254921511,0,0.9880587202066854,False,False,fails_bh_fdr;bootstrap_ci_includes_zero;wilson_lower_not_above_threshold
pamba,,deterministic,11,7,1,3,0.4236097796701124,-0.48026577818297334,-0.12574225719265542,-0.5493520368627678,0.6271937018205674,0.7491572638903632,-3.1875081681432174,1.1159351308290881,False,NEG,0.7495,0.6363636363636364,0.35380117450784887,0.8483352890463243,-3,0.9880587202066854,False,False,fails_bh_fdr;bootstrap_ci_includes_zero;wilson_lower_not_above_threshold
rine,,deterministic,11,4,3,4,-0.3133558144960933,0.7421266431534743,0.23682782219205123,0.5501836366881445,1.4651607963246553,0.7226326842781423,-1.5791231274824533,2.724619709309544,False,POS,0.731,0.36363636363636365,0.15166471095367573,0.6461988254921511,0,0.9880587202066854,False,False,fails_bh_fdr;bootstrap_ci_includes_zero;wilson_lower_not_above_threshold
tichiri,,deterministic,11,4,3,4,-0.3133558144960933,0.7421266431534743,0.23682782219205123,0.5501836366881445,1.4651607963246553,0.7226326842781423,-1.5818124931582784,2.9088634470486183,False,POS,0.7355,0.36363636363636365,0.15166471095367573,0.6461988254921511,0,0.9880587202066854,False,False,fails_bh_fdr;bootstrap_ci_includes_zero;wilson_lower_not_above_threshold
tisu,,deterministic,11,6,2,3,0.2171589022026872,0.2566998159832323,-0.12574225719265542,-0.3429011593953426,0.7319173363949484,0.746744558012466,-3.1831719575503032,1.4580332895734867,False,NEG,0.6685,0.5454545454545454,0.280091537409322,0.7872872837754024,-2,0.9880587202066854,False,False,fails_bh_fdr;bootstrap_ci_includes_zero;wilson_lower_not_above_threshold
akazara,,deterministic,10,5,3,2,0.10739533597714512,0.8733711764317285,-0.47992455108464327,-0.5873198870617884,0.5854628921193573,0.7082823502010772,-3.2917835778066955,1.4342918372331397,False,NEG,0.744,0.5,0.236593090512564,0.7634069094874361,-3,0.9880587202066854,False,False,fails_bh_fdr;bootstrap_ci_includes_zero;wilson_lower_not_above_threshold
chake,,deterministic,10,4,2,4,-0.18211128121783915,0.38794434926148647,0.36807235547030537,0.5501836366881445,1.4651607963246553,0.7226326842781423,-1.604474452575744,2.799950733421694,False,POS,0.7205,0.4,0.16818032970623614,0.6873262302663417,0,0.9880587202066854,False,False,fails_bh_fdr;bootstrap_ci_includes_zero;wilson_lower_not_above_threshold
chibaba,,deterministic,10,4,2,4,-0.18211128121783915,0.38794434926148647,0.36807235547030537,0.5501836366881445,1.4651607963246553,0.7226326842781423,-1.7732315347617662,2.863956765764266,False,POS,0.718,0.4,0.16818032970623614,0.6873262302663417,0,0.9880587202066854,False,False,fails_bh_fdr;bootstrap_ci_includes_zero;wilson_lower_not_above_threshold
eke,,rag_recovered,10,7,0,3,0.5548543129483665,-1.933983745625877,0.005502276085598723,-0.5493520368627678,0.6271937018205674,0.7491572638903632,-3.5372331291040027,1.2100416381019234,False,NEG,0.743,0.7,0.39677814746114537,0.8922087325936989,-4,0.9880587202066854,False,False,fails_bh_fdr;bootstrap_ci_includes_zero;wilson_lower_not_above_threshold
handisati,,deterministic,10,6,1,3,0.3484034354809413,-0.3490212449047192,0.005502276085598723,-0.3429011593953426,0.7319173363949484,0.746744558012466,-2.929142710393348,1.4335724600106285,False,NEG,0.6605,0.6,0.31267376973365824,0.8318196702937638,-3,0.9880587202066854,False,False,fails_bh_fdr;bootstrap_ci_includes_zero;wilson_lower_not_above_threshold
hutongi,,deterministic,10,6,1,3,0.3484034354809413,-0.3490212449047192,0.005502276085598723,-0.3429011593953426,0.7319173363949484,0.746744558012466,-2.9802577599630693,1.4561704578036658,False,NEG,0.662,0.6,0.31267376973365824,0.8318196702937638,-3,0.9880587202066854,False,False,fails_bh_fdr;bootstrap_ci_includes_zero;wilson_lower_not_above_threshold
mface,,deterministic,10,7,0,3,0.5548543129483665,-1.933983745625877,0.005502276085598723,-0.5493520368627678,0.6271937018205674,0.7491572638903632,-3.339384603569376,1.1353185308224911,False,NEG,0.724,0.7,0.39677814746114537,0.8922087325936989,-4,0.9880587202066854,False,False,fails_bh_fdr;bootstrap_ci_includes_zero;wilson_lower_not_above_threshold
pfee,,deterministic,10,4,2,4,-0.18211128121783915,0.38794434926148647,0.36807235547030537,0.5501836366881445,1.4651607963246553,0.7226326842781423,-1.778560420924025,2.650606264356042,False,POS,0.732,0.4,0.16818032970623614,0.6873262302663417,0,0.9880587202066854,False,False,fails_bh_fdr;bootstrap_ci_includes_zero;wilson_lower_not_above_threshold
tione,,deterministic,10,6,1,3,0.3484034354809413,-0.3490212449047192,0.005502276085598723,-0.3429011593953426,0.7319173363949484,0.746744558012466,-3.156207224306978,1.4784040660099975,False,NEG,0.6655,0.6,0.31267376973365824,0.8318196702937638,-3,0.9880587202066854,False,False,fails_bh_fdr;bootstrap_ci_includes_zero;wilson_lower_not_above_threshold
vasikana,,deterministic,21,11,4,6,0.13757834147352277,0.20199392389309878,-0.13536025975425225,-0.272938601227775,0.7983281086729362,0.8063779620744413,-1.8797433684017506,1.0617137147092313,False,NEG,0.6685,0.5238095238095238,0.3236953458284443,0.7165599389846583,-2,0.9937608305460478,False,False,fails_bh_fdr;bootstrap_ci_includes_zero;wilson_lower_not_above_threshold
hazvina,,deterministic,18,11,1,6,0.35438973054666967,-1.1661571877549104,0.08145112931889464,-0.272938601227775,0.7983281086729362,0.8063779620744413,-1.939231715854788,1.0982373872449454,False,NEG,0.645,0.6111111111111112,0.3861904160223791,0.7969475342783638,-3,0.9937608305460478,False,False,fails_bh_fdr;bootstrap_ci_includes_zero;wilson_lower_not_above_threshold
muzim,,deterministic,18,11,1,6,0.35438973054666967,-1.1661571877549104,0.08145112931889464,-0.272938601227775,0.7983281086729362,0.8063779620744413,-1.7915377082635264,1.0673420195314267,False,NEG,0.665,0.6111111111111112,0.3861904160223791,0.7969475342783638,-3,0.9937608305460478,False,False,fails_bh_fdr;bootstrap_ci_includes_zero;wilson_lower_not_above_threshold
sikhala,,deterministic,17,9,1,7,0.15892563661722647,-1.0859868390709266,0.36807235547030537,0.2091467188530789,1.1393892934713172,0.8035545800925201,-1.450261717806958,1.6625431906088861,False,POS,0.613,0.4117647058823529,0.2161105679021481,0.6399455735700021,-1,0.9937608305460478,False,False,fails_bh_fdr;bootstrap_ci_includes_zero;wilson_lower_not_above_threshold
ani,,rag_recovered,20,10,2,8,0.07504655827928453,-0.5772902325778375,0.3203756134390101,0.24532905515972558,1.1720858895705522,0.8117215251739843,-1.2150163744933367,1.5916246617488794,False,POS,0.639,0.4,0.21880653237281705,0.6134184992377469,-1,0.997741041359689,False,False,fails_bh_fdr;bootstrap_ci_includes_zero;wilson_lower_not_above_threshold
vako,,deterministic,105,54,12,39,0.08736627618834891,-0.6189093217795776,0.17314633627667142,0.08578006008832251,1.058530591126633,0.8317486776647935,-0.521868670594934,0.6458132578424147,False,POS,0.5915,0.37142857142857144,0.2850781078699818,0.4668546547689322,-1,1.0,False,False,fails_bh_fdr;bootstrap_ci_includes_zero;wilson_lower_not_above_threshold
vese,,deterministic,85,40,17,28,-0.037721371882665444,0.16976417921195175,0.005502276085596947,0.04322364796826239,1.0253863987635239,1.0,-0.7076123929066143,0.737359382686984,False,POS,0.5345,0.32941176470588235,0.23877773614216136,0.4347980877473385,-1,1.0,False,False,fails_bh_fdr;bootstrap_ci_includes_zero;wilson_lower_not_above_threshold
ine,,rag_recovered,72,39,8,25,0.16415279828077622,-0.6341125716117118,0.08298102876331459,-0.08117176951746163,0.9381587150788231,0.8983759654452568,-0.8377820275065815,0.618484645956878,False,NEG,0.5955,0.5416666666666666,0.4273986728598905,0.651713729423738,-2,1.0,False,False,fails_bh_fdr;bootstrap_ci_includes_zero;wilson_lower_not_above_threshold
vedu,,deterministic,54,29,7,18,0.1547398647035223,-0.40296005201552454,0.03173381765877625,-0.12300604704474605,0.9083379788165963,0.8816781276020305,-1.060550956961047,0.6737050043168307,False,NEG,0.612,0.5370370370370371,0.40605356021011496,0.6631009888201891,-2,1.0,False,False,fails_bh_fdr;bootstrap_ci_includes_zero;wilson_lower_not_above_threshold
yese,,deterministic,54,30,3,21,0.2028341529045674,-1.5024957255664386,0.24854520673192493,0.04571105382735752,1.0253179190751445,1.0,-0.7770594197673234,0.8110611549695553,False,POS,0.5355,0.3888888888888889,0.270419338291165,0.5221170146179233,-2,1.0,False,False,fails_bh_fdr;bootstrap_ci_includes_zero;wilson_lower_not_above_threshold
kwenyu,,deterministic,44,25,3,16,0.23697305112370515,-1.2100448317559103,0.15912546519880877,-0.07784758592489638,0.9368615384615384,0.8747724741987012,-1.0118508013097238,0.7488293476953684,False,NEG,0.584,0.5681818181818182,0.4222414699362943,0.703172765914822,-2,1.0,False,False,fails_bh_fdr;bootstrap_ci_includes_zero;wilson_lower_not_above_threshold
mukati,,deterministic,41,19,9,13,-0.04935607236606909,0.33122175924954345,-0.029687152376703274,0.01966891998936582,1.0020017388842832,1.0,-1.0514374237238324,0.9962073524903314,False,POS,0.518,0.3170731707317073,0.19564613898988575,0.4698419964434429,-1,1.0,False,False,fails_bh_fdr;bootstrap_ci_includes_zero;wilson_lower_not_above_threshold
ana,,rag_recovered,38,17,11,10,-0.09722238363132707,0.7151090925149948,-0.2840043411093882,-0.18678195747806114,0.8609092140309692,0.8449498850399816,-1.4136772714695451,0.8630857996287955,False,NEG,0.64,0.4473684210526316,0.3014640099805125,0.6029370287800753,-2,1.0,False,False,fails_bh_fdr;bootstrap_ci_includes_zero;wilson_lower_not_above_threshold
nekuda,,deterministic,36,21,2,13,0.2767213359406888,-1.4095627868397713,0.15552772009020455,-0.12119361585048427,0.9060973601887932,0.8620283287352438,-1.2016115120838697,0.8099646384032465,False,NEG,0.605,0.5833333333333334,0.4220025157487166,0.7285943794855394,-2,1.0,False,False,fails_bh_fdr;bootstrap_ci_includes_zero;wilson_lower_not_above_threshold
ichi,,rag_recovered,33,16,7,10,0.018586069019288942,0.2991350823036294,-0.08330699087225923,-0.10189305989154818,0.914955871066769,1.0,-1.4081292644309162,0.9913652090242189,False,NEG,0.5835,0.48484848484848486,0.32504042108133696,0.6478162455108585,-2,1.0,False,False,fails_bh_fdr;bootstrap_ci_includes_zero;wilson_lower_not_above_threshold
handina,,deterministic,32,18,2,12,0.22736669271910337,-1.242106040988208,0.2119531535530239,-0.01541353916607946,0.9761904761904762,1.0,-1.1425608790309385,1.0328276383713826,False,NEG,0.512,0.5625,0.3932559113685198,0.7183466888495963,-2,1.0,False,False,fails_bh_fdr;bootstrap_ci_includes_zero;wilson_lower_not_above_threshold
hauna,,deterministic,32,17,3,12,0.1471963440351205,-0.7566792138179661,0.2119531535530239,0.06475680951790341,1.0338845215505557,1.0,-1.123859886030152,1.1421576678620244,False,POS,0.523,0.375,0.22933887309454212,0.5474559264692255,-1,1.0,False,False,fails_bh_fdr;bootstrap_ci_includes_zero;wilson_lower_not_above_threshold
mhani,,deterministic,32,17,5,10,0.1471963440351205,-0.10460251723827341,-0.03958561344294065,-0.18678195747806114,0.8609092140309692,0.8449498850399816,-1.4201540591122053,0.9025980461141164,False,NEG,0.6345,0.53125,0.3644951711897464,0.6913061289193116,-2,1.0,False,False,fails_bh_fdr;bootstrap_ci_includes_zero;wilson_lower_not_above_threshold
bho,,deterministic,31,17,1,13,0.1922842335636581,-1.9339837456258762,0.36807235547030537,0.17578812190664728,1.1204718537434182,0.8525897963662685,-0.934362763998529,1.2075302075172463,False,POS,0.6255,0.41935483870967744,0.2641554306731223,0.5923373750463029,-1,1.0,False,False,fails_bh_fdr;bootstrap_ci_includes_zero;wilson_lower_not_above_threshold
anga,suspected_non_content_seed,deterministic,30,14,6,10,-0.0324752023167072,0.2280360577310887,0.052044862022627036,0.08452006433933423,1.0462120381537112,1.0,-1.1563886643565349,1.2361694879366871,False,POS,0.5585,0.3333333333333333,0.19230498083676134,0.5121994835545616,-1,1.0,False,False,fails_bh_fdr;bootstrap_ci_includes_zero;wilson_lower_not_above_threshold
umwe,,deterministic,30,17,3,10,0.23882681950068818,-0.6650487383523984,0.052044862022627036,-0.18678195747806114,0.8609092140309692,0.8449498850399816,-1.4247416742677343,0.8741424730251333,False,NEG,0.6405,0.5666666666666667,0.3919730700081361,0.7262251442353347,-2,1.0,False,False,fails_bh_fdr;bootstrap_ci_includes_zero;wilson_lower_not_above_threshold
yenyu,,deterministic,30,15,6,9,0.06374011294259674,0.2280360577310887,-0.09234504731254667,-0.1560851602551434,0.8782508630609897,0.837256049330246,-1.4372929698859125,0.9341756638227187,False,NEG,0.6015,0.5,0.33154125640533766,0.6684587435946623,-2,1.0,False,False,fails_bh_fdr;bootstrap_ci_includes_zero;wilson_lower_not_above_threshold
edu,,rag_recovered,26,14,1,11,0.17034168068298072,-1.6846242766891582,0.3861062783005682,0.21576459761758748,1.1512750205648479,0.8388100940094321,-1.0281721473230228,1.2927522324350653,False,POS,0.653,0.4230769230769231,0.2554444331365656,0.6105138625340828,-1,1.0,False,False,fails_bh_fdr;bootstrap_ci_includes_zero;wilson_lower_not_above_threshold
rako,,deterministic,26,12,5,9,-0.04378312466986678,0.1898448412269822,0.11047183568714125,0.15425496035700803,1.0986766398158803,0.8274764109834682,-1.2041479266181452,1.4051923166017342,False,POS,0.597,0.34615384615384615,0.1941223032294052,0.5377942881118918,-1,1.0,False,False,fails_bh_fdr;bootstrap_ci_includes_zero;wilson_lower_not_above_threshold
ukaona,,deterministic,26,14,3,9,0.17034168068298072,-0.4622318553527105,0.11047183568714125,-0.05986984499583947,0.9412296564195298,1.0,-1.401913237279296,1.0846858796763734,False,NEG,0.559,0.5384615384615384,0.35457938746858797,0.7124414646960878,-2,1.0,False,False,fails_bh_fdr;bootstrap_ci_includes_zero;wilson_lower_not_above_threshold
newe,,deterministic,25,12,5,8,0.011711987921836808,0.24533995381868579,0.005502276085598723,-0.006209711836238085,0.9762269938650306,1.0,-1.4177947897362577,1.3013777779143265,False,NEG,0.506,0.48,0.30031285954112974,0.6650148304964322,-1,1.0,False,False,fails_bh_fdr;bootstrap_ci_includes_zero;wilson_lower_not_above_threshold
vavo,,deterministic,25,15,1,9,0.32205210853398825,-1.6291291640974546,0.16596694827884484,-0.1560851602551434,0.8782508630609897,0.837256049330246,-1.4536707278622503,0.9651178208965455,False,NEG,0.6165,0.6,0.40739457358967,0.7659669762225203,-2,1.0,False,False,fails_bh_fdr;bootstrap_ci_includes_zero;wilson_lower_not_above_threshold
havo,,deterministic,24,14,1,9,0.28355229113097025,-1.5714136662411686,0.22368244613513077,-0.05986984499583947,0.9412296564195298,1.0,-1.394133579407787,1.0827148683520444,False,NEG,0.5465,0.5833333333333334,0.3883466586522876,0.7553239739018824,-2,1.0,False,False,fails_bh_fdr;bootstrap_ci_includes_zero;wilson_lower_not_above_threshold
kutsvaga,,deterministic,24,11,4,9,-0.050866747939588564,0.013548834479987448,0.22368244613513077,0.27454919407471934,1.198870174704467,0.8202656094724342,-1.0051737273049368,1.5927537991864005,False,POS,0.6625,0.375,0.21159367559548778,0.5729003755732572,-1,1.0,False,False,fails_bh_fdr;bootstrap_ci_includes_zero;wilson_lower_not_above_threshold
bhoo,,deterministic,23,11,4,8,0.009254244497983066,0.07366982691755908,0.12333876637945629,0.11408452188147322,1.0652537646402678,1.0,-1.3359552827317114,1.4759574605415804,False,POS,0.564,0.34782608695652173,0.1881127593879773,0.55109664622737,-1,1.0,False,False,fails_bh_fdr;bootstrap_ci_includes_zero;wilson_lower_not_above_threshold
patwitter,,deterministic,23,12,4,7,0.12954847821569437,0.07366982691755908,-0.057233479262364995,-0.18678195747805937,0.8538712150249138,0.8185341368097603,-1.7167890086637552,1.0683963980597613,False,NEG,0.608,0.5217391304347826,0.32962737336427406,0.7076284258335335,-2,1.0,False,False,fails_bh_fdr;bootstrap_ci_includes_zero;wilson_lower_not_above_threshold
nayo,,deterministic,22,11,3,8,0.07198999984594501,-0.2261644971191874,0.18607452172741823,0.11408452188147322,1.0652537646402678,1.0,-1.3878777236101496,1.3747783128942328,False,POS,0.5655,0.36363636363636365,0.19733204670366125,0.5704829190986899,-1,1.0,False,False,fails_bh_fdr;bootstrap_ci_includes_zero;wilson_lower_not_above_threshold
titi,,deterministic,22,11,3,8,0.07198999984594501,-0.2261644971191874,0.18607452172741823,0.11408452188147322,1.0652537646402678,1.0,-1.3581831286616748,1.4450202572741557,False,POS,0.5645,0.36363636363636365,0.19733204670366125,0.5704829190986899,-1,1.0,False,False,fails_bh_fdr;bootstrap_ci_includes_zero;wilson_lower_not_above_threshold
acho,,deterministic,21,12,1,8,0.2578725751912341,-1.3829685768280573,0.251662863354996,-0.006209711836238085,0.9762269938650306,1.0,-1.4330329339451984,1.1878618062335162,False,NEG,0.512,0.5714285714285714,0.3654655436930671,0.7553003107462404,-2,1.0,False,False,fails_bh_fdr;bootstrap_ci_includes_zero;wilson_lower_not_above_threshold
zvenyu,,deterministic,20,12,0,8,0.3265853252752482,-2.899218327465201,0.3203756134390101,-0.006209711836238085,0.9762269938650306,1.0,-1.3726161380661002,1.2566490734206641,False,NEG,0.511,0.6,0.3865815007622531,0.781193467627183,-2,1.0,False,False,fails_bh_fdr;bootstrap_ci_includes_zero;wilson_lower_not_above_threshold
ake,,rag_recovered,19,11,1,7,0.27844087731337197,-1.242106040988208,0.2119531535530239,-0.06648772376034806,0.9317397818739329,1.0,-1.573688782203359,1.2780308299590364,False,NEG,0.5515,0.5789473684210527,0.3627590353425504,0.7685810871754576,-2,1.0,False,False,fails_bh_fdr;bootstrap_ci_includes_zero;wilson_lower_not_above_threshold
handisi,,deterministic,19,10,2,7,0.1471963440351196,-0.5051404468220024,0.2119531535530239,0.0647568095179043,1.0251820620927559,1.0,-1.5129367658608404,1.4868351809836833,False,POS,0.5375,0.3684210526315789,0.19149512745135072,0.5896046683519693,-1,1.0,False,False,fails_bh_fdr;bootstrap_ci_includes_zero;wilson_lower_not_above_threshold
vave,,deterministic,19,10,3,6,0.1471963440351196,-0.01971361965176044,0.005502276085596947,-0.14169406794952266,0.8783908045977011,1.0,-1.8227461752522514,1.2626131428419811,False,NEG,0.586,0.5263157894736842,0.3170780924511316,0.7267019483882042,-2,1.0,False,False,fails_bh_fdr;bootstrap_ci_includes_zero;wilson_lower_not_above_threshold
regai,,deterministic,18,8,5,5,-0.0817093842600034,0.70831193016123,-0.15955697018489978,-0.07784758592489638,0.9151187284565301,1.0,-1.9671216012350157,1.471956758832322,False,NEG,0.555,0.4444444444444444,0.24559518127005633,0.6628358435795723,-1,1.0,False,False,fails_bh_fdr;bootstrap_ci_includes_zero;wilson_lower_not_above_threshold
wena,,deterministic,18,10,2,6,0.2231451972684173,-0.42919159358870473,0.08145112931889464,-0.14169406794952266,0.8783908045977011,1.0,-1.715450182110171,1.283813252517876,False,NEG,0.579,0.5555555555555556,0.33716415642042774,0.7544048187299437,-2,1.0,False,False,fails_bh_fdr;bootstrap_ci_includes_zero;wilson_lower_not_above_threshold
ende,,deterministic,17,8,3,6,-0.0015390355760196428,0.13640558226552102,0.1616214780028784,0.16316051357889805,1.0985632183908045,1.0,-1.511744119850681,1.7143366359656986,False,POS,0.5915,0.35294117647058826,0.17309720397243744,0.5869963651478132,-1,1.0,False,False,fails_bh_fdr;bootstrap_ci_includes_zero;wilson_lower_not_above_threshold
hatina,,deterministic,17,10,1,6,0.30331554595240107,-1.0859868390709266,0.1616214780028784,-0.14169406794952266,0.8783908045977011,1.0,-1.8892475736308851,1.210447088512534,False,NEG,0.591,0.5882352941176471,0.3600544264299978,0.7838894320978518,-2,1.0,False,False,fails_bh_fdr;bootstrap_ci_includes_zero;wilson_lower_not_above_threshold
musina,,deterministic,17,9,2,6,0.15892563661722647,-0.349021244904721,0.1616214780028784,0.0026958413856519314,0.9762452107279693,1.0,-1.6173964733646862,1.4901675933467406,False,POS,0.505,0.35294117647058826,0.17309720397243744,0.5869963651478132,-2,1.0,False,False,fails_bh_fdr;bootstrap_ci_includes_zero;wilson_lower_not_above_threshold
vagari,,deterministic,17,9,2,6,0.15892563661722647,-0.349021244904721,0.1616214780028784,0.0026958413856519314,0.9762452107279693,1.0,-1.687646474808811,1.4614852662262694,False,POS,0.5025,0.35294117647058826,0.17309720397243744,0.5869963651478132,-2,1.0,False,False,fails_bh_fdr;bootstrap_ci_includes_zero;wilson_lower_not_above_threshold
ndipo,,deterministic,16,8,2,6,0.08334986201049333,-0.264132347318208,0.24651037558939137,0.16316051357889805,1.0985632183908045,1.0,-1.5338232525350821,1.670934209807304,False,POS,0.578,0.375,0.18481232558863633,0.6135895945449727,-1,1.0,False,False,fails_bh_fdr;bootstrap_ci_includes_zero;wilson_lower_not_above_threshold
rekuti,,deterministic,16,9,1,6,0.24381453420373944,-1.0010979414844137,0.24651037558939137,0.0026958413856519314,0.9762452107279693,1.0,-1.7674926618293694,1.4595678488682615,False,POS,0.493,0.375,0.18481232558863633,0.6135895945449727,-2,1.0,False,False,fails_bh_fdr;bootstrap_ci_includes_zero;wilson_lower_not_above_threshold
vaite,,deterministic,16,8,3,5,0.08334986201049333,0.221294479852034,0.005502276085596947,-0.07784758592489638,0.9151187284565301,1.0,-2.150136371767022,1.4516707864668814,False,NEG,0.5625,0.5,0.27999563610326017,0.7200043638967398,-2,1.0,False,False,fails_bh_fdr;bootstrap_ci_includes_zero;wilson_lower_not_above_threshold
hanty,,deterministic,15,9,0,6,0.3340123431753188,-2.495862633233992,0.33670818456097074,0.0026958413856519314,0.9762452107279693,1.0,-1.6070238954451255,1.441063039974127,False,POS,0.4925,0.4,0.1982449614134158,0.6425316987937539,-2,1.0,False,False,fails_bh_fdr;bootstrap_ci_includes_zero;wilson_lower_not_above_threshold
muzukuru,,deterministic,15,8,2,5,0.1735476709820727,-0.17393453834662864,0.09570008505717631,-0.07784758592489638,0.9151187284565301,1.0,-1.9884995749924812,1.407067114020176,False,NEG,0.5405,0.5333333333333333,0.30116980025498397,0.7519046463426261,-2,1.0,False,False,fails_bh_fdr;bootstrap_ci_includes_zero;wilson_lower_not_above_threshold
kudaro,,deterministic,14,6,4,4,-0.11726013686787162,0.7702776834676239,-0.09759121687850758,0.019668919989364042,0.9762633996937213,1.0,-2.0946207039371134,1.7385103491938076,False,POS,0.5,0.2857142857142857,0.11721378644576919,0.5464908432989318,-1,1.0,False,False,fails_bh_fdr;bootstrap_ci_includes_zero;wilson_lower_not_above_threshold
siyana,,deterministic,14,7,2,5,0.08919074059955356,-0.07771922308732648,0.19191540031647847,0.1027246597169249,1.0461235432510807,1.0,-1.772519740025702,1.8136181864118555,False,POS,0.547,0.35714285714285715,0.1634473175355414,0.612355768960926,-1,1.0,False,False,fails_bh_fdr;bootstrap_ci_includes_zero;wilson_lower_not_above_threshold
hre,,deterministic,13,5,4,4,-0.2551747434075633,0.8733711764317285,0.005502276085596947,0.26067701949316024,1.171822358346095,1.0,-1.924884330850428,2.2817690737714718,False,POS,0.622,0.3076923076923077,0.12680703655710515,0.5763065681945096,-1,1.0,False,False,fails_bh_fdr;bootstrap_ci_includes_zero;wilson_lower_not_above_threshold
izvozvi,,deterministic,13,8,0,5,0.3728564792054794,-2.2965538250105855,0.295008893280583,-0.07784758592489638,0.9151187284565301,1.0,-1.9376874483362778,1.5750939232762857,False,NEG,0.5425,0.6153846153846154,0.355228915126657,0.8229029220223743,-2,1.0,False,False,fails_bh_fdr;bootstrap_ci_includes_zero;wilson_lower_not_above_threshold
kudai,,deterministic,13,6,3,4,-0.014166643903767095,0.51080109704702,0.005502276085596947,0.019668919989364042,0.9762633996937213,1.0,-2.1000215225219554,1.77778546683121,False,POS,0.508,0.3076923076923077,0.12680703655710515,0.5763065681945096,-1,1.0,False,False,fails_bh_fdr;bootstrap_ci_includes_zero;wilson_lower_not_above_threshold
mujeri,,deterministic,13,8,0,5,0.3728564792054794,-2.2965538250105855,0.295008893280583,-0.07784758592489638,0.9151187284565301,1.0,-1.909374395357528,1.451580678735959,False,NEG,0.5445,0.6153846153846154,0.355228915126657,0.8229029220223743,-2,1.0,False,False,fails_bh_fdr;bootstrap_ci_includes_zero;wilson_lower_not_above_threshold
paya,,deterministic,13,7,1,5,0.1922842335636581,-0.7115913242894276,0.295008893280583,0.1027246597169249,1.0461235432510807,1.0,-1.7279182131852702,1.7944166309812808,False,POS,0.551,0.38461538461538464,0.17709707797762575,0.6447710848733431,-1,1.0,False,False,fails_bh_fdr;bootstrap_ci_includes_zero;wilson_lower_not_above_threshold
shaa,,deterministic,13,7,1,5,0.1922842335636581,-0.7115913242894276,0.295008893280583,0.1027246597169249,1.0461235432510807,1.0,-1.8112236300142268,1.7330010612629383,False,POS,0.5375,0.38461538461538464,0.17709707797762575,0.6447710848733431,-1,1.0,False,False,fails_bh_fdr;bootstrap_ci_includes_zero;wilson_lower_not_above_threshold
shoma,,deterministic,13,7,2,4,0.1922842335636581,0.025374269876778044,0.005502276085596947,-0.18678195747806114,0.8365784292277401,1.0,-2.2632405509140114,1.4919425614854207,False,NEG,0.59,0.5384615384615384,0.29143795714506004,0.7679393219046169,-2,1.0,False,False,fails_bh_fdr;bootstrap_ci_includes_zero;wilson_lower_not_above_threshold
unogona,,deterministic,13,7,2,4,0.1922842335636581,0.025374269876778044,0.005502276085596947,-0.18678195747806114,0.8365784292277401,1.0,-2.3189407364562724,1.441500636532655,False,NEG,0.58,0.5384615384615384,0.29143795714506004,0.7679393219046169,-2,1.0,False,False,fails_bh_fdr;bootstrap_ci_includes_zero;wilson_lower_not_above_threshold
vasiri,,deterministic,13,6,3,4,-0.014166643903767095,0.51080109704702,0.005502276085596947,0.019668919989364042,0.9762633996937213,1.0,-1.9965638150320806,1.744866497623123,False,POS,0.51,0.3076923076923077,0.12680703655710515,0.5763065681945096,-1,1.0,False,False,fails_bh_fdr;bootstrap_ci_includes_zero;wilson_lower_not_above_threshold
dzedu,,deterministic,12,7,0,5,0.30331554595240107,-2.1855225126218425,0.40604020566932597,0.1027246597169249,1.0461235432510807,1.0,-1.7741119822887783,1.7383150731126185,False,POS,0.5385,0.4166666666666667,0.19326031365875665,0.6804886874504503,-2,1.0,False,False,fails_bh_fdr;bootstrap_ci_includes_zero;wilson_lower_not_above_threshold
endai,,deterministic,12,5,3,4,-0.14414343101882032,0.621832409435763,0.11653358847433992,0.26067701949316024,1.171822358346095,1.0,-1.8525094720582902,2.1700597287071877,False,POS,0.613,0.3333333333333333,0.13812009109121315,0.6093779111272004,-1,1.0,False,False,fails_bh_fdr;bootstrap_ci_includes_zero;wilson_lower_not_above_threshold
gvt,,deterministic,12,7,1,4,0.30331554595240107,-0.6005600119006846,0.11653358847433992,-0.18678195747806114,0.8365784292277401,1.0,-2.38619755305525,1.5776106587991607,False,NEG,0.5885,0.5833333333333334,0.31951131254954973,0.8067396863412435,-2,1.0,False,False,fails_bh_fdr;bootstrap_ci_includes_zero;wilson_lower_not_above_threshold
kuitwa,,deterministic,12,6,2,4,0.09686466848497588,0.13640558226552102,0.11653358847433992,0.019668919989364042,0.9762633996937213,1.0,-2.112471152289329,1.9159126041481385,False,POS,0.5045,0.3333333333333333,0.13812009109121315,0.6093779111272004,-2,1.0,False,False,fails_bh_fdr;bootstrap_ci_includes_zero;wilson_lower_not_above_threshold
mazita,,deterministic,12,5,3,4,-0.14414343101882032,0.621832409435763,0.11653358847433992,0.26067701949316024,1.171822358346095,1.0,-1.9181636061400342,2.4037212824756233,False,POS,0.6175,0.3333333333333333,0.13812009109121315,0.6093779111272004,-1,1.0,False,False,fails_bh_fdr;bootstrap_ci_includes_zero;wilson_lower_not_above_threshold
nababa,,deterministic,12,7,0,5,0.30331554595240107,-2.1855225126218425,0.40604020566932597,0.1027246597169249,1.0461235432510807,1.0,-1.732429780892484,1.799670741808662,False,POS,0.5675,0.4166666666666667,0.19326031365875665,0.6804886874504503,-2,1.0,False,False,fails_bh_fdr;bootstrap_ci_includes_zero;wilson_lower_not_above_threshold
ndapota,,deterministic,12,5,3,4,-0.14414343101882032,0.621832409435763,0.11653358847433992,0.26067701949316024,1.171822358346095,1.0,-1.952078650644053,2.188311214617522,False,POS,0.613,0.3333333333333333,0.13812009109121315,0.6093779111272004,-1,1.0,False,False,fails_bh_fdr;bootstrap_ci_includes_zero;wilson_lower_not_above_threshold
vakuda,,deterministic,12,7,0,5,0.30331554595240107,-2.1855225126218425,0.40604020566932597,0.1027246597169249,1.0461235432510807,1.0,-1.811736685826492,1.7921073848314273,False,POS,0.5495,0.4166666666666667,0.19326031365875665,0.6804886874504503,-2,1.0,False,False,fails_bh_fdr;bootstrap_ci_includes_zero;wilson_lower_not_above_threshold
varipo,,deterministic,12,7,1,4,0.30331554595240107,-0.6005600119006846,0.11653358847433992,-0.18678195747806114,0.8365784292277401,1.0,-2.278581479699319,1.4444285449349596,False,NEG,0.595,0.5833333333333334,0.31951131254954973,0.8067396863412435,-2,1.0,False,False,fails_bh_fdr;bootstrap_ci_includes_zero;wilson_lower_not_above_threshold
aenda,,deterministic,11,6,1,4,0.2171589022026872,-0.48026577818297334,0.23682782219205123,0.019668919989364042,0.9762633996937213,1.0,-2.2545747096943076,1.795781396326975,False,POS,0.5125,0.36363636363636365,0.15166471095367573,0.6461988254921511,-2,1.0,False,False,fails_bh_fdr;bootstrap_ci_includes_zero;wilson_lower_not_above_threshold
afa,,rag_recovered,11,6,1,4,0.2171589022026872,-0.48026577818297334,0.23682782219205123,0.019668919989364042,0.9762633996937213,1.0,-2.2643794297888173,1.8593508047737326,False,POS,0.512,0.36363636363636365,0.15166471095367573,0.6461988254921511,-2,1.0,False,False,fails_bh_fdr;bootstrap_ci_includes_zero;wilson_lower_not_above_threshold
inogara,,deterministic,11,6,1,4,0.2171589022026872,-0.48026577818297334,0.23682782219205123,0.019668919989364042,0.9762633996937213,1.0,-2.2535762379949205,1.8831047038203255,False,POS,0.4975,0.36363636363636365,0.15166471095367573,0.6461988254921511,-2,1.0,False,False,fails_bh_fdr;bootstrap_ci_includes_zero;wilson_lower_not_above_threshold
madungwe,,deterministic,11,5,2,4,-0.023849197301109015,0.2566998159832323,0.23682782219205123,0.26067701949316024,1.171822358346095,1.0,-1.8495447769782234,2.1552613736921225,False,POS,0.611,0.36363636363636365,0.15166471095367573,0.6461988254921511,-1,1.0,False,False,fails_bh_fdr;bootstrap_ci_includes_zero;wilson_lower_not_above_threshold
munoda,,deterministic,11,5,2,4,-0.023849197301109015,0.2566998159832323,0.23682782219205123,0.26067701949316024,1.171822358346095,1.0,-1.958280768991006,2.1457565661568876,False,POS,0.63,0.36363636363636365,0.15166471095367573,0.6461988254921511,-1,1.0,False,False,fails_bh_fdr;bootstrap_ci_includes_zero;wilson_lower_not_above_threshold
ndisina,,deterministic,11,5,2,4,-0.023849197301109015,0.2566998159832323,0.23682782219205123,0.26067701949316024,1.171822358346095,1.0,-1.9283452349950456,2.1248656096423364,False,POS,0.6175,0.36363636363636365,0.15166471095367573,0.6461988254921511,-1,1.0,False,False,fails_bh_fdr;bootstrap_ci_includes_zero;wilson_lower_not_above_threshold
sisi,,rag_recovered,11,6,1,4,0.2171589022026872,-0.48026577818297334,0.23682782219205123,0.019668919989364042,0.9762633996937213,1.0,-2.1822474132399123,1.8203546711091962,False,POS,0.494,0.36363636363636365,0.15166471095367573,0.6461988254921511,-2,1.0,False,False,fails_bh_fdr;bootstrap_ci_includes_zero;wilson_lower_not_above_threshold
uno,,rag_recovered,11,5,2,4,-0.023849197301109015,0.2566998159832323,0.23682782219205123,0.26067701949316024,1.171822358346095,1.0,-1.800622479110744,2.156297163604707,False,POS,0.6185,0.36363636363636365,0.15166471095367573,0.6461988254921511,-1,1.0,False,False,fails_bh_fdr;bootstrap_ci_includes_zero;wilson_lower_not_above_threshold
vanogona,,deterministic,11,4,4,3,-0.3133558144960933,1.1046967225381827,-0.12574225719265542,0.18761355730343787,1.0984500574052813,1.0,-2.6101990923544633,2.3973542575019717,False,POS,0.577,0.2727272727272727,0.09746059290024889,0.5656453011761291,-1,1.0,False,False,fails_bh_fdr;bootstrap_ci_includes_zero;wilson_lower_not_above_threshold
wati,,deterministic,11,5,3,3,-0.023849197301109015,0.7421266431534743,-0.12574225719265542,-0.1018930598915464,0.8785304247990815,1.0,-2.670762775411934,1.9366413502331006,False,NEG,0.528,0.45454545454545453,0.21271271622459764,0.719908462590678,-2,1.0,False,False,fails_bh_fdr;bootstrap_ci_includes_zero;wilson_lower_not_above_threshold
aiva,,deterministic,10,6,0,4,0.3484034354809413,-1.933983745625877,0.36807235547030537,0.019668919989364042,0.9762633996937213,1.0,-2.095412482218234,1.9245900767801387,False,POS,0.493,0.4,0.16818032970623614,0.6873262302663417,-2,1.0,False,False,fails_bh_fdr;bootstrap_ci_includes_zero;wilson_lower_not_above_threshold
akabva,,deterministic,10,5,2,3,0.10739533597714512,0.38794434926148647,0.005502276085598723,-0.1018930598915464,0.8785304247990815,1.0,-2.6293473570961736,1.918784271248999,False,NEG,0.546,0.5,0.236593090512564,0.7634069094874361,-2,1.0,False,False,fails_bh_fdr;bootstrap_ci_includes_zero;wilson_lower_not_above_threshold
arikuda,,deterministic,10,5,1,4,0.10739533597714512,-0.3490212449047192,0.36807235547030537,0.26067701949316024,1.171822358346095,1.0,-2.0897825097245764,2.169795148526513,False,POS,0.6065,0.4,0.16818032970623614,0.6873262302663417,-1,1.0,False,False,fails_bh_fdr;bootstrap_ci_includes_zero;wilson_lower_not_above_threshold
becoz,,deterministic,10,4,3,3,-0.18211128121783915,0.8733711764317285,0.005502276085598723,0.18761355730343787,1.0984500574052813,1.0,-2.616986317745152,2.3520287771300037,False,POS,0.5755,0.3,0.10779126740630099,0.6032218525388546,-1,1.0,False,False,fails_bh_fdr;bootstrap_ci_includes_zero;wilson_lower_not_above_threshold
chibhorani,,deterministic,10,5,1,4,0.10739533597714512,-0.3490212449047192,0.36807235547030537,0.26067701949316024,1.171822358346095,1.0,-1.7633693713044643,2.350695824548113,False,POS,0.6055,0.4,0.16818032970623614,0.6873262302663417,-1,1.0,False,False,fails_bh_fdr;bootstrap_ci_includes_zero;wilson_lower_not_above_threshold
dzake,,deterministic,10,4,3,3,-0.18211128121783915,0.8733711764317285,0.005502276085598723,0.18761355730343787,1.0984500574052813,1.0,-2.5898203862946345,2.6706942013747765,False,POS,0.5895,0.3,0.10779126740630099,0.6032218525388546,-1,1.0,False,False,fails_bh_fdr;bootstrap_ci_includes_zero;wilson_lower_not_above_threshold
kuty,,deterministic,10,5,1,4,0.10739533597714512,-0.3490212449047192,0.36807235547030537,0.26067701949316024,1.171822358346095,1.0,-1.954538558714,2.157273453630939,False,POS,0.6195,0.4,0.16818032970623614,0.6873262302663417,-1,1.0,False,False,fails_bh_fdr;bootstrap_ci_includes_zero;wilson_lower_not_above_threshold
pliz,,deterministic,10,5,1,4,0.10739533597714512,-0.3490212449047192,0.36807235547030537,0.26067701949316024,1.171822358346095,1.0,-1.7871540116044844,2.2748527545826667,False,POS,0.608,0.4,0.16818032970623614,0.6873262302663417,-1,1.0,False,False,fails_bh_fdr;bootstrap_ci_includes_zero;wilson_lower_not_above_threshold
rtgs,,deterministic,10,5,1,4,0.10739533597714512,-0.3490212449047192,0.36807235547030537,0.26067701949316024,1.171822358346095,1.0,-1.9837639624500263,2.215075587328728,False,POS,0.623,0.4,0.16818032970623614,0.6873262302663417,-1,1.0,False,False,fails_bh_fdr;bootstrap_ci_includes_zero;wilson_lower_not_above_threshold
sewe,,deterministic,10,6,0,4,0.3484034354809413,-1.933983745625877,0.36807235547030537,0.019668919989364042,0.9762633996937213,1.0,-2.140159317682227,1.7742611416189404,False,POS,0.491,0.4,0.16818032970623614,0.6873262302663417,-2,1.0,False,False,fails_bh_fdr;bootstrap_ci_includes_zero;wilson_lower_not_above_threshold
uine,,deterministic,10,6,0,4,0.3484034354809413,-1.933983745625877,0.36807235547030537,0.019668919989364042,0.9762633996937213,1.0,-2.015211340230861,1.8655739895368977,False,POS,0.4935,0.4,0.16818032970623614,0.6873262302663417,-2,1.0,False,False,fails_bh_fdr;bootstrap_ci_includes_zero;wilson_lower_not_above_threshold
vose,,deterministic,10,5,1,4,0.10739533597714512,-0.3490212449047192,0.36807235547030537,0.26067701949316024,1.171822358346095,1.0,-1.7779394862824343,2.1357083157970473,False,POS,0.62,0.4,0.16818032970623614,0.6873262302663417,-1,1.0,False,False,fails_bh_fdr;bootstrap_ci_includes_zero;wilson_lower_not_above_threshold
wobva,,deterministic,10,5,2,3,0.10739533597714512,0.38794434926148647,0.005502276085598723,-0.1018930598915464,0.8785304247990815,1.0,-2.8832597353287364,1.9259421148710718,False,NEG,0.564,0.5,0.236593090512564,0.7634069094874361,-2,1.0,False,False,fails_bh_fdr;bootstrap_ci_includes_zero;wilson_lower_not_above_threshold
zviriko,,deterministic,10,5,2,3,0.10739533597714512,0.38794434926148647,0.005502276085598723,-0.1018930598915464,0.8785304247990815,1.0,-2.8964862570798093,1.8321519248269469,False,NEG,0.5545,0.5,0.236593090512564,0.7634069094874361,-2,1.0,False,False,fails_bh_fdr;bootstrap_ci_includes_zero;wilson_lower_not_above_threshold
