CILUBA,French,Score,Sentiment,Nature,English,Zulu,Afrikaans,Sepedi,Xhosa,Shona,Shona_gt
Akaja,Arrange,1.0,Positive,Verbe,Arrange,Hlela,Reël,Beakanya,Cwangcisa,Ronga,Ronga
Akajilula,Rearrange,1.0,Positive,Verbe,Rear range,Ibanga langemuva,Agterreeks,Range ya ka morao .,Uluhlu lwangasemva,Kumashure,Rear range
Akula,Parle,2.0,Positive,Verbe,Speak,Khuluma,Praat,Bolela,Thetha,Taura,Taura
Akulula,Reparle,2.0,Positive,Verbe,Speak again,Khuluma futhi,Praat weer,Bolela gape .,Thetha kwakhona,Taura zvakare,Taura zvakare
Aluja,Remet,3.0,Positive,Verbe,Hands over,Izandla ngaphezulu,Hande oor,diatla godimo ga .,Izandla ngaphezulu,Maoko pamusoro,Maoko pamusoro
Amba,Dis,3.0,Positive,Verbe,Say,Khuluma,Sê,Bolela,Yithi,Taura,Say
Ambakaja,Supperpose,3.0,Positive,Verbe,Suppose,Cabanga,Veronderstel,Nagana,Cinga,Ngatitii,Ngatitii
Ambula,Ramasse,4.0,Positive,Verbe,Pick up,Phakamisa,Tel op,Topa,Phakamisa,Nhonga,Nhonga
Ambuluja,Depeche,4.0,Positive,Verbe,Depeche,I-depeche,Depeche,Depeche .,I-dope,Zvinorevache,Depeche
Ambulula,Repete,9.0,Positive,Verbe,Repeated,-Phindaphiwe,Herhaal,pheta-pheta .,Iphindaphindwe,Kudzokororwa,Dzokororwa
Andamuna,Repond,9.0,Positive,Verbe,Answers,Ukuphendula,Antwoorde,Dikarabo .,Iimpendulo,Mhinduro,Mhinduro
Angata,Prend,9.0,Positive,Verbe,Takes,Izakahlela,Neem,E tšea .,Ithatha,Zvinotora,Inotora
Angatulula,Reprend,9.0,Positive,Verbe,Resume,Qalela phansi,Hervat,Thomološa,Phinda Uqalele,Tangazve,Resume
Bilamba,Habits,8.0,Positive,Mot,Clothes,Izingubo,Klere,Diaparo,Iimpahla,Zvipfeko,Hembe
Bilela,Blague,8.0,Positive,Mot,Joke,Ihlaya,Grappie,Metlae,Hlekisa,Joke,Joke
Biluatu,Vetements,-1.0,Negative,Mot,Clothes,Izingubo,Klere,Diaparo,Iimpahla,Zvipfeko,Hembe
Binsonji,Larmes,7.0,Positive,Mot,Tears,Izinyembekathi,Trane,Megokgo,Iinyembezi,Misodzi,Misodzi
Buela,Entre,7.0,Positive,Verbe,Between,Ngaphakathi,Tussen,Magareng,Phakathi,Pakati,Between
Bukenka,Lumiere,7.0,Positive,Mot,Light,-Mhlophe,Lig,Seetša,Ukukhanya,Chiedza,Chiedza
Buloba,Terre,-1.0,Negative,Mot,Earth,Inhlabathi,Aarde,Lefase,Umhlaba,Pasi,Nyika
Busuyi,Caboche,1.0,Positive,Mot,Noggin,Inqwaba,Noggin,Noggin .,Noggin,Noggin,Noggin
Bufuki,Creature,1.0,Positive,Mot,Creature,Isilwane,Skepsel,Sebopiwa .,Isidalwa,Chisikwa,Chisikwa
Buinvuindi,Ecouteurs,3.0,Positive,Mot,Headphones,Ama-headphones,Oorfone,Di-headphone .,Iintloko zentloko,Mahedhifoni,Mahedhifoni
Biuma,Dot,4.0,Positive,Mot,Dowry,Isipho semali,Bruidskat,Magadi .,I-dowry,Dowry,Dowry
Biululu,Nuage,5.0,Positive,Mot,Cloud,Amafu,Wolk,Leru,Ilifu,Gore,Cloud
Binvundu,Desordre,-3.0,Negative,Mot,Mess,Nyakanyekisa,Gemors,Bošaedi,Ukungcola,Nyonganiso,Mess
Bilongu,Fleurs,6.0,Positive,Mot,Flowers,Izimbali,Blomme,Matšoba a .,Iintyatyambo,Maruva,Maruva
Kubunya,Plier,8.0,Positive,Verbe,Bend,Gobisa,Buig,Koba,Gobe,Bend,Bend
Bulela,Verité,8.0,Positive,Mot,Truth,Iqiniso,Waarheid,Bonnete,Inyani,Chokwadi,Chokwadi
Bujitu,Poid,9.0,Positive,Mot,Weight,Isisindo,Gewig,Boima,Ubunzima,Uremu,Kurema
Bunsantu,Sainteté,8.0,Positive,Mot,Holiness,Ubungcwele,Heiligheid,Bokgethwa .,Ubungcwele,Hutsvene,Utsvene
Bunsenji,Imbecilité,-3.0,Negative,Mot,Imbecility,Ukumbeílity,Imbesiliteit,Boithabiso .,Ibbelity,Kusimba,Imbecility
Bantu,gens,1.0,Positive,Mot,people,abantu,mense,batho,abantu,vanhu,vanhu
Bansatu,Saints,9.0,Positive,Mot,Saints,Osanta,Heiliges,Bakgethwa .,Iingcwele,Vasande,Vatsvene
Banjelu,Anges,1.0,Positive,Mot,Angels,Izingelosi,Engele,Barongwa ba .,Iingelosi,Ngirozi,Ngirozi
Buinvi,Vol,-9.0,Negative,Mot,Flight,Ukundiza,Vlug,Go fofa,Indiza,Kubhururuka,Flight
Buikila,Ferme,-8.0,Negative,Mot,Farm,Ipulazi,Plaas,Polase,Ifama,Purazi,Farm
Butaka,Sexe,3.0,Positive,Mot,Sex,Ubulili,Seks,Thobalano .,Isondo,Bonde,Bonde
Bulalu,Lit,2.0,Positive,Mot,Bed,Umbhede,Bed,Mpete,Ibhedi,Mubhedha,Bed
Bufuka,Fertile,6.0,Positive,Mot,Fertile,-Zothile,Vrugbaar,Nonnego,Vertile,Yakaorera,Fertile
Buatu,Bateau,5.0,Positive,Mot,Boat,Isikebhe,Boot,Seketswana,Isikhephe,Chikepe,Boat
Bukula,Farine,8.0,Positive,Mot,Flour,Incushuncushu,Meel,Folouru,Umgubo,Hupfu,Flour
Kuanyisha,Admirer,9.0,Positive,Verbe,Admire,Thanda,Bewonder,Kgahlega,Vuma,Admire,Admire
Kupiana,Adopter,1.0,Positive,Verbe,Adopt,Qoka,Aanneem,Amogela,Ukwamkelwa,Anotora,Adopt
Kuvundula,Agiter,-8.0,Negative,Verbe,Shake,Xukuza,Skud,Šikinya,Shake,Zunza,Kuzunungusa
Kuambila,Annoncer,4.0,Positive,Verbe,Announce,Memezela,Kondig aan,Tsebisa .,Ngcwambulo,Chiziviso,Zivisai
Kubabidila,Anticiper,5.0,Positive,Verbe,Anticipate,Lindela,Verwag,Letela,Lindela,Fungidzira,Fungidzira
Kusanga,Assembler,9.0,Positive,Verbe,Assemble,Qoqana,Monteer,Kopanya .,Dibana,Ungana,Assemble
Mushipu,Automne,-5.0,Negative,Mot,Autumn,Ikwindla,Herfs,Lehlabula,Ekwindla,Autumn,Autumn
Lukinu,Haine,-8.0,Negative,Mot,Hate,Ukuzonda,Haat,Hloya,Intiyo,Kuvenga,Ruvengo
Kukoma,Repasser,3.0,Positive,Verbe,Iron,Insimbi yoku-ayina,Yster,Aene,Intsimbi,Simbi,Iron
Lusa,Pitié,4.0,Positive,Mot,Pity,Umunyu,Jammer,Kwelobohloko,Nceba,Tsitsi,Tsitsi
Kutela,Enumerer,6.0,Positive,Verbe,List,Bhala uhlu,Lys,Lenaneo,Uluhlu,Rondedzero,List
Kututa,Frapper,-5.0,Negative,Verbe,Hit,Shaya,Tref,Betha,Hit,Rova,Hit
Kuenda,Marcher,7.0,Positive,Verbe,To walk,Ukuhamba,Om te loop,Go sepela .,Ukuhamba,Kufamba,Kufamba
Kuseka,Rigoler,3.0,Positive,Verbe,To laugh,Ukuhleka,Om te lag,Go sega .,Ukuhleka,Kuseka,Kuseka
Kupeta,Trouver,7.0,Positive,Verbe,Find,Fumana,Vind,Hwetša,Fumana,Tsvaga,Find
Kukumbaja,Accomplir,9.0,Positive,Verbe,Accomplish,Feza,Voltooi,Fihlelela,Phumeza,Zadzisa,Pedzisa
Kuhuja,Remplir,1.0,Positive,Verbe,Fill,Gcwalisa,Vul,Tlatša,Gcwalisa,Zadza,Zadza
Mulayi,Promesse,6.0,Positive,Mot,Promise,Thembisa,Belowe,Tshephišo,Isithembiso,Vimbiso,Promise
Kupesha,Donner,1.0,Positive,Verbe,Give,Khangeza,Gee,Fa,Nika,Ipa,Give
Kuja,Danser,1.0,Positive,Verbe,To dance,Ukudansa,Om te dans,go bina .,Ukudanisa,Kutamba,Kutamba
Kuimba,Chanter,5.0,Positive,Verbe,Sing,Cula,Sing,Opela,Cula,Imba,Imbai
Kupangila,Rater,-9.0,Negative,Verbe,Miss,Khumbula,Mej,Fetilwe,Phosa,Kupotsa,Miss
Kupangila,Manquer,-9.0,Negative,Verbe,Miss,Khumbula,Mej,Fetilwe,Phosa,Kupotsa,Miss
Tshikosu,Raccourcis,4.0,Positive,Mot,Shortcuts,Amashoshothi,Kortpaaie,Dikgaoletšo .,Iindlela ezimfutshane,Shortcuts,Shortcuts
Kututa,Fouetter,-8.0,Negative,Verbe,Whisk,Ipiski,Klits,Whisk .,Whisk,Whisk,Whisk
Dimanya,Savoir,6.0,Positive,Verbe,Know,Bona,Weet,Tseba,Yazi,Ziva,Ziva
Kulala,Dormir,2.0,Positive,Verbe,Sleep,Ukulala,Slaap,Robala,Ukulala,Kurara,Rara
Kubika,Reveiller,1.0,Positive,Verbe,Wake,Phaphama,Word wakker,Tsoga,Vuka,Wake,Wake
Kukanga,Fermer,4.0,Positive,Verbe,Close,Ngokuminyanisa,Maak toe,Tswalela,Vala,Vhara,Close
Kulomba,Demander,5.0,Positive,Verbe,Ask,Buza,Vra,Kgopela,Buza,Bvunza,Bvunza
Kualuja,Remettre,2.0,Positive,Verbe,To put back,Ukubuyisela emuva,Om terug te sit,go bušetša morago .,Ukubuyisela umva,Kudzosera kumashure,Kudzorera
Kuteka,Deposer,1.0,Positive,Verbe,Deposit,Faka,Deposito,Tipositi,Idipozithi,Dhipoziti,Deposit
Kulamba,Preparer,3.0,Positive,Verbe,Prepare,Lungiselela,Berei voor,Beakanya,Lungiselela,Gadzirira,Gadzirira
Kutua,Manupuler,3.0,Positive,Verbe,Manipulate,Khohlisa,Manipuleer,Šomiša bošaedi,Bonisa,Manipulate,Manipulate
Luntandala,Internet,2.0,Positive,Mot,Internet,Isiqomanga ka-,Internet,Inthanete .,I-Intanethi,Internet,Internet
Kutshiangunya,Mancher,3.0,Positive,Verbe,Mancher,Isigwedlo,Mancher,Mancher .,I-mancher,Mancher,Mancher
Kuduilulula,Ruminer,4.0,Positive,Verbe,Ruminating,-Qumbile,Herkou,Ruminating .,Ukuqhuma,Kupenya,Ruminating
Kunyema,Courir,1.0,Positive,Verbe,Run,Gijima,Hardloop,Kitima,Baleka,Kumhanya,Mhanyai
kuipata,Chasser,-7.0,Negative,Verbe,Hunt,Ukuzingela,Jag,Tsoma,Ukuzingela,Kuvhima,Hunt
Kunvua,Comprendre,2.0,Positive,Verbe,To understand,Ukuqondisisa,Om te verstaan,go kwešiša .,Ukuqonda,Kunzwisisa,Kunzwisisa
Kukupula,Essuyer,1.0,Positive,Verbe,To wipe,Ukusula,Om af te vee,Go phumola .,Ukusula,Kupukuta,Kupukuta
Mundindimbi,Ombre,1.0,Positive,Mot,Shadow,Ithunzi,Skaduwee,Morithi,Isithunzi,Mumvuri,Shadow
Muedi,Barbe,1.0,Positive,Mot,Beard,Intshebe,Baard,Ditedu,Iindevu,Ndebvu,Ndebvu
Nsuki,Cheveux,2.0,Positive,Mot,Hair,Uboya,Hare,Moriri,Iinwele,Bvudzi,Bvudzi
Kudiabakena,Lamanter,-5.0,Negative,Verbe,Lamanter,Olta,Lamanter,Lamanter .,I-Lamter,Lamanter,Lamanter
Kuzakala,Trambler,-9.0,Negative,Verbe,Trambler,Umtalamuli,Tramper,Modiri wa tša go swara dihlare .,I-trambler,Muchengeti,Trambler
kulaba,frotter,4.0,Positive,Verbe,rub,hlikihla,vryf,fogohla,rub,rub,rub
kutukakaja,separer,4.0,Positive,Verbe,separate,hlungula,skei,kgaogane,hlula,kupatsanura,paradzana
kuakadila,embrasser,4.0,Positive,Mot,to kiss,Ukuqabula,te soen,go atlana .,ukwanga,kutsvoda,kutsvoda
kutentakaja,entasser,4.0,Positive,Verbe,pile up,kwunqwabelene,ophoop,Kgobola godimo .,pakishana,murwi kumusoro,unganidza
kubuidikija,couvrir,4.0,Positive,Verbe,cover,mbathisa,dekking,šireletša,ikhava,chifukidzo,cover
kuibaka,construire,4.0,Positive,Verbe,build,akha,bou,aga,yakha,kuvaka,kuvaka
kuitaba,accepter,4.0,Positive,Verbe,accept,amukela,aanvaar,amogela,yamkela,gamuchira,bvuma
kubenga,refuser,-2.0,Negative,Verbe,refuse,ala,weier,gana,inyikima,ramba,kuramba
kudifuanyikijila,imaginer,2.0,Positive,Verbe,imagine,cabanga ngamehlo engqondo,verbeel,nagana,khawufane ucinge,fungidzira,imagine
tshisokomenu,refuge,2.0,Positive,Verbe,refuge,inqaba,toevlug,Setšhabelo .,indawo yokusabela,utiziro,utiziro
kunzulula,ouvrir,2.0,Positive,Verbe,open,vula,oopmaak,bula,vula,vhura,open
kujandula,decouvrir,2.0,Positive,Verbe,discover,thola,ontdek,utolla,fumanisa,tsvaga,discover
kuvuluka,rappeler,2.0,Positive,Verbe,remind,khumbuza,herinner,gopotša,khumbulo,Yeuchidza,yeuchidza
kupuamoyo,oublier,2.0,Positive,Verbe,forget,khohlwa,vergeet,lebala,ulibale,kanganwa,kanganwa
kufunda,ecrire,2.0,Positive,Verbe,to write,ukubhala,te skryf,Go ngwala .,ukubhala,kunyora,kunyora
kusumba,acheter,2.0,Positive,Verbe,buy,thenga,koop,reka,Thenga,tenga,buy
nvunda,tourbillon,-4.0,Negative,Mot,whirlwind,shirlwind,warrelwind,Ledimo la ledimo .,i-whirlwind,chimbudzi,chamupupuri
nkuba,foudre,-4.0,Negative,Mot,lightning,unyazi,weerlig,legadima,imibane,Mheni,mheni
dikubakuba,tonnere,-4.0,Negative,Mot,thunder,ukuduma,donderweer,ledimo,indudumo,kutinhira,kutinhira
tshiululu,nuage,1.0,Positive,Mot,cloud,amafu,wolk,leru,ilifu,gore,gore
malemba,orage,4.0,Positive,Mot,thunderstorm,isiphepho,donderstorm,Ledimo la go duma .,Indudumo,Kutinhira,mabhanan'ana
kufunda,accuser,-2.0,Negative,Verbe,accuse,beka icala,beskuldig,Latola .,isimangalo,kupomera,pomera mhosva
kusungulula,discrimination,-3.0,Negative,Mot,discrimination,ubandlululo,diskriminasie,kgethollo,ucalucalulo,Kusarura,rusarura
kuikisha,reposer,1.0,Positive,Verbe,to rest,ukuphumula,om te rus,Go khutša .,ukuphumla,kuzorora,kuzorora
kulomba,mendier,-5.0,Negative,Verbe,beg,cela,smeek,Beg .,cela,kukumbira,kumbira
mudiavi,gourmant,2.0,Positive,Mot,gluttonous,gqhobasela,vraatsugtige,Go ba le batho ba bantši .,gluttonous,kubhururuka,gluttonous
kuadija,etaler,2.0,Positive,Verbe,spread,ukubhebhetheka,versprei,phatlalala,usasazeko,paradzira,paradzira
kututula,epoussetter,2.0,Positive,Verbe,dust,uthuli,stof,lerole,uthuli,guruva,huruva
kulumbuluisha,juger,2.0,Positive,Verbe,judge,gweba icala,oordeel,moahlodi,ijaji,Mutongi,mutongi
ndumbulula,juge,2.0,Positive,Mot,judge,gweba icala,oordeel,moahlodi,ijaji,Mutongi,mutongi
tshimpumpu,grippe,-3.0,Negative,Mot,flu,imfuluwenza,griep,mokgohlane,umkhuhlane,flu,furuu
mbangidi,commencement,6.0,Positive,Mot,beginning,ukuqala,begin,mathomong,ukuqala,kutanga,kutanga
kuambula,reprendre,3.0,Positive,Verbe,to resume,Ukuqhubeka kabusha,te hervat,Go thoma gape .,ukuphinda uqalise,kutangazve,kutangazve
ngena,enfer,-9.0,Negative,Mot,hell,isihogo,hel,hele,isihogo,gehena,gehena
kubuela,entrer,1.0,Positive,Verbe,enter,ngena,ingaan,tsena,ngena,pinda,kupinda
muntu,personne,1.0,Positive,Mot,person,umuntu,persoon,motho,umntu,munhu,munhu
kupatuka,sortir,1.0,Positive,Verbe,to go out,ukuphuma,om uit te gaan,Go tšwa .,ukuphuma,kubuda,kubuda
dididishi,fenetre,1.0,Positive,Mot,window,iwindi,venster,lefasetere,iwindow,hwindo,hwindo
muishi,fumée,-1.0,Negative,Mot,smoke,shunqisa,rook,muši,umsi,utsi,fodya
muiishi,pilon,2.0,Positive,Mot,pestle,nguonyana,stamper,Pestle .,i-pestle,pestle,pestle
lupepela,air,4.0,Positive,Mot,air,umoya,lug,moya,umoya,mhepo,mhepo
mukuna,montagne,4.0,Positive,Mot,mountain,intaba,berg,thaba,intaba,Gomo,gomo
kulaamba,ramper,4.0,Positive,Verbe,crawl,gaqa,kruip,gogoba,crawl,kukambaira,crawl
Kulamba,preparer,4.0,Positive,Verbe,prepare,lungiselela,voorberei,beakanya,lungiselela,gadzirira,gadzirira
kubombeka,tramper,4.0,Positive,Verbe,tramp,umhambuma,boemelaar,Sehlabi .,tramp,tramp,tramp
kukosa,trancher,4.0,Positive,Verbe,slice,sika,sny,selai,isilayi,chidimbu,slice
kupanda,dechirer,-3.0,Negative,Verbe,rip,amongwevu,skeur,gagola,Lala kakuhle,rip,rip
kupemba,moucher,4.0,Positive,Verbe,blow your nose,Shaya ikhala lakho,blaas jou neus,Foka nko ya gago .,vuthuza impumlo yakho,Ridza mhino dzako,ridza mhino dzako
kusaminamoyi,manquer,-2.0,Negative,Verbe,miss,khumbula,mis,fetilwe,phosa,kupotsa,miss
kujila,chamailler,-1.0,Negative,Verbe,bicker,ubhilibheli,kibbel,Bicker .,ibhayisekile,bicker,bicker
kukokangana,tirailler,-6.0,Negative,Verbe,tug,umshushuvu,ruk,Go goga .,tug,tug,tug
kukoka,tirer,2.0,Positive,Verbe,to pull,ukudonsa,te trek,Go goga .,ukutsala,kudhonza,kudhonza
kuinama,incliner,2.0,Positive,Verbe,tilt,tsheka,kantel,Sekamane .,tella,tha,tilt
kumbula,creuser,2.0,Positive,Verbe,dig,mba,grawe,epa,dig,chera,dig
kutubula,trouer,2.0,Positive,Verbe,hole,umgodi,gat,lešoba,umngxunya,gomba,gomba
kukonya,gratter,-1.0,Negative,Verbe,scratch,dweba,krap,ngwapa,ukukrala,kukwenya,scratch
tshivulukilu,souvenir,5.0,Positive,Verbe,memory,ukukhumbula,geheue,kgopolo,imemori,ndangariro,ndangariro
kutonda,repentir,6.0,Positive,Verbe,repentance,ukuphenduka,bekering,tshokologo .,inguquko,Kupfidza,kutendeuka
kutela,coudre,2.0,Positive,Verbe,sew,hida,naaldwerk,rokile,thunga,sew,kusona
kupela,moudre,1.0,Positive,Verbe,grind,phothula,maal,šila,grind,Grind,grind
kusuma,mordre,-2.0,Negative,Verbe,to bite,ukuluma,te byt,Go loma .,ukuluma,kuruma,kuruma
kudima,cultivre,3.0,Positive,Verbe,cultivate,zijwayeza,kweek,Hlagolela .,hlakulela,Vavarira,rima
kukuna,semer,2.0,Positive,Verbe,sow,thwalwa,saai,Bjala .,hlwayela,kudyara,sow
kuhola,recolter,4.0,Positive,Verbe,harvest,okuvuniweyo,oes,buna,ukuvuna,gohwo,goho
mulami,gardien,4.0,Positive,Mot,guardian,umondli,voog,Mohlokomedi .,umlondolozi,muchengeti,guardian
kuihila,sarcle,4.0,Positive,Mot,weed,ukhula,onkruid,ngwang,ukhula,masora,sora
kuhakula,castrer,4.0,Positive,Verbe,castrate,xholosa,kastreer,Castrate .,thambisa,kutakurwa,castrate
kutengula,circonsir,4.0,Positive,Verbe,circumcise,soka,besny,Boloki bja go bolotša .,walusa,Kudzingisa,dzingisa
kunungana,murmurer,4.0,Positive,Verbe,whisper,nyenyeza,fluister,hwenahwena,whisper,whisper,zevezera
kubobesha,murmur,4.0,Positive,Verbe,whisper,nyenyeza,fluister,hwenahwena,whisper,whisper,zevezera
kuluatshisha,fairehabiller,4.0,Positive,Verbe,to dress,ukugqoka,aan te trek,Go apara .,ukunxiba,kupfeka,kupfeka
kuvuadika,habiller,4.0,Positive,Verbe,dress,gqoka,rok,seaparo,nxiba,chipfeko,dress
munganga,infirmier,4.0,Positive,Mot,nurse,umhlengi,verpleegster,mooki,umongikazi,mukoti,nurse
kumanyisha,informer,4.0,Positive,Verbe,inform,tshela,inlig,tsebiša,yazisa,zivisa,zivisa
kunvuija,expliquer,4.0,Positive,Verbe,explain,chasisa,verduidelik,hlaloša,chaza,tsanangura,tsanangura
kunua,boire,4.0,Positive,Verbe,drink,phuza,drink,nwa,isiselo,kunwa,drink
kusangisha,additionner,4.0,Positive,Verbe,add,enezelela,byvoeg,hlakanya,yongeza,wedzera,wedzera
nvita,guerre,-7.0,Negative,Mot,war,ukulwa,oorlog,ntwa,imfazwe,Hondo,hondo
kujika,enterrer,-5.0,Negative,Verbe,bury,ngcwaba,begrawe,boloka,ukungcwaba,kuviga,viga
kuakaja,arranger,4.0,Positive,Verbe,arrange,lungisa,reël,beakanya,cwangcisa,ronga,kuronga
kulela,accoucher,4.0,Positive,Verbe,give birth,zala,geboorte gee,go belega .,zala,zvara,zvara
kulengeja,embelir,4.0,Positive,Verbe,beautify,nhle,verfraai,Go kgabiša .,ubuhle,kushora,shongedza
kukezula,purifier,4.0,Positive,Verbe,purify,hlanza,suiwer,Hlwekiša .,hlamba,chinatsa,purify
kusukula,netoyer,4.0,Positive,Verbe,clean,hlanza,skoon,hlwekile,icocekile,chenesa,yakachena
kabalamatuku,calendrier,4.0,Positive,Mot,calendar,unsukuzonke,kalender,Tšhupamabaka ya .,ikhalenda,Karenda,calendar
kubueja,inserer,4.0,Positive,Verbe,insert,faka,invoeg,tsenya,faka,isa,pinza
Kuludika,adresser,4.0,Positive,Verbe,address,beka,adres,aterese,idilesi,Kero,kero
Kubela,eduquer,4.0,Positive,Verbe,educate,fundisa,opvoed,Ruta .,fundisa,dzidzisa,dzidzisa
Tshienzedi,acte,4.0,Positive,Mot,act,dlala,optree,molao,isenzo,chiito,act
Kushimuna,vaincre,4.0,Positive,Verbe,defeat,nqoba,nederlaag,fenya,yoyisiwe,kukunda,kukundwa
Kutumbisha,louer,4.0,Positive,Verbe,to rent out,ukuqasha,te verhuur,Go hira .,ukuqesha ngaphandle,kubvarura,kuroja
kukukuila,adorer,4.0,Positive,Verbe,worship,dumisa,aanbidding,tumiša,unqulo,Kunamata,kunamata
Kutangalaja,propager,4.0,Positive,Verbe,propagate,landa,voortplant,Phatlalatša .,ukusasaza,kuparadzira,propagate
Dizakala,tremblement,4.0,Positive,Verbe,tremor,ukuzamazama komhlaba okulamalisa amanje,bewing,Go thothomela .,ungcangcazela,trement,kudedera
Kuzakala,trembler,4.0,Positive,Verbe,tremble,qhaqhazela,bewe,thothomela .,thuthumela,kudedera,kudedera
Kutshibuka,fracturer,-5.0,Negative,Verbe,fracture,ukwaphuka,breuk,Go robega .,ukwaphuka,kupwanyika,kutyoka
Kukuta,rassasier,3.0,Positive,Verbe,satiate,isilingisi,versadig,Kgegea .,sathise,Satiate,satiate
Kujima,eteindre,3.0,Positive,Verbe,turn off,vala,skakel af,Tima .,Cima,dzima,dzima
Kutemesha,allumer,3.0,Positive,Verbe,to light up,ukukhanyisa,te verlig,Go boneša .,Ukukhanyisa,kuvhenekera,kuvhenekera
kusemena,approcher,3.0,Positive,Verbe,approach,sondela,benadering,batamela,indlela,nzira,kusvika
Kuntekela,observer,3.0,Positive,Verbe,observe,phawula,waarneem,lemoga,qaphela,cherechedza,cherechedza
Kufangikisha,ressembler,3.0,Positive,Verbe,look like,kufana ne,lyk,Lebelela bjalo ka .,ibonakala njenge,fanana,fanana
Kumonununa,revoir,3.0,Positive,Verbe,goodbye,Hamba kahle,totsiens,šala gabotse,Sala kakuhle,Sara mushe,Sara mushe
Kutshina,craindre,3.0,Positive,Verbe,to fear,ukwesaba,te vrees,Go tshaba .,Ukoyika,kutya,kutya
Kuluka,vomir,-3.0,Negative,Verbe,to vomit,ukugabha,om te braak,Go hlatša .,ukuhlanza,kurutsa,kurutsa
Miengu,nauser,-4.0,Negative,Verbe,nause,ngenisa,naarheid,Go hlatša .,i-nause,kusuwa,nause
tshieleka,serment,4.0,Positive,Verbe,oath,isifungo,eed,kano,isifungo,mhiko,mhiko
Kowela,nager,4.0,Positive,Verbe,swim,bhukuda,swem,rutha,ukuqubha,Shambira,kushambira
Kudina,noyer,-2.0,Negative,Verbe,walnut,ziyadliwa,okkerneut,Walnut .,i-walnut,walnut,walnut
Kuhuyakana,respirer,5.0,Positive,Verbe,breathe,phefumula,asemhaal,hema,uphefumla,kufema,fema
Kuinyija,plonger,5.0,Positive,Verbe,dive,ziphonsa ngekhanda emanzini,duik,thinya,dive,Dive,dive
Kubola,mouiller,-6.0,Negative,Verbe,wet,-manzi,nat,thapile,emanzi,kunyorova,wet
Kubungila,somnoler,3.0,Positive,Verbe,doze,qaphela,sluimer,DOZE .,i-doze,Doze,hope
Kulota,rever,3.0,Positive,Verbe,dream,iphupha,droom,toro,iphupha,kurota,hope
Butuku,nuit,-5.0,Negative,Mot,night,ubusuku,nag,bošego,busuku,husiku,husiku
Dituku,jour,7.0,Positive,Mot,day,usuku,dag,letšatši,usuku,zuva,zuva
Ditunga,pays,7.0,Positive,Mot,country,izwe,land,naga,ilizwe,nyika,nyika
Kumuenena,dominer,7.0,Positive,Verbe,dominate,busa,oorheers,Laola .,kulawula,kutonga,tonga
Tshimenga,ville,7.0,Positive,Mot,city,idolobha,stad,toropokgolo,isixeko,guta,guta
Mulondi,village,7.0,Positive,Mot,village,umuzi,dorpie,motse,ilali,musha,musha
Kuvuma,vibrer,7.0,Positive,Verbe,vibrate,vevezela,vibreer,Go thothomela .,hluma,vibrate,vibrate
Mulondi,coureur,7.0,Positive,Verbe,runner,umgijimi,hardloper,Semathi .,Imbaleki,mumhanyi,mumhanyi
Momunyi,voyant,7.0,Positive,Verbe,indicator,okokukhonkotha,aanwyser,Sešupo sa .,isalathi,chiratidzo,chiratidzo
Nsanyanga,sentiment,7.0,Positive,Mot,feeling,ukuzwakala,gevoel,maikutlo,imvakalelo,kunzwa,kunzwa
Kujingila,souhaiter,7.0,Positive,Verbe,to wish,ukufisa,te wens,go lakatsa .,ukunqwenela,kushuvira,kuda
Kukehesha,reduire,7.0,Positive,Verbe,reduce,phungula,verminder,fokotša,ukunciphisa,kuderedza,kuderedza
Mavuala,vague,-4.0,Negative,Mot,wave,vayizela,golf,lephoto,amaza,wave,wave
tshipepela,tempete,-4.0,Negative,Mot,storm,isivunguvungu,storm,ledimo,isaqhwithi,Dutu,dutu
Kudiombola,decevoir,-4.0,Negative,Verbe,disappoint,dumaza,teleurstel,Kganyoga .,ukuphoxeka,kuodza moyo,disappoint
Munyengi,cambrioleur,-4.0,Negative,Verbe,burglar,umgqekezi,inbreker,Mohodu wa lehodu .,burglar,burglar,burglar
Kukankamija,encourager,6.0,Positive,Mot,encourage,khuthaza,aanmoedig,hlohleletša,khuthaza,kurudzira,kukurudzira
Disankisha,rendreheureux,6.0,Positive,Verbe,make happy,yenza ujabule,gelukkig maak,Dira gore o thabe .,Yonwaba,ita kufara,fadza
Diambuluisha,aider,6.0,Positive,Verbe,help,Usizo,help,thušo,Nceda,Rubatsiro,help
Kumupetesha,apporter,6.0,Positive,Verbe,bring,letha,bring,tliša,yizise,uyai,bring
Ditekemena,esperance,6.0,Positive,Mot,hope,ithemba,hoop,kholofelo,Ithemba,Tariro,tariro
Kulongesha,enseigner,6.0,Positive,Verbe,teach,fundisa,leer,ruta,fundisa,Dzidzisa,dzidzisa
Kukonkolola,examiner,6.0,Positive,Verbe,examine,hlola,ondersoek,hlahloba,vavanya,ONA,kuongorora
Kanyinganinga,stress,-7.0,Negative,Mot,stress,ubunzima,stres,kgatelelo,uxinzelelo,kushushikana,stress
Kutantamena,supporter,5.0,Positive,Verbe,support,singatha,ondersteun,thekga,inkxaso,Tsigiro,rutsigiro
Kansungansunga,injustice,-3.0,Negative,Mot,injustice,ukwenza okungalungile,onregverdigheid,Go hloka toka .,ukungabikho kokusesikweni,kusaruramisira,kusaruramisira
Kukumbaja,realiser,4.0,Positive,Verbe,realize,bona,besef,lemoga,qaphela,ziva,ziva
Bibunyi,abondance,4.0,Positive,Mot,abundance,ubuningi,oorvloed,bontši,ubuninzi,zvakawanda,kuwanda
Kumbusha,enlever,4.0,Positive,Verbe,to remove,ukususa,te verwyder,Go Tlosa .,ukususa,kubvisa,kubvisa
Tshijiengu,cercle,4.0,Positive,Mot,circle,zungeza,sirkel,sediko,isangqa,denderedzwa,denderedzwa
Buloba,Terre,4.0,Positive,Mot,Earth,Inhlabathi,Aarde,Lefase,Umhlaba,Pasi,Nyika
Bionsu,tout,0.0,Neutre,Mot,All,-Nke,Almal,Ka moka,Zonke,Zvese,Zvose
Kuikala,etre,0.0,Neutre,Verbe,be,yiba,wees,go ba,yiba,be,kuva
Bikukibua,Creature,5.0,Positive,Mot,Creature,Isilwane,Skepsel,Sebopiwa .,Isidalwa,Chisikwa,Chisikwa
Moyi,vie,5.0,Positive,Mot,life,impilo,lewe,bophelo,ubomi,Hupenyu,hupenyu
Bulelela,Verité,5.0,Positive,Mot,Truth,Iqiniso,Waarheid,Bonnete,Inyani,Chokwadi,Chokwadi
Kufunda,ecrire,5.0,Positive,Verbe,to write,ukubhala,te skryf,Go ngwala .,ukubhala,kunyora,kunyora
Kunianga,abimer,-4.0,Negative,Verbe,damage,umonakalo,skade,tshenyo,umonakalo,kukuvara,kukuvara
Kumanyisha,informer,3.0,Positive,Verbe,inform,tshela,inlig,tsebiša,yazisa,zivisa,zivisa
Biabunyi,beaucoup,3.0,Positive,Mot,a lot,okuningi,baie,kudu,Okuninzi,zvakawanda,zvakawanda
Tshikondo,periode,3.0,Positive,Mot,period,isikhathi,tydperk,paka,ixesha,nguva,period
Tshilejelu,exemple,3.0,Positive,Mot,example,isibonelo,voorbeeld,mohlala,umzekelo,Muenzaniso,muenzaniso
Dimanyia,connaissance,3.0,Positive,Mot,awareness,ukuzwa,bewustheid,temogo,ukwazisa,kuziva,kuziva
Mpokolo,source,3.0,Positive,Mot,source,umthombo,bron,mothopo,umthombo,Kunobva,source
Wa,de,0.0,Neutre,Article,of,iwa-,van,ya,ye,of,ye
Bakuabu,d'autre,0.0,Neutre,Mot,else,futhi,anders,sengwe,enye into,zvimwe,zvimwe
Kuangata,prendre,2.0,Positive,Verbe,take,hlalela,neem,tšea,thatha,tora,take
Tshibuashabuasha,univers,2.0,Positive,Mot,universe,umhlaba wonke kanye nezulu,heelal,Legohle la Legohle .,indalo,zvakasikwa,universe
Mitoto,etiole,2.0,Positive,Mot,etiole,etiole,etiool,Etiole .,i-eiole,Etiole,etiole
Butoke,eclairer,2.0,Positive,Verbe,enlighten,akhanyi,verlig,Seetša .,khanyisela,kuvhenekerwa,enlighten
Mushindu,façon,2.0,Positive,Mot,way,indlela,manier,tsela,indlela,nzira,nzira
Kuteleja,ecouter,2.0,Positive,Verbe,listen,beka indlebe,luister,theeletša,mamela,Teerera,teerera
Diyi,voix,2.0,Positive,Mot,voice,iphimbo,stem,lentšu,ilizwi,Izwi,izwi
Mubidi,corps,2.0,Positive,Mot,body,umzimba,liggaam,mmele,umzimba,muviri,muviri
Mashi,sang,2.0,Positive,Mot,blood,igazi,bloed,madi,igazi,Ropa,ropa
Kumona,voir,2.0,Positive,Verbe,see,qonda,sien,bona,funda,ona,maona
Kuitaba,accepter,2.0,Positive,Verbe,accept,amukela,aanvaar,amogela,yamkela,gamuchira,bvuma
Mpukampuka,hasard,2.0,Positive,Mot,chance,ithuba,kans,sebaka,ithuba,mukana,mukana
tshibingishilu,commencement,2.0,Positive,Mot,beginning,ukuqala,begin,mathomong,ukuqala,kutanga,kutanga
Tshinfuanyi,image,2.0,Positive,Mot,picture,isithombe,prentjie,seswantšho,umfanekiso,mufananidzo,mufananidzo
Ngikadilu,qualiter,2.0,Positive,Mot,quality,isimo,kwaliteit,boleng,Umgangatho,mhando,quality
Bukokeshi,autoriter,2.0,Positive,Mot,authorize,gunyaza,magtig,Dumelela .,gunyazisa,bvumidza,mvumo
Dishilangana,different,2.0,Positive,Mot,different,-ahlukile,anders,fapanego,eyahlukileyo,zvakasiyana,zvakasiyana
Kusambila,prier,2.0,Positive,Verbe,pray,cela,bid,rapela,thandaza,Namata,nyengeterai
Kukumbana,convenir,2.0,Positive,Verbe,agree,vumelana,stem saam,dumela,vuma,Bvumirana,bvuma
Bulunda,amitier,2.0,Positive,Mot,friendship,ubudlelwane,vriendskap,segwera,ubuhlobo,Hushamwari,ushamwari
Kulua,venir,2.0,Positive,Verbe,come,woza,kom,tla,yiza,huya,uya
Mushinga,prix,2.0,Positive,Mot,price,intengo,prys,theko,ixabiso,Mutengo,mutengo
kusemena,approcher,2.0,Positive,Verbe,approach,sondela,benadering,batamela,indlela,nzira,kusvika
Kuambuluisha,aider,2.0,Positive,Verbe,help,Usizo,help,thušo,Nceda,Rubatsiro,help
Kusamba,consoller,2.0,Positive,Verbe,console,ikhonsoli,konsole,Console .,ikhonkco,console,console
Kusankisha,rejouire,2.0,Positive,Verbe,rejoice,thokoza,jubel,Thabang .,Yibani nemihlali,Farai,farai
kushintuluka,changer,2.0,Positive,Verbe,to change,ukushintsha,te verander,go fetoga .,ukutshintsha,kuchinja,kuchinja
Makenga,souffrance,2.0,Positive,Mot,suffering,Ukuhlupheka,lyding,go tlaišega,ukubandezeleka,Kutambura,kutambura
Kuludika,redresser,2.0,Positive,Verbe,to sort out,Ukuhlunga,uit te sorteer,go rarolla ntle .,Ukuhlela ngaphandle,kuronga,kugadzirisa
Kuenza,faire,2.0,Positive,Verbe,TO DO,OKUZO KWENZIWA,OM TE DOEN,go dira .,UKWENZA,Kuita,KUITA
kulomba,Demander,2.0,Positive,Verbe,Ask,Buza,Vra,Kgopela,Buza,Bvunza,Bvunza
Kupumuna,epancher,2.0,Positive,Verbe,spread,ukubhebhetheka,versprei,phatlalala,usasazeko,paradzira,paradzira
Ditalala,paix,2.0,Positive,Mot,peace,ukuthula,vrede,khutšo,uxolo,Runyararo,rugare
Kudisangisha,reunir,2.0,Positive,Verbe,reunite,hlanganisa futhi,herenig,Kopanya gape .,phinda,reunite,kusanganazve
Diku,famille,2.0,Positive,Mot,family,umndeni,familie,lapa,usapho,mhuri,mhuri
Tshisumbu,groupe,2.0,Positive,Mot,band,isibopho,band,lepanta,band,bhendi,band
Mikenji,lois,2.0,Positive,Mot,laws,imithetho,wette,Melao .,IMITHETHO,Mitemo,mitemo
Ntemu,temoin,2.0,Positive,Mot,witness,fakazela,getuie,hlatse,INgqina,Chapupu,chapupu
Kushima,mentir,-3.0,Negative,Verbe,lie,ginqika,lieg,maaka,ubuxoki,kunyepa,kunyepa
Tshisangilu,reunion,4.0,Positive,Mot,meeting,umhlangano,vergadering,kopano,intlanganiso,musangano,musangano
Pamuapa,defois,4.0,Positive,Mot,sometimes,ngesinye isikhathi,soms,nako tše dingwe,ngamaxesha athile,dzimwe nguva,dzimwe nguva
Kuseka,Rigoler,4.0,Positive,Verbe,To laugh,Ukuhleka,Om te lag,Go sega .,Ukuhleka,Kuseka,Kuseka
Kuibidila,habitude,4.0,Positive,Mot,habit,isiko,gewoonte,setlwaedi,umkhwa,tsika,tsika
Madilu,deuil,-6.0,Negative,Mot,grief,ubuhlungu,hartseer,bohloko,usizi,Kusuwa,kusuwa
Kuibaka,construire,3.0,Positive,Verbe,build,akha,bou,aga,yakha,kuvaka,kuvaka
Bipepela,facile,3.0,Positive,Mot,easy,-ncwaba,maklik,bonolo,kulula,nyore,nyore
Kusungula,choisire,3.0,Positive,Verbe,choose,qoka,kies,kgetha,khetha,sarudza,sarudza
kulomba,Demander,3.0,Positive,Verbe,Ask,Buza,Vra,Kgopela,Buza,Bvunza,Bvunza
Bulongolodi,organisation,3.0,Positive,Mot,organization,inhlangano,organisasie,mokgatlo,umbutho,Sangano,sangano
Kucimuna,vincrait,3.0,Positive,Mot,vincrait,uhlobo lwe-vincroit,vincrait,Vincrait .,i-vincrait,vincrait,vincrait
Kusuminyina,ainsister,3.0,Positive,Verbe,soster,uonkelisi,soster,Soster .,i-soster,Soster,soster
Kutunguluka,continuer,3.0,Positive,Verbe,continue,qhubeka,gaan voort,tšwela pele,qhubeka,Enderera,enderera
Mufuki,createur,3.0,Positive,Mot,Creator,UMdali,Skepper,Mmopi .,UMdali,Musiki,Musiki
Kukokela,soumission,3.0,Positive,Mot,submission,ukuthobela,voorlegging,boikokobetšo,inguquko,kuzviisa pasi,kuzviisa pasi
Disanka,joie,3.0,Positive,Mot,joy,injabulo,vreugde,boipshino,uvuyo,Mufaro,mufaro
Kukumbajia,ajouter,3.0,Positive,Verbe,add,enezelela,byvoeg,hlakanya,yongeza,wedzera,wedzera
Mukaji,femme,3.0,Positive,Mot,women,abantu,vroue,basadi,abafazi,Vakadzi,vakadzi
mudimu,travail,3.0,Positive,Verbe,work,ukusebenza,werk,mošomo,sebenza,shanda,shanda
Kabutu,destruiction,3.0,Positive,Mot,destruction,isibhicongo,vernietiging,tshenyo,intshabalalo,kuparadzwa,kuparadza
Lukuka,aviditer,3.0,Positive,Mot,greed,ukuhaha,gierigheid,megabaru,ukubawa,Makaro,kukara
Muana,descendance,3.0,Positive,Mot,descendants,inzalo,afstammelinge,Ditlogolo .,inzala,vazukuru,vazukuru
Biabunyi,immence,3.0,Positive,Mot,immence,-landelana,immens,EmMence .,Immensi,kusevha,immence
Lulamatu,fideliter,3.0,Positive,Mot,loyalty,ukuba neqiniso,lojaliteit,botshepegi,ukuthembeka,Kuvimbika,kuvimbika
Kudipuekesha,humilter,3.0,Positive,Mot,humiliate,dumaza,verneder,Mokokotlo wa go kokobetša .,hlaziya,zvinonyadzisa,humiliate
Kukuba,proteger,3.0,Positive,Verbe,protect,vikela,beskerm,šireletša,khusela,chengetedza,kudzivirira
Ciendelela,eterniter,3.0,Positive,Mot,eternity,ubungunaphakade,ewigheid,Bosafeleng .,kanaphakade,kusingagumi,kusingaperi
Dishintuluka,changement,3.0,Positive,Mot,change,phendula,verander,phetogo,utshintsho,Shanduko,shanduko
Ditumikila,obeisance,3.0,Positive,Mot,obedience,ukuzwa,gehoorsaamheid,Go kwa .,ukuthobela,Kuteerera,kuteerera
disanka,bonheur,3.0,Positive,Mot,happiness,injabulo,geluk,lethabo,ulonwabo,Mufaro,mufaro
dibungama,tristesse,-1.0,Negative,Mot,sadness,ukudabuka,hartseer,manyami a go nyama .,usizi,kusuwa,kusuwa
tshinji,colere,-4.0,Negative,Mot,anger,intukuthelo,woede,pefelo,umsindo,kutsamwa,kutsamwa
bowa,peur,-6.0,Negative,Mot,fear,ukwesaba,vrees,tšhoga,uloyiko,kutya,kutya
ditalala,paix,5.0,Positive,Mot,peace,ukuthula,vrede,khutšo,uxolo,Runyararo,rugare
kukuata,reusir,5.0,Positive,Verbe,succeed,phumelela,slaag,atlega,phumelela,Budirira,kubudirira
kubula,echec,-5.0,Negative,Mot,failure,phaphalaza,mislukking,go palelwa,ukusilela,kutadza,kukundikana
ditekemena,confiance,4.0,Positive,Mot,trust,themba,vertrou,tshepha,ukuthembana,kuvimba,kuvimba
kuseka,sourire,6.0,Positive,Verbe,smile,ukumamatheka,glimlag,myemyela,uncumo,kunyemwerera,nyemwerero
bisonji,Larmes,-3.0,Negative,Mot,Tears,Izinyembekathi,Trane,Megokgo,Iinyembezi,Misodzi,Misodzi
ditekemena,espoir,2.0,Positive,Mot,hope,ithemba,hoop,kholofelo,Ithemba,Tariro,tariro
kuvuluka,souvenir,3.0,Positive,Mot,memory,ukukhumbula,geheue,kgopolo,imemori,ndangariro,ndangariro
kubengakutekemena,desespoir,-7.0,Negative,Mot,despair,phela ithemba,wanhoop,hloboga,Ukuphelelwa lithemba,kupererwa,kupererwa
moyimukola,courage,1.0,Positive,Mot,courage,isibindi,moed,mafolofolo,isibindi,ushingi,ushingi
tungunuka,continuer,1.0,Positive,Verbe,continue,qhubeka,gaan voort,tšwela pele,qhubeka,Enderera,enderera
mudikadila,liberter,1.0,Positive,Mot,liberate,khulula,bevry,lokolloa .,ikhululekile,kusunungura,sunungura
kukudimuna,trasformer,1.0,Positive,Verbe,transform,shintsha,transformeer,Phetogo ya phetošo .,tshintsha,Shandura,shandura
kukola,grandir,1.0,Positive,Verbe,to grow,Ukukhula,te groei,go gola .,ukukhula,Kukura,Kukura
kulongesha,enseigne,1.0,Positive,Mot,taught,wafundisa,geleer,rutile,ifundisiwe,kudzidziswa,vakadzidziswa
tshisumi,perceverance,1.0,Positive,Mot,perception,ukuqonda,persepsie,temogo,umbono,Perception,maonero
kubela,reprimande,-4.0,Negative,Mot,reprimand,ukujezisa,berisping,Kgalemo .,phinda,kutsiura,kutsiura
kulomba,demander,4.0,Positive,Verbe,ask,buza,vra,kgopela,buza,bvunza,bvunza
bundu,honte,-3.0,Negative,Mot,shame,amahloni,skaamte,mahlabišadihlong,ihlazo,nyadzi,shame
lupepela,air,2.0,Positive,Mot,air,umoya,lug,moya,umoya,mhepo,mhepo
buloba,monde,2.0,Positive,Mot,world,izwe,wêreld,lefase,Umhlaba,Nyika,nyika
anumpidieu,immediatement,2.0,Positive,Mot,immediately,eduze,onmiddellik,ka potlako,kwangoko,pakarepo,pakarepo
bualubudimuakuezeka,possible,2.0,Positive,Mot,possible,-enzekayo,moontlik,kgonagalo,kunokwenzeka,zvinogoneka,zvinogoneka
bualubudikabuyimuakuezeka,impossible,-2.0,Negative,Mot,impossible,-ngenakwenzeka,onmoontlik,sa kgonagalego,ayinakwenzeka,hazvigoneke,hazvigoneki
buabualukayi,pourquoi,0.0,Negative,Mot,Why,Ngobani,Hoekom,Ka lebaka la eng,Ngoba,Sei,Sei
biakana,parfaite,4.0,Positive,Mot,perfect,gweda,perfek,phethegilego,igqibelele,kukwana,zvakakwana
muenacilema,egoiste,-5.0,Negative,Mot,self-centered,ngokwakho uqobo,selfgesentreerd,Boithati .,ukuzingca,kuzvifunga,kuzvida
umueka,visible,6.0,Positive,Mot,visible,qavile,sigbaar,Go bonagala .,ibonakale,inoonekwa,zvinooneka
kayilulamatu,infidele,-3.0,Negative,Mot,unfaithful,-ngenalo iqiniso,ontrou,Go se botege .,enganyanisekanga,vasina kutendeka,vasina kutendeka
lulamatu,fidele,3.0,Positive,Mot,faithful,-thembekile,getrou,botega,ithembekile,Kutendeka,akatendeka
disengelela,supplication,3.0,Positive,Mot,supplication,ukunxusa,smeking,Kgopelo .,ukucela,Kuteterera,kuteterera
dipingana,retour,3.0,Positive,Mot,back,-dlulile,terug,morago,umva,kumashure,shure
dikudimuna,variation,3.0,Positive,Mot,variation,ukuphenduka,variasie,Phapano .,umahluko,kusiyana,variation
dikuatshisha,contribuer,3.0,Positive,Verbe,contribute,nikela,bydra,na le seabe,ngegalelo,batsira,batsira
dikanyina,menace,-5.0,Negative,Mot,threat,ukusongela,bedreiging,matšhošetši,isoyikiso,kutyisidzira,kutyisidzira
dijimina,disparaitre,-6.0,Negative,Mot,disappear,nyamalala,verdwyn,nyamelela,nyamalala,nyangarika,disappear
difuilalusa,pardon,1.0,Positive,Mot,pardon,xolela,verskoning,tshwarelo,uxolelo,kuregerera,ruregerero
dibela,discipline,1.0,Positive,Mot,discipline,imfundiso yokulalela,dissipline,kgalema,uqeqesho,kurangwa,chirango
dibingishibua,justification,1.0,Positive,Mot,justification,ukuthethelela isizathu esizwakalayo,regverdiging,Go lokafatšwa .,ukuzithethelela,kururamisa,kururamisa
kutangila,surveillance,1.0,Positive,Mot,monitoring,ukuqapha,monitering,Go bea leihlo .,ukubeka iliso,Kuongorora,monitoring
mukawu,jalousie,-8.0,Negative,Mot,jealousy,umona,jaloesie,Lehufa .,umona,godo,godo
kuanyishibua,satisfaction,4.0,Positive,Mot,satisfaction,ukugculiseka,tevredenheid,kgotsofalo,ulwaneliseko,Kugutsikana,kugutsikana
dinyingalala,regret,-8.0,Negative,Mot,regret,zisola,spyt,maswabi,ukuzisola,kuzvidemba,kuzvidemba
disanka,enthousiasme,4.0,Positive,Mot,enthusiasm,ugqozi,entoesiasme,mafolofolo,inzondelelo,kushingairira,shungu
kushikija,determination,4.0,Positive,Mot,determination,ukunquma,vasberadenheid,phegelelo,ukuzimisela,kutsunga,kutsunga
kukina,hair,-5.0,Negative,Mot,hate,ukuzonda,haat,hloya,intiyo,kuvenga,hate
dielekana,inquietude,-4.0,Negative,Mot,worry,khathazeka,bekommer,tshwenyega,Ixhala,kunetseka,kunetseka
dilenga,bonne,3.0,Positive,Mot,Good,Kuhle ngokuncomekayo,Goed,Gabotse,Kulungile,Kugona,Kugona
dituku,journée,3.0,Positive,Mot,daytime,isikhathi sasemini,dagtyd,Motšehare .,ixesha lexesha,masikati,masikati
muedi,barbe,3.0,Positive,Mot,beard,intshebe,baard,ditedu,iindevu,Ndebvu,ndebvu
mukana,bouche,3.0,Positive,Mot,mouth,umlomo,mond,molomo,umlomo,muromo,muromo
diboko,bras,3.0,Positive,Mot,arm,hlomisa,arm,letsogo,ingalo,ruoko,ruoko
bongo,cerveau,3.0,Positive,Mot,brain,ingqondo,brein,bjoko,Ingqondo,uropi,brain
kasuki,cheveu,3.0,Positive,Mot,hair,uboya,hare,moriri,iinwele,bvudzi,bvudzi
kampombe,cheville,3.0,Positive,Mot,ankle,isinqe,enkel,kokoilane,i-ankle,Ankle,ankle
lukofi,cil,3.0,Positive,Mot,eyelash,ukhophe,wimpers,Eyelash .,iliso,eyelash,eyelash
muoyo,cœur,3.0,Positive,Mot,heart,inhliziyo,hart,pelo,Intliziyo,moyo,mwoyo
nuongo,colonnevertébrale,3.0,Positive,Mot,vertebral column,Ikholomu yeVertebral,werwelkolom,Kholomo ya mokokotlo .,Ikholamu ye-vertebral,vertebral column,vertebral column
mubidi,corps,3.0,Positive,Mot,body,umzimba,liggaam,mmele,umzimba,muviri,muviri
libadi,cote,3.0,Positive,Mot,side,usebe,kant,lehlakore,icala,padivi,side
nshingu,cou,3.0,Positive,Mot,neck,intamo,nek,molala,intamo,mutsipa,mutsipa
lukenyibu,coude,3.0,Positive,Mot,elbow,indololwane,elmboog,setšu,lbow,Elbow,gokora
tshibalubalu,crane,3.0,Positive,Mot,skull,ithambo lekhanda,skedel,Lehata .,skill,dehenya,dehenya
tshibelo,cuisse,3.0,Positive,Mot,thigh,ithanga,bobeen,serope,ithanga,chidya,chidya
dinu,dent,3.0,Positive,Mot,tooth,izinyo,tand,leino,izinyo,zino,zino
munu,doigt,3.0,Positive,Mot,finger,umunwe,vinger,monwana,umnwe,chigunwe,munwe
nyima,dos,3.0,Positive,Mot,back,-dlulile,terug,morago,umva,kumashure,shure
dikaya,épaule,3.0,Positive,Mot,shoulder,igxalaba,skouer,legetla,igxalaba,pfudzi,bendekete
tshifu,estomac,3.0,Positive,Mot,stomach,isisu,maag,dimpa,isisu,dumbu,dumbu
ditaku,fesse,3.0,Positive,Mot,buttock,isinqe,boud,Marago .,i-buttock,Buttock,buttock
mutshima,foie,3.0,Positive,Mot,liver,isibindi,lewer,sebete,isibindi,chiropa,chiropa
mpala,front,3.0,Positive,Mot,forehead,imvelelo,voorkop,phatla,ibunzi,pahuma,huma
tsinu,genou,3.0,Positive,Mot,knee,idolo,knie,khuru,idolo,ibvi,ibvi
diminu,gorge,3.0,Positive,Mot,throat,umphimbo,keel,mogolo,umqala,pahuro,huro
kunyema,courrir,3.0,Positive,Verbe,run,gijima,hardloop,kitima,baleka,kumhanya,run
kudila,pleurer,-7.0,Negative,Verbe,cry,memeza,huil,lla,khala,kuchema,kuchema
kusambila,prier,5.0,Positive,Verbe,pray,cela,bid,rapela,thandaza,Namata,nyengeterai
kudima,cultiver,5.0,Positive,Verbe,cultivate,zijwayeza,kweek,Hlagolela .,hlakulela,Vavarira,rima
kusalula,labourer,5.0,Positive,Verbe,plow,hlakula,ploeg,Mogoma .,ukulima,kurima,gejo
luteta,graine,5.0,Positive,Mot,seed,inhlwanyelo,saad,peu,imbewu,Mbeu,mbeu
munya,soleil,5.0,Positive,Mot,sun,ilanga,son,letšatši,ilanga,zuva,zuva
budimi,champ,5.0,Positive,Mot,field,idlelo,veld,tšhemo,intsimi,munda,munda
bowa,champignon,5.0,Positive,Mot,mushroom,ikhowe,sampioen,tlokwane,imashurumi,mushwa,howa
buanga,fêtiche,-1.0,Negative,Mot,fetish,fetish,fetisj,Fetish .,thambisa,Fetish,fetish
manga,medicaments,2.0,Positive,Mot,drugs,Izidakamizwa,dwelms,Dihlare-tagi .,iziyobisi,zvinodhaka,zvinodhaka
kudia,manger,2.0,Positive,Verbe,eat,-dla,eet,ja,yitya,idya,kudya
tshisanji,radio,2.0,Positive,Mot,radio,iwayilense,radio,Seyalemoya .,irediyo,radio,redhiyo
tshisangilu,ristourne,2.0,Positive,Mot,rebate,ukubuyiselwa emuva,korting,Pušetšo .,isaphulelo,Rebate,rebate
kasengulu,tamis,2.0,Positive,Mot,sieve,luswano,sif,Sefe ya go se be le mohola .,sieve,sieve,sieve
njiwu,danger,-6.0,Negative,Verbe,hazard,inkatho,gevaar,kotsi,ingozi,njodzi,njodzi
kulongolola,arranger,3.0,Positive,Verbe,arrange,lungisa,reël,beakanya,cwangcisa,ronga,kuronga
bunyi,Motbre,3.0,Positive,Mot,Motbre,IMotbre,Motbre,MOTBRE .,Isiqu,Motbre,Motbre
kukezula,purifier,3.0,Positive,Verbe,purify,hlanza,suiwer,Hlwekiša .,hlamba,chinatsa,purify
kubikakulufu,ressuciter,1.0,Positive,Verbe,resurrect,vusa,opstaan,Tsoša .,vusa,kumera,kumutsa
bangilu,debut,1.0,Positive,Mot,beginning,ukuqala,begin,mathomong,ukuqala,kutanga,kutanga
kubika,sereveiller,1.0,Positive,Verbe,wake up,Vuka,wakker word,tsoga,Vuka,muka,muka
kulala,dormir,1.0,Positive,Verbe,sleep,ukulala,slaap,robala,ukulala,Kurara,hope
nshinga,fil,1.0,Positive,Mot,thread,intanjana,draad,garane,intambo,Thread,thread
bubi,mal,-1.0,Negative,Mot,wrong,-ngalungile,verkeerd,phošo,ayilunganga,zvakaipa,zvakaipa
disanka,joie,4.0,Positive,Mot,joy,injabulo,vreugde,boipshino,uvuyo,Mufaro,mufaro
buta,sandre,3.0,Positive,Mot,zander,wander,snoekbaars,Zander .,iZander,zander,zander
tshingoma,arme,-4.0,Negative,Mot,armed,-hlomile,gewapen,O hlometše ka dibetša .,ixhobile,zvombo,nezvombo
nkuasa,chaise,2.0,Positive,Mot,chair,isihlalo,stoel,setulo,isitulo,chigaro,chair
diba,montre,2.0,Positive,Mot,watch,qapha,kyk,bogela,jonga,tarisa,watch
ngondo,lune,2.0,Positive,Mot,moon,inyanga,maan,ngwedi,inyanga,mwedzi,mwedzi
ditu,journer,2.0,Positive,Mot,day,usuku,dag,letšatši,usuku,zuva,zuva
nyama,animal,2.0,Positive,Mot,animal,isilwane,dier,phoofolo,isilwanyana,mhuka,mhuka
lumingu,semaine,2.0,Positive,Mot,week,isonto,week,beke,iveki,vhiki,vhiki
nsangilu,assemblée,2.0,Positive,Mot,assembly,umbuthano,samestelling,kopano,indibano,gungano,ungano
biheta,résulat,2.0,Positive,Mot,result,umphumela,resultaat,poelo,isiphumo,mhedzisiro,mhedzisiro
mateta,examen,2.0,Positive,Mot,exam,ukuhlola,eksamen,tlhahlobo,iimviwo,bvunzo,bvunzo
kunyema,fuir,2.0,Positive,Verbe,flee,baleka,vlug,ngwega,saleke,Tiza,tiza
kusama,maladie,-2.0,Negative,Mot,disease,isifo,siekte,bolwetši,isifo,chirwere,chirwere
ludimi,langue,4.0,Positive,Mot,language,ulimi,taal,polelo,ulwimi,Mutauro,mutauro
matshi,oreille,4.0,Positive,Mot,ear,indlebe,oor,tsebe,indlebe,nzeve,nzeve
nshingu,cou,4.0,Positive,Mot,neck,intamo,nek,molala,intamo,mutsipa,mutsipa
muaku,Mot,4.0,Positive,Mot,Word,Uhlamvu lwegama,Woord,Lentšu,Igama,Izwi,Shoko
kusomba,s'asseoire,4.0,Positive,Verbe,sit down,Hlala phansi,gaan sit,Dula fase .,Hlala phantsi,gara pasi,gara pasi
ngondo,mois,4.0,Positive,Mot,month,inyanga,maand,kgwedi,inyanga,mwedzi,mwedzi
kulua,venir,4.0,Positive,Verbe,come,woza,kom,tla,yiza,huya,uya
kuya,partir,4.0,Positive,Verbe,leave,shiya,verlaat,tloga,shiya,zivisa,siya
tshibasa,banc,4.0,Positive,Mot,bench,isihlalo eside,bank,panka,ibhentshi,bhenji,bhenji
dibeji,papier,4.0,Positive,Mot,paper,iphepha,papier,pampiri,iphepha,Pepa,bepa
kabudimbua,sachet,4.0,Positive,Mot,bag,isikhwama,sak,mokotla,ibhegi,bhegi,bag
kabudimbua,macadame,4.0,Positive,Mot,macadame,I-MacaDame,makadam,Macadame .,macadame,Macadame,macadame
njila,route,4.0,Positive,Mot,road,umgwaqo,pad,tsela,indlela,mugwagwa,road
benketshi,sceau,4.0,Positive,Mot,seal,ukubeka uphawu,seël,tswalela,itywina,chisimbiso,chisimbiso
kusamuna,louer,4.0,Positive,Verbe,to rent out,ukuqasha,te verhuur,Go hira .,ukuqesha ngaphandle,kubvarura,kuroja
kosha,brûler,4.0,Positive,Verbe,burn,shisa,brand,fiša,tshisa,kupisa,kupisa
luwongu,ravin,4.0,Positive,Mot,ravine,udonga,kloof,Moedi wa Moroko .,ravine,ravine,ravine
bulalu,lit,4.0,Positive,Mot,bed,umbhede,bed,mpete,ibhedi,mubhedha,bed
mitshi,arbre,4.0,Positive,Mot,TREE,Isihlahla,BOOM,MOHLARE,Umthi,Muti,MUTI
kushiya,laisser,4.0,Positive,Verbe,to leave,ukuhamba,om te vertrek,go tloga .,ukuhamba,kusiya,kuenda
dingeya,mangue,4.0,Positive,Mot,mango,i-Mango,mango,Mango .,imango,mango,mango
tshimuma,fruit,4.0,Positive,Mot,fruit,isithelo,vrugte,seenywa,iziqhamo,michero,muchero
kabuta,malette,4.0,Positive,Mot,briefcase,isudikesi lezincwadi,aktetas,Mokotla wa dipuku .,ibrinter,chikwama,briefcase
bukula,farine,4.0,Positive,Mot,flour,incushuncushu,meel,folouru,umgubo,hupfu,upfu
kutokesha,blanchir,1.0,Positive,Verbe,whiten,mhlophe,bleek,Se se šweu .,whiten,Whiten,whiten
butoka,blancheur,1.0,Positive,Mot,whiteness,ubumsulwa,witheid,Bosweu .,imhlophe,White,kuchena
kufunda,ecrire,1.0,Positive,Verbe,to write,ukubhala,te skryf,Go ngwala .,ukubhala,kunyora,kunyora
kunvua,entendre,1.0,Positive,Verbe,hear,zwa,hoor,kwa,yiva,Inzwa,inzwa
kuteleja,ecouter,1.0,Positive,Verbe,listen,beka indlebe,luister,theeletša,mamela,Teerera,teerera
kusengelela,supplier,1.0,Positive,Verbe,beg,cela,smeek,Beg .,cela,kukumbira,kumbira
bitotshi,boue,1.0,Positive,Mot,mud,ibishi,modder,leraga,udaka,matope,madhaka
kulongesha,enseigner,1.0,Positive,Verbe,teach,fundisa,leer,ruta,fundisa,Dzidzisa,dzidzisa
kuvuala,porter,1.0,Positive,Verbe,to carry,ukuthwala,te dra,go rwala .,ukubamba,kutakura,kutakura
ndenji,bebiteur,1.0,Positive,Mot,bebiteur,ibheyili,bebiteur,Bebeber .,bebiteur,Bebiteur,bebiteur
kunaya,jouer,1.0,Positive,Verbe,play,dlala,speel,raloka,dlala,Tamba,play
mubangila,fiancer,1.0,Positive,Mot,get engaged,ubandakanyeka,verloof raak,Get e beeleditšwe .,thenjiswe umtshato,gamuchira,kuroorana
muanzankongolu,arcenciel,1.0,Positive,Mot,rainbow,uthingo lwenkosazana,reënboog,Molalatladi .,umnyama,Rainbow,murarabungu
nvula,pluie,1.0,Positive,Mot,rain,imvula,reën,pula,imvula,Kunaya,mvura
tumbela,arachide,1.0,Positive,Mot,peanut,intongomane,grondboontjiebotter,Peanut .,peanut,peanut,nzungu
kubola,pourrir,-2.0,Negative,Mot,rot,bola,vrot,Bola .,ukubola,kuora,kuora
moyi,salutation,3.0,Positive,Mot,greeting,izwi lokubingelela,groete,madume,imibuliso,kukwazisa,kwaziso
luzadi,ongle,3.0,Positive,Mot,nail,isipikili,spyker,lenala,isipikili,mbambo,chipikiri
mushiku,lèvre,3.0,Positive,Mot,lip,udebe,lip,Molomo .,imilebe,muromo,lip
tshina,troue,3.0,Positive,Mot,hole,umgodi,gat,lešoba,umngxunya,gomba,gomba
lukita,tombeau,3.0,Positive,Mot,tomb,ithuna,graf,Lebitla .,ingcwaba,tomb,guva
musheta,cercueil,3.0,Positive,Mot,coffin,ibhokisi lokungcwaba,kis,Lekese .,ibhokisi,bhokisi,bhokisi
kutanda,gronder,3.0,Positive,Verbe,scold,bhokela,skel,omanya,phawula,tuka,tsiura
mukela,sel,3.0,Positive,Mot,salt,usawoti,sout,letswai,ityiwa,munyu,munyu
lukombu,baler,3.0,Positive,Mot,baler,uvusana,baler,Baler .,i-baler,Bailer,baler
kuasa,brancher,3.0,Positive,Verbe,connect,hlangana,verbind,kopanya,qhagamshela,Batanidza,connect
kulela,accoucher,3.0,Positive,Verbe,give birth,zala,geboorte gee,go belega .,zala,zvara,zvara
kulonga,etudier,3.0,Positive,Verbe,to study,ozokufunda,om te studeer,go ithuta .,ukufunda,kudzidza,kudzidza
kuvuala,s'abiller,3.0,Positive,Verbe,to dress,ukugqoka,aan te trek,Go apara .,ukunxiba,kupfeka,kupfeka
kuenda,marcher,3.0,Positive,Verbe,to walk,ukuhamba,te loop,Go sepela .,ukuhamba,kufamba,kufamba
kuamba,dire,3.0,Positive,Verbe,say,khuluma,sê,bolela,yithi,taura,iti
kuakula,parler,3.0,Positive,Verbe,talk,shumayela,praat,bolela,thetha,taura,talk
kudia,manger,3.0,Positive,Verbe,eat,-dla,eet,ja,yitya,idya,kudya
kusumba,acheter,3.0,Positive,Verbe,buy,thenga,koop,reka,Thenga,tenga,buy
kubanda,monter,3.0,Positive,Verbe,to go up,ukukhuphuka,om op te gaan,go ya godimo .,ukuya phezulu,kukwira,kukwira
kubenga,refuser,3.0,Positive,Verbe,refuse,ala,weier,gana,inyikima,ramba,kuramba
kupatuka,sortir,3.0,Positive,Verbe,to go out,ukuphuma,om uit te gaan,Go tšwa .,ukuphuma,kubuda,kubuda
kusomba,s'assoir,3.0,Positive,Verbe,sit down,Hlala phansi,gaan sit,Dula fase .,Hlala phantsi,gara pasi,gara pasi
kulenga,toucher,3.0,Positive,Verbe,to touch,Ukuthinta,aan te raak,Go kgoma .,ukuchukumisa,kubata,kubata
kutuala,emener,3.0,Positive,Verbe,take away,ukudla okudlela endlini,wegneem,dijo tša tseleng,Yise kude,tora woenda nazvo,tora woenda nazvo
kuimansha,jetter,3.0,Positive,Verbe,throw away,Kulahle,weggooi,Lahlela .,Lahla ngaphandle,rasa,rasa
kubugna,plier,3.0,Positive,Verbe,bend,gobisa,buig,koba,gobe,Bend,bend
kuenza,fair,3.0,Positive,Verbe,fair,-hle,regverdig,lokilego,ubulungisa,zvakanaka,fair
kulekala,laisser,3.0,Positive,Verbe,to leave,ukuhamba,om te vertrek,go tloga .,ukuhamba,kusiya,kuenda
kumvua,ecouter,3.0,Positive,Verbe,listen,beka indlebe,luister,theeletša,mamela,Teerera,teerera
kukuluka,tomber,-1.0,Negative,Verbe,to fall,ukuwa,om te val,Go wa .,ukuwa,kudonha,kudonha
kunanga,aimer,2.0,Positive,Verbe,to like,uzothanda,te hou,go rata .,ukuthanda,kuda,kuda
kulala,dormir,2.0,Positive,Verbe,sleep,ukulala,slaap,robala,ukulala,Kurara,hope
bulalu,lit,2.0,Positive,Verbe,bed,umbhede,bed,mpete,ibhedi,mubhedha,bed
mupana,pantallon,2.0,Positive,Mot,pants,amabhulukwana,broek,marokgwana,ibhulukhwe,madhiri,bhurukwa
nkanzu,robe,2.0,Positive,Mot,dress,gqoka,rok,seaparo,nxiba,chipfeko,dress
kulomba,demander,2.0,Positive,Verbe,ask,buza,vra,kgopela,buza,bvunza,bvunza
kuibila,frauder,3.0,Positive,Verbe,defraud,khwabanisa,bedrieg,Go fora ka go fora .,qhawula,defraud,kubiridzira
kututa,tapper,6.0,Positive,Verbe,tap,umpompi,tik,thepe,Thepha,Tinya,tap
mesa,table,5.0,Positive,Mot,table,itafula,tafel,tafola,itafile,Tafura,table
kupingana,rentrer,3.0,Positive,Verbe,to return,ukubuya,om terug te keer,go boela morago .,ukubuya,kudzoka,kudzoka
kusomba,s'assoire,3.0,Positive,Verbe,sits down,uhlala phansi,gaan sit,O dula fase .,ihlala phantsi,anogara pasi,anogara pasi
kupeta,trouver,5.0,Positive,Verbe,find,fumana,vind,hwetša,fumana,tsvaga,find
tatu,père,3.0,Positive,Mot,father,uyihlo,vader,papa,utata,baba,baba
mamu,mère,3.0,Positive,Mot,mother,umame,ma,mma,umama,amai,amai
mwana,enfant,3.0,Positive,Mot,child,ingane,kind,ngwana,umntwana,mwana,mwana
mukaji,femme,3.0,Positive,Mot,women,abantu,vroue,basadi,abafazi,Vakadzi,vakadzi
mutelu,chemise,3.0,Positive,Mot,shirt,ihembe,hemp,gempe,ihempe,Shirt,hembe
lupangu,parcelle,3.0,Positive,Mot,plot,isakhiwo sendaba,plot,maanomabe,iyelenqe,zano,plot
tshibuta,malette,3.0,Positive,Mot,briefcase,isudikesi lezincwadi,aktetas,Mokotla wa dipuku .,ibrinter,chikwama,briefcase
bilatu,chaussure,3.0,Positive,Mot,shoe,isihlangu,skoen,Seeta .,isihlangu,shangu,shoe
moyo,cœur,3.0,Positive,Mot,heart,inhliziyo,hart,pelo,Intliziyo,moyo,mwoyo
machi,sang,3.0,Positive,Mot,blood,igazi,bloed,madi,igazi,Ropa,ropa
mukolu,jambe,3.0,Positive,Mot,leg,umlenze,been,leoto,umlenze,gumbo,gumbo
disu,oeuil,3.0,Positive,Mot,eye,ihlo,oog,leihlo,iliso,ziso,ziso
maboko,bras,3.0,Positive,Mot,arm,hlomisa,arm,letsogo,ingalo,ruoko,ruoko
makasa,pierds,3.0,Positive,Mot,stones,amabona,klippe,Maswika .,amatye,matombo,matombo
minu,doigts,3.0,Positive,Mot,fingers,iminwe,vingers,Menwana .,iminwe,zvigunwe,zvigunwe
mayi,œufs,3.0,Positive,Mot,eggs,Amaqanda,eiers,Mae a .,amaqanda,mazai,mazai
tshiadi,poitrine,3.0,Positive,Mot,chest,ibhokisi,bors,kgara,isifuba,chipfuva,chest
mongu,dot,3.0,Positive,Mot,dowry,isipho semali,bruidskat,Magadi .,i-dowry,dowry,roora
kaombu,talont,3.0,Positive,Mot,heel,isithende,hak,Serethe .,isithende,chitsitsinho,chitsitsinho
mulume,mari,3.0,Positive,Mot,husband,umyeni,man,molekane wa monna,umyeni,murume,murume
mbuji,chèvre,3.0,Positive,Mot,goat,imbuzi,bok,pudi,ibhokhwe,mbudzi,mbudzi
ngomba,vache,3.0,Positive,Mot,cow,imanzi,koei,kgomo,inkomo,mombe,mhou
nyunyi,oiseaux,3.0,Positive,Mot,birds,Izinyoni,voëls,Dinonyana .,Iintaka,shiri,shiri
nyoka,serpent,3.0,Positive,Mot,snake,inyoka,slang,noga,inyoka,Nyoka,nyoka
nguluba,porc,3.0,Positive,Mot,pork,inyama yengulube,varkvleis,nama ya kolobe,inyama yehagu,nyama yenguruve,nyama yenguruve
dibata,canard,3.0,Positive,Mot,duck,idada,eend,lepelepele,idada,dhadha,dhadha
mbotsha,kobail,3.0,Positive,Mot,kobail,imbonayili,kobail,Kobail .,I-Kobil,Kobail,kobail
nzevu,elephant,3.0,Positive,Mot,elephant,indlovu,olifant,tlou,elephants,nzou,nzou
lomba,salamandre,3.0,Positive,Mot,salamander,ISalamander,salamander,Salamander .,I-salamander,Salamander,salamander
ntambua,lion,3.0,Positive,Mot,lion,ingonyama,leeu,tau,ingonyama,shumba,shumba
kangenena,insecte,3.0,Positive,Mot,insect,isilokazane,insek,khunkhwane,izinambuzane,chipembenene,chipembenene
tshitala,coque,3.0,Positive,Mot,hull,indikimba yomkhumbi,romp,Hull .,hull,Hull,hull
tshikuka,poule,3.0,Positive,Mot,chicken,inyama yenkukhu,hoender,nama ya kgogo,inkukhu,huku,huku
mayi,eau,3.0,Positive,Mot,water,nisela,water,meetse,amanzi,mvura,mvura
lupuichi,poussière,3.0,Positive,Mot,dust,uthuli,stof,lerole,uthuli,guruva,huruva
mudilu,feu,3.0,Positive,Mot,fire,shisa,vuur,mollo,umlilo,moto,moto
mvula,pluie,3.0,Positive,Mot,rain,imvula,reën,pula,imvula,Kunaya,mvura
mukidi,ravin,3.0,Positive,Mot,ravine,udonga,kloof,Moedi wa Moroko .,ravine,ravine,ravine
tshiomba,manioc,3.0,Positive,Mot,cassava,ummeli,maniok,Cassava .,cassava,cassava,mufarinya
mafuta,ouil,3.0,Positive,Mot,yes,yebo,ja,Ee,Ewe,Ehe,Ehe
makala,braise,3.0,Positive,Mot,braised,-bonakala,gesmoor,E betlilwe ka braised .,qhalazwe,braising,braised
mutshi,arbre,3.0,Positive,Mot,TREE,Isihlahla,BOOM,MOHLARE,Umthi,Muti,MUTI
dibwa,pierre,3.0,Positive,Mot,rock,itshe elikhulu,rots,letlapa,iliwa,Dombo,rock
mashinda,hèrbe,3.0,Positive,Mot,grass,isikhotha,gras,bjang,ingca,huswa,uswa
nsoka,cailloux,3.0,Positive,Mot,pebbles,amatshe amadevu,klippies,Pebbles .,iipebhu,mabwe,hurungudo
binu,jenoux,3.0,Positive,Mot,jenoux,UJenoux,jenoux,Jenoux .,jenoux,Jeneux,jenoux
nzubu,maison,3.0,Positive,Mot,House,Indlu,Huis,Ntlo,Indlu,Imba,House
lumuenu,vittre,3.0,Positive,Mot,window,iwindi,venster,lefasetere,iwindow,hwindo,hwindo
tshiamua,piesse,3.0,Positive,Mot,pieness,iqhwa,vroomheid,Pieness .,nguwe,pieness,pieness
mpala,frond,3.0,Positive,Mot,frond,amaqhwa,blaarblad,Frond .,i-frond,frond,frond
makuta,argent,3.0,Positive,Mot,money,imali,geld,tšhelete,imali,mari,mari
losa,riz,3.0,Positive,Mot,rice,ilayisi eliluhlaza elingaphekiwe,rys,raese,irayisi,mupunga,mupunga
binsonji,larme,3.0,Positive,Mot,tear,ukudabula,skeur,gagola,iinyembezi,misodzi,misodzi
maleta,lettre,3.0,Positive,Mot,letter,uhlamvu lokulandelana kwamagama,brief,lengwalo,ileta,Tsamba,tsamba
nsuki,cheveux,3.0,Positive,Mot,hair,uboya,hare,moriri,iinwele,bvudzi,bvudzi
bualu,problème,3.0,Positive,Mot,issue,izindaba okuphikiswana ngazo,kwessie,tlhagišo,khupha,nyaya,nyaya
kuimba,chanter,3.0,Positive,Verbe,sing,cula,sing,opela,cula,imba,sing
musambu,chanson,3.0,Positive,Mot,song,iculo,liedjie,koša,ingoma,Rwiyo,rwiyo
diulu,ciel,3.0,Positive,Mot,sky,isibhakabhaka,lug,lefaufau,isibhakabhaka,Denga,denga
muyiki,causerie,3.0,Positive,Mot,chat,ukuxoxa,gesels,boledišana,incoko,chat,chat
kupueka,descendre,3.0,Positive,Verbe,to come down,ukwehla,om af te kom,go tla fase .,ukuza phantsi,Kuti uburuke,kuburuka
nzebwa,courant,3.0,Positive,Mot,fluent,qephuza,vlot,boreledi,inyani,fluent,fluent
lulengu,paresse,3.0,Positive,Mot,laziness,ubuvila,luiheid,Botswa .,ubuvila,usimbe,nungo
mabela,lait,3.0,Positive,Mot,milk,ubisi,melk,maswi,ubisi,mukaka,mukaka
bulenga,bonté,3.0,Positive,Mot,goodness,ukulunga,goedheid,Botho .,ukulunga,Kunaka,kunaka
bulunda,amitié,3.0,Positive,Mot,friendship,ubudlelwane,vriendskap,segwera,ubuhlobo,Hushamwari,ushamwari
mulunda,ami,3.0,Positive,Mot,friend,umngane,vriend,Mogwera .,umhlobo,shamwari,shamwari
muimvi,voleur,3.0,Positive,Mot,thief,isela,dief,lehodu,isela,mbavha,mbavha
Anyïma,Ame,3.0,Positive,Mot,Soul,Umuphefumulo,Siel,Moya,Umphefumlo,Mweya,Soul
Bipeta,Résultats,3.0,Positive,Mot,Results,Umphumela,Resultate,Dipoelo,Iziphumo,Mhedzisiro,Results
Bowa,Peur,1.0,Negative,Mot,Fear,Ukwesaba,Vrees,Tšhoga,Uloyiko,Kutya,Kutya
Buakana,Bonté,3.0,Positive,Mot,Goodness,Ukulunga,Goedheid,Botho .,Ukulunga,Kunaka,Runako
Bubi,Péché,1.0,Negative,Mot,Fishing,Ukufakaza,Visvang,Go rea dihlapi .,Ukuloba,Kubata hove,Kubata hove
Budikadidi,Liberté,3.0,Positive,Mot,Freedom,Inkululeko,Vryheid,Tokologo,Inkululeko,Rusununguko,Rusununguko
Buenzeji,Impact,1.0,Negative,Mot,Impact,Umphumela,Impak,Kamego,Ifuthe,Kukanganisa,Impact
Bukenka,Lumière,3.0,Positive,Mot,Light,-Mhlophe,Lig,Seetša,Ukukhanya,Chiedza,Chiedza
Bukokeshi,Pouvoir,3.0,Positive,Mot,Power,Ubuqhwaga,Krag,Maatla,Amandla,Simba,Simba
Bukola,Force,3.0,Positive,Mot,Strength,Izithukuthuku,Sterkte,Maatla,Amandla,Simba,Simba
Bulanda,Pauvreté,1.0,Negative,Mot,Poverty,Ukuntula,Armoede,Bodiidi,Intlupheko,Urombo,Urombo
Bulelela,Vérité,3.0,Positive,Mot,Truth,Iqiniso,Waarheid,Bonnete,Inyani,Chokwadi,Chokwadi
Bundu,Honte,2.0,Negative,Mot,Shame,Amahloni,Skande,Mahlabišadihlong,Ihlazo,Nyadzi,Shame
Butshimunyi,Victoire,3.0,Positive,Mot,Victory,Ukwahlula,Oorwinning,Phenyo .,Uloyiso,Kukunda,Kukunda
Butumbi,Gloire,3.0,Positive,Mot,Glory,Ubukhosi,Glorie,Kgalalelo .,Uzuko,Kubwinya,Kubwinya
Diakabi,Malheur,-5.0,Negative,Mot,Misfortune,-Nenhliziyo,Ongeluk,Madimabe .,Intlekele,Zvakashata,Nhamo
Diambuluisha,Aide,4.0,Positive,Mot,Help,Usizo,Help,Thušo,Nceda,Rubatsiro,Help
Dibanditshibua,Elévation,4.0,Positive,Mot,Elevation,Ukuphakamisa,Hoogte,Bophagamo .,Ukuphakama,Kukwirira,Elevation
Dibenesha,Bénédiction,4.0,Positive,Mot,Blessing,Isibusiso,Seën,Tšhegofatšo .,Intsikelelo,Chikomborero,Ropafadzo
Dibungama,Tristesse,-6.0,Negative,Mot,Sadness,Ukudabuka,Hartseer,manyami a go nyama .,Usizi,Kusuwa,Kusuwa
Difesto,Fête,4.0,Positive,Mot,Party,Inhlangano,Partytjie,Mokgatlo,Itheko,Party,Party
Difutu,Salaire,4.0,Positive,Mot,Salary,Umholo,Salaris,Mogolo,Umvuzo,Muhoro,Muhoro
Dijikula,Déclaration,4.0,Positive,Verbe,Statement,Ukulandisa,Verklaring,Setatemente,Ingxelo,Chirevo,Chirevo
Dijinga,Désir,4.0,Positive,Mot,Desire,Fisa,Begeerte,Kganyogo,Umnqweno,Chishuwo,Desire
Dikankamika,Exhortation,4.0,Positive,Mot,Exhortation,Isikhuthazo,Vermaning,Kgothatšo .,Isibongozo,Kurudziro,Kurudziro
Dikima,Audace,4.0,Positive,Mot,Audacity,Okukholweni,Vermetelheid,sebete sa go ba le sebete .,Ukuphazamiseka,Kuoneka,Audacity
Dikokela,Soumission,4.0,Positive,Mot,Submission,Ukuthobela,Voorlegging,Boikokobetšo,Inguquko,Kuzviisa pasi,Submission
Dikumbana,Capacité,4.0,Positive,Mot,Ability,Ikhono,Vermoë,Bokgoni,Ubuchule,Kugona,Kugona
Dilomba,Requête,4.0,Positive,Mot,Request,Nxusa,Versoek,Kgopelo,Isicelo,Chikumbiro,Chikumbiro
Dimanya,Connaissance,4.0,Positive,Mot,Awareness,Ukuzwa,Bewustheid,Temogo,Ukwazisa,Kuziva,Kuziva
Dimanyisha,Annonce,4.0,Positive,Mot,Announcement,Isimemezelo,Aankondiging,Tsebišo,Isibhengezo,Chiziviso,Chiziviso
Dipa,Don,4.0,Positive,Mot,Don,Donne,Don,Don .,Don,Don,Don
Dipangadika,Décision,4.0,Positive,Mot,Decision,Isiphetho,Besluit,Sephetho,Isigqibo,Chisarudzo,Sarudzo
Disama,Maladie,-3.0,Negative,Mot,Disease,Isifo,Siekte,Bolwetši,Isifo,Chirwere,Chirwere
Disuludibua,Délivrance,1.0,Positive,Mot,Deliverance,Ukukhululwa,Bevryding,Tokollo .,Ukuhlangulwa,Kununurwa,Kununurwa
Ditabuja,Foi,1.0,Positive,Mot,Faith,Ukholo,Geloof,Tumelo,Ukholo,Kutenda,Kutenda
Ditawuluka,Séparation,1.0,Positive,Mot,Separation,Ukwahlukaniswa,Skeiding,Karoganyo ya karogano .,Ukwahlula,Kuparadzaniswa,Kuparadzana
Ditekemena,Espérance,1.0,Positive,Mot,Hope,Ithemba,Hoop,Kholofelo,Ithemba,Tariro,Hope
Ditetshibua,Tentation,1.0,Positive,Mot,Temptation,Isilingo,Versoeking,Moleko .,Isilingo,Muyedzo,Muedzo
Dituampanda,Assister,1.0,Positive,Verbe,To assist,Ukusiza,Om te help,go thuša .,Ukunceda,Kubatsira,Kubatsira
Dituamushinga,Considérer,1.0,Positive,Verbe,Consider,Cabanga,Oorweeg,Akanya,Cinga,Funga,Funga
Ditumikila,Obéissance,1.0,Positive,Mot,Obedience,Ukuzwa,Gehoorsaamheid,Go kwa .,Ukuthobela,Kuteerera,Kuteerera
Kabingila,Raison,1.0,Positive,Mot,Reason,Isisusa,Rede,Lebaka,Isizathu,Chikonzero,Chikonzero
Kalasisa,Exercice,1.0,Positive,Mot,Exercise,Vocavoca,Oefen,Itšhidulla,Umthambo,Kurovedza muviri,Exercise
Kalumbila,Objectif,1.0,Positive,Mot,Objective,-Kuphokophelelwe,Doelwit,Nepo,Injongo,Chinangwa,Chinangwa
Kuambulula,Reprendre,1.0,Positive,Verbe,To resume,Ukuqhubeka kabusha,Om te hervat,Go thoma gape .,Ukuphinda uqalise,Kutangazve,Kuenderera mberi
Kudima,Cultiver,1.0,Positive,Verbe,Cultivate,Zijwayeza,Kweek,Hlagolela .,Hlakulela,Vavarira,Dzidzisai
Kudiundisha,Elargir,1.0,Positive,Mot,Expand,Nweba,Brei uit,Katološa,Yandisa,Wedzera,Wedzera
Kueyemena,Confier,1.0,Positive,Verbe,Entrust,Xhumeka,Vertrou,Gafa .,Faka,Kupa,Entrust
Kuibaka,Construire,1.0,Positive,Verbe,Build,Akha,Bou,Aga,Yakha,Kuvaka,Vaka
Kujandula,Découvrir,1.0,Positive,Verbe,Discover,Thola,Ontdek,Utolla,Fumanisa,Tsvaga,Discover
Kujimina,Disparaître,1.0,Positive,Verbe,Disappear,Nyamalala,Verdwyn,Nyamelela,Nyamalala,Nyangarika,Kunyangarika
Kukukuila,Adorer,1.0,Positive,Verbe,Worship,Dumisa,Aanbidding,Tumiša,Unqulo,Kunamata,Kunamata
Kulenga,Toucher,1.0,Positive,Verbe,To touch,Ukuthinta,Om aan te raak,Go kgoma .,Ukuchukumisa,Kubata,Kubata
Kuluka,Vomir,-2.0,Negative,Verbe,To vomit,Ukugabha,Om te braak,Go hlatša .,Ukuhlanza,Kurutsa,Kurutsa
Kumanyinula,Reconnaitre,3.0,Positive,Mot,Recognize,Khumbula,Herken,Lemoga,Qaphela,Ziva,Ziva
Kumva,Comprendre,3.0,Positive,Mot,To understand,Ukuqondisisa,Om te verstaan,go kwešiša .,Ukuqonda,Kunzwisisa,Kunzwisisa
Kunanukila,Persévérance,3.0,Positive,Mot,Perseverance,Ukuphikelela,Volharding,Kgotlelelo,Unyamezelo,Kutsungirira,Kutsungirira
Kunyoka,Punir,3.0,Positive,Verbe,Punish,Hlawulisa,Straf,Go otla .,Ukohlwaya,Kuranga,Ranga
Kunyunguluka,Contourner,3.0,Positive,Verbe,Bypass,Ukudlula ecaleni,Omseil,Bypass .,I-bypass,Bypass,Bypass
Kusamba,Consoler,3.0,Positive,Verbe,Console,Ikhonsoli,Konsole,Console .,Ikhonkco,Console,Console
Kusambila,Prier,3.0,Positive,Verbe,Pray,Cela,Bid,Rapela,Thandaza,Namata,Namata
Kusankishibua,Satisfaire,3.0,Positive,Mot,Satisfy,Gculisa,Bevredig,Kgotsofatša,Yanelisa,Kugutsa,Satisfy
Kusekelela,Célébrer,3.0,Positive,Verbe,Celebrate,Gubha,Vier,Keteka,Bhiyozela,Pemberera,Pemberera
Kusemena,S'approcher,3.0,Positive,Verbe,Approach,Sondela,Benadering,Batamela,Indlela,Nzira,Approach
Kusoka,Invoquer,3.0,Positive,Verbe,Invoke,Cela,Aanroep,Invoke .,Ivode,Invoke,Invoke
Kusumbulula,Racheter,3.0,Positive,Verbe,Redeem,Hlenga,Verlos,Phološa,Intlawulo,Nununura,Dzikinura
Kuteleja,Ecouter,3.0,Positive,Verbe,Listen,Beka indlebe,Luister,Theeletša,Mamela,Teerera,Teerera
Kutonda,Confesser,3.0,Positive,Verbe,Confess,Hlanza,Bely,Ipolela,Vuma,Reurura,Reurura
Kutshina,Craindre,3.0,Positive,Verbe,To fear,Ukwesaba,Om te vrees,Go tshaba .,Ukoyika,Kutya,Kutya
Kutumbisha,Louer,3.0,Positive,Verbe,To rent out,Ukuqasha,Om uit te verhuur,Go hira .,Ukuqesha ngaphandle,Kubvarura,Kuroja
Kuzanjika,Exalter,3.0,Positive,Mot,Exalt,Ungalli,Verhef,Go phagamišwa .,Iphakamile,Kukwidziridza,Exalt
Lujoku,Lenteur,3.0,Positive,Mot,Slowness,Slowniss,Traagheid,Go nanya .,Ukucotha,Slowns,Kunonoka
Lukota,Crise,3.0,Positive,Mot,Crisis,Esibucayi,Krisis,Tlhakatlhakano,Ingxaki,Dambudziko,Dambudziko
Lulamatu,Fidélité,3.0,Positive,Mot,Loyalty,Ukuba neqiniso,Lojaliteit,Botshepegi,Ukuthembeka,Kuvimbika,Kuvimbika
Lungenyi,Sagesse,3.0,Positive,Mot,Wisdom,Ukuhlakanipha,Wysheid,Bohlale,Ubulumko,Uchenjeri,Uchenjeri
Lusa,Compensions,3.0,Positive,Mot,Compensation,Imbuyiselo,Vergoeding,Pušetšo ya .,Imbuyekezo,Muripo,Muripo
Lutambishi,Orgueil,3.0,Positive,Mot,Pride,Ukuziqhenya,Trots,Boitumelo,Ikratshi,Kudada,Kuzvikudza
Lutatu,Peine,-4.0,Negative,Mot,Penalty,Inhlawulo,Straf,Kotlo .,Isohlwayo,Chirango,Chirango
Mafi,Mensonge,-4.0,Negative,Mot,Lie,Ginqika,Lieg,Maaka,Ubuxoki,Kunyepa,Nhema
Menyi,Intelligence,5.0,Positive,Mot,Intelligence,Ubuhlakani,Intelligensie,Bohlodi,Ubukrelekrele,Kungwara,Intelligence
Milayi,Promesses,5.0,Positive,Mot,Promises,Ukuthenjiswa,Beloftes,Ditshepišo .,Izithembiso,Zvipikirwa,Zvipikirwa
Mimuemua,Sourire,5.0,Positive,Verbe,Smile,Ukumamatheka,Glimlag,Myemyela,Uncumo,Kunyemwerera,Smile
Muanu,Conte,5.0,Positive,Mot,Tale,Indaba,Verhaal,Tale .,Tale,Ngano,Tale
Mufanu,Ressemblance,5.0,Positive,Mot,Resemblance,Inswebu,Ooreenkomstigheid,Go swana .,Ukufana,Kufanana,Resemblance
Mutshiawudi,Jalousie,-7.0,Negative,Mot,Jealousy,Umona,Jaloesie,Lehufa .,Umona,Godo,Godo
Mveva,Sentiment,4.0,Positive,Mot,Feeling,Ukuzwakala,Gevoel,Maikutlo,Imvakalelo,Kunzwa,Kunzwa
Ngasa,Grace,4.0,Positive,Mot,Grace,Umusa,Genade,Mohau .,Ubabalo,Nyasha,Nyasha
Njiwu,Danger,4.0,Positive,Verbe,Hazard,Inkatho,Gevaar,Kotsi,Ingozi,Njodzi,Hazard
Nshobu,Défis,4.0,Positive,Mot,Challenges,Izinselele,Uitdagings,Ditlhohlo .,Imiceli mngeni,Zvinonetsa,Matambudziko
Nsungu,EMotion,4.0,Positive,Mot,Emotion,Umumo wenhliziyo,Emosie,Maikutlo .,Imvakalelo,Manzwiro,Emotion
Nyota,Soif,4.0,Positive,Mot,Thirsty,-Omile,Dors,Nyorilwe,Unxaniwe,Nyota,Nyota
Nyuma,esprit,4.0,Positive,Mot,spirit,inhliziyo,gees,moya,umoya,mweya,mweya
Nzala,Famine,-6.0,Negative,Mot,Famine,Indlala,Hongersnood,Tlala,Indlala,Nzara,Nzara
Tshihidi,Dimension,2.0,Positive,Mot,Dimension,Ubukhulu,Dimensie,Tekanyo ya tekanyo .,Ubukhulu,Dimension,Dimension
Tshikadilu,Comportement,2.0,Positive,Mot,Behavior,Ukuziphatha,Gedrag,Maitshwaro,Indlela yokuziphatha,Maitiro,Maitiro
Tshikashi,Acclamation,2.0,Positive,Mot,Acclamation,Ukuminyazela,Akklamasie,Acclamation .,Isiqinisekiso,Kuunganidza,Acclamation
Tshinji,Colère,-1.0,Negative,Mot,Anger,Intukuthelo,Woede,Pefelo,Umsindo,Kutsamwa,Hasha
Tshishima,Miracle,3.0,Positive,Mot,Miracle,Umlingo,Wonderwerk,Mohlolo,Ummangaliso,Chishamiso,Chishamiso
Tshitanaja,Distraction,3.0,Positive,Mot,Distraction,Isiphazamiso,Afleiding,tšhitišo .,Isiphazamiso,Kukanganisa,Kuvhiringidza
Tshiwumbishi,Obstacle,3.0,Positive,Mot,Obstacle,Isiphazamiso,Hindernis,Lepheko,Umqobo,Chipinganidzo,Chipingamupinyi
nkuansa,chaise,3.0,Positive,Mot,chair,isihlalo,stoel,setulo,isitulo,chigaro,chair
mesa,table,3.0,Positive,Mot,table,itafula,tafel,tafola,itafile,Tafura,table
tshinu,mortier,3.0,Positive,Mot,mortar,isigqulo,mortel,Sekontiri .,udaka,dhaka,dhaka
muinshi,pilon,3.0,Positive,Mot,pestle,nguonyana,stamper,Pestle .,i-pestle,pestle,pestle
dilongu,assiette,3.0,Positive,Mot,plate,ipuleti,bord,poleiti,iplate,ndiro,ndiro
kumona,voir,3.0,Positive,Verbe,see,qonda,sien,bona,funda,ona,maona
tshilamba,habit,3.0,Positive,Mot,clothing,okokugqoka,klere,Diaparo .,impahla,zvipfeko,zvipfeko
mashinyi,vehicule,3.0,Positive,Mot,vehicle,into yokuhamba,voertuig,senamelwa,imoto,mota,motokari
kasolonyi,essence,3.0,Positive,Mot,essence,umnyombo,essensie,gabotsebotse,ubunyani,Essence,essence
ndeka,avion,3.0,Positive,Mot,plane,indiza eqinile,vliegtuig,sefofane,inqwelomoya,ndege,ndege
muinvi,voleur,-4.0,Negative,Mot,thief,isela,dief,lehodu,isela,mbavha,mbavha
muloji,sorcier,-7.0,Negative,Mot,sorcerer,umthakela,towenaar,Moloi .,ithambo,muroyi,muroyi
ndumba,prostituer,-3.0,Negative,Mot,prostitute,isifebe,prostituut,Mogweba-ka-mmele .,ihenyukazi,pfambi,pfambi
tshintu,chose,5.0,Positive,Mot,thing,into,ding,selo,into,chinhu,chinhu
dikopu,gobelet,5.0,Positive,Mot,cup,inkomishi,koppie,komiki,ikomityi,mukombe,mukombe
lukutu,ceuilleur,5.0,Positive,Mot,picker,umgoti,plukker,Mokgethi .,ipeyinti,picker,picker
nsuki,cheveux,5.0,Positive,Mot,hair,uboya,hare,moriri,iinwele,bvudzi,bvudzi
matshi,sang,5.0,Positive,Mot,blood,igazi,bloed,madi,igazi,Ropa,ropa
Disu,œil,5.0,Positive,Mot,eye,ihlo,oog,leihlo,iliso,ziso,ziso
menu,dents,5.0,Positive,Mot,teeth,amazinyo,tande,meno,amazinyo,mazino,mazino
ludimi,langue,5.0,Positive,Mot,language,ulimi,taal,polelo,ulwimi,Mutauro,mutauro
mitoto,etoiles,5.0,Positive,Mot,stars,izinkanyezi,sterre,Dinaledi .,iinkwenkwezi,nyeredzi,nyeredzi
ngondu,lune,5.0,Positive,Mot,moon,inyanga,maan,ngwedi,inyanga,mwedzi,mwedzi
diba,soleil,5.0,Positive,Mot,sun,ilanga,son,letšatši,ilanga,zuva,zuva
tshisalu,marcher,5.0,Positive,Verbe,to walk,ukuhamba,te loop,Go sepela .,ukuhamba,kufamba,kufamba
kaleji,feuilledemanioc,5.0,Positive,Mot,cassava leaf,Iqabunga le-Cassava,maniok blaar,Letlakala la cassava .,Igqabi laseCassava,mashizha cagesava,shizha remufarinya
tshilunga,feuilledepatate,5.0,Positive,Mot,potato leaf,Iqabunga lamazambane,aartappel blaar,Letlakala la ditapola .,Igqabi leetapile,mbatatisi shizha,shizha rembatatisi
matala,maïs,5.0,Positive,Mot,but,kepha,maar,eupša,Kodwa,asi,asi
ngaji,noixdepalme,5.0,Positive,Mot,palmnut,ingsundu,palmneut,Palmnut .,I-Palmnut,Palmnut,palmnut
mafuta,huile,5.0,Positive,Mot,oil,amafutha,olie,oli,ioyile,mafuta,mafuta
mayi,eau,5.0,Positive,Mot,water,nisela,water,meetse,amanzi,mvura,mvura
mabela,seins,5.0,Positive,Mot,tits,ama-tits,tiete,Ditete .,tits,tits,matinji
mutu,tête,5.0,Positive,Mot,head,ikhanda,kop,hlogo,intloko,musoro,musoro
mapapa,babouches,5.0,Positive,Mot,slippers,-dlulisayo,pantoffels,Di-Slippers .,amatywina,Slippers,slippers
bisabata,chaussures,5.0,Positive,Mot,shoes,izicathulo,skoene,dieta,izihlangu,shangu,shangu
musoku,village,5.0,Positive,Mot,village,umuzi,dorpie,motse,ilali,musha,musha
tshimenga,ville,5.0,Positive,Mot,city,idolobha,stad,toropokgolo,isixeko,guta,guta
ditunga,pays,5.0,Positive,Mot,country,izwe,land,naga,ilizwe,nyika,nyika
musulu,rivière,5.0,Positive,Mot,river,umfula,rivier,noka,umlambo,rwizi,rwizi
tshikela,poisson,5.0,Positive,Mot,fish,bhibhiya,vis,hlapi,intlanzi,hove,hove
ngomba,vâche,5.0,Positive,Mot,cow,imanzi,koei,kgomo,inkomo,mombe,mhou
kabua,chien,5.0,Positive,Mot,dog,inja,hond,mpša,inja,imbwa,imbwa
kalulu,cobaille,5.0,Positive,Mot,cobaille,cobaille,kobaille,Cobaille .,cobhaille,cobeille,cobaille
mbuji,chevre,5.0,Positive,Mot,goat,imbuzi,bok,pudi,ibhokhwe,mbudzi,mbudzi
mbumba,sceau,5.0,Positive,Mot,seal,ukubeka uphawu,seël,tswalela,itywina,chisimbiso,chisimbiso
mbidika,cruche,5.0,Positive,Mot,jug,ijug,kruik,Jug .,jug,jug,jug
difu,ventre,5.0,Positive,Mot,belly,isisu,maag,mpa,isisu,dumbu,dumbu
mala,instins,5.0,Positive,Mot,instincts,imvelo,instinkte,Ditshekamelo tša tlhago .,Iimvakalelo,mafungiro,mafungiro
moyi,cœur,5.0,Positive,Mot,heart,inhliziyo,hart,pelo,Intliziyo,moyo,mwoyo
tshibi,porte,5.0,Positive,Mot,door,isicabha,deur,monyako .,umnyango,gonhi,gonhi
didishi,fénêtre,5.0,Positive,Mot,window,iwindi,venster,lefasetere,iwindow,hwindo,hwindo
mulonda,tuyau,5.0,Positive,Mot,pipe,ipayipi,pyp,Phala .,umbhobho,pombi,pombi
kuenza,faire,5.0,Positive,Verbe,TO DO,OKUZO KWENZIWA,OM TE DOEN,go dira .,UKWENZA,Kuita,KUITA
kuamba,dire,5.0,Positive,Verbe,say,khuluma,sê,bolela,yithi,taura,iti
nyunyi,oiseau,5.0,Positive,Mot,bird,inyoni,voël,nonyana,intaka,shiri,shiri
tshianda,sorcellerie,5.0,Positive,Mot,witchcraft,ubuthakathi,heksery,Boloi .,ubugqwirha,Uroyi,uroyi
mutelu,chemise,5.0,Positive,Mot,shirt,ihembe,hemp,gempe,ihempe,Shirt,hembe
mupanu,pantalon,5.0,Positive,Mot,pants,amabhulukwana,broek,marokgwana,ibhulukhwe,madhiri,bhurukwa
mukanda,livre,5.0,Positive,Mot,book,ibhuku,boek,puku,incwadi,Bhuku,bhuku
kulonga,etudier,5.0,Positive,Verbe,to study,ozokufunda,om te studeer,go ithuta .,ukufunda,kudzidza,kudzidza
kufunda,ecrire,5.0,Positive,Verbe,to write,ukubhala,te skryf,Go ngwala .,ukubhala,kunyora,kunyora
kuakula,parler,5.0,Positive,Verbe,talk,shumayela,praat,bolela,thetha,taura,talk
bualu,probleme,5.0,Positive,Mot,issue,izindaba okuphikiswana ngazo,kwessie,tlhagišo,khupha,nyaya,nyaya
mulongeshi,enseignant,5.0,Positive,Mot,teacher,uthishela,onderwyser,morutiši,utitshala,Mudzidzisi,mudzidzisi
kalasa,école,5.0,Positive,Mot,school,isikole,skool,sekolo,isikolo,Chikoro,chikoro
luya,chaleur,5.0,Positive,Mot,heat,ukushisa,hitte,phišo,ubushushu,kupisa,kupisa
butuku,lanuit,5.0,Positive,Mot,night,ubusuku,nag,bošego,busuku,husiku,husiku
kamua,téléphone,5.0,Positive,Mot,phone,ifoni,foon,mogala,ifowuni,Runhare,foni
mudilu,feu,5.0,Positive,Mot,fire,shisa,vuur,mollo,umlilo,moto,moto
mudimu,travail,5.0,Positive,Mot,work,umsebenzi,werk,mošomo,sebenza,shanda,shanda
dina,Mot,5.0,Positive,Mot,Word,Uhlamvu lwegama,Woord,Lentšu,Igama,Izwi,Shoko
dibeji,papier,5.0,Positive,Mot,paper,iphepha,papier,pampiri,iphepha,Pepa,bepa
nzadi,orteils,5.0,Positive,Mot,toes,izinzwane,tone,menwana ya maoto,iinzwane,zvigunwe,zvigunwe
minu,doigts,5.0,Positive,Mot,fingers,iminwe,vingers,Menwana .,iminwe,zvigunwe,zvigunwe
kabadi,harmoir,5.0,Positive,Mot,harmoir,I-Harloir,harmoir,Harmoir .,iharmoir,Harmoir,harmoir
kasaka,berceau,5.0,Positive,Mot,cradle,imbeleko,wieg,Cradle .,cradle,cradle,cradle
luesu,casserole,5.0,Positive,Mot,pan,ipani,pan,pane,ipani,pan,pan
nshima,foufou,5.0,Positive,Mot,foufou,i-foufou,foufou,Foufou .,i-foufou,Foufou,foufou
tshidimu,année,5.0,Positive,Mot,year,unyaka,jaar,ngwaga,unyaka,gore,gore
dituku,jour,5.0,Positive,Mot,day,usuku,dag,letšatši,usuku,zuva,zuva
munyinyi,viande,5.0,Positive,Mot,meat,inyama,vleis,nama,inyama,nyama,nyama
njilu,obergine,5.0,Positive,Mot,eggplant,isitshalo seqanda,eiervrug,mohlareselee,isityalo seqanda,eggplant,eggplant
mulembua,combo,5.0,Positive,Mot,combo,isivalo,kombinasie,Combo .,combo,combo,combo
kunda,haricot,5.0,Positive,Mot,bean,ubhontshisi,boontjie,Bean .,imbotyi,bhinzi,bhinzi
tumbela,arachides,5.0,Positive,Mot,peanuts,amantongomane,grondboontjies,Dinawana .,I-peanuts,Peanuts,nzungu
nsoya,soja,5.0,Positive,Mot,soy,isosi,soja,Soya .,isoy,soy,soy
tshiomba,manioc,5.0,Positive,Mot,cassava,ummeli,maniok,Cassava .,cassava,cassava,mufarinya
bulalu,lit,5.0,Positive,Mot,bed,umbhede,bed,mpete,ibhedi,mubhedha,bed
kubala,lire,5.0,Positive,Verbe,read,funda,lees,bala,funda,verenga,verenga
nzubu,maison,5.0,Positive,Mot,House,Indlu,Huis,Ntlo,Indlu,Imba,House
lutanda,veranda,5.0,Positive,Mot,veranda,i-veranda,stoep,Veranda .,veranda,veranda,veranda
nkumba,toilette,5.0,Positive,Mot,toilet,ukuzilungisa,toilet,ntlwana ya boithomelo,indlu yangasese,chimbuzi,chimbuzi
katambua,tabouret,5.0,Positive,Mot,stool,isihlalo esinyoneni,stoelgang,mantle,isitulo,chitsiko,stool
malata,tole,5.0,Positive,Mot,sheet metal,ishidi yensimbi,plaatmetaal,Tšhipi ya letlakala .,I-SHICHE SETY,simbi yesimbi,sheet metal
nyinduwabujitu,marteau,5.0,Positive,Mot,hammer,isicandulo,hamer,Hammer .,isando,nyundo,sando
tshibasa,bancs,5.0,Positive,Mot,benches,amabhentshi,bankies,Dipanka .,Iibhentshi,mabhenji,mabhenji
tshingalu,brouette,5.0,Positive,Mot,wheelbarrow,ibhala,kruiwa,koloyana ya maotwana .,I-Wheelbarrow,wheelbarrow,bhara
tshimanu,murs,5.0,Positive,Mot,walls,izindonga,mure,Maboto a .,iindonga,madziro,masvingo
nkonfua,cille,5.0,Positive,Mot,eyelash,ukhophe,wimpers,Eyelash .,iliso,eyelash,eyelash
kuya,aller,5.0,Positive,Verbe,go,hamba ngemoto,gaan,eya,yiya,enda,enda
kulua,venir,5.0,Positive,Verbe,come,woza,kom,tla,yiza,huya,uya
kunyema,courire,5.0,Positive,Verbe,run,gijima,hardloop,kitima,baleka,kumhanya,run
kukola,grandir,5.0,Positive,Verbe,to grow,Ukukhula,te groei,go gola .,ukukhula,Kukura,Kukura
kunenga,tarder,2.0,Positive,Verbe,delay,libazisa,vertraging,diega,ukulibaziseka,kunonoka,delay
kabadi,armoire,2.0,Positive,Mot,cupboard,ikhabethe,kas,khatepote,ikhabhathi,mukombe,kabati
disanga,joix,2.0,Positive,Mot,joy,injabulo,vreugde,boipshino,uvuyo,Mufaro,mufaro
lumu,honneur,2.0,Positive,Mot,honor,udumo,eer,hlompha,imbeko,kukudzwa,rukudzo
kunyenga,ravir,2.0,Positive,Verbe,delight,thokozela,genot,lethabo,ndiyavuya,kunakidzwa,mufaro
disambila,priere,2.0,Positive,Verbe,prayer,isicelo,gebed,Thapelo .,Umthandazo,Munamato,munyengetero
kubenesha,benir,2.0,Positive,Verbe,bless,busisa,seën,šegofatša,zisikelele,Komborera,ropafadzai
disu,œil,2.0,Positive,Mot,eye,ihlo,oog,leihlo,iliso,ziso,ziso
dinu,dent,2.0,Positive,Mot,tooth,izinyo,tand,leino,izinyo,zino,zino
dishi,oreille,2.0,Positive,Mot,ear,indlebe,oor,tsebe,indlebe,nzeve,nzeve
lusenga,sable,2.0,Positive,Mot,sand,isihlabathi,sand,santa,isanti,jecha,jecha
lulengu,negligence,2.0,Positive,Verbe,neglect,ukunganaki,verwaarlosing,hlokomologa,ukungakhathalelwa,kuregeredza,kuregeredza
kwela,mettre,2.0,Positive,Verbe,put,beka,sit,bea,faka,isa,put
kuteka,placer,2.0,Positive,Verbe,place,beka,plek,lefelo,indawo,nzvimbo,nzvimbo
kutuma,envoyer,2.0,Positive,Verbe,send,thumela,stuur,romela,thumela,Tumira,send
kuendesha,conduire,2.0,Positive,Verbe,to drive,ukushayela,te bestuur,Go otlela .,ukuqhuba,kutyaira,kutyaira
muaba,lieu,2.0,Positive,Mot,place,beka,plek,lefelo,indawo,nzvimbo,nzvimbo
nyoka,serpent,-5.0,Negative,Mot,snake,inyoka,slang,noga,inyoka,Nyoka,nyoka
dikaya,epaule,1.0,Positive,Mot,shoulder,igxalaba,skouer,legetla,igxalaba,pfudzi,bendekete
dikisha,repos,1.0,Positive,Verbe,rest,thulisa,rus,khutša,phumla,zorora,zorora
kuibaka,construire,1.0,Positive,Verbe,build,akha,bou,aga,yakha,kuvaka,kuvaka
mayi,eau,1.0,Positive,Mot,water,nisela,water,meetse,amanzi,mvura,mvura
shingu,cou,1.0,Positive,Mot,neck,intamo,nek,molala,intamo,mutsipa,mutsipa
mukanda,bible,1.0,Positive,Mot,Bible,IBhayibheli,Bybel,Beibele .,Ibhayibhile,Bhaibheri,Bhaibheri
manyi,onction,1.0,Positive,Mot,anointing,ukugcotshwa,salwing,Tlotšo .,Ukuthanjiswa,kuzodza,kuzodzwa
kufunda,ecrire,1.0,Positive,Mot,to write,ukubhala,te skryf,Go ngwala .,ukubhala,kunyora,kunyora
dimanya,connaissance,1.0,Positive,Mot,awareness,ukuzwa,bewustheid,temogo,ukwazisa,kuziva,kuziva
mungenyi,sagesse,1.0,Positive,Mot,wisdom,ubuhlakani,wysheid,bohlale,Ubulumko,Uchenjeri,uchenjeri
menji,intelligence,1.0,Positive,Mot,intelligence,ubuhlakani,intelligensie,bohlodi,ubukrelekrele,kungwara,njere
tshibangishilu,commencement,1.0,Positive,Verbe,beginning,ukuqala,begin,mathomong,ukuqala,kutanga,kutanga
lutulu,patience,1.0,Positive,Mot,patience,ukubekezela,geduld,boiketlo,umonde,kutsungirira,mwoyo murefu
nkurusa,croix,1.0,Positive,Mot,cross,inkathazo,kruis,sefapano,umnqamlezo,Muchinjiko,cross
diampa,pain,1.0,Positive,Mot,bread,isinkwa,brood,borotho,isonka,chingwa,chingwa
mvinyo,vigne,1.0,Positive,Verbe,vine,isithombe esithandelayo,wingerdstok,Morara .,umdiliya,muzambiringa,muzambiringa
bulela,verite,1.0,Positive,Verbe,truth,iqiniso,waarheid,bonnete,inyani,Chokwadi,chokwadi
kuimba,chanter,1.0,Positive,Verbe,sing,cula,sing,opela,cula,imba,sing
bowa,peur,1.0,Positive,Verbe,fear,ukwesaba,vrees,tšhoga,uloyiko,kutya,kutya
kanemu,respect,1.0,Positive,Verbe,respect,hlonipha,respek,hlompha,imbeko,Remekedza,rukudzo
dinanga,amour,1.0,Positive,Mot,love,thanda,liefde,lerato,uthando,rudo,rudo
mudimu,emploi,1.0,Positive,Mot,job,umsebenzi,werk,mošomo,umsebenzi,Jobho,basa
kukuna,planter,1.0,Positive,Verbe,plant,tshala,plant,semela,tyala,chirimwa,chirimwa
muntu,tete,1.0,Positive,Mot,head,ikhanda,kop,hlogo,intloko,musoro,musoro
diboku,bras,1.0,Positive,Mot,arm,hlomisa,arm,letsogo,ingalo,ruoko,ruoko
nzubu,maison,1.0,Positive,Mot,House,Indlu,Huis,Ntlo,Indlu,Imba,House
butaka,sexe,1.0,Positive,Mot,sex,ubulili,seks,Thobalano .,isondo,Bonde,sex
kuenda,marcher,1.0,Positive,Verbe,to walk,ukuhamba,te loop,Go sepela .,ukuhamba,kufamba,kufamba
kuitaba,croire,1.0,Positive,Verbe,believe,kholelwa,glo,dumela,kholwa,tenda,tendai
luteta,graine,1.0,Positive,Mot,seed,inhlwanyelo,saad,peu,imbewu,Mbeu,mbeu
lusenga,sable,1.0,Positive,Mot,sand,isihlabathi,sand,santa,isanti,jecha,jecha
mashi,sang,1.0,Positive,Mot,blood,igazi,bloed,madi,igazi,Ropa,ropa
lukutu,cuilliere,1.0,Positive,Mot,spoon,isipuni,lepel,lelepola,isipuni,chipunu,chipunu
tshiadi,pointrine,1.0,Positive,Mot,pointrine,pointrine,pointrine,Sešupo sa go šupa .,iqhinga,pointrine,pointrine
bijitu,poid,1.0,Positive,Mot,weight,isisindo,gewig,boima,ubunzima,uremu,uremu
dilomba,demande,1.0,Positive,Verbe,request,nxusa,versoek,kgopelo,isicelo,Chikumbiro,chikumbiro
ditekemena,esparance,1.0,Positive,Mot,space,ibanga,spasie,sekgoba,indawo,nzvimbo,nzvimbo
dianyisha,admirer,1.0,Positive,Verbe,admire,thanda,bewonder,kgahlega,vuma,admire,kuyemura
dilolo,soir,1.0,Positive,Mot,evening,kusihlwa,aand,mantšiboa,ngokuhlwa,manheru,manheru
mukuna,montagne,1.0,Positive,Mot,mountain,intaba,berg,thaba,intaba,Gomo,gomo
makuta,argent,1.0,Positive,Mot,money,imali,geld,tšhelete,imali,mari,mari
tshiama,fer,1.0,Positive,Mot,iron,insimbi yoku-ayina,yster,aene,intsimbi,simbi,iron
mudilu,feu,1.0,Positive,Mot,fire,shisa,vuur,mollo,umlilo,moto,moto
kusuba,acheter,1.0,Positive,Verbe,buy,thenga,koop,reka,Thenga,tenga,buy
kulela,acoucher,1.0,Positive,Verbe,give birth,zala,geboorte gee,go belega .,zala,zvara,zvara
kupangila,rater,-4.0,Negative,Verbe,miss,khumbula,mis,fetilwe,phosa,kupotsa,miss
kudiata,pietuner,-2.0,Negative,Verbe,pietuner,ingqungutela,pietuner,Pietuner .,pietunger,pietuner,pietuner
kudinga,mentir,-4.0,Negative,Verbe,lie,ginqika,lieg,maaka,ubuxoki,kunyepa,kunyepa
buloba,terre,4.0,Positive,Mot,earth,inhlabathi,aarde,lefase,Umhlaba,Pasi,pasi
kabala,lire,4.0,Positive,Verbe,read,funda,lees,bala,funda,verenga,verenga
kuinama,incliner,4.0,Positive,Verbe,tilt,tsheka,kantel,Sekamane .,tella,tha,tilt
kupuekesha,baisser,-4.0,Negative,Verbe,lower,shonisa,laer,fasana,isezantsi,kuderera,pasi
kushima,nier,-5.0,Negative,Verbe,deny,phika,ontken,gana,kuyakhanyela,ramba,kuramba
buteketa,faiblesse,-7.0,Negative,Verbe,weakness,ubuthaka,swakheid,bofokodi,ubuthathaka,kushaya simba,utera
kulambula,offrir,3.0,Positive,Verbe,to offer,ukunikela,aan te bied,go fana ka tlhagiso .,ukunikeza,kupa,kupa
kulombola,dirger,3.0,Positive,Verbe,lead,hola,lei,eta pele,khokelela,tungamira,tungamira
kuambula,transporter,3.0,Positive,Mot,carry,thwala,dra,rwala,phatha,takura,takura
kuiba,voler,-7.0,Negative,Verbe,fly,ndiza,vlieg,fofa,bhabha,bhururuka,fly
kupana,vendre,-1.0,Negative,Verbe,sell,thengisa,verkoop,rekiša,thengisa,tengesa,tengesa
mashinyi,vehicule,1.0,Positive,Mot,vehicle,into yokuhamba,voertuig,senamelwa,imoto,mota,motokari
kulenga,toucher,1.0,Positive,Verbe,to touch,Ukuthinta,aan te raak,Go kgoma .,ukuchukumisa,kubata,kubata
kuambulula,repeter,1.0,Positive,Verbe,repeat,phinda,herhaal,bušeletša,phinda,dzokorora,dzokorora
kudila,pleurer,1.0,Positive,Verbe,cry,memeza,huil,lla,khala,kuchema,kuchema
mvula,pluie,1.0,Positive,Mot,rain,imvula,reën,pula,imvula,Kunaya,mvura
tshimanu,mur,1.0,Positive,Mot,wall,udonga,muur,leboto,udonga,Wall,wall
ditumba,coin,1.0,Positive,Mot,corner,ingosi,hoek,sekhutlo,kwikona,kona,kona
tshibenda,courbure,1.0,Positive,Mot,curvature,cunuture,kromming,Go kobega .,i-curvature,curvature,curvature
mulangi,bouteille,1.0,Positive,Mot,bottle,ibhodlela,bottel,lebotlelo,ibhotile,bhodhoro,bhodhoro
nzolu,poule,1.0,Positive,Mot,chicken,inyama yenkukhu,hoender,nama ya kgogo,inkukhu,huku,huku
kuseka,sourire,1.0,Positive,Verbe,smile,ukumamatheka,glimlag,myemyela,uncumo,kunyemwerera,nyemwerero
kabanya,partager,1.0,Positive,Verbe,share,abelana,deel,abelana,isabelo,Goverana,share
kubenesha,benir,1.0,Positive,Verbe,bless,busisa,seën,šegofatša,zisikelele,Komborera,ropafadzai
kunanga,aimer,1.0,Positive,Verbe,to like,uzothanda,te hou,go rata .,ukuthanda,kuda,kuda
lutatu,peine,1.0,Positive,Mot,penalty,inhlawulo,straf,Kotlo .,isohlwayo,chirango,chirango
kela,couteau,1.0,Positive,Mot,knife,igotshwa,mes,thipa,isitshixo,banga,banga
dibaya,planche,1.0,Positive,Mot,plank,iplank,plank,Lepolanka .,iplanga,Plank,plank
cilamba,pagne,1.0,Positive,Mot,loincloth,i-loincloth,lendelap,Lešela la letheka .,i-lourceth,Loincloth,chiuno
makala,braise,1.0,Positive,Mot,braised,-bonakala,gesmoor,E betlilwe ka braised .,qhalazwe,braising,braised
lukinu,heine,1.0,Positive,Verbe,eh,eh,eh,Eh .,eh,eh,eh
luse,pardon,1.0,Positive,Verbe,pardon,xolela,verskoning,tshwarelo,uxolelo,kuregerera,ruregerero
disanga,joie,1.0,Positive,Verbe,joy,injabulo,vreugde,boipshino,uvuyo,Mufaro,mufaro
nyota,soif,1.0,Positive,Verbe,thirsty,-omile,dors,nyorilwe,unxaniwe,nyota,nyota
musoko,village,1.0,Positive,Mot,village,umuzi,dorpie,motse,ilali,musha,musha
bungi,beaucoup,0.0,Neutre,Mot,a lot,okuningi,baie,kudu,Okuninzi,zvakawanda,zvakawanda
muaku,parole,2.0,Positive,Mot,speech,intshumayelo,toespraak,polelo,intetho,Kutaura,kutaura
nzubu,maison,2.0,Positive,Mot,House,Indlu,Huis,Ntlo,Indlu,Imba,House
butoke,lumiere,2.0,Positive,Mot,light,-mhlophe,lig,seetša,ukukhanya,Chiedza,chiedza
midima,tenebres,2.0,Positive,Mot,darkness,ubumnyama,duisternis,Lefsifsi .,ubumnyama,rima,rima
bulelela,verite,2.0,Positive,Mot,truth,iqiniso,waarheid,bonnete,inyani,Chokwadi,chokwadi
moyi,cœur,2.0,Positive,Mot,heart,inhliziyo,hart,pelo,Intliziyo,moyo,mwoyo
kumanya,connaittre,2.0,Positive,Verbe,know,bona,weet,tseba,yazi,ziva,ziva
lumu,gloire,2.0,Positive,Mot,glory,ubukhosi,glorie,Kgalalelo .,uzuko,kubwinya,mbiri
mukenji,loi,2.0,Positive,Mot,law,umthetho,wet,molao,umthetho,mutemo,mutemo
ngasa,grace,2.0,Positive,Mot,grace,umusa,genade,Mohau .,ubabalo,Nyasha,Nyasha
mukoko,brebis,2.0,Positive,Mot,sheep,imvu,skape,nku,iigusha,gwai,hwai
dituku,jour,2.0,Positive,Mot,day,usuku,dag,letšatši,usuku,zuva,zuva
ngombe,bœuf,2.0,Positive,Mot,beef,inyama yenkomo,beesvleis,nama ya kgomo,inyama yenkomo,nyama yemombe,nyama yemombe
diiyi,œuf,2.0,Positive,Mot,egg,iqanda,eier,lee,iqanda,zai,zai
cinu,mortier,2.0,Positive,Mot,mortar,isigqulo,mortel,Sekontiri .,udaka,dhaka,dhaka
muinshi,pilon,2.0,Positive,Mot,pestle,nguonyana,stamper,Pestle .,i-pestle,pestle,pestle
bukola,force,2.0,Positive,Mot,strength,izithukuthuku,sterkte,maatla,amandla,Simba,simba
bukenga,bougie,2.0,Positive,Mot,candle,ikhandlela,kers,Kerese .,ikhandlela,kenduru,kenduru
diulu,ciel,2.0,Positive,Mot,sky,isibhakabhaka,lug,lefaufau,isibhakabhaka,Denga,denga
buloba,terre,2.0,Positive,Mot,earth,inhlabathi,aarde,lefase,Umhlaba,Pasi,pasi
bulengela,bonte,2.0,Positive,Mot,goodness,ukulunga,goedheid,Botho .,ukulunga,Kunaka,kunaka
ditekemena,espoir,2.0,Positive,Verbe,hope,ithemba,hoop,kholofelo,Ithemba,Tariro,tariro
matshi,oreille,2.0,Positive,Mot,ear,indlebe,oor,tsebe,indlebe,nzeve,nzeve
diboku,bras,2.0,Positive,Mot,arm,hlomisa,arm,letsogo,ingalo,ruoko,ruoko
mukolu,jambe,2.0,Positive,Mot,leg,umlenze,been,leoto,umlenze,gumbo,gumbo
nsuki,cheveux,2.0,Positive,Mot,hair,uboya,hare,moriri,iinwele,bvudzi,bvudzi
mutelu,chemise,2.0,Positive,Mot,shirt,ihembe,hemp,gempe,ihempe,Shirt,hembe
mapapa,babouche,2.0,Positive,Mot,slipper,ihlibhisi,pantoffel,Seeta sa go thelela .,tyibilika,slipper,slipper
mesa,table,2.0,Positive,Mot,table,itafula,tafel,tafola,itafile,Tafura,table
diakabi,malheur,2.0,Positive,Mot,misfortune,-nenhliziyo,ongeluk,Madimabe .,intlekele,zvakashata,nhamo
kanyinganyinga,regret,2.0,Positive,Verbe,regret,zisola,spyt,maswabi,ukuzisola,kuzvidemba,kuzvidemba
kaheja,mepris,2.0,Positive,Verbe,contempt,ukudelela,minagting,lenyatšo,ukudelela,kuzvidza,kuzvidza
lutambishi,orgueil,2.0,Positive,Verbe,pride,ukuziqhenya,trots,boitumelo,ikratshi,kudada,kudada
bumuntu,dignite,2.0,Positive,Mot,dignity,isithunzi,waardigheid,seriti,isidima,Kukudzwa,chiremerera
vinta,guerre,2.0,Positive,Mot,war,ukulwa,oorlog,ntwa,imfazwe,Hondo,hondo
lulamatu,attachement,2.0,Positive,Verbe,attachment,ukwengeza,aanhangsel,sekgomaretšwa,ukunamathisela,kubatanidzwa,attachment
makanda,force,2.0,Positive,Mot,strength,izithukuthuku,sterkte,maatla,amandla,Simba,simba
dibungama,tristesse,-3.0,Negative,Verbe,sadness,ukudabuka,hartseer,manyami a go nyama .,usizi,kusuwa,kusuwa
tshinji,colere,-4.0,Negative,Verbe,anger,intukuthelo,woede,pefelo,umsindo,kutsamwa,kutsamwa
diakalenga,heureux,5.0,Positive,Mot,happy,-eneme,gelukkig,thabile,ndonwabile,kufara,kufara
nzala,faim,-1.0,Negative,Verbe,hunger,iphango,honger,Tlala .,indlala,nzara,nzara
buakana,justice,4.0,Positive,Mot,justice,ubulungiswa,geregtigheid,toka,ubulungisa,Kururamisira,kururamisira
mutoke,pur,4.0,Positive,Mot,pure,-nalutho,suiwer,hlwekile,icocekile,yakachena,yakachena
ditalala,paix,4.0,Positive,Mot,peace,ukuthula,vrede,khutšo,uxolo,Runyararo,rugare
kupenda,insulter,-6.0,Negative,Mot,insult,eyisa,belediging,maroga,ukuthuka,kutuka,kutukana
kushima,mentir,-1.0,Negative,Verbe,lie,ginqika,lieg,maaka,ubuxoki,kunyepa,kunyepa
kulomba,demander,3.0,Positive,Verbe,ask,buza,vra,kgopela,buza,bvunza,bvunza
kulamba,preparer,3.0,Positive,Verbe,prepare,lungiselela,voorberei,beakanya,lungiselela,gadzirira,gadzirira
kulu,sommet,3.0,Positive,Mot,summit,isiqongo,beraad,sehloa,ingqungquthela,Summit,summit
muendu,lampe,3.0,Positive,Mot,lamp,ilambu,lamp,lebone,isibane,Rambi,rambi
butumbi,gloire,3.0,Positive,Mot,glory,ubukhosi,glorie,Kgalalelo .,uzuko,kubwinya,mbiri
lupingu,statue,3.0,Positive,Mot,statue,isifanekiso,standbeeld,sehlwaseeme,umfanekiso,chifananidzo,chifananidzo
muishi,flame,3.0,Positive,Mot,flame,ilangabi,vlam,Kgabo .,idangatye,murazvo,murazvo
mala,alcool,3.0,Positive,Mot,alcohol,utshwala,alkohol,alkhoholo,utywala,Doro,doro
dibua,pierre,3.0,Positive,Mot,rock,itshe elikhulu,rots,letlapa,iliwa,Dombo,rock
dilata,tole,3.0,Positive,Mot,sheet metal,ishidi yensimbi,plaatmetaal,Tšhipi ya letlakala .,I-SHICHE SETY,simbi yesimbi,sheet metal
njila,route,3.0,Positive,Mot,road,umgwaqo,pad,tsela,indlela,mugwagwa,road
lumuenu,armoire,3.0,Positive,Mot,cupboard,ikhabethe,kas,khatepote,ikhabhathi,mukombe,kabati
tshilaamba,pont,3.0,Positive,Mot,bridge,ibhuloho,brug,leporogo,ibhulorho,bhiriji,zambuko
kunyema,courir,3.0,Positive,Verbe,run,gijima,hardloop,kitima,baleka,kumhanya,run
kunaya,jouer,3.0,Positive,Verbe,play,dlala,speel,raloka,dlala,Tamba,play
kudila,pleurer,-4.0,Negative,Verbe,cry,memeza,huil,lla,khala,kuchema,kuchema
kuakula,parler,1.0,Positive,Verbe,talk,shumayela,praat,bolela,thetha,Taura,talk
kujadika,affirmer,1.0,Positive,Verbe,affirm,nyanisa,bevestig,Tiiša .,qinisekisa,simbisa,simbisa
kulaya,promettre,1.0,Positive,Verbe,promise,thembisa,belofte,tshephišo,isithembiso,Vimbiso,promise
kuadamuna,repondre,1.0,Positive,Verbe,answer,impendulo,antwoord,karabo,Impendulo,Mhinduro,mhinduro
kudia,manger,1.0,Positive,Verbe,eat,-dla,eet,ja,yitya,idya,kudya
kunua,boire,1.0,Positive,Verbe,drink,phuza,drink,nwa,isiselo,kunwa,drink
kudiata,pietiner,1.0,Positive,Verbe,trample,swayela,vertrap,Kgatelelo ya madi .,inyanya,Tsika,tsikirira
kusungula,choisir,1.0,Positive,Verbe,choose,qoka,kies,kgetha,khetha,sarudza,sarudza
tshiibi,porte,1.0,Positive,Verbe,door,isicabha,deur,monyako .,umnyango,gonhi,gonhi
kufila,donner,1.0,Positive,Verbe,give,khangeza,gee,fa,nika,ipa,give
kuangata,recevoir,1.0,Positive,Verbe,receive,thola,ontvang,amogela,yamkela,gamuchira,gamuchira
kufuka,créer,1.0,Positive,Verbe,create,dala,skep,hlama,dala,gadzira,gadzira
binsonji,larme,1.0,Positive,Mot,tear,ukudabula,skeur,gagola,iinyembezi,misodzi,misodzi
kujamaja,danser,1.0,Positive,Verbe,to dance,ukudansa,om te dans,go bina .,ukudanisa,kutamba,kutamba
kuyahamuaba,partir,1.0,Positive,Verbe,leave,shiya,verlaat,tloga,shiya,zivisa,siya
kulua,viens,1.0,Positive,Mot,come,woza,kom,tla,yiza,huya,uya
bishi,comment,1.0,Positive,Mot,how,Kanjani,hoe,bjang,Njani,sei,sei
difikadilenga,bienvenu,1.0,Positive,Mot,welcome,ukuthakaselwa,welkom,le amogetšwe,Wamkelekile,Mauya,Mauya
bubi,mauvais,-4.0,Negative,Mot,bad,-ngalungile,sleg,mpe,kubi,zvakaipa,zvakaipa
kunua,boire,-1.0,Negative,Verbe,drink,phuza,drink,nwa,isiselo,kunwa,drink
kutuladifu,avorter,-4.0,Negative,Verbe,abort,shiya amanzi,aborteer,mpa ya mpa .,ukulahla,kubvisa,kubvisa pamuviri
kuenzacintu,créer,6.0,Positive,Verbe,create,dala,skep,hlama,dala,gadzira,gadzira
kusasa,fleterisse,6.0,Positive,Mot,fletisse,ifushalafu,fletisse,FLETISSE .,I-FLIISSE,Bletisse,fletisse
kuelamenji,pensee,6.0,Positive,Verbe,thought,umcabango,gedink,kgopolo,ingcinga,kufunga,kufunga
bunkolotu,increduliter,6.0,Positive,Verbe,disbelieve,disbelieve,nie glo nie,Go se dumele .,ukungakholelwa,kusatenda,kusatenda
mbangishilu,commencer,6.0,Positive,Verbe,to start,ukuqala,te begin,Go thoma .,ukuqala,kutanga,kutanga
kijikija,fin,6.0,Positive,Mot,END,Ukugcina,EINDE,MAFELELO,ISIPHELO,Kupera,END
kuibacintu,derober,6.0,Positive,Verbe,steal,ntshontsha,steel,utswa,ukuba,kuba,kuba
karereji,snober,6.0,Positive,Verbe,snub,ithanga,snuif,Snub .,i-snub,snub,snub
kuabanyangana,partager,6.0,Positive,Verbe,share,abelana,deel,abelana,isabelo,Goverana,share
kufila,donner,6.0,Positive,Verbe,give,khangeza,gee,fa,nika,ipa,give
kujinga,desire,6.0,Positive,Verbe,desire,fisa,begeerte,kganyogo,umnqweno,chishuwo,chido
kunshintuluka,changer,6.0,Positive,Verbe,to change,ukushintsha,te verander,go fetoga .,ukutshintsha,kuchinja,kuchinja
kudisha,nourire,6.0,Positive,Verbe,feed,idili,voer,fepa,yondla,kudyisa,feed
kushebeya,tuer,-2.0,Negative,Verbe,kill,bulala,doodmaak,bolaya,bulala,kuuraya,kuuraya
tshikisu,mechant,3.0,Positive,Verbe,wicked,-bi,goddelose,bokgopo,ongendawo,Wakaipa,akaipa
dijinga,volonter,3.0,Positive,Mot,will,isifiso,sal,tla,iya,kuda,kuda
kutumikila,obeir,3.0,Positive,Verbe,obey,thobela,gehoorsaam,obamela,thobela,Teerera,teerera
lulamantu,fidelite,3.0,Positive,Verbe,loyalty,ukuba neqiniso,lojaliteit,botshepegi,ukuthembeka,Kuvimbika,kuvimbika
kulamata,atacher,3.0,Positive,Verbe,attach,hlanganisa,heg,kgomaretša,qhoboshela,batanidza,attach
kuiba,voler,-5.0,Negative,Verbe,fly,ndiza,vlieg,fofa,bhabha,bhururuka,fly
kukenga,soufrire,-4.0,Negative,Verbe,sulfur,isibabule,swael,Sulphur .,isalfure,Sarufa,sarufa
kukulakaja,veillire,1.0,Positive,Mot,wake up,Vuka,wakker word,tsoga,Vuka,muka,muka
pidiewu,bientôt,1.0,Positive,Mot,Soon,Ngokushesha,Binnekort,Ka pela,Kungekudala,Munguva pfupi,Nenguva isipi
kuhola,cueillire,1.0,Positive,Verbe,pick,vuna,kies,topa,khetha,nhonga,nhonga
difikapamuaba,arrivee,1.0,Positive,Verbe,arrival,ukufika,aankoms,go fihla,ukufika,kusvika,kusvika
babi,prudent,1.0,Positive,Mot,careful,-nakayo,versigtig,hlokomela,ngononophelo,chenjera,ngwarira
bimpa,bien,1.0,Positive,Mot,GOOD,Kuhle ngokuncomekayo,GOED,GABOTSE,KULUNGILE,KUGONA,KUGONA
kuseka,rire,1.0,Positive,Mot,laugh,gigitheka,lag,sega,hleka,kuseka,seka
kuabulula,repeter,1.0,Positive,Verbe,repeat,phinda,herhaal,bušeletša,phinda,dzokorora,dzokorora
kutangila,regarder,1.0,Positive,Verbe,look,bheka,kyk,lebelela,jonga,tarisa,tarisa
kuenza,faire,1.0,Positive,Verbe,TO DO,OKUZO KWENZIWA,OM TE DOEN,go dira .,UKWENZA,Kuita,KUITA
kujulacintu,soulever,1.0,Positive,Verbe,raise,phakamisa,verhoog,godiša,phakamisa,simudza,simudza
kujuka,reveiller,1.0,Positive,Verbe,wake,phaphama,wakker word,tsoga,vuka,Wake,wake
kushala,rester,1.0,Positive,Verbe,stay,hlala,bly,dula,hlala,gara,stay
kuhikila,causer,1.0,Positive,Verbe,cause,dala,oorsaak,hlola,unobangela,chikonzero,chikonzero
kutumamuntu,deleguer,1.0,Positive,Verbe,delegate,inxusa,delegeer,Moemedi .,umthunywa,nhume,delegate
malanda,relation,1.0,Positive,Mot,relationship,ukuzalana,verhouding,kamano,ubudlelwane,hukama,ukama
bobumua,union,1.0,Positive,Mot,union,inyunyana,vakbond,Union .,umanyano,Union,mubatanidzwa
kutumacintu,envoyer,1.0,Positive,Verbe,send,thumela,stuur,romela,thumela,Tumira,send
kulaya,promesse,1.0,Positive,Verbe,promise,thembisa,belofte,tshephišo,isithembiso,Vimbiso,promise
kurujamolayi,accomplire,1.0,Positive,Verbe,accomplish,feza,bereik,fihlelela,phumeza,Zadzisa,zadzisa
kusabakena,rencontrer,1.0,Positive,Mot,meet,hlangana,ontmoet,kopana,dibana,kusangana,kusangana
kulondabualu,ranconter,1.0,Positive,Mot,to tell,Ukutshela,te vertel,go bolela .,ukuxela,kutaura,kutaura
butuku,nuit,1.0,Positive,Mot,night,ubusuku,nag,bošego,busuku,husiku,husiku
mudinda,matin,1.0,Positive,Mot,Morning,Ekuseni,Oggend,Mesong,Ntseni,Mangwanani,Mangwanani
kukubaja,ajoutre,1.0,Positive,Verbe,add,enezelela,byvoeg,hlakanya,yongeza,wedzera,wedzera
kukeresha,diminuer,1.0,Positive,Verbe,decrease,nciphisa,afneem,fokotša,ukwehla,kuderera,kuderedza
kuhishisha,depasser,1.0,Positive,Verbe,exceed,dlula,oorskry,fetiša,gqitha,pfuura,kudarika
kuvudija,augmenter,1.0,Positive,Verbe,increase,ukukhula,verhoog,oketša,Nyusa,kuwedzera,kuwedzera
cihidi,niveau,1.0,Positive,Mot,level,-lingene,vlak,kelo,inqanaba,level,level
kufilamuenenu,commenter,1.0,Positive,Verbe,comment,ukubeka umbono,kommentaar lewer,swayaswaya,uluvo,kutaura,comment
kukudimuna,interpreter,1.0,Positive,Verbe,interpret,humusha,interpreteer,hlatholla,tolika,kududzira,dudzira
bimpabikola,superbe,1.0,Positive,Mot,stunning,isimanga,verstommend,tumišegago,ukumangalisa,zvinoshamisa,zvinoshamisa
disama,maladie,1.0,Positive,Mot,disease,isifo,siekte,bolwetši,isifo,chirwere,chirwere
lukosu,toux,1.0,Positive,Mot,cough,khwehlela,hoes,gohlola,ukukhohlela,kukosora,chikosoro
difu,ventre,1.0,Positive,Mot,belly,isisu,maag,mpa,isisu,dumbu,dumbu
bualubudibuezeka,evenement,1.0,Positive,Mot,event,isigigaba,gebeurtenis,tiragalo,umcimbi,chiitiko,chiitiko
kubanga,debut,1.0,Positive,Mot,beginning,ukuqala,begin,mathomong,ukuqala,kutanga,kutanga
kukanga,fermer,1.0,Positive,Verbe,close,ngokuminyanisa,naby,tswalela,vala,Vhara,pedyo
dibanjidibua,investutire,1.0,Positive,Verbe,invest,tshala imali,belê,beeletša,tyala imali,invest,invest
dilongeshibua,farmation,1.0,Positive,Mot,farming,ukulima,boerdery,Bolemirui .,ukulima,kurima,kurima
kukonkola,toquer,1.0,Positive,Verbe,knock,dukluza,klop,Knock .,nkqonkqoza,gogodza,knock
kukalaba,ramper,1.0,Positive,Verbe,crawl,gaqa,kruip,gogoba,crawl,kukambaira,crawl
kuitaba,decrocher,1.0,Positive,Verbe,pick up,Phakamisa,optel,topa,Phakamisa,nhonga,nhonga
cidicihitakudifuma,resement,1.0,Positive,Mot,resement,indawo,resement,Sefofane sa go tsošološa .,ukuphindaphinda,Kuonekwa,resement
bualubuenyi,nouvelle,1.0,Positive,Mot,new,-kwanamuhla,nuut,mpsha,intsha,Nyowani,itsva
kujingulula,decouvere,1.0,Positive,Verbe,discover,thola,ontdek,utolla,fumanisa,tsvaga,discover
kuibaka,construiction,1.0,Positive,Mot,construction,ukwakha,konstruksie,kago,ukwakhiwa,Kuvaka,kuvaka
mushimi,source,1.0,Positive,Mot,source,umthombo,bron,mothopo,umthombo,Kunobva,source
difutu,salaire,1.0,Positive,Mot,salary,umholo,salaris,mogolo,umvuzo,muhoro,muhoro
manayi,amisement,1.0,Positive,Mot,friendship,ubudlelwane,vriendskap,segwera,ubuhlobo,Hushamwari,ushamwari
difucila,location,1.0,Positive,Mot,rental,ukuqashwa,huur,Khiriso ya khiro .,irente,Rental,rental
kuyobola,provoquer,1.0,Positive,Verbe,to provoke,ukucasula,uit te lok,Go hlohleletša .,ukucaphukisa,kumutsa,kudenha
biamushindu,different,1.0,Positive,Mot,different,-ahlukile,anders,fapanego,eyahlukileyo,zvakasiyana,zvakasiyana
kujamaja,tremousser,1.0,Positive,Verbe,jiggle,jithaka isibindi,skud,jiggle .,jiggle,jiggle,jiggle
kunyunga,mouvement,1.0,Positive,Mot,movement,ukuzamazama,beweging,mosepelo,intshukumo,kufamba,kufamba
tulu,someil,1.0,Positive,Mot,sleep,ukulala,slaap,robala,ukulala,Kurara,hope
citanaji,divertisement,1.0,Positive,Mot,entertainment,umdlalo,vermaak,boithabišo,ukuzonwabisa,Varaidzo,varaidzo
nyungilukilu,environnement,1.0,Positive,Mot,environment,indawo ezungezile,omgewing,tikologo,okusingqongileyo,Nzvimbo,zvakatipoteredza
cidicienzeka,foctionnement,1.0,Positive,Mot,operation,ukuhlinza,operasie,opareišene,ukusebenza,kuvhiya,oparesheni
cilenga,beau,1.0,Positive,Mot,beautiful,-bukekayo,pragtig,botse,entle,runako,runako
lupeepepele,vent,1.0,Positive,Mot,wind,songa,wind,phefo,umoya,mhepo,mhepo
cinwinu,verre,1.0,Positive,Mot,glass,ekhanyayo,glas,galase,iglasi,girazi,girazi
cisalu,vaccin,1.0,Positive,Mot,vaccine,umuthi wokugcaba,entstof,moento,isitofu sokugonya,vaccine,vaccine
mikadila,libre,1.0,Positive,Verbe,free,khululekile,gratis,lokologile,simahla,Yemahara,vakasununguka
kapepelelupepele,Air,1.0,Positive,Mot,Air,Umoya,Lug,Moya,Umoya,Mhepo,Air
Mutshi,Arbre,1.0,Positive,Mot,TREE,Isihlahla,BOOM,MOHLARE,Umthi,Muti,MUTI
Mujiluwamashimakunze,Artère,1.0,Positive,Mot,Artery,Umthambo wegazi,slagaar,mothapo wa mothapo .,Ubugcisa,Artery,Artery
MuediMuevu,Barbe,1.0,Positive,Mot,Beard,Intshebe,Baard,Ditedu,Iindevu,Ndebvu,Ndebvu
Mutshi,Bois,1.0,Positive,Mot,Drink,Phuza,Drink,Nwa,Isiselo,Kunwa,Inwai
Mukana,Bouche,1.0,Positive,Mot,Mouth,Umlomo,Mond,Molomo,Umlomo,Muromo,Muromo
Ditamba,Branche,1.0,Positive,Mot,Branch,Igatsha,Tak,Lekala,Isebe,Bazi,Bazi
Diboko,Bras,1.0,Positive,Mot,Arm,Hlomisa,Arm,Letsogo,Ingalo,Ruoko,Arm
DitshimaDifuima,Brouillard,1.0,Positive,Mot,Fog,Inkungu,Mis,Kgodi,Inkungu,Fog,Fog
Bongabwamuntu,Cerveau,1.0,Positive,Mot,Brain,Ingqondo,Brein,Bjoko,Ingqondo,Uropi,Brain
KadilKapia,Chaleur,1.0,Positive,Mot,Heat,Ukushisa,Verhit,Phišo,Ubushushu,Kupisa,Kupisa
Lusukikasuki,Cheveu,1.0,Positive,Mot,Hair,Uboya,Hare,Moriri,Iinwele,Bvudzi,Bvudzi
Kampombekampombo,Cheville,1.0,Positive,Mot,Ankle,Isinqe,Enkel,Kokoilane,I-ankle,Ankle,Ankle
Diulu,Ciel,1.0,Positive,Mot,Sky,Isibhakabhaka,Hemel,Lefaufau,Isibhakabhaka,Denga,Sky
Lukofi,Cil,1.0,Positive,Mot,Eyelash,Ukhophe,Wimper,Eyelash .,Iliso,Eyelash,Eyelash
Muoyo,Cœur,1.0,Positive,Mot,Heart,Inhliziyo,Hart,Pelo,Intliziyo,Moyo,Mwoyo
MubidiMbidi,Corps,1.0,Positive,Mot,Body,Umzimba,Liggaam,Mmele,Umzimba,Muviri,Muviri
LubadiLubaleLubanji,Côte,1.0,Positive,Mot,Side,Usebe,Kant,Lehlakore,Icala,Padivi,Side
Nshingu,Cou,1.0,Positive,Mot,Neck,Intamo,Nek,Molala,Intamo,Mutsipa,Neck
Lukenyibu,Coude,1.0,Positive,Mot,Elbow,Indololwane,Elmboog,Setšu,Lbow,Elbow,Gokora
DikaluDilangi,Couleur,1.0,Positive,Mot,Color,Umbala,Kleur,Mmala,Umbala,Ruvara,Color
TshibalubaluKabalubalu,Crâne,1.0,Positive,Mot,Skull,Ithambo lekhanda,Skedel,Lehata .,Skill,Dehenya,Dehenya
TshibeluTshioko,Cuisse,1.0,Positive,Mot,Thigh,Ithanga,Bobeen,Serope,Ithanga,Chidya,Chidya
Dinu,Dent,1.0,Positive,Mot,Tooth,Izinyo,Tand,Leino,Izinyo,Zino,Zino
TshipepeleButoke,Désert,1.0,Positive,Mot,Desert,Hlamuka,Woestyn,Leganata,Intlango,Renje,Desert
Munu,Doigt,1.0,Positive,Mot,Finger,Umunwe,Vinger,Monwana,Umnwe,Chigunwe,Finger
Nyima,Dos,1.0,Positive,Mot,Back,-Dlulile,Terug,Morago,Umva,Kumashure,Back
Maayi,Eau,1.0,Positive,Mot,Water,Nisela,Water,Meetse,Amanzi,Mvura,Mvura
MupenyiMukenya,Eclair,1.0,Positive,Mot,Flash,Unyampu,Flits,Gadima,Ifleshi,Flash,Flash
DikayaDipeka,Epaule,1.0,Positive,Mot,Shoulder,Igxalaba,Skouer,Legetla,Igxalaba,Pfudzi,Shoulder
TshifuTshifue,Estomac,1.0,Positive,Mot,Stomach,Isisu,Maag,Dimpa,Isisu,Dumbu,Dumbu
Mutooto,Etoile,1.0,Positive,Mot,Star,Inkanyezi,Ster,Naledi,Inkanyezi,Nyeredzi,Star
TshiamuTshifike,Fer,1.0,Positive,Mot,Iron,Insimbi yoku-ayina,Yster,Aene,Intsimbi,Simbi,Iron
DitakuDitengi,Fesse,1.0,Positive,Mot,Buttock,Isinqe,Boudjie,Marago .,I-buttock,Buttock,Buttock
Dibeji,Feuille,1.0,Positive,Mot,Leaf,Ikhasi,Blaar,Lehlare,Amagqabi,Mashizha,Leaf
Tshilongo,Fleur,1.0,Positive,Mot,Flower,Umqhakazo,Blom,Letšoba,Intyatyambo,Ruva,Ruva
Musulu,Fleuve,1.0,Positive,Mot,River,Umfula,Rivier,Noka,Umlambo,Rwizi,Rwizi
Mutshima,Foie,1.0,Positive,Mot,Liver,Isibindi,Lewer,Sebete,Isibindi,Chiropa,Chiropa
Ditu,Forêt,1.0,Positive,Mot,Forest,Ihlathi,Bos,Lešoka,Ihlathi,Sango,Sango
Mashika,Froid,1.0,Positive,Verbe,Cold,Ukubanda,Koud,Tonya,Kubanda,Kutonhora,Kutonhora
Mpala,Front,1.0,Positive,Mot,Forehead,Imvelelo,Voorkop,Phatla,Ibunzi,Pahuma,Huma
MuinshiMuishi,Fumée,1.0,Positive,Verbe,Smoke,Shunqisa,Rook,Muši,Umsi,Utsi,Kusvuta
Tshinu,Genou,1.0,Positive,Mot,Knee,Idolo,Knie,Khuru,Idolo,Ibvi,Knee
MaayiMakuatakaneDibue,Glace,1.0,Positive,Mot,Ice,Iqhwa,Ys,Aese,Ice,Ice,Ice
DiminuMuminu,Gorge,1.0,Positive,Mot,Throat,Umphimbo,Keel,Mogolo,Umqala,Pahuro,Huro
Lukundu,Hanche,1.0,Positive,Mot,Hip,Inqulu,Heup,Noka,Hip,Hip,Hip
TshisosaTshilu,Herbe,1.0,Positive,Mot,Grass,Isikhotha,Gras,Bjang,Ingca,Huswa,Uswa
NkoloTshidilaTshitamba,Île,1.0,Positive,Mot,Island,Isiqhingi,Eiland,Sehlakahlaka,Isiqithi,Island,Island
DitangalalaDiaMaayi,Inondation,1.0,Positive,Mot,Flood,Isikhukhula,Vloed,Mafula,Umkhukula,Mafashama,Mafashamo
Dila,Intestin,1.0,Positive,Mot,Intestine,Izibilini,Derm,Mala .,Amathumbu,Mudumbu,Intestine
Mukolo,Jambe,1.0,Positive,Mot,Leg,Umlenze,Been,Leoto,Umlenze,Gumbo,Gumbo
Ditama,Joue,1.0,Positive,Verbe,Plays,Idlala,Toneelstukke,Dipapadi tša go bapala .,Imidlalo,Anotamba,Mitambo
Dijiba,Lac,1.0,Positive,Mot,Lake,Ichweba,Meer,Letsha,Ichibi,Dziva,Lake
Ludimi,Langue,1.0,Positive,Mot,Language,Ulimi,Taal,Polelo,Ulwimi,Mutauro,Mutauro
Tshinsonji,Larme,1.0,Positive,Mot,Tear,Ukudabula,Skeur,Gagola,Iinyembezi,Misodzi,Tear
Mushiku,Lèvre,1.0,Positive,Mot,Lip,Udebe,Lip,Molomo .,Imilebe,Muromo,Lip
Munya,Lumière,1.0,Positive,Mot,Light,-Mhlophe,Lig,Seetša,Ukukhanya,Chiedza,Chiedza
Muenji,Lune,1.0,Positive,Mot,Moon,Inyanga,Maan,Ngwedi,Inyanga,Mwedzi,Mwedzi
Lubanga,Mâchoire,1.0,Positive,Mot,Jaw,Umhlathi,Kaakbeen,Mohlagare,Hlathi,Shaya,Rushaya
Tshianza,Main,1.0,Positive,Mot,Hand,Isandla,Hand,Seatla,Isandla,Ruoko,Ruoko
Tshibanga,Menton,1.0,Positive,Mot,Chin,Isilevu,Ken,Seledu,Chin,Chin,Chin
Mbu,Mer,1.0,Positive,Mot,Sea,Ulwandle,See,Lewatle,Ulwandle,Gungwa,Gungwa
Buloba,Monde,1.0,Positive,Mot,World,Izwe,Wêreld,Lefase,Umhlaba,Nyika,Nyika
Mukuna,Montagne,1.0,Positive,Mot,Mountain,Intaba,Berg,Thaba,Intaba,Gomo,Gomo
Mumpenya,Moustache,1.0,Positive,Mot,Mustache,Amadevu,Snor,Ditedu .,Iindevu,Ndebvu,Mustache
MusunyiDikoyi,Muscle,1.0,Positive,Mot,Muscle,Isicubu,Spier,Mošifa,Umsipha,Tsandanyama,Tsandanyama
Mumpempe,Narine,1.0,Positive,Mot,Nostril,Ikhala,Neusgat,Lešobana la nko .,Impumlo,Mhino,Nostril
Bonga,Nerf,1.0,Positive,Mot,Nerve,Umuzwa,Senuwee,methapo ya kutlo .,I-nerve,Nerve,Nerve
Diulu,Nez,1.0,Positive,Mot,Nose,Ikhala,Neus,Nko,Impumlo,Mhino,Nose
Muofo,Motbril,1.0,Positive,Mot,Motbril,Isimfushane,Motbril,Motbril .,I-morbbril,MotBril,Motbril
Dikoshi,Nuque,1.0,Positive,Mot,Neck,Intamo,Nek,Molala,Intamo,Mutsipa,Neck
Disu,Œil,1.0,Positive,Mot,Eye,Ihlo,Oog,Leihlo,Iliso,Ziso,Ziso
Luzadi,Ongle,1.0,Positive,Mot,Nail,Isipikili,Spyker,Lenala,Isipikili,Mbambo,Chipikiri
Ditshi,Oreille,1.0,Positive,Mot,Ear,Indlebe,Oor,Tsebe,Indlebe,Nzeve,Nzeve
MuanawaNkasa,Orteil,1.0,Positive,Mot,Toe,Uqukula,Toe,Monwana wa leoto .,Toe,Toe,Toe
Mufuba,Os,1.0,Positive,Mot,Bone,Ithambo,Been,Lerapo,Ithambo,Pfupa,Bone
Tshilafinye,Paupière,1.0,Positive,Mot,Eyelid,Ijwabu leso,Ooglid,Lephego la mahlo .,I-eyelid,Eyelid,Eyelid
Dikoba,Peau,1.0,Positive,Mot,Skin,Isikhumba,Vel,Letlalo,Ulusu,Ganda,Ganda
Dikasa,Pied,1.0,Positive,Mot,Foot,Unyawo,Voet,Leoto,Inyawo,Tsoka,Tsoka
Nshinguwadiboko,Poignet,1.0,Positive,Mot,Wrist,Isihlakala,Pols,Letheka,I-wrist,Wrist,Wrist
Dinkomo,Poing,1.0,Positive,Mot,Fist,Inqindi,Vuis,Seatla sa go swara seatla .,Inqindi,Chibhakera,Chibhakera
Tshiadi,Poitrine,1.0,Positive,Mot,Chest,Ibhokisi,Bors,Kgara,Isifuba,Chipfuva,Chest
Tshiala,Pouce,1.0,Positive,Mot,Thumb,Ugquza,Duim,Monwana o mogolo,Isithupha,Chigunwe,Chigunwe
Mujiluudiutaka,pouls,1.0,Positive,Mot,pulse,ukushaya komthambo,pols,Pulse .,pulse,pulse,pulse
Tshisulusulu,Poumon,1.0,Positive,Mot,Lung,Iphaphu,Long,Maswafo .,Imiphunga,Mapapu,Lung
LupuishiLusoka,Poussière,1.0,Positive,Mot,Dust,Uthuli,Stof,Lerole,Uthuli,Guruva,Guruva
KonyiKamuma,Rein,1.0,Positive,Mot,Kidney,Insonge yasolwandle,Nier,Pshio,Izintso,Itsvo,Kidney
MunyenguMufudi,Ride,1.0,Positive,Mot,Wrinkled,Ehlanganiswe,Gerimpeld,Wrinkled .,Icinyiwe,Akapwanyika,Wrinkled
LuteMate,Salive,1.0,Positive,Mot,Saliva,Amathe,Speeksel,Mathe a .,Amathe,Mate,Mate
Mashi,Sang,1.0,Positive,Mot,Blood,Igazi,Bloed,Madi,Igazi,Ropa,Ropa
Dibele,Sein,1.0,Positive,Mot,Breast,Isibele,Bors,Letswele,Ibele,Mazamu,Zamu
Dikiki,Sourcil,1.0,Positive,Mot,Eyebrow,Ishiya,Wenkbrou,Eyebrow .,Iliso,Eyebrow,Tsiye
BikoyikoyiMifuba,Squelette,1.0,Positive,Mot,Skeleton,Uphahla lomzimba,Geraamte,Lerapo la marapo .,Ithambo,Skeleton,Skeleton
Tshisululu,Sueur,1.0,Positive,Mot,Sweat,Juluka,Sweet,Sethitho,Ukubila,Ziya,Ziya
Tshikankanya,Talon,1.0,Positive,Mot,Heel,Isithende,Hak,Serethe .,Isithende,Chitsitsinho,Chitsitsinho
Mujilu,Veine,1.0,Positive,Mot,Vein,Umthambo,Aar,Mothalo .,Umthambo,Vein,Vein
Difu,Ventre,1.0,Positive,Mot,Belly,Isisu,Maag,Mpa,Isisu,Dumbu,Belly
Mpala,Visage,1.0,Positive,Mot,Face,Ubuso,Gesig,Sefahlogo,Ubuso,Chiso,Face
Mashika,Froid,1.0,Positive,Mot,Cold,Ukubanda,Koud,Tonya,Kubanda,Kutonhora,Kutonhora
MuinshiMuishi,Fumée,1.0,Positive,Mot,Smoke,Shunqisa,Rook,Muši,Umsi,Utsi,Kusvuta
Ditama,Joue,1.0,Positive,Mot,Plays,Idlala,Toneelstukke,Dipapadi tša go bapala .,Imidlalo,Anotamba,Plays
Lubanga,Mâchoire,3.0,Positive,Mot,Jaw,Umhlathi,Kaakbeen,Mohlagare,Hlathi,Shaya,Rushaya
Tshianza,Main,3.0,Positive,Mot,Hand,Isandla,Hand,Seatla,Isandla,Ruoko,Ruoko
Tshibanga,Menton,3.0,Positive,Mot,Chin,Isilevu,Ken,Seledu,Chin,Chin,Chin
Mbu,Mer,3.0,Positive,Mot,Sea,Ulwandle,See,Lewatle,Ulwandle,Gungwa,Gungwa
Buloba,Monde,3.0,Positive,Mot,World,Izwe,Wêreld,Lefase,Umhlaba,Nyika,Nyika
Mukuna,Montagne,3.0,Positive,Mot,Mountain,Intaba,Berg,Thaba,Intaba,Gomo,Gomo
Mumpenya,Moustache,3.0,Positive,Mot,Mustache,Amadevu,Snor,Ditedu .,Iindevu,Ndebvu,Mustache
MusunyiDikoyi,Muscle,3.0,Positive,Mot,Muscle,Isicubu,Spier,Mošifa,Umsipha,Tsandanyama,Tsandanyama
Mumpempe,Narine,3.0,Positive,Mot,Nostril,Ikhala,Neusgat,Lešobana la nko .,Impumlo,Mhino,Nostril
Bonga,Nerf,3.0,Positive,Mot,Nerve,Umuzwa,Senuwee,methapo ya kutlo .,I-nerve,Nerve,Nerve
Diulu,Nez,3.0,Positive,Mot,Nose,Ikhala,Neus,Nko,Impumlo,Mhino,Nose
Muofo,Motbril,3.0,Positive,Mot,Motbril,Isimfushane,Motbril,Motbril .,I-morbbril,MotBril,Motbril
Dikoshi,Nuque,3.0,Positive,Mot,Neck,Intamo,Nek,Molala,Intamo,Mutsipa,Neck
Disu,Œil,3.0,Positive,Mot,Eye,Ihlo,Oog,Leihlo,Iliso,Ziso,Ziso
Luzadi,Ongle,3.0,Positive,Mot,Nail,Isipikili,Spyker,Lenala,Isipikili,Mbambo,Chipikiri
Ditshi,Oreille,3.0,Positive,Mot,Ear,Indlebe,Oor,Tsebe,Indlebe,Nzeve,Nzeve
MuanawaNkasa,Orteil,3.0,Positive,Mot,Toe,Uqukula,Toe,Monwana wa leoto .,Toe,Toe,Toe
Mufuba,Os,3.0,Positive,Mot,Bone,Ithambo,Been,Lerapo,Ithambo,Pfupa,Bone
Tshilafinye,Paupière,3.0,Positive,Mot,Eyelid,Ijwabu leso,Ooglid,Lephego la mahlo .,I-eyelid,Eyelid,Eyelid
Dikoba,Peau,3.0,Positive,Mot,Skin,Isikhumba,Vel,Letlalo,Ulusu,Ganda,Ganda
Dikasa,Pied,3.0,Positive,Mot,Foot,Unyawo,Voet,Leoto,Inyawo,Tsoka,Tsoka
Nshinguwadiboko,Poignet,3.0,Positive,Mot,Wrist,Isihlakala,Pols,Letheka,I-wrist,Wrist,Wrist
Dinkomo,Poing,3.0,Positive,Mot,Fist,Inqindi,Vuis,Seatla sa go swara seatla .,Inqindi,Chibhakera,Chibhakera
Tshiadi,Poitrine,3.0,Positive,Mot,Chest,Ibhokisi,Bors,Kgara,Isifuba,Chipfuva,Chest
Tshiala,Pouce,3.0,Positive,Mot,Thumb,Ugquza,Duim,Monwana o mogolo,Isithupha,Chigunwe,Chigunwe
Mujiluudiutaka,pouls,3.0,Positive,Mot,pulse,ukushaya komthambo,pols,Pulse .,pulse,pulse,pulse
Tshisulusulu,Poumon,3.0,Positive,Mot,Lung,Iphaphu,Long,Maswafo .,Imiphunga,Mapapu,Lung
LupuishiLusoka,Poussière,3.0,Positive,Mot,Dust,Uthuli,Stof,Lerole,Uthuli,Guruva,Guruva
KonyiKamuma,Rein,3.0,Positive,Mot,Kidney,Insonge yasolwandle,Nier,Pshio,Izintso,Itsvo,Kidney
MunyenguMufudi,Ride,3.0,Positive,Mot,Wrinkled,Ehlanganiswe,Gerimpeld,Wrinkled .,Icinyiwe,Akapwanyika,Wrinkled
LuteMate,Salive,3.0,Positive,Mot,Saliva,Amathe,Speeksel,Mathe a .,Amathe,Mate,Mate
Mashi,Sang,3.0,Positive,Mot,Blood,Igazi,Bloed,Madi,Igazi,Ropa,Ropa
Dibele,Sein,3.0,Positive,Mot,Breast,Isibele,Bors,Letswele,Ibele,Mazamu,Zamu
Dikiki,Sourcil,3.0,Positive,Mot,Eyebrow,Ishiya,Wenkbrou,Eyebrow .,Iliso,Eyebrow,Tsiye
BikoyikoyiMifuba,Squelette,3.0,Positive,Mot,Skeleton,Uphahla lomzimba,Geraamte,Lerapo la marapo .,Ithambo,Skeleton,Skeleton
Tshisululu,Sueur,3.0,Positive,Mot,Sweat,Juluka,Sweet,Sethitho,Ukubila,Ziya,Ziya
Tshikankanya,Talon,3.0,Positive,Mot,Heel,Isithende,Hak,Serethe .,Isithende,Chitsitsinho,Chitsitsinho
Mujilu,Veine,3.0,Positive,Mot,Vein,Umthambo,Aar,Mothalo .,Umthambo,Vein,Vein
Difu,Ventre,3.0,Positive,Mot,Belly,Isisu,Maag,Mpa,Isisu,Dumbu,Belly
Mpala,Visage,3.0,Positive,Mot,Face,Ubuso,Gesig,Sefahlogo,Ubuso,Chiso,Face
Muji,Racine,3.0,Positive,Mot,Root,Impande,Wortel,Modu,Ingcambu,Midzi,Root
kuya,partir,3.0,Positive,Verbe,leave,shiya,verlaat,tloga,shiya,zivisa,siya
kuja,danser,3.0,Positive,Verbe,to dance,ukudansa,om te dans,go bina .,ukudanisa,kutamba,kutamba
kumuana,voir,3.0,Positive,Verbe,see,qonda,sien,bona,funda,ona,maona
kuelameji,penser,3.0,Positive,Verbe,think,cabanga,dink,nagana,cinga,Funga,funga
kualukila,revenir,3.0,Positive,Verbe,to come back,ukubuya,om terug te kom,go boa .,ukubuya,kudzoka,kudzoka
kuyalubilu,fuir,3.0,Positive,Verbe,flee,baleka,vlug,ngwega,saleke,Tiza,tiza
kunyingalala,regretter,-3.0,Negative,Verbe,regret,zisola,spyt,maswabi,ukuzisola,kuzvidemba,kuzvidemba
kutangalaja,disperser,-6.0,Negative,Verbe,disperse,hlakaza,versprei,Disperse .,ukusasazeka,Durperse,disperse
kuabanya,partager,3.0,Positive,Verbe,share,abelana,deel,abelana,isabelo,Goverana,share
kuakaja,ranger,5.0,Positive,Verbe,put away,beka,wegsit,Bea kgole .,beka kude,bvisa,put away
kuhangila,manque,-3.0,Negative,Verbe,lack,ukuntula,gebrek,tlhokego,ukunqongophala,kushaya,kushaya
kulenga,toucher,4.0,Positive,Verbe,to touch,Ukuthinta,aan te raak,Go kgoma .,ukuchukumisa,kubata,kubata
kukuata,attrapper,4.0,Positive,Verbe,catch,nqaka,vang,swara,bamba,kubata,kubata
kuseka,sourir,3.0,Positive,Verbe,smile,ukumamatheka,glimlag,myemyela,uncumo,kunyemwerera,nyemwerero
kuakaja,corriger,3.0,Positive,Verbe,to correct,ukulungisa,reg te stel,Go phošolla .,ukulungisa,kururamisa,kugadzirisa
kuhetulula,recevoir,3.0,Positive,Verbe,receive,thola,ontvang,amogela,yamkela,gamuchira,gamuchira
kumuanununa,revoir,3.0,Positive,Verbe,goodbye,Hamba kahle,totsiens,šala gabotse,Sala kakuhle,Sara mushe,Sara mushe
kufunda,accuser,-4.0,Negative,Verbe,accuse,beka icala,beskuldig,Latola .,isimangalo,kupomera,pomera mhosva
kutalama,vigilant,3.0,Positive,Verbe,vigilant,-phaphalisa,waaksaam,Go phafoga .,phaphili,vakasvinura,wakangwarira
kuangata,prendre,3.0,Positive,Verbe,take,hlalela,neem,tšea,thatha,tora,take
kubenga,refuser,-5.0,Negative,Verbe,refuse,ala,weier,gana,inyikima,ramba,kuramba
kunanga,aimer,3.0,Positive,Verbe,to like,uzothanda,te hou,go rata .,ukuthanda,kuda,kuda
kuheta,reception,3.0,Positive,Verbe,reception,ihhovisi elamukela izivakashi ehhotela,ontvangs,boamogelabaeng,ukwamkelwa,kugamuchira,kugamuchira
kusambila,prier,3.0,Positive,Verbe,pray,cela,bid,rapela,thandaza,Namata,nyengeterai
kuenzabibi,pecher,-3.0,Negative,Verbe,sin,ona,sonde,Sebe .,isono,Chivi,chivi
kuyisha,precher,3.0,Positive,Verbe,preach,shumayela,preek,Rerella .,Shumayela,paridza,paridza
kumanyisha,informer,3.0,Positive,Verbe,inform,tshela,inlig,tsebiša,yazisa,zivisa,zivisa
kuamba,communiquer,3.0,Positive,Verbe,communicate,tshela,kommunikeer,kgokagana,nxibelelana,tauriranai,communication
kuhecha,offrir,3.0,Positive,Verbe,to offer,ukunikela,te bied,go fana ka tlhagiso .,ukunikeza,kupa,kupa
kunyingalaja,offenser,3.0,Positive,Verbe,offend,ona,aanstoot gee,Go kgopiša .,khubekisa,kugumbura,kugumbura
kumbuka,quitter,-4.0,Negative,Verbe,to leave,ukuhamba,om te vertrek,go tloga .,ukuhamba,kusiya,kuenda
kututa,frapper,-3.0,Negative,Verbe,hit,shaya,tref,betha,hit,rova,hit
kozola,dessiner,3.0,Positive,Verbe,draw,dweba,teken,thala,zoba,Dhirowa,draw
bubanji,richesse,4.0,Positive,Mot,wealth,ingcebo,rykdom,lehumo,ubutyebi,Pfuma,upfumi
disanka,joie,3.0,Positive,Mot,joy,injabulo,vreugde,boipshino,uvuyo,Mufaro,mufaro
lukinu,haine,-3.0,Negative,Mot,hate,ukuzonda,haat,hloya,intiyo,kuvenga,hate
ciji,mechant,-4.0,Negative,Mot,wicked,-bi,goddelose,bokgopo,ongendawo,Wakaipa,akaipa
kutuma,envoyer,3.0,Positive,Verbe,send,thuma,stuur,romela,thumela,Tumira,send
kuambulula,repeter,3.0,Positive,Verbe,repeat,phinda,herhaal,bušeletša,phinda,dzokorora,dzokorora
kusokoka,cacher,-3.0,Negative,Verbe,hide,bhaca,wegsteek,fihla,fihla,kuvanda,hide
kuleja,exposer,3.0,Positive,Verbe,expose,dalula,blootlê,bonagatša,chaza,kufumura,expose
nkuasa,chaise,3.0,Positive,Verbe,chair,isihlalo,stoel,setulo,isitulo,chigaro,chair
katambua,tabourer,3.0,Positive,Mot,plow,hlakula,ploeg,Mogoma .,ukulima,kurima,gejo
kukola,grandire,3.0,Positive,Verbe,grow,thuthuka,groei,gola,kukhula,kukura,kukura
kupueka,desandre,3.0,Positive,Verbe,desandre,iderande,desandre,Desandre .,I-Dedredre,desandre,desandre
kualukila,reguler,3.0,Positive,Verbe,regulate,beka umthetho wenqubo,reguleer,Laola .,lawula,dzora,regulate
meji,sagesse,3.0,Positive,Mot,wisdom,ubuhlakani,wysheid,bohlale,Ubulumko,Uchenjeri,uchenjeri
dinanga,amour,3.0,Positive,Mot,love,thanda,liefde,lerato,uthando,rudo,rudo
lungenji,intelligence,3.0,Positive,Mot,intelligence,ubuhlakani,intelligensie,bohlodi,ubukrelekrele,kungwara,njere
kudila,pleurer,-3.0,Negative,Verbe,cry,memeza,huil,lla,khala,kuchema,kuchema
cibuta,sac,3.0,Positive,Mot,bag,isikhwama,sak,mokotla,ibhegi,bhegi,bag
citendelelu,eglise,5.0,Positive,Mot,church,isonto,kerk,kereke,icawe,Chechi,chechi
lumuenu,miroir,4.0,Positive,Mot,mirror,isibuko,spieël,seipone,isibuko,girazi,girazi
kulombola,diriger,2.0,Positive,Verbe,direct,qondisa,direk,lebiša,ngqo,zvakananga,zvakananga
kutela,proclamer,4.0,Positive,Verbe,proclaim,memezela,verkondig,Tsebang phatlalatsa .,vakalisa,Daidzirai,paridzai
kukumbaja,ajouter,6.0,Positive,Verbe,add,enezelela,byvoeg,hlakanya,yongeza,wedzera,wedzera
kuheja,saboter,-5.0,Negative,Verbe,sabotage,ukuketula,sabotasie,Sabotage .,i-sabotage,Sabotage,sabotage
kulongolola,preparer,6.0,Positive,Verbe,prepare,lungiselela,voorberei,beakanya,lungiselela,gadzirira,gadzirira
kuinyika,Motmer,3.0,Positive,Verbe,Motmer,Umhumushi,Motmer,Motmer .,Umzobo,Motmer,Motmer
kuiba,voler,-2.0,Negative,Verbe,fly,ndiza,vlieg,fofa,bhabha,bhururuka,fly
kuangatulula,reprendre,5.0,Positive,Verbe,to resume,Ukuqhubeka kabusha,te hervat,Go thoma gape .,ukuphinda uqalise,kutangazve,kutangazve
terminer,finir,4.0,Positive,Verbe,finish,pheza,klaarmaak,fetša,gqiba,kupedzisa,finish
cilongelu,ecole,6.0,Positive,Mot,school,isikole,skool,sekolo,isikolo,Chikoro,chikoro
kuntetula,copier,3.0,Positive,Verbe,copy,kopisha,kopieer,Khopi .,ikopi,kopi,kopi
kukehecha,diminuer,-3.0,Negative,Verbe,decrease,nciphisa,afneem,fokotša,ukwehla,kuderera,kuderedza
kuambula,transporter,3.0,Positive,Verbe,carry,thwala,dra,rwala,phatha,takura,takura
machinyi,vehucule,4.0,Positive,Mot,vehicle,into yokuhamba,voertuig,senamelwa,imoto,mota,motokari
kusambuka,traverser,4.0,Positive,Verbe,to cross,ukuwela,om oor te steek,go tshela .,ukuwela,kuyambuka,kuyambuka
cilamba,pont,3.0,Positive,Mot,bridge,ibhuloho,brug,leporogo,ibhulorho,bhiriji,zambuko
kuikila,atterir,4.0,Positive,Verbe,land,izwe,grond,naga,umhlaba,ivhu,land
cisumbu,groupe,5.0,Positive,Mot,band,isibopho,band,lepanta,band,bhendi,band
mukanda,livre,4.0,Positive,Mot,book,ibhuku,boek,puku,incwadi,Bhuku,bhuku
mukandawanzambi,bible,3.0,Positive,Mot,Bible,IBhayibheli,Bybel,Beibele .,Ibhayibhile,Bhaibheri,Bhaibheri
kusangisha,ransembler,3.0,Positive,Verbe,gather,hlangana,versamel,kgoboketša,uqokelela,Unganidza,unganidza
kuakaja,nettoyer,4.0,Positive,Verbe,to clean,Ukucoca,om skoon te maak,Go Hlwekiša .,ukucoca,kuchenesa,kuchenesa
kuteka,placer,4.0,Positive,Verbe,place,beka,plek,lefelo,indawo,nzvimbo,nzvimbo
kubusha,enlever,3.0,Positive,Verbe,to remove,ukususa,te verwyder,Go Tlosa .,ukususa,kubvisa,kubvisa
kunvuala,porter,2.0,Positive,Verbe,to carry,ukuthwala,te dra,go rwala .,ukubamba,kutakura,kutakura
kuimba,chanter,4.0,Positive,Verbe,sing,cula,sing,opela,cula,imba,sing
kuiba,voler,-3.0,Negative,Verbe,fly,ndiza,vlieg,fofa,bhabha,bhururuka,fly
kushituluka,changer,5.0,Positive,Verbe,to change,ukushintsha,te verander,go fetoga .,ukutshintsha,kuchinja,kuchinja
kueza,faire,4.0,Positive,Verbe,TO DO,OKUZO KWENZIWA,OM TE DOEN,go dira .,UKWENZA,Kuita,KUITA
kuya,Aller,3.0,Positive,Verbe,Go,Hamba ngemoto,Gaan,Eya,Yiya,Enda,Enda
kunanga,Aimer,3.0,Positive,Verbe,To like,Uzothanda,Om van te hou,go rata .,Ukuthanda,Kuda,Kuda
kudia,Manger,3.0,Positive,Verbe,Eat,-Dla,Eet,Ja,Yitya,Idya,Eat
kunua,Boire,4.0,Positive,Verbe,Drink,Phuza,Drink,Nwa,Isiselo,Kunwa,Inwai
kuimba,Chanter,5.0,Positive,Verbe,Sing,Cula,Sing,Opela,Cula,Imba,Imbai
kuja,Danser,5.0,Positive,Verbe,To dance,Ukudansa,Om te dans,go bina .,Ukudanisa,Kutamba,Kutamba
kulonga,Étudier,5.0,Positive,Verbe,To study,Ozokufunda,Om te studeer,go ithuta .,Ukufunda,Kudzidza,Kudzidza
kuakula,Parler,5.0,Positive,Verbe,Talk,Shumayela,Praat,Bolela,Thetha,Taura,Taura
kuteleja,Écouter,3.0,Positive,Verbe,Listen,Beka indlebe,Luister,Theeletša,Mamela,Teerera,Teerera
kutangila,Regarder,2.0,Positive,Verbe,Look,Bheka,Kyk,Lebelela,Jonga,Tarisa,Tarisa
kufunda,Écrire,2.0,Positive,Verbe,To write,Ukubhala,Om te skryf,Go ngwala .,Ukubhala,Kunyora,Kunyora
kunyema,Courir,1.0,Positive,Verbe,Run,Gijima,Hardloop,Kitima,Baleka,Kumhanya,Mhanyai
kuenda,Marcher,1.0,Positive,Verbe,To walk,Ukuhamba,Om te loop,Go sepela .,Ukuhamba,Kufamba,Kufamba
kutumpika,Sauter,3.0,Positive,Verbe,Jump,Gxuma,Spring,Tshela,Xhuma,Kusvetuka,Jump
kuiba,Voler,-4.0,Negative,Verbe,Fly,Ndiza,Vlieg,Fofa,Bhabha,Bhururuka,Fly
kowela,Nager,4.0,Positive,Verbe,Swim,Bhukuda,Swem,Rutha,Ukuqubha,Shambira,Swim
shinga,file,2.0,Positive,Mot,file,ifayili,lêer,faele,ifayile,faira,file
kubuka,Voyager,2.0,Positive,Verbe,To travel,Uuku ngcebeleka,Om te reis,Go sepela .,Ukuhamba,Kufamba,Kufamba
kubabidila,Prévoir,1.0,Positive,Verbe,To expect,Ukulindela,Om te verwag,Go letela .,Ukulindela,Kutarisira,Kutarisira
kuidila,Attendre,3.0,Positive,Verbe,To wait for,Ukulinda,Om te wag,go leta .,Ukulinda,Kumirira,Kumirira
kuakidila,Embrasser,3.0,Positive,Verbe,To kiss,Ukuqabula,Om te soen,go atlana .,Ukwanga,Kutsvoda,Kutsvoda
kusela,Épouser,4.0,Positive,Verbe,Marry,Gcagca,Trou,Nyala .,Tshata,Roora,Kuroora
kuedesha,Conduire,3.0,Positive,Verbe,To drive,Ukushayela,Om te bestuur,Go otlela .,Ukuqhuba,Kutyaira,Kutyaira
tshibuta,sac,4.0,Positive,Mot,bag,isikhwama,sak,mokotla,ibhegi,bhegi,bag
kuloba,Pêcher,4.0,Positive,Verbe,Sin,Ona,Sonde,Sebe .,Isono,Chivi,Chivi
kulota,Rêver,3.0,Positive,Verbe,Dream,Iphupha,Droom,Toro,Iphupha,Kurota,Dream
kuindila,Attendre,2.0,Positive,Verbe,To wait for,Ukulinda,Om te wag,go leta .,Ukulinda,Kumirira,Kumirira
kuitaba,Croire,1.0,Positive,Verbe,Believe,Kholelwa,Glo,Dumela,Kholwa,Tenda,Tenda
kuakidila,Recevoir,3.0,Positive,Verbe,Receive,Thola,Ontvang,Amogela,Yamkela,Gamuchira,Gamuchira
kufila,Donner,3.0,Positive,Verbe,Give,Khangeza,Gee,Fa,Nika,Ipa,Give
kupeta,Avoir,3.0,Positive,Verbe,To have,Ukuba nakho,Om te hê,go ba le .,Ukufumana,Kuva,Kuva
kuikala,Être,3.0,Positive,Verbe,Be,Yiba,Wees,Go ba,Yiba,Be,Iva
kueza,Faire,3.0,Positive,Verbe,Do,Enza,Doen,Dira,Yenza,Ita,Do
kuakidila,Accueillir,3.0,Positive,Verbe,To welcome,Ukwamukela,Om te verwelkom,go amogela .,Wamkelekile,Kugamuchira,Kugamuchira
kusomba,Louer,2.0,Positive,Verbe,To rent out,Ukuqasha,Om uit te verhuur,Go hira .,Ukuqesha ngaphandle,Kubvarura,Kuroja
kubandisha,Elever,3.0,Positive,Verbe,Raise,Phakamisa,Verhoog,Godiša,Phakamisa,Simudza,Simudzai
kumanya,Savoir,2.0,Positive,Verbe,Know,Bona,Weet,Tseba,Yazi,Ziva,Ziva
kulua,Venir,3.0,Positive,Verbe,Come,Woza,Kom,Tla,Yiza,Huya,Uya
kuya,Partir,2.0,Positive,Verbe,Leave,Shiya,Los,Tloga,Shiya,Zivisa,Siya
kualukila,Rentrer,2.0,Positive,Verbe,To return,Ukubuya,Om terug te keer,go boela morago .,Ukubuya,Kudzoka,Kudzokera
kulopoka,Sortir,4.0,Positive,Verbe,To go out,Ukuphuma,Om uit te gaan,Go tšwa .,Ukuphuma,Kubuda,Kubuda
kuangula,Découvrir,3.0,Positive,Verbe,Discover,Thola,Ontdek,Utolla,Fumanisa,Tsvaga,Discover
kufuka,Inventer,4.0,Positive,Verbe,Invent,Enzaka,Uitvind,Hlama,Yila,Gadzira,Invent
kuibaka,Construire,3.0,Positive,Verbe,Build,Akha,Bou,Aga,Yakha,Kuvaka,Vaka
kabubula,Détruire,-3.0,Negative,Verbe,Destroy,Bulala,Vernietig,Senya,Utshabalalisa,Paradza,Paradzai
kukosa,Casser,-3.0,Negative,Verbe,To break,Uzophula,Om te breek,Go thuba .,Ukwephula,Kuputsa,Kutyora
kukepesha,Réduire,-4.0,Negative,Verbe,Reduce,Phungula,Verminder,Fokotša,Ukunciphisa,Kuderedza,Deredza
kuvua,Comprendre,3.0,Positive,Verbe,To understand,Ukuqondisisa,Om te verstaan,go kwešiša .,Ukuqonda,Kunzwisisa,Kunzwisisa
kulonga,Apprendre,4.0,Positive,Verbe,Learn,Funda,Leer,Ithuta,Funda,Dzidza,Dzidza
kulongesha,Enseigner,4.0,Positive,Verbe,Teach,Fundisa,Leer,Ruta,Fundisa,Dzidzisa,Dzidzisai
kelesha,Proposer,3.0,Positive,Verbe,To propose,Ukuphakamisa,Om voor te stel,Go šišinya .,Ukuphakamisa,Kuraira,To propose
kubenga,Refuser,-3.0,Negative,Verbe,Refuse,Ala,Weier,Gana,Inyikima,Ramba,Ramba
kusungula,Choisir,3.0,Positive,Verbe,Choose,Qoka,Kies,Kgetha,Khetha,Sarudza,Sarudza
kuva,Écouter,5.0,Positive,Verbe,Listen,Beka indlebe,Luister,Theeletša,Mamela,Teerera,Teerera
kumona,Observer,2.0,Positive,Verbe,Observe,Phawula,Neem waar,Lemoga,Qaphela,Cherechedza,Cherechedza
kuelalungenyi,Réfléchir,3.0,Positive,Verbe,To reflect on,Ukucabanga ngakho,Om oor na te dink,go naganišiša ka .,Ukucingisisa,Kufungisisa,Kufungisisa
kudikonkoloja,Méditer,1.0,Positive,Verbe,Meditate,Cabanga ujule,Mediteer,Naganišiša .,Camngca,Fungisisa,Fungisisa
mutelu,Chémise,5.0,Positive,Verbe,Shirt,Ihembe,Hemp,Gempe,Ihempe,Shirt,Shirt
makasa,Pieds,3.0,Positive,Verbe,Feet,Amale,Voete,Maoto,Iinyawo,Tsoka,Tsoka
kutekemena,Espérer,2.0,Positive,Verbe,Hope,Ithemba,Hoop,Kholofelo,Ithemba,Tariro,Hope
kuseka,Sourire,6.0,Positive,Verbe,Smile,Ukumamatheka,Glimlag,Myemyela,Uncumo,Kunyemwerera,Smile
kudila,Pleurer,-3.0,Negative,Verbe,Cry,Memeza,Huil,Lla,Khala,Kuchema,Chema
kukenya,Rire,4.0,Positive,Verbe,Laugh,Gigitheka,Lag,Sega,Hleka,Kuseka,Seka
kuelalubila,Crier,3.0,Positive,Verbe,Shout,Memeza,Skree,Goeletša,Khwaza,Pururudza,Shevedzera
kunungana,Chuchoter,-4.0,Negative,Verbe,Whisper,Nyenyeza,Fluister,Hwenahwena,Whisper,Whisper,Zevezera
kumanisha,Communiquer,2.0,Positive,Verbe,Communicate,Tshela,Kommunikeer,Kgokagana,Nxibelelana,Tauriranai,Kurukurai
kuvuija,Expliquer,5.0,Positive,Verbe,Explain,Chasisa,Verduidelik,Hlaloša,Chaza,Tsanangura,Tsanangura
kutubisha,Célébrer,4.0,Positive,Verbe,Celebrate,Gubha,Vier,Keteka,Bhiyozela,Pemberera,Pemberera
kututabikashi,Applaudir,2.0,Positive,Verbe,Applaud,Halalisa,Applous,Go opa diatla .,I-applaud,Zvirongwa,Kuombera maoko
kuitaba,Supporter,2.0,Positive,Verbe,Support,Singatha,Ondersteuning,Thekga,Inkxaso,Tsigiro,Support
kubenga,Contester,4.0,Positive,Verbe,Challenge,Cela,Uitdaging,Tlhotlo,Umngeni,DAMBUDZIKO,Dambudziko
kuditshipa,Jurer,6.0,Positive,Verbe,Swear,Thuka,Sweer,Ikana,Ukufunga,Kupika,Kupika
kushima,Mentir,-4.0,Negative,Verbe,Lie,Ginqika,Lieg,Maaka,Ubuxoki,Kunyepa,Nhema
kuyukila,Dire,3.0,Positive,Verbe,Say,Khuluma,Sê,Bolela,Yithi,Taura,Say
kulonda,Raconter,2.0,Positive,Verbe,Tell,Tshela,Vertel,Botša,Xelela,Taura,Taura
suki,Cheveux,6.0,Positive,Mot,Hair,Uboya,Hare,Moriri,Iinwele,Bvudzi,Bvudzi
kubikila,Appeler,2.0,Positive,Verbe,To call,Ukushayela ucingo,Om te bel,go bitša .,Ukubiza,Kufona,Kufona
kuepuka,Eviter,5.0,Positive,Verbe,Avoid,Xwaya,Vermy,Efoga,Kunqande,Dzivisa,Dzivisa
kuakidila,Accueillir,2.0,Positive,Verbe,To welcome,Ukwamukela,Om te verwelkom,go amogela .,Wamkelekile,Kugamuchira,Kugamuchira
kuelamoyi,Saluer,1.0,Positive,Verbe,Greet,Thakazela,Groet,Dumediša,Ubulisa,Kukwazisa,Kwazisai
kukelesha,Encourager,4.0,Positive,Verbe,Encourage,Khuthaza,Moedig aan,Hlohleletša,Khuthaza,Kurudzira,Kurudzirai
kukoleshangala,Consoler,2.0,Positive,Verbe,Console,Ikhonsoli,Konsole,Console .,Ikhonkco,Console,Console
kueza,Agir,3.0,Positive,Verbe,Act,Dlala,Wet,Molao,Isenzo,Chiito,Act
kuadamuna,Réagir,5.0,Positive,Verbe,React,Phendula,Reageer,React .,Phendula,Ita,React
suki,Cheveux,3.0,Positive,Mot,Hair,Uboya,Hare,Moriri,Iinwele,Bvudzi,Bvudzi
kukubaja,Accomplir,3.0,Positive,Verbe,Accomplish,Feza,Voltooi,Fihlelela,Phumeza,Zadzisa,Pedzisa
kueza,Réaliser,4.0,Positive,Verbe,Realize,Bona,Besef,Lemoga,Qaphela,Ziva,Ziva
kukuata,Réussir,3.0,Positive,Verbe,Succeed,Phumelela,Sukses,Atlega,Phumelela,Budirira,Succeed
kubula,Échouer,-3.0,Positive,Verbe,Fail,Phutha,Misluk,Palelwa,Usilele,Kutadza,Fail
kulongolo,Améliorer,3.0,Positive,Verbe,Improve,Thuthukisa,Verbeter,Kaonafala,Phucula,Kunatsiridza,Vandudza
kushituluka,Changer,5.0,Positive,Verbe,To change,Ukushintsha,Om te verander,go fetoga .,Ukutshintsha,Kuchinja,Kuchinja
kukudimuna,Transformer,2.0,Positive,Verbe,Transform,Shintsha,Transformeer,Phetogo ya phetošo .,Tshintsha,Shandura,Shandura
kushitulula,Modifier,3.0,Positive,Verbe,To modify,Ukuguqula,Om te wysig,go fetola .,Ukuguqula,Kugadziridza,To modify
kukukuila,Adorer,5.0,Positive,Verbe,Worship,Dumisa,Aanbidding,Tumiša,Unqulo,Kunamata,Kunamata
kukina,Détester,-4.0,Negative,Verbe,Hate,Ukuzonda,Haat,Hloya,Intiyo,Kuvenga,Ruvengo
kushebula,Ignorer,-4.0,Negative,Verbe,Ignore,Nganaki,Ignoreer,Hlokomologa,Ukungahoyi,Hanya,Ignore
kumanyinula,Reconnaître,3.0,Positive,Verbe,Recognize,Khumbula,Herken,Lemoga,Qaphela,Ziva,Ziva
kuanyisha,Admirer,2.0,Positive,Verbe,Admire,Thanda,Bewonder,Kgahlega,Vuma,Admire,Admire
kunemeka,Respecter,1.0,Positive,Verbe,Respect,Hlonipha,Respek,Hlompha,Imbeko,Remekedza,Respect
Mujilu,Artère,4.0,Positive,Mot,Artery,Umthambo wegazi,slagaar,mothapo wa mothapo .,Ubugcisa,Artery,Artery
Muedi,Barbe,4.0,Positive,Mot,Beard,Intshebe,Baard,Ditedu,Iindevu,Ndebvu,Ndebvu
Mukana,Bouche,2.0,Positive,Mot,Mouth,Umlomo,Mond,Molomo,Umlomo,Muromo,Muromo
Diboko,Bras,5.0,Positive,Mot,Arm,Hlomisa,Arm,Letsogo,Ingalo,Ruoko,Arm
Bongo,Cerveau,3.0,Positive,Mot,Brain,Ingqondo,Brein,Bjoko,Ingqondo,Uropi,Brain
Lusuki,Cheveu,2.0,Positive,Mot,Hair,Uboya,Hare,Moriri,Iinwele,Bvudzi,Bvudzi
Kampombe,Cheville,5.0,Positive,Mot,Ankle,Isinqe,Enkel,Kokoilane,I-ankle,Ankle,Ankle
Lukofi,Cil,3.0,Positive,Mot,Eyelash,Ukhophe,Wimper,Eyelash .,Iliso,Eyelash,Eyelash
Muoyo,Cœur,5.0,Positive,Mot,Heart,Inhliziyo,Hart,Pelo,Intliziyo,Moyo,Mwoyo
Muongo,Colonnevertebrale,3.0,Positive,Mot,Spine,Umgogodla,Ruggraat,Mokokotlo wa .,I-spine,Musana,Muzongoza
Mbidi,Corps,6.0,Positive,Mot,Body,Umzimba,Liggaam,Mmele,Umzimba,Muviri,Muviri
Lubadi,Cote,4.0,Positive,Mot,Side,Usebe,Kant,Lehlakore,Icala,Padivi,Side
Nsingu,Cou,3.0,Positive,Mot,Neck,Intamo,Nek,Molala,Intamo,Mutsipa,Neck
Tshibalubalu,Crane,6.0,Positive,Mot,Skull,Ithambo lekhanda,Skedel,Lehata .,Skill,Dehenya,Dehenya
Lukenyibu,Coude,3.0,Positive,Mot,Elbow,Indololwane,Elmboog,Setšu,Lbow,Elbow,Gokora
Tshibelo,Cuissse,2.0,Positive,Mot,Thigh,Ithanga,Bobeen,Serope,Ithanga,Chidya,Chidya
Dino,Dent,1.0,Positive,Mot,Tooth,Izinyo,Tand,Leino,Izinyo,Zino,Zino
Munu,Doingt,1.0,Positive,Mot,Finger,Umunwe,Vinger,Monwana,Umnwe,Chigunwe,Finger
Dikaya,Epaule,1.0,Positive,Mot,Shoulder,Igxalaba,Skouer,Legetla,Igxalaba,Pfudzi,Shoulder
Tshifu,Estomac,3.0,Positive,Mot,Stomach,Isisu,Maag,Dimpa,Isisu,Dumbu,Dumbu
Ditaku,Fesse,4.0,Positive,Mot,Buttock,Isinqe,Boudjie,Marago .,I-buttock,Buttock,Buttock
Mutshima,Foie,3.0,Positive,Mot,Liver,Isibindi,Lewer,Sebete,Isibindi,Chiropa,Chiropa
Mpala,Front,3.0,Positive,Mot,Forehead,Imvelelo,Voorkop,Phatla,Ibunzi,Pahuma,Huma
Tshinu,Genou,5.0,Positive,Mot,Knee,Idolo,Knie,Khuru,Idolo,Ibvi,Knee
Muminu,Gorge,5.0,Positive,Mot,Throat,Umphimbo,Keel,Mogolo,Umqala,Pahuro,Huro
Lukundu,Hanche,2.0,Positive,Mot,Hip,Inqulu,Heup,Noka,Hip,Hip,Hip
Dila,Intestin,2.0,Positive,Mot,Intestine,Izibilini,Derm,Mala .,Amathumbu,Mudumbu,Intestine
Mukolo,Jambe,5.0,Positive,Mot,Leg,Umlenze,Been,Leoto,Umlenze,Gumbo,Gumbo
Ditama,Joue,2.0,Positive,Mot,Plays,Idlala,Toneelstukke,Dipapadi tša go bapala .,Imidlalo,Anotamba,Mitambo
Ludimi,Langue,2.0,Positive,Mot,Language,Ulimi,Taal,Polelo,Ulwimi,Mutauro,Mutauro
Tshinsonyi,Larme,5.0,Positive,Mot,Tear,Ukudabula,Skeur,Gagola,Iinyembezi,Misodzi,Tear
Mushiku,Lèvre,6.0,Positive,Mot,Lip,Udebe,Lip,Molomo .,Imilebe,Muromo,Lip
Lubanga,Machoire,4.0,Positive,Mot,Jaw,Umhlathi,Kaakbeen,Mohlagare,Hlathi,Shaya,Rushaya
Lubanga,Menton,4.0,Positive,Mot,Chin,Isilevu,Ken,Seledu,Chin,Chin,Chin
Musunyi,Muscle,3.0,Positive,Mot,Muscle,Isicubu,Spier,Mošifa,Umsipha,Tsandanyama,Tsandanyama
Bongo,Nerf,2.0,Positive,Mot,Nerve,Umuzwa,Senuwee,methapo ya kutlo .,I-nerve,Nerve,Nerve
Diulu,Nez,2.0,Positive,Mot,Nose,Ikhala,Neus,Nko,Impumlo,Mhino,Nose
Muofo,Motbrile,5.0,Positive,Mot,Motbrile,Umhambisi,Motbriel,Motbrile .,Motbble,Motbrile,Motbrile
Muanawankasa,Orteil,3.0,Positive,Mot,Toe,Uqukula,Toe,Monwana wa leoto .,Toe,Toe,Toe
Mufuba,Os,2.0,Positive,Mot,Bone,Ithambo,Been,Lerapo,Ithambo,Pfupa,Bone
Tshilafinyeb,Paupière,6.0,Positive,Mot,Eyelid,Ijwabu leso,Ooglid,Lephego la mahlo .,I-eyelid,Eyelid,Eyelid
Dikoba,Peau,5.0,Positive,Mot,Skin,Isikhumba,Vel,Letlalo,Ulusu,Ganda,Ganda
Dikasa,Pied,8.0,Positive,Mot,Foot,Unyawo,Voet,Leoto,Inyawo,Tsoka,Tsoka
Nshingu,Poignet,9.0,Positive,Mot,Wrist,Isihlakala,Pols,Letheka,I-wrist,Wrist,Wrist
Dikoma,Poing,4.0,Positive,Mot,Fist,Inqindi,Vuis,Seatla sa go swara seatla .,Inqindi,Chibhakera,Chibhakera
Tshiadi,Pouce,2.0,Positive,Mot,Thumb,Ugquza,Duim,Monwana o mogolo,Isithupha,Chigunwe,Chigunwe
Mijilu,Pouls,1.0,Positive,Mot,Pulse,Ukushaya komthambo,Polsslag,Pulse .,Pulse,Pulse,Pulse
Tshisulusulu,Poumon,6.0,Positive,Mot,Lung,Iphaphu,Long,Maswafo .,Imiphunga,Mapapu,Lung
Konyi,Rein,7.0,Positive,Mot,Kidney,Insonge yasolwandle,Nier,Pshio,Izintso,Itsvo,Kidney
Munyengu,Ride,5.0,Positive,Mot,Wrinkled,Ehlanganiswe,Gerimpeld,Wrinkled .,Icinyiwe,Akapwanyika,Wrinkled
Mate,Salive,3.0,Positive,Mot,Saliva,Amathe,Speeksel,Mathe a .,Amathe,Mate,Mate
Dibele,Sein,7.0,Positive,Mot,Breast,Isibele,Bors,Letswele,Ibele,Mazamu,Zamu
Dikiki,Sourcil,4.0,Positive,Mot,Eyebrow,Ishiya,Wenkbrou,Eyebrow .,Iliso,Eyebrow,Tsiye
Bitoyikoyi,Squelette,3.0,Positive,Mot,Skeleton,Uphahla lomzimba,Geraamte,Lerapo la marapo .,Ithambo,Skeleton,Skeleton
Tshisululu,Sueur,4.0,Positive,Mot,Sweat,Juluka,Sweet,Sethitho,Ukubila,Ziya,Ziya
Tshikankanya,Talon,4.0,Positive,Mot,Heel,Isithende,Hak,Serethe .,Isithende,Chitsitsinho,Chitsitsinho
Mujilu,Veine,2.0,Positive,Mot,Vein,Umthambo,Aar,Mothalo .,Umthambo,Vein,Vein
Difu,Ventre,6.0,Positive,Mot,Belly,Isisu,Maag,Mpa,Isisu,Dumbu,Belly
Mpala,Visage,4.0,Positive,Mot,Face,Ubuso,Gesig,Sefahlogo,Ubuso,Chiso,Face
Dinda,Matin,3.0,Positive,Mot,Morning,Ekuseni,Oggend,Mesong,Ntseni,Mangwanani,Mangwanani
Mujalamuwadida,Midi,6.0,Positive,Mot,Noon,Imini,Middag,Mosegare,Emini,Masikati,Masikati
Dilolo,Soir,4.0,Positive,Mot,Evening,Kusihlwa,Aand,Mantšiboa,Ngokuhlwa,Manheru,Manheru
Bufuku,Nuit,-4.0,Negative,Mot,Night,Ubusuku,Nag,Bošego,Busuku,Husiku,Husiku
Dituku,Jour,3.0,Positive,Mot,Day,Usuku,Dag,Letšatši,Usuku,Zuva,Zuva
Lubingu,Semaine,2.0,Positive,Mot,Week,Isonto,Week,Beke,Iveki,Vhiki,Vhiki
Ngondo,Mois,1.0,Positive,Mot,Month,Inyanga,Maand,Kgwedi,Inyanga,Mwedzi,Mwedzi
Tshidimu,Anneé,2.0,Positive,Mot,Year,Unyaka,Jaar,Ngwaga,Unyaka,Gore,Gore
Munute,Minute,7.0,Positive,Mot,Minute,-Nci,Minuut,Motsotso,Mzuzu,Mineti,Mineti
Dida,Heure,8.0,Positive,Mot,Hour,Ihora,Uur,Iri,Yure,Awa,Awa
Makelele,Hier,9.0,Positive,Mot,Yesterday,Izolo,Gister,Maabane,Izolo,Nezuro,Nezuro
Lelo,Aujourd'hui,4.0,Positive,Mot,Today,Namhlanje,Vandag,Lehono,Namhlanje,Nhasi,Nhasi
Makelela,Demain,3.0,Positive,Mot,Tomorrow,Kusasa,Môre,Gosasa,Ngomso,Mangwana,Mangwana
Dimwe,Lundi,2.0,Positive,Mot,Monday,UMsombuluko,Maandag,Mošupologo,uMvulo,Muvhuro,Muvhuro
Dibiidi,Mardi,5.0,Positive,Mot,Tuesday,ULwesibili,Dinsdag,Labobedi,uLwesibini,Chipiri,Chipiri
Disatu,Mercredi,8.0,Positive,Mot,Wednesday,OLwesithathu,Woensdag,Laboraro,uLwesithathu,Chitatu,Chitatu
Dinayi,Jeudi,4.0,Positive,Mot,THURSDAY,ULwesine,DONDERDAG,LABONE,ULWESINE,CHINA,CHINA
Ditanu,Vendredi,3.0,Positive,Mot,Friday,Olwesihlanu,Vrydag,Labohlano,uLwesihlanu,Chishanu,Chishanu
Disambombo,Samedi,2.0,Positive,Mot,SATURDAY,UMgqibelo,SATERDAG,MOKIBELO,UMGQIBELO,MUGOVERA,MUGOVERA
Lumingu,Dimanche,3.0,Positive,Mot,Sunday,ISonto,Sondag,Sontaga,iCawe,Svondo,Svondo
Nyama,Animal,2.0,Positive,Mot,Animal,Isilwane,Dier,Phoofolo,Isilwanyana,Mhuka,Mhuka
Lubulubulu,Abeille,5.0,Positive,Mot,Bee,Inyosi,By,Nosi,Inyosi,Nyuchi,Bee
Muanawamukoko,Agneau,7.0,Positive,Mot,Lamb,inyama yemvu,Lam,Kwana,inyama yegusha,Gwayana,Gwayana
Mukanku,Aigle,7.0,Positive,Mot,Eagle,Ukhozi,Arend,Ntšhu,Ukhozi,Eagle,Gondo
Mpunda,Ane,3.0,Positive,Mot,Donkey,Imbongolo,Donkie,Tonki,Idonki,Mbongoro,Mbongoro
Ntande,Araignée,1.0,Positive,Mot,Spider,Isicabucabu,Spinnekop,Segokgo .,Isigcawu,Spider,Spider
Ntuba,Autruche,2.0,Positive,Mot,Ostrich,Intshe,Volstruis,Mpšhe .,Istrich,Ostrich,Ostrich
Dibata,Canard,2.0,Positive,Mot,Duck,Idada,Eend,Lepelepele,Idada,Dhadha,Dhadha
Kasha,Cerf,5.0,Positive,Mot,Deer,Izidubhu,Hert,Tshepe,Inyamakazi,Nondo,Deer
Mfulansa,Chameau,6.0,Positive,Mot,Camel,Ikameli,Kameel,Kamela .,Inkamela,Ngamera,Ngamera
Mpusu,Chat,7.0,Positive,Mot,Cat,Ikati,Kat,Katse,Ikati,Katsi,Katsi
Kabalo,Cheval,1.0,Positive,Mot,Horse,Ihhashi,Perd,Pere,Ihashe,Bhiza,Bhiza
Mbuji,Chèvre,2.0,Positive,Mot,Goat,Imbuzi,Bok,Pudi,Ibhokhwe,Mbudzi,Mbudzi
Kabwa,Chien,4.0,Positive,Mot,Dog,Inja,Hond,Mpša,Inja,Imbwa,Imbwa
Ngulube,Cochon,5.0,Positive,Mot,Pig,Ingulube,Vark,Kolobe,Ihagu,Nguruve,Nguruve
Nzolo,Coq,6.0,Positive,Mot,Rooster,Iqhude,Haan,Mokoko .,Roster,Jongwe,Jongwe
Lukala,Crabe,4.0,Positive,Mot,Crab,Udoti,Krap,Letlapakgerere,Unonkala,Crab,Gakanje
Tshiula,Crapaud,7.0,Positive,Mot,Toad,Iselesele,Padda,Toad .,Toad,Toad,Toad
Ngandu,Crocodile,7.0,Positive,Mot,Crocodile,Ingwenya,Krokodil,Kwena .,Ingwenya,Gogo,Garwe
Kabundi,Ecureuil,2.0,Positive,Mot,Squirrel,Ingwejeje,Eekhoring,Sehlora,Squirrel,Squirrel,Squirrel
Nzevu,Eléphant,4.0,Positive,Mot,Elephant,Indlovu,Olifant,Tlou,Elephants,Nzou,Nzou
Dilandi,Escargot,3.0,Positive,Mot,Snail,Umnenke,Slak,Kgopa,Inkumba,Sutu,Hozhwa
Kankenene,Fourmi,3.0,Positive,Mot,Ant,Itsheketshe,Mier,Ant .,Imbovane,Svoshwa,Ant
Ngomba,Girafe,5.0,Positive,Mot,Giraffe,Indlulamithi,Kameelperd,Thutlwa .,Indlulamthi,Twiza,Twiza
Nsokumuntu,Gorille,6.0,Positive,Mot,Gorilla,Igorila,Gorilla,Gorilla .,Gorilla,Gorilla,Gorilla
Maleyaya,Malaria,-3.0,Negative,Mot,Malaria,Umalalejayu ngobuqileki,Malaria,Malaria .,Isilamu,Marariya,Malaria
Malunvu,Alcool,-4.0,Negative,Mot,Alcohol,Utshwala,Alkohol,Alkhoholo,Utywala,Doro,Doro
Manga,Fétiche,-3.0,Negative,Mot,Fetish,Fetish,Fetisj,Fetish .,Thambisa,Fetish,Fetish
Ngumu,Information,3.0,Positive,Mot,Information,Ulwazi,Inligting,Tshedimošo,Ulwazi,Ruzivo,Information
Blaba,Sable,6.0,Positive,Mot,Sand,Isihlabathi,Sand,Santa,Isanti,Jecha,Jecha
Buta,Sandre,4.0,Positive,Mot,Zander,Wander,Zander,Zander .,IZander,Zander,Zander
Makuta,Argent,5.0,Positive,Mot,Money,Imali,Geld,Tšhelete,Imali,Mari,Mari
Mamu,Mère,2.0,Positive,Mot,Mother,Umame,Moeder,Mma,Umama,Amai,Amai
Tatu,Père,6.0,Positive,Mot,Father,Uyihlo,Vader,Papa,Utata,Baba,Baba
Dilongesha,Enseignement,7.0,Positive,Mot,Education,Imfundo,Onderwys,Thuto,Imfundo,Dzidzo,Dzidzo
Mulongeshi,enseignant,9.0,Positive,Mot,teacher,uthishela,onderwyser,morutiši,utitshala,Mudzidzisi,mudzidzisi
Kubungama,Tristesse,-4.0,Negative,Mot,Sadness,Ukudabuka,Hartseer,manyami a go nyama .,Usizi,Kusuwa,Kusuwa
Musangu,Oreiller,3.0,Positive,Mot,Pillow,Iphilo,Kussing,Mosamelo,Umqamelo,Pilo,Pillow
Vunda_vunda,Tourbillon,5.0,Positive,Mot,Whirlwind,Shirlwind,Warrelwind,Ledimo la ledimo .,I-whirlwind,Chimbudzi,Chamupupuri
Nvula,Pluie,3.0,Positive,Mot,Rain,Imvula,Reën,Pula,Imvula,Kunaya,Mvura
Bihu,punaise,2.0,Positive,Mot,thumbtack,I-Thumbtack,duimstok,Thumbtack .,thlock,Thumbnack,thumbtack
Songakaji,Jeunefemme,7.0,Positive,Mot,Youngwoman,Thinta,Jongvrou,Mosadi yo mofsa .,Umncinci,MudikiManan,Youngwoman
Songaluma,Jeunehomme,9.0,Positive,Mot,Youngman,Konyana,Jongman,Youngman .,Indoda encinci,Wechidiki,Youngman
Maseba,Oncle,6.0,Positive,Mot,Uncle,Umalume,Oom,Malome,Umalume,Babamunini,Sekuru
tatumukaji,Tante,5.0,Positive,Mot,Aunt,Anti,Tannie,Rakgadi,Umakazi,Tete,Tete
kuenza,Faire,2.0,Positive,Mot,Do,Enza,Doen,Dira,Yenza,Ita,Do
Menyi,Urine,1.0,Positive,Mot,Urine,Umshobingo,Urine,Moroto .,Umchamo,Urini,Weti
Tuasakadila,Merci,5.0,Positive,Mot,THANKS,Ukuthakasela,DANKIE,KE A LEBOGA,ENKOSI,NDATENDA,NDATENDA
Kulala,Dormir,5.0,Positive,Mot,Sleep,Ukulala,Slaap,Robala,Ukulala,Kurara,Rara
KuTuta,Frappe,-4.0,Negative,Mot,Struck,-Gwashisayo,Geslaan,Bethilwe,Wabetha,Akarova,Akarohwa
Kunyungulaka,Tourner,3.0,Positive,Mot,Turn,Phenduka,Draai,Fetoga,Jika,Tendeuka,Tendeuka
KuBâla,Lire,4.0,Positive,Mot,Read,Funda,Lees,Bala,Funda,Verenga,Verenga
KUdia,Manger,2.0,Positive,Mot,Eat,-Dla,Eet,Ja,Yitya,Idya,Eat
Disama,Maladie,-2.0,Negative,Mot,Disease,Isifo,Siekte,Bolwetši,Isifo,Chirwere,Chirwere
Ufua,Mort,-3.0,Negative,Mot,Dead,-Fileyo,Dood,Hlokofetše,Ufile,Akafa,Vakafa
Mufua,Décédée,-1.0,Negative,Mot,Deceased,-Shonileyo,Oorlede,Mohu,Nkcizi,Akafa,Akafa
Nkenena,Fourmis,5.0,Positive,Mot,Ants,Amashefa,Miere,Ditšhošwane .,Iimbovane,Masvosve,Masvosve
Kanyunyi,Oiseau,3.0,Positive,Mot,Bird,Inyoni,Voël,Nonyana,Intaka,Shiri,Shiri
Mubuluka,Fou,-4.0,Negative,Mot,Mad,Phambeneyo,Mal,Gafa,Hlanya,Kupenga,Mad
Mubanji,Riche,4.0,Positive,Mot,Rich,Nothile,Ryk,Humile,Sisityebi,Mupfumi,Mupfumi
Musedibua,Marier,2.0,Positive,Mot,Marry,Gcagca,Trou,Nyala .,Tshata,Roora,Kuroora
Kalulu,Lapin,3.0,Positive,Mot,Rabbit,Unogwaja,Konyn,Mmutla,Umvundla,Tsuro,Tsuro
Dikalu,Vélo,7.0,Positive,Mot,Bike,Ibhanoyi,Fiets,Paesekela,Ibhayisekile,Bhasikoro,Bhasikoro
Bowa,Peur,-4.0,Negative,Mot,Fear,Ukwesaba,Vrees,Tšhoga,Uloyiko,Kutya,Kutya
Boowa,Champignons,9.0,Positive,Mot,Mushrooms,Amakhowe,Sampioene,Di-mushroom .,Amakhowa,Howa,Howa
Diba,Heure,4.0,Positive,Mot,Hour,Ihora,Uur,Iri,Yure,Awa,Awa
Kaheji,Saboté,-5.0,Negative,Mot,Sabotaged,-Chithiwe,Gesaboteer,Sabotaged .,I-sabotiment,Sabotday,Kuparadza
Mukana,Bouche,4.0,Positive,Mot,Mouth,Umlomo,Mond,Molomo,Umlomo,Muromo,Muromo
Dingeya,Mangue,6.0,Positive,Mot,Mango,i-Mango,Mango,Mango .,imango,Mango,Mango
NtaMbua,lion,9.0,Positive,Mot,lion,ingonyama,leeu,tau,ingonyama,shumba,shumba
Soku,Singe,5.0,Positive,Mot,Monkey,Inkawu,Aap,Kgabo,Inkawu,Monkey,Tsoko
Zevu,Eléphant,3.0,Positive,Mot,Elephant,Indlovu,Olifant,Tlou,Elephants,Nzou,Nzou
Mulangi,bouteille,4.0,Positive,Mot,bottle,ibhodlela,bottel,lebotlelo,ibhotile,bhodhoro,bhodhoro
Mayi,Eau,3.0,Positive,Mot,Water,Nisela,Water,Meetse,Amanzi,Mvura,Mvura
Muela,Machette,-4.0,Negative,Mot,Machete,-Edwala,Machete,Machete .,I-machete,Machete,Machete
Kasuyi,Hache,-4.0,Negative,Mot,Ax,Izenube,Byl,Selepe .,I-ax,Demo,Ax
Tshasu,Bêche,2.0,Positive,Mot,Spade,Ukhuni,Graaf,Spade .,Spade,Spade,Spade
Nteta,Bâche,2.0,Positive,Mot,Tarpaulin,I-tarpaulin,Seil,Tarpaulin .,I-tarpaulin,Tarpauluin,Tarpaulin
Bulalu,Moussa,1.0,Positive,Mot,Moussa,MOSSA,Moussa,Moussa .,Moussa,Moussa,Moussa
Kuhenda,Injurier,-3.0,Negative,Mot,Insult,Eyisa,Belediging,Maroga,Ukuthuka,Kutuka,Kutuka
Kutata,Tamiser,4.0,Positive,Mot,Sieve,Luswano,Sif,Sefe ya go se be le mohola .,Sieve,Sieve,Sieve
Tangila,Regarde,3.0,Positive,Mot,Look at,Bheka,Kyk na,Lebelela .,Jonga kwi,Tarisa,Tarisa
Lala,Dors,2.0,Positive,Mot,Sleep,Ukulala,Slaap,Robala,Ukulala,Kurara,Rara
Anu,Seulement,5.0,Positive,Mot,Only,-Nye,Slegs,Fela,Kuphela,Chete,Chete
Angata,Prends,6.0,Positive,Mot,Take,Hlalela,Neem,Tšea,Thatha,Tora,Tora
Ambula,Transporte,8.0,Positive,Mot,Transport,Thutha,Vervoer,Senamelwa,Ezothutho,Kutakura,Transport
Alunja,Remet,9.0,Positive,Mot,Hands over,Izandla ngaphezulu,Hande oor,diatla godimo ga .,Izandla ngaphezulu,Maoko pamusoro,Maoko pamusoro
Alukila,Retourne,6.0,Positive,Mot,Return,Buyisela emuva,Keer terug,Boa,Buyela,Dzoka,Dzoka
Dikasa,Pieds,5.0,Positive,Mot,Feet,Amale,Voete,Maoto,Iinyawo,Tsoka,Tsoka
Amba,Dit,4.0,Positive,Mot,Said,Wathi,Gesê,Boletše,Yatsho,Akadaro,Akadaro
Ambakaja,Superposer,4.0,Positive,Mot,Overlay,Nqiba,Oorleg,Overlay .,Ngaphezulu,Pamusoro,Overlay
Ambulula,Répète,1.0,Positive,Mot,Repeated,-Phindaphiwe,Herhaal,pheta-pheta .,Iphindaphindwe,Kudzokororwa,Dzokororwa
Ambelu,Dehors,3.0,Positive,Mot,Out,Ngaphandle,Uit,Ntle,Ngaphandle,Kunze,Kunze
Dilongo,Assiette,2.0,Positive,Mot,Plate,Ipuleti,Plaat,Poleiti,Iplate,Ndiro,Plate
BaLedi,Parents,6.0,Positive,Mot,Parents,Abazali,Ouers,Batswadi,Abazali,Vabereki,Vabereki
Banga,Commence,7.0,Positive,Mot,Begin,Qala,Begin,Thoma,Qala,Tanga,Tanga
Tshifulu,Chapeau,8.0,Positive,Mot,Hat,Imbenge,Hoed,katiba .,Umnqwazi,Hat,Hat
Tshilamba,Habit,9.0,Positive,Mot,Clothing,Okokugqoka,Kleredrag,Diaparo .,Impahla,Zvipfeko,Zvipfeko
Tshilamba,Pond,4.0,Positive,Mot,Pond,Isiziba,Dam,Letangwana,Ichibi,Pond,Dziva
Tshisamba,Origine,3.0,Positive,Mot,Origin,Ukudabuka,Oorsprong,Setlogo,Imvelaphi,Mabviro,Origin
Manayi,Jeu,2.0,Positive,Mot,Game,Igemu,Spel,Papadi,Umdlalo,Mutambo,Game
Tshibulundu,Ballon,1.0,Positive,Mot,Ball,Ibhola,Bal,Kgwele,Ibhola,Bhora,Bhora
Cingu_mapanga,Cigale,1.0,Positive,Mot,Cicada,I-cicada,Cicada,CicAda .,Cicada,Cicada,Cicada
Kuhanga,Echoué,3.0,Positive,Mot,Failed,Yehlulekile,Misluk,Paletšwe,Ayiphumelelanga,Yakundikana,Akundikana
Kuhangila,Manqué,-4.0,Negative,Mot,Lack,Ukuntula,Gebrek,Tlhokego,Ukunqongophala,Kushaya,Kushaya
Dikenga,Souffrance,-3.0,Negative,Mot,Suffering,Ngokuhlushwa,Lyding,Go tlaišega,Ukubandezeleka,Kutambura,Kutambura
Dikenga,Galère,-4.0,Negative,Mot,Galley,Ugibele,Galei,Galley .,Gallay,Galley,Galley
Dinanga,Amour,3.0,Positive,Mot,Love,Thanda,Liefde,Lerato,Uthando,Rudo,Rudo
Dignoka,Punition,2.0,Positive,Mot,Punishment,Inhlawulo,Straf,Kotlo .,Isohlwayo,Kurangwa,Chirango
Mubanji,Riche,1.0,Positive,Mot,Rich,Nothile,Ryk,Humile,Sisityebi,Mupfumi,Mupfumi
Bulanda,Pauvreté,-5.0,Negative,Mot,Poverty,Ukuntula,Armoede,Bodiidi,Intlupheko,Urombo,Urombo
Budisu,Orgueil,-2.0,Negative,Mot,Pride,Ukuziqhenya,Trots,Boitumelo,Ikratshi,Kudada,Kuzvikudza
Dihoyi,Misère,-1.0,Negative,Mot,Misery,Ubuhlungu,Ellende,Masetlapelo,Ububi,Kusuwa,Nhamo
Matandu,Querelle,-1.0,Negative,Mot,Quarrel,Xabana,Twis,Kgakgana,Ixampe,Kupopotedzana,Kukakavadzana
Bulaku,Injure,-1.0,Negative,Mot,Insult,Eyisa,Belediging,Maroga,Ukuthuka,Kutuka,Kutuka
Mujika,Célibataire,4.0,Negative,Mot,Bachelor,Impohlo,Baccalaureus,Kgope,I-bachelor,Bachelor,Bachelor
Mulobi,Conducteur,5.0,Positive,Mot,Driver,Umshayeli,Bestuurder,Mootledi .,Umqhubi,Mutyairi,Mutyairi
Mibi,Pécher,-3.0,Negative,Mot,Sin,Ona,Sonde,Sebe .,Isono,Chivi,Chivi
Kakone,ÉcoMotiste,7.0,Positive,Mot,EcoMotist,Udokotela we-ecolomoti,EcoMotist,Ecomotist .,I-ecomotist,Ecomotist,EcoMotist
Magnimela,Ingénieur,7.0,Positive,Mot,Engineer,Unjiniyela,Ingenieur,Moentšineere,Injineli,Injiniya,Engineer
Bihu,Punaise,-1.0,Negative,Mot,Thumbtack,I-Thumbtack,Duimstok,Thumbtack .,Thlock,Thumbnack,Thumbtack
bilunga,patate,5.0,Positive,Mot,potato,izambane,aartappel,letsapane,amazambane,mbatatisi,mbatatisi
mayi,eau,8.0,Positive,Mot,water,nisela,water,meetse,amanzi,mvura,mvura
Nsoku,singe,-3.0,Negative,Mot,monkey,inkawu,aap,kgabo,inkawu,monkey,monkey
dinanga,amour,8.0,Positive,Mot,love,thanda,liefde,lerato,uthando,rudo,rudo
kanemu,respect,7.0,Positive,Mot,respect,hlonipha,respek,hlompha,imbeko,Remekedza,rukudzo
ditumikila,obeissance,6.0,Positive,Mot,obedience,ukuzwa,gehoorsaamheid,Go kwa .,ukuthobela,Kuteerera,kuteerera
lusa,pardon,8.0,Positive,Mot,pardon,xolela,verskoning,tshwarelo,uxolelo,kuregerera,ruregerero
luaku,viens,5.0,Positive,Mot,come,woza,kom,tla,yiza,huya,uya
kuata,prend,7.0,Positive,Mot,takes,izakahlela,neem,E tšea .,ithatha,zvinotora,inotora
lusaa,pitié,5.0,Positive,Mot,pity,umunyu,jammer,kwelobohloko,nceba,tsitsi,tsitsi
kalulu,lapin,4.0,Positive,Mot,rabbit,unogwaja,haas,mmutla,umvundla,tsuro,tsuro
nioka,serpent,-2.0,Negative,Mot,snake,inyoka,slang,noga,inyoka,Nyoka,nyoka
mpatu,canard,3.0,Positive,Mot,duck,idada,eend,lepelepele,idada,dhadha,dhadha
masanka,joie,3.0,Positive,Mot,joy,injabulo,vreugde,boipshino,uvuyo,Mufaro,mufaro
bipeta,resultat,3.0,Positive,Mot,result,umphumela,resultaat,poelo,isiphumo,mhedzisiro,mhedzisiro
nsuki,cheuveux,3.0,Positive,Mot,hair,uboya,hare,moriri,iinwele,bvudzi,bvudzi
nkuasa,chaise,3.0,Positive,Mot,chair,isihlalo,stoel,setulo,isitulo,chigaro,chair
tshibasa,banc,3.0,Positive,Mot,bench,isihlalo eside,bank,panka,ibhentshi,bhenji,bhenji
mapapa,babouche,3.0,Positive,Mot,slipper,ihlibhisi,pantoffel,Seeta sa go thelela .,tyibilika,slipper,slipper
bisabata,chaussure,3.0,Positive,Mot,shoe,isihlangu,skoen,Seeta .,isihlangu,shangu,shoe
mpusu,chat,3.0,Positive,Mot,cat,ikati,kat,katse,ikati,katsi,katsi
luremba,caholin,3.0,Positive,Mot,caholin,inselela,caholin,Caholin .,ICaholin,Caholin,caholin
nkotshi,veste,3.0,Positive,Mot,jacket,ibhantshi,baadjie,baki,ijacket,jekete,bhachi
muanya,diasteme,3.0,Positive,Mot,diastema,idiamema,diasteem,Distema .,I-Diastea,diastema,diastema
ndaku,partez,3.0,Positive,Mot,leave,shiya,verlaat,tloga,shiya,zivisa,siya
kambumba,seau,3.0,Positive,Mot,bucket,ibhakede,emmer,pakete,ibhakethi,ndoo,bhaketi
kabasa,tabouret,3.0,Positive,Mot,stool,isihlalo esinyoneni,stoelgang,mantle,isitulo,chitsiko,stool
mutshioku,fatigue,-4.0,Negative,Mot,fatigue,ukudinwa,moegheid,lapile kudu,ukudinwa,kupera simba,kuneta
kankudumbua,pigeon,1.0,Positive,Mot,pigeon,ijuba,duif,leeba,ijuba,njiva,njiva
tshibuta,sac,1.0,Positive,Mot,bag,isikhwama,sak,mokotla,ibhegi,bhegi,bag
musulu,riviere,1.0,Positive,Mot,river,umfula,rivier,noka,umlambo,rwizi,rwizi
lomba,demande,1.0,Positive,Verbe,request,nxusa,versoek,kgopelo,isicelo,Chikumbiro,chikumbiro
luaku,viens,1.0,Positive,Mot,come,woza,kom,tla,yiza,huya,uya
dikisha,repos,1.0,Positive,Mot,rest,thulisa,rus,khutša,phumla,zorora,zorora
losa,riz,1.0,Positive,Mot,rice,ilayisi eliluhlaza elingaphekiwe,rys,raese,irayisi,mupunga,mupunga
nkunda,haricot,1.0,Positive,Mot,bean,ubhontshisi,boontjie,Bean .,imbotyi,bhinzi,bhinzi
diba,montre,1.0,Positive,Mot,watch,qapha,kyk,bogela,jonga,tarisa,watch
bubanji,richesse,1.0,Positive,Mot,wealth,ingcebo,rykdom,lehumo,ubutyebi,Pfuma,upfumi
Kunvua,ecouter,1.0,Positive,Verbe,listen,beka indlebe,luister,theeletša,mamela,Teerera,teerera
Kumona,voir,1.0,Positive,Verbe,see,qonda,sien,bona,funda,ona,maona
Makasa,pied,1.0,Positive,Mot,foot,unyawo,voet,leoto,inyawo,tsoka,tsoka
Kulamba,preparer,1.0,Positive,Verbe,prepare,lungiselela,voorberei,beakanya,lungiselela,gadzirira,gadzirira
Kuteka,deposser,1.0,Positive,Verbe,dispossess,indawo eshitshazayo,onteien,go lahlwa .,hlasela,kudzingwa,torera
Kuangata,prendre,1.0,Positive,Verbe,take,hlalela,neem,tšea,thatha,tora,take
Kuenda,marcher,1.0,Positive,Verbe,to walk,ukuhamba,te loop,Go sepela .,ukuhamba,kufamba,kufamba
Kuvuala,porter,1.0,Positive,Verbe,to carry,ukuthwala,te dra,go rwala .,ukubamba,kutakura,kutakura
Kutela,coudre,1.0,Positive,Verbe,sew,hida,naaldwerk,rokile,thunga,sew,kusona
Kusumba,acheter,1.0,Positive,Verbe,buy,thenga,koop,reka,Thenga,tenga,buy
Kuteka,deposer,1.0,Positive,Verbe,deposit,faka,deposito,tipositi,idipozithi,dhipoziti,deposit
Kusukula,nettoyer,1.0,Positive,Verbe,to clean,Ukucoca,om skoon te maak,Go Hlwekiša .,ukucoca,kuchenesa,kuchenesa
Bisekiseki,legumes,1.0,Positive,Mot,vegetables,imifino,groente,merogo,imifuno,miriwo,muriwo
Nsuwu,soupe,1.0,Positive,Mot,soup,isobho,sop,sopo,isobho,sup,muto
Kusomba,s'asoire,1.0,Positive,Verbe,sit down,Hlala phansi,gaan sit,Dula fase .,Hlala phantsi,gara pasi,gara pasi
Kuendesha,rouler,1.0,Positive,Verbe,to roll,ukugoqa,te rol,Go kgokologa .,ukuqengqeleka,kutenderera,kukunguruka
Machinyi,voiture,1.0,Positive,Mot,car,imoto,motor,mmotoro,imoto,mota,motokari
Kadiendelandela,Moto,1.0,Positive,Mot,Motorcycle,Isithuthuthu,Motorfiets,Sethuthuthu .,Isithuthuthu,Mudhudhudhu,Mudhudhudhu
Dikalu,velo,1.0,Positive,Mot,bike,ibhanoyi,fiets,paesekela,ibhayisekile,bhasikoro,bhasikoro
Nsuki,cheveux,1.0,Positive,Mot,hair,uboya,hare,moriri,iinwele,bvudzi,bvudzi
Bilamba,habit,1.0,Positive,Mot,clothing,okokugqoka,klere,Diaparo .,impahla,zvipfeko,zvipfeko
Tshimanu,mure,1.0,Positive,Mot,ripe,petekile,ryp,butšwitše,kuvuthiwe,kuibva,maibva
Kuwuyakana,respirer,1.0,Positive,Verbe,breathe,phefumula,asemhaal,hema,uphefumla,kufema,fema
Bukula,farine,1.0,Positive,Mot,flour,incushuncushu,meel,folouru,umgubo,hupfu,upfu
Tshiomba,manioc,1.0,Positive,Mot,cassava,ummeli,maniok,Cassava .,cassava,cassava,mufarinya
Matala,Maïs,1.0,Positive,Mot,But,Kepha,Maar,Eupša,Kodwa,Asi,Asi
Menu,dents,1.0,Positive,Mot,teeth,amazinyo,tande,meno,amazinyo,mazino,mazino
Nshinga,fil,1.0,Positive,Mot,thread,intanjana,draad,garane,intambo,Thread,thread
Mievu,barbe,1.0,Positive,Mot,beard,intshebe,baard,ditedu,iindevu,Ndebvu,ndebvu
Cilongo,fleur,1.0,Positive,Mot,flower,umqhakazo,blom,letšoba,intyatyambo,ruva,ruva
Dilongu,assiete,1.0,Positive,Mot,plate,ipuleti,bord,poleiti,iplate,ndiro,ndiro
Mbidika,crush,1.0,Positive,Mot,crush,hlikihla,verpletter,šila,kutyumza,kupwanya,kupwanya
Dikowu,gobelet,1.0,Positive,Mot,cup,inkomishi,koppie,komiki,ikomityi,mukombe,mukombe
Tshiamua,fer,1.0,Positive,Mot,iron,insimbi yoku-ayina,yster,aene,intsimbi,simbi,iron
Buanga,médicaments,1.0,Positive,Mot,drugs,Izidakamizwa,dwelms,Dihlare-tagi .,iziyobisi,zvinodhaka,zvinodhaka
Milombu,prière,1.0,Positive,Verbe,prayer,isicelo,gebed,Thapelo .,Umthandazo,Munamato,munyengetero
Misambu,chanson,1.0,Positive,Mot,song,iculo,liedjie,koša,ingoma,Rwiyo,rwiyo
Tshisanji,radio,1.0,Positive,Mot,radio,iwayilense,radio,Seyalemoya .,irediyo,radio,redhiyo
Kutemeshe,allumer,1.0,Positive,Verbe,to light up,ukukhanyisa,te verlig,Go boneša .,Ukukhanyisa,kuvhenekera,kuvhenekera
Bianza,main,1.0,Positive,Mot,hand,isandla,hand,seatla,isandla,ruoko,ruoko
Maboku,bras,1.0,Positive,Mot,arm,hlomisa,arm,letsogo,ingalo,ruoko,ruoko
Kukuata,tenir,1.0,Positive,Verbe,hold,bamba,hou,swara,bambelela,batisisa,bata
Nkosthi,veste,1.0,Positive,Mot,jacket,ibhantshi,baadjie,baki,ijacket,jekete,bhachi
Mutelu,chemise,1.0,Positive,Mot,shirt,ihembe,hemp,gempe,ihempe,Shirt,hembe
Nkanzu,robe,1.0,Positive,Mot,dress,gqoka,rok,seaparo,nxiba,chipfeko,dress
Bimuma,fruits,1.0,Positive,Mot,fruits,Ama-Fruits,vrugte,Ditholwana .,iziqhamo,Zvibereko,michero
Mbota,bouton,1.0,Positive,Mot,button,inkinobho,knoppie,kunope,iqhosha,bhatani,bhatani
Disu,oeil,1.0,Positive,Mot,eye,ihlo,oog,leihlo,iliso,ziso,ziso
Matshi,oreille,1.0,Positive,Mot,ear,indlebe,oor,tsebe,indlebe,nzeve,nzeve
Diulu,nez,1.0,Positive,Mot,nose,ikhala,neus,nko,impumlo,mhino,mhino
Tshifulu,chapeau,1.0,Positive,Mot,hat,imbenge,hoed,katiba .,umnqwazi,hat,hat
Nshingu,cou,1.0,Positive,Mot,neck,intamo,nek,molala,intamo,mutsipa,mutsipa
Mikolu,jambes,1.0,Positive,Mot,legs,izembe,bene,Maoto .,imilenze,makumbo,makumbo
Nzadi,ongle,1.0,Positive,Mot,nail,isipikili,spyker,lenala,isipikili,mbambo,chipikiri
Kumusha,enlever,1.0,Positive,Verbe,to remove,ukususa,te verwyder,Go Tlosa .,ukususa,kubvisa,kubvisa
tshivunga,jupons,1.0,Positive,Mot,petticoats,petticoats,onderrokke,Di-Petticoat .,I-PETTIOATS,Petticoats,petticoats
nzala,famine,1.0,Positive,Mot,famine,indlala,hongersnood,tlala,indlala,Nzara,nzara
kumuana,Voir,1.0,Positive,Verbe,See,Qonda,Sien,Bona,Funda,Ona,Maona
kunyema,Fuir,1.0,Positive,Verbe,Flee,Baleka,Vlug,Ngwega,Saleke,Tiza,Tizai
kunaya,Jouer,1.0,Positive,Verbe,Play,Dlala,Speel,Raloka,Dlala,Tamba,Play
kuhotela,Importuner,-5.0,Negative,Verbe,Annoy,Casula,Irriteer,Lapiša,Ukucaphukisa,Annoy,Annoy
tshisanji,Radio,3.0,Positive,Mot,Radio,Iwayilense,Radio,Seyalemoya .,Irediyo,Radio,Radio
mukaji,Femme,3.0,Positive,Mot,Women,Abantu,Vroue,Basadi,Abafazi,Vakadzi,Vakadzi
buimpa,Beauté,3.0,Positive,Mot,Beauty,Ubuhle,Skoonheid,Bobotse,Ubuhle,Runako,Runako
ndundu,Ballon,3.0,Positive,Mot,Ball,Ibhola,Bal,Kgwele,Ibhola,Bhora,Bhora
bulaba,Terre,3.0,Positive,Mot,Earth,Inhlabathi,Aarde,Lefase,Umhlaba,Pasi,Nyika
duilu,Ciel,3.0,Positive,Mot,Sky,Isibhakabhaka,Hemel,Lefaufau,Isibhakabhaka,Denga,Sky
dibua,Pierre,3.0,Positive,Mot,Rock,Itshe elikhulu,Rots,Letlapa,Iliwa,Dombo,Dombo
tshinkeunda,Papayer,3.0,Positive,Verbe,Papaya,I-papaya,Papaja,Papaya .,Ipapaya,Papaya,Papaya
tshiadi,Poitrine,3.0,Positive,Mot,Chest,Ibhokisi,Bors,Kgara,Isifuba,Chipfuva,Chest
tshilama,Pagne,3.0,Positive,Mot,Loincloth,I-loincloth,Lendelap,Lešela la letheka .,I-lourceth,Loincloth,Loincloth
dikohu,Gobelet,3.0,Positive,Mot,Cup,Inkomishi,Beker,Komiki,Ikomityi,Mukombe,Cup
bisabata,Chaussure,3.0,Positive,Mot,Shoe,Isihlangu,Skoen,Seeta .,Isihlangu,Shangu,Shangu
tshibuta,Malette,3.0,Positive,Mot,Briefcase,Isudikesi lezincwadi,Aktetas,Mokotla wa dipuku .,Ibrinter,Chikwama,Briefcase
muhanu,Pantalon,3.0,Positive,Mot,Pants,Amabhulukwana,Broek,Marokgwana,Ibhulukhwe,Madhiri,Pants
mutelu,Chemise,3.0,Positive,Mot,Shirt,Ihembe,Hemp,Gempe,Ihempe,Shirt,Shirt
nzala,Famine,-7.0,Negative,Mot,Famine,Indlala,Hongersnood,Tlala,Indlala,Nzara,Nzara
nkuasa,Chaise,2.0,Positive,Mot,Chair,Isihlalo,Stoel,Setulo,Isitulo,Chigaro,Chair
bula,Lit,2.0,Positive,Mot,Bed,Umbhede,Bed,Mpete,Ibhedi,Mubhedha,Bed
tshimfuanyi,Visage,2.0,Positive,Mot,Face,Ubuso,Gesig,Sefahlogo,Ubuso,Chiso,Face
malata,Tôles,2.0,Positive,Mot,Sheet metal,Ishidi yensimbi,Plaatmetaal,Tšhipi ya letlakala .,I-SHICHE SETY,Simbi yesimbi,Sheet simbi
bukula,Farine,2.0,Positive,Mot,Flour,Incushuncushu,Meel,Folouru,Umgubo,Hupfu,Flour
mucima,Foie,2.0,Positive,Mot,Liver,Isibindi,Lewer,Sebete,Isibindi,Chiropa,Chiropa
ditabuja,Foi,2.0,Positive,Mot,Faith,Ukholo,Geloof,Tumelo,Ukholo,Kutenda,Kutenda
musangu,Fois,2.0,Positive,Mot,Times,Izikhathi,Tye,Dinako .,Amaxesha,Nguva,Nguva
musambu,Chanson,2.0,Positive,Mot,Song,Iculo,Liedjie,Koša,Ingoma,Rwiyo,Rwiyo
lubalenga,Rate,2.0,Positive,Mot,Missed,-Phuthwe,Gemis,E fošitšwe .,Iphoswe,Ndakarasikirwa,Ndakapotsa
moyi,Cœur,2.0,Positive,Mot,Heart,Inhliziyo,Hart,Pelo,Intliziyo,Moyo,Mwoyo
buloji,Sorcellerie,-5.0,Negative,Mot,Witchcraft,Ubuthakathi,Heksery,Boloi .,Ubugqwirha,Uroyi,Huroyi
Oiseau=nyunyi,Oiseau,6.0,Positive,Mot,Bird,Inyoni,Voël,Nonyana,Intaka,Shiri,Shiri
nkosa,Souris,-2.0,Negative,Mot,Mouse,Igundane,Muis,Legotlo,Imouse,Mbeva,Mouse
nyama,Animaux,1.0,Positive,Mot,Animals,Isilwane,Diere,Diphoofolo .,Izilwanyana,Mhuka,Mhuka
dihota,Bêtise,1.0,Positive,Mot,Stupidity,Ubulima,Dwaasheid,Bošilo .,Ubudenge,Upenzi,Kupusa
kabonkoshi,Crane,1.0,Positive,Mot,Skull,Ithambo lekhanda,Skedel,Lehata .,Skill,Dehenya,Dehenya
kulala,Dormir,1.0,Positive,Mot,Sleep,Ukulala,Slaap,Robala,Ukulala,Kurara,Rara
tshikolowu,Torchon,1.0,Positive,Mot,Tea towel,Ithawula itiye,Teedoek,toulo ya tee .,Ithawula iti,Tewe tauro,Tea tauro
mutshi,Plante,1.0,Positive,Mot,Plant,Tshala,Plant,Semela,Tyala,Chirimwa,Plant
mbindi,Corps,1.0,Positive,Mot,Body,Umzimba,Liggaam,Mmele,Umzimba,Muviri,Muviri
nzembua,Courant,1.0,Positive,Mot,Fluent,Qephuza,Vlot,Boreledi,Inyani,Fluent,Fluent
ngumu,Information,1.0,Positive,Mot,Information,Ulwazi,Inligting,Tshedimošo,Ulwazi,Ruzivo,Information
kuakula,Parler,1.0,Positive,Verbe,Talk,Shumayela,Praat,Bolela,Thetha,Taura,Taura
kudia,Manger,1.0,Positive,Verbe,Eat,-Dla,Eet,Ja,Yitya,Idya,Eat
kuvila,Nier,1.0,Positive,Verbe,Deny,Phika,Ontken,Gana,Kuyakhanyela,Ramba,Ramba
maja,Danse,1.0,Positive,Verbe,Dance,Giya,Dans,Tantsha,Umdaniso,Kutamba,Dance
kutuadija,Désormais,1.0,Positive,Mot,From now on,Kusuka manje,Van nou af,Go tloga bjale go ya pele .,Ukususela ngoku ukuya phambili,Kubva zvino zvichienda mberi,Kubva zvino zvichienda mberi
bulongama,Ordre,1.0,Positive,Mot,Order,Hlela,Bestel,Tatelano,Iodolo,Kurongeka,Order
tshitalu,Cadavre,-7.0,Negative,Mot,Corpse,Isidumbu,Lyk,Setopo .,Isidumbu,Chitunha,Chitunha
lufu,Mort,-9.0,Negative,Mot,Dead,-Fileyo,Dood,Hlokofetše,Ufile,Akafa,Vakafa
nzambi,Dieu,9.0,Positive,Mot,God,UNkulunkulu,God,Modimo,Thixo,Mwari,Mwari
musalayi,Militaire,-2.0,Negative,Mot,Military,-Nenkani,Militêr,Sešole,Emkhosini,Mauto,Mauto
pulushi,Policier,-1.0,Negative,Mot,Policeman,Iphoyisa lendoda,Polisieman,lephodisa la lephodisa .,Ipolisa,Mupurisa,Mupurisa
kukumbaja,Ajouter,3.0,Positive,Verbe,Add,Enezelela,Voeg by,Hlakanya,Yongeza,Wedzera,Wedzera
muloji,Sorcier,-7.0,Negative,Mot,Wizard,Iwumbuzane,Towenaar,Moloi .,Iwizard,Wizard,Wizard
mianda,Histoire,4.0,Positive,Mot,History,Umlando,Geskiedenis,Histori,Imbali,Nhoroondo,Nhoroondo
kuleja,Montrer,4.0,Positive,Mot,To show,Ukukhombisa,Om te wys,Go bontšha .,Ukubonisa,Kuratidza,Kuratidza
bindidimbi,Image,4.0,Positive,Mot,Picture,Isithombe,Prentjie,Seswantšho,Umfanekiso,Mufananidzo,Mufananidzo
ndumba,Pute,4.0,Positive,Mot,Whore,Isifebe,Hoer,Sefebe .,Helre,Ndiani,Hure
nzubu,Maison,4.0,Positive,Mot,Home,Ikhaya,Tuis,Gae,Ikhaya,Imba,Kumba
kulama,Protéger,4.0,Positive,Verbe,Protect,Vikela,Beskerm,Šireletša,Khusela,Chengetedza,Dzivirira
nsentedi,Sentinelle,4.0,Positive,Mot,Sentinel,Isithunywa,Sentinel,Sentinel .,I-sitinel,Sentinel,Sentinel
nyoka,Serpent,-5.0,Negative,Mot,Snake,Inyoka,Slang,Noga,Inyoka,Nyoka,Nyoka
bualu,Probleme,3.0,Positive,Mot,Issue,Izindaba okuphikiswana ngazo,Kwessie,Tlhagišo,Khupha,Nyaya,Nyaya
mudimu,Travail,3.0,Positive,Mot,Work,Ukusebenza,Werk,Mošomo,Sebenza,Shanda,Basa
munyinyi,Viande,3.0,Positive,Mot,Meat,Inyama,Vleis,Nama,Inyama,Nyama,Nyama
tshito,Plâtre,3.0,Positive,Mot,Plaster,Ukhonkolo,Gips,Polasetara .,Udaka,Plaster,Plaster
mputa,Plaie,3.0,Positive,Mot,Wound,Limaza,Wond,Sešo,Inxeba,Ronda,Ronda
tshimanu,Mur,3.0,Positive,Mot,Wall,Udonga,Muur,Leboto,Udonga,Wall,Wall
tshingoma,Arme,-3.0,Negative,Mot,Armed,-Hlomile,Gewapen,O hlometše ka dibetša .,Ixhobile,Zvombo,Armed
kulekela,Laisser,5.0,Positive,Mot,To leave,Ukuhamba,Om te vertrek,go tloga .,Ukuhamba,Kusiya,Kuti uende
kuehuka,Eviter,5.0,Positive,Mot,Avoid,Xwaya,Vermy,Efoga,Kunqande,Dzivisa,Dzivisa
muinshi,Pilon,5.0,Positive,Mot,Pestle,Nguonyana,stamper,Pestle .,I-pestle,Pestle,Pestle
muhanji,Malaxeur,5.0,Positive,Mot,Mixer,Okokuxuba,Menger,Motswaki .,Umxube,Musanganiswa,Mixer
tshinu,Mortier,5.0,Positive,Mot,Mortar,Isigqulo,Mortier,Sekontiri .,Udaka,Dhaka,Mortar
mpuku,Rat,5.0,Positive,Mot,Rat,Igundane,Rot,Legotlo,Rat,Rat,Rat
mbindi,Corps,5.0,Positive,Mot,Body,Umzimba,Liggaam,Mmele,Umzimba,Muviri,Muviri
luhangu,Parcelle,5.0,Positive,Mot,Plot,Isakhiwo sendaba,Plot,Maanomabe,Iyelenqe,Zano,Plot
lubilu,Vitesse,5.0,Positive,Mot,Speed,Isivinini,Spoed,Lebelo,Isantya,Kumhanya,Speed
tshibi,Porte,5.0,Positive,Mot,Door,Isicabha,Deur,monyako .,Umnyango,Gonhi,Door
disu,Œil,5.0,Positive,Mot,Eye,Ihlo,Oog,Leihlo,Iliso,Ziso,Ziso
ditshi,Oreille,5.0,Positive,Mot,Ear,Indlebe,Oor,Tsebe,Indlebe,Nzeve,Nzeve
dinanga,Amour,5.0,Positive,Mot,Love,Thanda,Liefde,Lerato,Uthando,Rudo,Rudo
mukanda,Livre,5.0,Positive,Mot,Book,Ibhuku,Boek,Puku,Incwadi,Bhuku,Book
mutshi,Arbre,5.0,Positive,Mot,TREE,Isihlahla,BOOM,MOHLARE,Umthi,Muti,MUTI
bukondo,Filet,5.0,Positive,Mot,Net,Inethi,Netto,Nete,Inethi,Net,Net
bisonsa,Herbes,5.0,Positive,Mot,Herbs,Amakhakhasi,Kruie,mešunkwane .,Amayeza,Herbs,Herbs
mukidi,Canal,5.0,Positive,Mot,Channel,Insungubezi,Kanaal,Mokero wa kanale .,Ijelo,Chiteshi,Channel
katumba,Tracteur,5.0,Positive,Mot,Tractor,Ugandaganda,Trekker,Terekere .,Itrektara,Trekta,Tarakita
mateta,Examen,5.0,Positive,Mot,Exam,Ukuhlola,Eksamen,Tlhahlobo,Iimviwo,Bvunzo,Exam
lukombo,Balais,5.0,Positive,Mot,Brooms,Imishanelo,Besems,Mafielo a .,Umtshayelo,Brooms,Mitsvairo
lumbombo,Hypocrisie,-6.0,Negative,Mot,Hypocrisy,Ubuzenyesi,Skynheiligheid,Boikaketši .,Uhanahaniso,Unyengeri,Unyengeri
Akula,parle,2.0,Positive,Verbe,speak,khuluma,praat,bolela,thetha,taura,taura
Akulula,reparler,2.0,Positive,Verbe,talk again,Khuluma futhi,praat weer,Bolela gape .,thetha kwakhona,Taura zvakare,taura zvakare
Akaja,Arranger,2.0,Positive,Verbe,Arrange,Hlela,Reël,Beakanya,Cwangcisa,Ronga,Ronga
Akajulula,réarranger,2.0,Positive,Verbe,rearrange,hlela kabusha,herrangskik,Rearrange .,cwangcisa kwakhona,rearrorange,gadzirisa
Ambulula,répète,2.0,Positive,Verbe,repeated,-phindaphiwe,herhaal,pheta-pheta .,iphindaphindwe,kudzokororwa,akadzokororwa
Aluja,remet,2.0,Positive,Verbe,hands over,izandla ngaphezulu,oorhandig,diatla godimo ga .,izandla ngaphezulu,maoko pamusoro,maoko pamusoro
Alujulula,réremettre,2.0,Positive,Verbe,remit,amukela,opdrag,Thomelo ya thomelo .,hlawula,REMIT,remit
Andamuna,repond,2.0,Positive,Verbe,answers,ukuphendula,antwoorde,Dikarabo .,iimpendulo,Mhinduro,mhinduro
Ambuluja,dépêcher,2.0,Positive,Verbe,hurry,shesha,haastig,phakiša,khawuleza,kurumidza,kurumidza
Amba:dire,dire,2.0,Positive,Verbe,say,khuluma,sê,bolela,yithi,taura,iti
Ambulula,répéter,2.0,Positive,Verbe,repeat,phinda,herhaal,bušeletša,phinda,dzokorora,dzokorora
Angula,ramasser,2.0,Positive,Verbe,pick up,Phakamisa,optel,topa,Phakamisa,nhonga,nhonga
Angulula,reramasse,2.0,Positive,Verbe,pick up again,Thatha futhi,weer optel,Tšea gape .,thatha kwakhona,tora zvakare,tora zvakare
Ambakaja,superposer,2.0,Positive,Verbe,superimpose,ukuphukhulumisa,superponeer,superimpose .,isuse,Superimpose,superimpose
Andamuna,répondre,2.0,Positive,Verbe,answer,impendulo,antwoord,karabo,Impendulo,Mhinduro,mhinduro
Angata,prend,2.0,Positive,Verbe,takes,izakahlela,neem,E tšea .,ithatha,zvinotora,inotora
Bukenka,lumière,2.0,Positive,Verbe,light,-mhlophe,lig,seetša,ukukhanya,Chiedza,chiedza
Bikasa,cérémoniecoutumière,2.0,Positive,Mot,customary ceremony,Umkhosi Owesiko,gebruiklike seremonie,Moletlo wa Setlwaedi .,Umnyhadala wesintu,Custary Ceremony,mhemberero yetsika
Buloba,terre,2.0,Positive,Mot,earth,inhlabathi,aarde,lefase,Umhlaba,Pasi,pasi
Binsonji,leslarmes,2.0,Positive,Mot,tears,izinyembekathi,trane,megokgo,Iinyembezi,Misodzi,misodzi
Bilela,jeu,2.0,Positive,Mot,game,igemu,speletjie,papadi,umdlalo,mutambo,mutambo
Bilamba,habits,2.0,Positive,Mot,clothes,izingubo,klere,diaparo,iimpahla,zvipfeko,zvipfeko
Biluatu,vêtements,2.0,Positive,Mot,clothes,izingubo,klere,diaparo,iimpahla,zvipfeko,zvipfeko
Busuyi,Caboche,2.0,Positive,Mot,Noggin,Inqwaba,Noggin,Noggin .,Noggin,Noggin,Noggin
Bufuki,créature,2.0,Positive,Mot,creature,isilwane,skepsel,Sebopiwa .,isidalwa,chisikwa,chisikwa
Biunvuidi,écouteurs,2.0,Positive,Mot,headphones,Ama-headphones,oorfone,Di-headphone .,iintloko zentloko,Mahedhifoni,mahedhifoni
Biuma,dote,2.0,Positive,Mot,dowry,isipho semali,bruidskat,Magadi .,i-dowry,dowry,roora
Binvundu,désordres,-8.0,Negative,Mot,disorders,ukuphaziseka,versteurings,Mathata a .,ukuphazamiseka,kusagadzikana,kusagadzikana
Bilongu,fleurs,6.0,Positive,Mot,flowers,izimbali,blomme,Matšoba a .,Iintyatyambo,maruva,maruva
Bunia,plier,6.0,Positive,Verbe,bend,gobisa,buig,koba,gobe,Bend,bend
Bulela,connaissance,6.0,Positive,Mot,awareness,ukuzwa,bewustheid,temogo,ukwazisa,kuziva,kuziva
Bujitu,poind,6.0,Positive,Mot,point,khomba,punt,šupa,inqaku,poindi,point
Bunsantu,sainteté,6.0,Positive,Mot,holiness,ubungcwele,heiligheid,Bokgethwa .,ubungcwele,hutsvene,utsvene
Busenji,imbécillité,-3.0,Negative,Mot,imbecility,ukumbeílity,imbesiliteit,Boithabiso .,ibbelity,kusimba,imbecility
Bantu,lesgens,4.0,Positive,Mot,people,abantu,mense,batho,abantu,vanhu,vanhu
Bansantu,lessaints,4.0,Positive,Mot,the saints,Abangcwele,die heiliges,Bakgethwa .,AbaNgcwele,vatsvene,vatsvene
Banjelu,lesanges,4.0,Positive,Mot,angels,izingelosi,engele,Barongwa ba .,iingelosi,Ngirozi,ngirozi
Buinvi,levol,-7.0,Negative,Mot,levol,inyohlilokazi,levol,Levol .,ILevs,Levol,levol
Buikila,ferme,-5.0,Negative,Mot,farm,ipulazi,plaas,polase,ifama,purazi,farm
Butaka,sexe,3.0,Positive,Mot,sex,ubulili,seks,Thobalano .,isondo,Bonde,sex
Bualu,lit,3.0,Positive,Mot,bed,umbhede,bed,mpete,ibhedi,mubhedha,bed
Bufuka,fertile,3.0,Positive,Mot,fertile,-zothile,vrugbaar,nonnego,vertile,yakaorera,fertile
Bueja,entre,3.0,Positive,Mot,between,ngaphakathi,tussen,magareng,phakathi,pakati,pakati
Buatu,bateau,3.0,Positive,Mot,boat,isikebhe,boot,seketswana,isikhephe,chikepe,chikepe
Benga,réfut,3.0,Positive,Mot,rebuttal,-buyembuliwe,weerlegging,Kganetšo ya go ganetša .,I-regtal,rebuttal,rebuttal
Bukula,farine,3.0,Positive,Mot,flour,incushuncushu,meel,folouru,umgubo,hupfu,upfu
Busa,l'oseille,3.0,Positive,Mot,sorrel,isingwana sesifulo,suring,Sorrel .,i-sorrel,sorrel,sorrel
Bundu,honte,-7.0,Negative,Mot,shame,amahloni,skaamte,mahlabišadihlong,ihlazo,nyadzi,shame
Bintu,choses,3.0,Positive,Mot,things,izinto,dinge,dilo,izinto,zvinhu,zvinhu
Bilela,blague,3.0,Positive,Mot,joke,ihlaya,grap,metlae,hlekisa,joke,joke
Bînenka,trèsbien,3.0,Positive,Mot,Alright,Phenduleki,Goed,Go lokile,Kulungile,Horaiti,Horaiti
Dîku,famille,3.0,Positive,Mot,family,umndeni,familie,lapa,usapho,mhuri,mhuri
Bidia,foufou,3.0,Positive,Mot,foufou,i-foufou,foefou,Foufou .,i-foufou,Foufou,foufou
Dikalu,vélo,3.0,Positive,Mot,bike,ibhanoyi,fiets,paesekela,ibhayisekile,bhasikoro,bhasikoro
Dikasa,pied,3.0,Positive,Mot,foot,unyawo,voet,leoto,inyawo,tsoka,tsoka
Disambila,prière,3.0,Positive,Mot,prayer,isicelo,gebed,Thapelo .,Umthandazo,Munamato,munyengetero
Dikumi,dix,3.0,Positive,Mot,ten,ishumi,tien,lesome,Shumi,gumi,gumi
Difu,ventre,3.0,Positive,Mot,belly,isisu,maag,mpa,isisu,dumbu,dumbu
Diakalenga,bonheur,3.0,Positive,Mot,happiness,injabulo,geluk,lethabo,ulonwabo,Mufaro,mufaro
Dîkisha,repot,3.0,Positive,Mot,repot,phisha futhi,verpot,Repot .,repot,Repot,repot
Dikumbi,parapluie,3.0,Positive,Mot,umbrella,isambulela,sambreel,amporela,isambrela,Umbrella,amburera
Dindila,attente,3.0,Positive,Mot,waiting,-lindizayo,wag,letile,ndilinde,Kumirira,kumirira
Disoso,trou,3.0,Positive,Mot,hole,umgodi,gat,lešoba,umngxunya,gomba,gomba
Dikela,petittrou,3.0,Positive,Mot,little hole,umgodi omncane,klein gaatjie,Lesoba le Lenyenyane .,umngxunya omncinci,gomba diki,gomba duku
Dilongu,casserole,3.0,Positive,Mot,pan,ipani,pan,pane,ipani,pan,pan
Ditalaji,l'ombrage,3.0,Positive,Mot,shading,ukuhlangulela,skadu,Go dira moriti .,i-shading,shading,shading
Diata,piétiner,3.0,Positive,Mot,trample,swayela,vertrap,Kgatelelo ya madi .,inyanya,Tsika,tsikirira
Dienzejibua,obligation,3.0,Positive,Mot,obligation,isibopho,verpligting,tlamego,uxanduva,chisungo,mutoro
Diandamuna,réponse,3.0,Positive,Mot,answer,impendulo,antwoord,karabo,Impendulo,Mhinduro,mhinduro
Dikokesha,gouverner,3.0,Positive,Verbe,govern,phatha,regeer,mmušo wa go buša .,wisa umthetho,kutonga,govern
Diobesha,marquer,3.0,Positive,Verbe,mark,beka,merk,Letshwao .,uphawu,Maka,mark
Dituntumuna,transporter,3.0,Positive,Verbe,carry,thwala,dra,rwala,phatha,takura,takura
Diambuluisha,aider,3.0,Positive,Verbe,help,Usizo,help,thušo,Nceda,Rubatsiro,help
Dibandishibua,élever,3.0,Positive,Verbe,raise,phakamisa,verhoog,godiša,phakamisa,simudza,simudza
Dibanjija,dédicacé,3.0,Positive,Mot,dedication,ukunikela,toewyding,kabelo,Ukunikezelwa,Kuzvitsaurira,kuzvipira
Dilombodibua,êtreconduit,3.0,Positive,Mot,to be driven,Ukuqhutshwa,bestuur te word,go ba le go otlelwa .,ukuqhutywa,Kuti uendeswa,kufambiswa
Dipangadika,décision,3.0,Positive,Mot,decision,isiphetho,besluit,sephetho,isigqibo,Chisarudzo,chisarudzo
Didisuila,publier,3.0,Positive,Verbe,publish,khiphela ukuthengisa,publiseer,Phatlalatša .,shicilela,paridza,buditsa
Disama,maladie,3.0,Positive,Mot,disease,isifo,siekte,bolwetši,isifo,chirwere,chirwere
Diepuka,dévier,3.0,Positive,Verbe,deviate,phambuka,afwyk,Go fapoga .,phambuka,kutsauka,kutsauka
Dielakana,confondre,3.0,Positive,Verbe,to confuse,Ukudida,te verwar,Go ferekanya .,ukudideka,kuvhiringidza,kuvhiringa
Dialakana,envier,3.0,Positive,Verbe,envy,umona,afguns,duma,umona,godo,shanje
Dîtu,forêt,3.0,Positive,Mot,forest,ihlathi,woud,lešoka,ihlathi,Sango,sango
Ebeja,demander,3.0,Positive,Verbe,ask,buza,vra,kgopela,buza,bvunza,bvunza
Elela,mettre,3.0,Positive,Verbe,put,beka,sit,bea,faka,isa,put
Elesha,mettredansunechose,3.0,Positive,Verbe,put in something,faka okuthile,iets insit,Bea selo se sengwe .,beka into,isa mune chimwe chinhu,isa mune chimwe chinhu
Enzela,faire,3.0,Positive,Verbe,TO DO,OKUZO KWENZIWA,OM TE DOEN,go dira .,UKWENZA,Kuita,KUITA
Enzulula,refaire,3.0,Positive,Verbe,redo,yenzamula,oordoen,Redo .,redo,redo,redo
Enda,marche,3.0,Positive,Verbe,walk,vakasha,loop,sepela,hamba,famba,famba
Endulula,remarche,3.0,Positive,Verbe,walk again,uhambe futhi,loop weer,Sepela gape .,hamba kwakhona,Famba zvakare,famba zvakare
Eku,ici,3.0,Positive,Mot,here,lapha,hier,mo,Apha,Pano,here
Enda,marcher,3.0,Positive,Verbe,to walk,ukuhamba,te loop,Go sepela .,ukuhamba,kufamba,kufamba
Funda,écrire,3.0,Positive,Verbe,to write,ukubhala,te skryf,Go ngwala .,ukubhala,kunyora,kunyora
Fundulula,réécrire,3.0,Positive,Verbe,rewrite,loba futhi,herskryf,Ngwala gape .,phinda ubhale,Nyorazve,nyorazve
Fimbu,foué,3.0,Positive,Mot,crazy,-phambene,gek,gafago,razy,kupenga,kupenga
Ikila,causer,3.0,Positive,Verbe,cause,dala,oorsaak,hlola,unobangela,chikonzero,chikonzero
Indila,attend,3.0,Positive,Verbe,wait,linda,wag,leta,yima,mirira,wait
Ikala,soit,0.0,Neutre,Verbe,either,noma,óf,e ka ba,nokuba,zvimwe,kana
Kasuyi,haché,3.0,Positive,Mot,ax,izenube,byl,Selepe .,i-ax,demo,ax
Kela,couto,3.0,Positive,Mot,couto,couto,couto,Couto .,couto,couti,couto
Kalalu,berceau,3.0,Positive,Mot,cradle,imbeleko,wieg,Cradle .,cradle,cradle,cradle
Kalulu,lapin,3.0,Positive,Mot,rabbit,unogwaja,haas,mmutla,umvundla,tsuro,tsuro
Kawundu,eguille,3.0,Positive,Mot,eguille,Eguille,eguille,Eguille .,I-Egyuil,EGEGELE,eguille
Kenga,souffres,3.0,Positive,Mot,suffer,hlupheka,ly,tlaišega,yiva,tambura,tambura
Kanga,ferme,3.0,Positive,Mot,farm,ipulazi,plaas,polase,ifama,purazi,farm
Konga,s'informer,3.0,Positive,Verbe,get informed,Thola ulwazi,word ingelig,Tsebišwa .,funda,zivisa,kuwana ruzivo
Kupuekela,abaissement,3.0,Positive,Mot,lowering,ukwehlisa,verlaging,Go Theoga .,ukuthoba,kuderedza,kuderedza
Kulekela,abandon,3.0,Positive,Mot,abandonment,ukulahlwa,verlating,Go Tloga .,ukuyeka,kusiiwa,kusiiwa
Mukumike,abattu,3.0,Positive,Mot,dejected,kudalwe,neerslagtig,E nyamile .,ivunyiwe,kushatiswa,dejected
Mudishikamine,affranchi,3.0,Positive,Mot,freed,-thunjya,bevry,E lokolotšwe .,ikhululwe,kusunungurwa,vasunungurwa
Muenatshinyangu,abominable,3.0,Positive,Mot,abominable,kungeteki,afskuwelik,Se se šišinyegago .,amasikizi,zvinonyangadza,zvinonyangadza
Bidia,agapes,3.0,Positive,Mot,feast,idili,fees,monyanya,umthendeleko,mabiko,mabiko
Kujimija,abolition,3.0,Positive,Mot,abolition,ukuqedelana,afskaffing,Go fedišwa .,ukupheliswa,kubviswa,abolition
Tshiakanetshiditshianyisha,agreeable,3.0,Positive,Mot,agreeable,-hle,aangenaam,E amogelega .,iyavunywa,Zvinobvumirwa,zvinogamuchirika
Tshiabuny,abondamment,3.0,Positive,Mot,abundantly,kakhulu,oorvloedig,ka bontši .,kakhulu,zvakawanda,zvakawanda
Bidimu,age,3.0,Positive,Mot,age,iminyaka,ouderdom,mengwaga,iminyaka,zera,age
Kuvula,abondance,3.0,Positive,Mot,abundance,ubuningi,oorvloed,bontši,ubuninzi,zvakawanda,kuwanda
Dieba,aiguillon,3.0,Positive,Mot,sting,tinyela,steek,loma,ukubetha,kuruma,sting
Kumusha,abrogation,3.0,Positive,Mot,repeal,susa,herroep,Go phumolwa .,iyarhoxiswa,kudzinga,kubvisa
Mapuapua,aile,3.0,Positive,Mot,wing,iphiko,vlerk,Lephego la lephego .,iphiko,wing,bapiro
Dipumbishibua,absence,3.0,Positive,Mot,absence,ukungabibikho,afwesigheid,se be gona,ukungabikho,kusavapo,kusavapo
Kukuabu,ailleurs,3.0,Positive,Mot,elsewhere,kwenye indawo,elders,Felo go gongwe .,kwenye indawo,kumwe kunhu,kumwewo
Bululu,absinthe,3.0,Positive,Mot,absinthe,Absinthe,absint,Absinthe .,i-absinthe,absinther,absinthe
Tshimuenenu,airapparencevisuel,3.0,Positive,Mot,airappearancevisual,i-airAantancevisual,lugvoorkoms visueel,Sefofane sa go tšwelela ka sefofaneng,i-airappiance,kukonzeresa,airappearancevisual
Menemene,absolument,3.0,Positive,Mot,absolutely,nakanjani,absoluut,ka nnete,ngokupheleleyo,zvechokwadi,zvachose
Tshituilu,aire,3.0,Positive,Mot,area,indawo,gebied,tikologo,indawo,nharaunda,area
Tshiakuitaba,acceptable,3.0,Positive,Mot,acceptable,-mukelekile,aanvaarbaar,E amogelegago .,yamkelekile,zvinogamuchirika,zvinogamuchirika
Butalale,aise,3.0,Positive,Mot,easy,-ncwaba,maklik,bonolo,kulula,nyore,nyore
Tshibueledi,accès,3.0,Positive,Mot,access,tholakala,toegang,fihlelela,fikelela,kupinda,access
Mupepele,aisé,3.0,Positive,Mot,easy,-ncwaba,maklik,bonolo,kulula,nyore,nyore
Kudiunda,accroissement,3.0,Positive,Mot,increase,ukukhula,verhoog,oketša,Nyusa,kuwedzera,kuwedzera
Tshiakudia,aliment,3.0,Positive,Mot,food,ukudla,kos,dijo,ukutya,chikafu,chikafu
Dikumbana,accomplissement,3.0,Positive,Mot,accomplishment,ubungcweti,prestasie,Phihlelelo .,impumelelo,kuita,kubudirira
Mifuanu,allégorique,3.0,Positive,Mot,allegorical,ngokusobala,allegories,Seswantšhetšo .,allegorical,allogorical,zvedimikira
Diyidimue,accord,3.0,Positive,Mot,agreement,isivumelwano,ooreenkoms,tumelelano,isivumelwano,chibvumirano,chibvumirano
Disanka,allégresse,3.0,Positive,Mot,joy,injabulo,vreugde,boipshino,uvuyo,Mufaro,mufaro
Mubandi,accusateur,3.0,Positive,Mot,accuser,umgqugquzeli,aanklaer,Molatodiši .,umtyholwa,vapomeri,mupomeri
Tshipungidi,alliance,3.0,Positive,Mot,alliance,isivumelwano sokubambisana,alliansie,Selekane sa .,umanyano,Alliance,mubatanidzwa
Bubandi,accusation,3.0,Positive,Mot,charge,khokhisa,hef,lefiša,intlawulo,mhosva,charge
Bulopo,ambassade,3.0,Positive,Mot,embassy,indawo yokuhlala noma ihhovisi lenxusa,ambassade,Botseta .,inzala,Embassy,embassy
Dipeta,acquisition,3.0,Positive,Mot,acquisition,okutholakele,verkryging,phihlelelo,ukufunyanwa,kutora,kuwana
Bulunda,amitié,3.0,Positive,Mot,friendship,ubudlelwane,vriendskap,segwera,ubuhlobo,Hushamwari,ushamwari
Tshienzedi,action,3.0,Positive,Mot,action,ukwenza,aksie,kgato,isenzo,chiito,chiito
Bikole,amèrement,3.0,Positive,Mot,bitterly,-babayo,bitterlik,ka go baba .,ngokukrakra,zvinoshungurudza,zvinovava
Disuminyina,activité,3.0,Positive,Mot,activity,ukukhuthala,aktiwiteit,mošomo,Umsebenzi,chiitiko,chiitiko
Tshidimu,an,3.0,Positive,Mot,year,unyaka,jaar,ngwaga,unyaka,gore,gore
Muenamudimu,administrateur,3.0,Positive,Mot,administrator,umsingathi,administrateur,Molaodi .,umlawuli,Administrator,administrator
Mulawu,anathème,3.0,Positive,Mot,anathema,uhlobo,anathema,Anathema .,i-antiather,Anatherema,anathema
Kudimusha,admonestation,3.0,Positive,Mot,admonition,ukuqondiswa kwendlu,vermaning,Keletšo .,isibongozo,kuraira,yambiro
Nkambua,ancêtre,3.0,Positive,Mot,ancestor,ukhokho,voorouer,Mogologolo .,ukhokho,Ancestor,tateguru
Dipiana,adoption,3.0,Positive,Mot,adoption,ukuthabatha,aanneming,Go amogelwa ga bana .,ukuqaphela,Kugamuchirwa,kugamuchirwa
Dikenga,angoisse,3.0,Positive,Mot,anguish,usizi,angs,tlalelo ya tlalelo .,Intlungu,kushungurudzika,kurwadziwa
Mukukuidi,adorateur,3.0,Positive,Mot,worshiper,umkhulekeli,aanbidder,Morapedi .,umnquli,vanamati,munamati
Dimueneka,apparition,3.0,Positive,Mot,appearance,ukubonakala,voorkoms,ponagalo,imbonakalo,chitarisiko,chitarisiko
Masandi,adultère,-5.0,Negative,Mot,adultery,ukuphinga,owerspel,Bohlotlolo .,ukukrexeza,Upombwe,upombwe
Dibikila,appel,1.0,Positive,Mot,call,memeza,bel,bitša,umnxeba,kufona,call
Muenalukuna,adversaire,-1.0,Negative,Mot,opponent,isitha,opponent,Moganetši .,umchasi,mupikisi,muvengi
Dibikidibua,vocation,1.0,Positive,Mot,vocation,ubizo,roeping,Pitso ya .,umsebenzi,basa,basa
Nsangilu,assemblée,1.0,Positive,Mot,assembly,umbuthano,samestelling,kopano,indibano,gungano,ungano
Musoko,bourgeoise,1.0,Positive,Mot,bourgeois,bourgeois,bourgeois,Bo-bourgeois .,bourgeois,Bourgeois,bourgeois
Tshibombu,bourse,1.0,Positive,Mot,sotck exchange,SOTCK Exchange,sotck ruil,Phapanyetsano ya Sotck .,Ukutshintshiselana nge-sotck,Sotck Exchange,sotck exchange
Ditamba,branche,1.0,Positive,Mot,branch,igatsha,tak,lekala,isebe,Bazi,bazi
Mutoyi,bruit,1.0,Positive,Mot,noise,isixokoxoko,geraas,lešata,ingxolo,ruzha,noise
Tshikutu,buisson,1.0,Positive,Mot,bush,ihlathi,bossie,sethokgwa,ityholo,Bush,gwenzi
MunuWamaluvu,buveur,1.0,Positive,Mot,drinker,uphuzile,drinker,Monwi .,isrinker,kudhakwa,chinwiwa
Ditalala,calme,1.0,Positive,Mot,calm,ukuthula,kalm,homola,ukuzola,dzikama,kudzikama
Musonguedianganyi,calomniateur,-7.0,Negative,Mot,slanderer,umnyundeyeli,lasteraar,Motho yo a senyago leina .,umhlebi,selderer,mucheri
Tshitudilu,camp,5.0,Positive,Mot,camp,khempa,kamp,Kampo ya .,inkampu,musasa,camp
Kapita,capitaine,5.0,Positive,Mot,captain,induna yamasosha,kaptein,Mokapotene .,umphathi,kaputeni,mutungamiri
Mupika,captif,5.0,Positive,Mot,captive,-banjiwe,gevange,Go thopša .,thinta,vatapwa,musungwa
Lukanu,captivité,5.0,Positive,Mot,captivity,ukubanjwa,gevangenskap,Bothopša .,ukuthinjwa,kutapwa,kutapwa
Carrefour,masangu,5.0,Positive,Mot,masangu,masangu,masagu,Masangu .,masangu,Mashur,masangu
Bukole,ardeur,5.0,Positive,Mot,ardor,adlangi kahle,ywer,Go ba le phišego .,i-ardor,aoror,shungu
Tshimuenenu,aspect,5.0,Positive,Mot,appearance,ukubonakala,voorkoms,ponagalo,imbonakalo,chitarisiko,chitarisiko
Mushipianganyi,assassin,-3.0,Negative,Mot,assassin,umbulali womholi womphakathi,sluipmoordenaar,Mmolai wa .,ukubulala,Assassin,mhondi
Mikalu,borne,1.0,Positive,Mot,terminal,Isikhumulo,terminaal,Terminal .,Indawo yokukhwelela,terminal,terminal
Musonguedianganyi,calomniateur,-3.0,Negative,Mot,slanderer,umnyundeyeli,lasteraar,Motho yo a senyago leina .,umhlebi,selderer,mucheri
Tshitudilu,camp,2.0,Positive,Mot,camp,khempa,kamp,Kampo ya .,inkampu,musasa,camp
Kapita,capitaine,2.0,Positive,Mot,captain,induna yamasosha,kaptein,Mokapotene .,umphathi,kaputeni,mutungamiri
Mupika,captif,2.0,Positive,Mot,captive,-banjiwe,gevange,Go thopša .,thinta,vatapwa,musungwa
Tshibombu,bourse,2.0,Positive,Mot,sotck exchange,SOTCK Exchange,sotck ruil,Phapanyetsano ya Sotck .,Ukutshintshiselana nge-sotck,Sotck Exchange,sotck exchange
Ditamba,branche,2.0,Positive,Mot,branch,igatsha,tak,lekala,isebe,Bazi,bazi
Mutoyi,bruit,2.0,Positive,Mot,noise,isixokoxoko,geraas,lešata,ingxolo,ruzha,noise
Tshikutu,buisson,2.0,Positive,Mot,bush,ihlathi,bossie,sethokgwa,ityholo,Bush,gwenzi
MunuWamaluvu,buveur,2.0,Positive,Mot,drinker,uphuzile,drinker,Monwi .,isrinker,kudhakwa,chinwiwa
Ditalala,calme,2.0,Positive,Mot,calm,ukuthula,kalm,homola,ukuzola,dzikama,kudzikama
Bukole,ardeur,2.0,Positive,Mot,ardor,adlangi kahle,ywer,Go ba le phišego .,i-ardor,aoror,shungu
Tshimuenenu,aspect,2.0,Positive,Mot,appearance,ukubonakala,voorkoms,ponagalo,imbonakalo,chitarisiko,chitarisiko
Mushipianganyi,assassin,2.0,Positive,Mot,assassin,umbulali womholi womphakathi,sluipmoordenaar,Mmolai wa .,ukubulala,Assassin,mhondi
Dikima,assurance,2.0,Positive,Mot,insurance,umshwalense,versekering,inšorentshe,i-inshurensi,Inishuwarenzi,inishuwarenzi
Kuindila,attente,2.0,Positive,Mot,waiting,-lindizayo,wag,letile,ndilinde,Kumirira,kumirira
Ntema,attention,2.0,Positive,Mot,attention,ukuqaphela,aandag,tlhokomelo,ingqalelo,kutariswa,kutarisa
Dikamakama,audace,4.0,Positive,Mot,audacity,Okukholweni,vermetelheid,sebete sa go ba le sebete .,ukuphazamiseka,kuoneka,audacity
Munvui,auditeur,4.0,Positive,Mot,listener,umlaleli,luisteraar,Motheeletši .,mphulaphuli,Muteereri,muteereri
Mushipu,automne,4.0,Positive,Mot,autumn,ikwindla,herfs,lehlabula,ekwindla,autumn,matsutso
Bukokeshi,autorité,4.0,Positive,Mot,authority,isiphathimandla,gesag,taolo,igunya,Chiremera,chiremera
Didiundisha,avancement,4.0,Positive,Mot,advancement,ukuqhubekela phambili,vooruitgang,Kgatelopele .,ukuqhubela phambili,Kufambira Mberi,kufambira mberi
Ditamba,avantage,4.0,Positive,Mot,advantage,imbuyiselo,voordeel,mohola,inzuzo,mukana,advantage
Lukuka,Lukuka:avare,4.0,Positive,Mot,Lukuka: miserly,Lukaka: kabi,Lukuka: gierig,Lukuka: ke na le maikutlo a go hloka maikutlo a go se be le mohola.,UKeka: gwenxa,Lukuka: Zvakaipa,Lukeka: nhamo
Tshipiminu,balance,4.0,Positive,Mot,balance,ukuzimelela,balans,palantshe,ibhalansi,Balance,balance
Tshilulu,bande,4.0,Positive,Mot,band,isibopho,band,lepanta,band,bhendi,band
Mikalu,borne,4.0,Positive,Mot,terminal,Isikhumulo,terminaal,Terminal .,Indawo yokukhwelela,terminal,terminal
Musoko,bourgeoise,4.0,Positive,Mot,bourgeois,bourgeois,bourgeois,Bo-bourgeois .,bourgeois,Bourgeois,bourgeois
Tshibombu,bourse,4.0,Positive,Mot,sotck exchange,SOTCK Exchange,sotck ruil,Phapanyetsano ya Sotck .,Ukutshintshiselana nge-sotck,Sotck Exchange,sotck exchange
Ditamba,branche,4.0,Positive,Mot,branch,igatsha,tak,lekala,isebe,Bazi,bazi
Mutoyi,bruit,4.0,Positive,Mot,noise,isixokoxoko,geraas,lešata,ingxolo,ruzha,noise
Tshikutu,buisson,4.0,Positive,Mot,bush,ihlathi,bossie,sethokgwa,ityholo,Bush,gwenzi
MunuWamaluvu,buveur,4.0,Positive,Mot,drinker,uphuzile,drinker,Monwi .,isrinker,kudhakwa,chinwiwa
Ditalala,calme,4.0,Positive,Mot,calm,ukuthula,kalm,homola,ukuzola,dzikama,kudzikama
Tshitudilu,camp,1.0,Positive,Mot,camp,khempa,kamp,Kampo ya .,inkampu,musasa,camp
Kapita,capitaine,1.0,Positive,Mot,captain,induna yamasosha,kaptein,Mokapotene .,umphathi,kaputeni,mutungamiri
Mupika,captif,-3.0,Negative,Mot,captive,-banjiwe,gevange,Go thopša .,thinta,vatapwa,musungwa
Lukanu,captivité,-7.0,Negative,Mot,captivity,ukubanjwa,gevangenskap,Bothopša .,ukuthinjwa,kutapwa,kutapwa
Carrefour,masangu,2.0,Positive,Mot,masangu,masangu,masagu,Masangu .,masangu,Mashur,masangu
Tshimuenenu,aspect,1.0,Positive,Mot,appearance,ukubonakala,voorkoms,ponagalo,imbonakalo,chitarisiko,chitarisiko
Mushipianganyi,assassin,-9.0,Negative,Mot,assassin,umbulali womholi womphakathi,sluipmoordenaar,Mmolai wa .,ukubulala,Assassin,mhondi
Carrefour,masangu,1.0,Positive,Mot,masangu,masangu,masagu,Masangu .,masangu,Mashur,masangu
Bukole,ardeur,1.0,Positive,Mot,ardor,adlangi kahle,ywer,Go ba le phišego .,i-ardor,aoror,shungu
bunyi,Motbre,1.0,Positive,Mot,Motbre,IMotbre,Motbre,MOTBRE .,Isiqu,Motbre,Motbre
bapita,Motbreux,1.0,Positive,Mot,Motbreux,UMotbreux,Motbreux,Motbreux .,I-streblex,MotBndux,Motbreux
kufikisha,noircir,1.0,Positive,Mot,blacken,-mayela,swart word,blacken .,mnyama,Blacken,blacken
kudisha,nourir,1.0,Positive,Mot,feed,idili,voer,fepa,yondla,kudyisa,feed
kuledibua,naitre,1.0,Positive,Mot,to be born,Ukuzalwa,gebore te word,Go belegwa .,ukuzalwa,kuberekwa,kuzvarwa
tshipiatshipia,nouveau,1.0,Positive,Mot,new,-kwanamuhla,nuut,mpsha,intsha,Nyowani,itsva
tetu,nous,0.0,Neutre,Mot,We,Thina,Ons,Rena,Thina,Isu,Isu
kukoma,repasser,2.0,Positive,Verbe,iron,insimbi yoku-ayina,yster,aene,intsimbi,simbi,iron
lusa,pitié,2.0,Positive,Verbe,pity,umunyu,jammer,kwelobohloko,nceba,tsitsi,tsitsi
kutela,énumérer,2.0,Positive,Verbe,list,bhala uhlu,lys,lenaneo,uluhlu,rondedzero,list
kututa,frapper,2.0,Positive,Verbe,hit,shaya,tref,betha,hit,rova,hit
kuenda,marcher,2.0,Positive,Verbe,to walk,ukuhamba,te loop,Go sepela .,ukuhamba,kufamba,kufamba
kuseka,rigoler,2.0,Positive,Verbe,to laugh,ukuhleka,om te lag,Go sega .,ukuhleka,kuseka,kuseka
mimueka,sourire,2.0,Positive,Mot,smile,ukumamatheka,glimlag,myemyela,uncumo,kunyemwerera,nyemwerero
kuseka,rire,2.0,Positive,Mot,laugh,gigitheka,lag,sega,hleka,kuseka,seka
kupeta,trouver,2.0,Positive,Verbe,find,fumana,vind,hwetša,fumana,tsvaga,find
kukumbaja,accomplir,2.0,Positive,Verbe,accomplish,feza,bereik,fihlelela,phumeza,Zadzisa,zadzisa
kuhuja,remplir,2.0,Positive,Verbe,fill,gcwalisa,vul,tlatša,gcwalisa,zadza,fill
mulayi,promesse,2.0,Positive,Verbe,promise,thembisa,belofte,tshephišo,isithembiso,Vimbiso,promise
kupesha,donner,2.0,Positive,Verbe,give,khangeza,gee,fa,nika,ipa,give
kuja,danser,2.0,Positive,Verbe,to dance,ukudansa,om te dans,go bina .,ukudanisa,kutamba,kutamba
kuimba,chanter,2.0,Positive,Verbe,sing,cula,sing,opela,cula,imba,sing
kupangila,rater,2.0,Positive,Verbe,miss,khumbula,mis,fetilwe,phosa,kupotsa,miss
tshikosu,raccourcis,2.0,Positive,Mot,shortcuts,amashoshothi,kortpaaie,Dikgaoletšo .,iindlela ezimfutshane,Shortcuts,shortcuts
kututa,fouetter,2.0,Positive,Verbe,whip,thwebula,sweep,Sefepi .,i-whip,chikwapu,chikwapuro
dimanya,savoir,2.0,Positive,Verbe,know,bona,weet,tseba,yazi,ziva,ziva
kubika,réveiller,2.0,Positive,Verbe,wake,phaphama,wakker word,tsoga,vuka,Wake,wake
kukanga,fermer,2.0,Positive,Verbe,close,ngokuminyanisa,naby,tswalela,vala,Vhara,pedyo
kualuja,remettre,2.0,Positive,Verbe,to put back,Ukubuyisela emuva,terug te sit,go bušetša morago .,ukubuyisela umva,kudzosera kumashure,kuisa shure
kuteka,déposer,2.0,Positive,Verbe,deposit,faka,deposito,tipositi,idipozithi,dhipoziti,deposit
kulamba,préparer,2.0,Positive,Verbe,prepare,lungiselela,voorberei,beakanya,lungiselela,gadzirira,gadzirira
kutua,manipuler,2.0,Positive,Verbe,manipulate,khohlisa,manipuleer,šomiša bošaedi,bonisa,manipulate,manipulate
lutandala,internet,2.0,Positive,Mot,Internet,Isiqomanga ka-,Internet,Inthanete .,I-Intanethi,Internet,Internet
kutshiankunya,mâcher,2.0,Positive,Verbe,chew,hlafuna,kou,sohla,chew,Chew,chew
kudilulula,ruminer,2.0,Positive,Verbe,ruminate,hlaba,herkou,Ruminate .,ruminate,rumbavate,ruminate
kunyema,courir,2.0,Positive,Verbe,run,gijima,hardloop,kitima,baleka,kumhanya,run
kuipata,chasser,2.0,Positive,Verbe,chase,jaha,jaag,kitimiša,ukusukela,chase,chase
kunvua,comprendre,2.0,Positive,Verbe,to understand,ukuqondisisa,te verstaan,Go kwešiša .,ukuqonda,kunzwisisa,kunzwisisa
kukupula,essuyer,2.0,Positive,Verbe,to wipe,ukusula,om af te vee,Go phumola .,ukusula,kupukuta,kupukuta
bukenka,lumière,2.0,Positive,Mot,light,-mhlophe,lig,seetša,ukukhanya,Chiedza,chiedza
mundidimbi,ombre,2.0,Positive,Mot,shadow,ithunzi,skaduwee,morithi,isithunzi,mumvuri,mumvuri
muedi,barbe,2.0,Positive,Mot,beard,intshebe,baard,ditedu,iindevu,Ndebvu,ndebvu
kudiabakena,lamenter,2.0,Positive,Verbe,lament,umgulila wezulu,weeklaag,Sello .,isijwili,kuungudza,kuchema
kuzakala,trembler,2.0,Positive,Verbe,tremble,qhaqhazela,bewe,thothomela .,thuthumela,kudedera,kudedera
kulaba,frotter,2.0,Positive,Verbe,rub,hlikihla,vryf,fogohla,rub,rub,rub
nvunda,tourbillon,2.0,Positive,Mot,whirlwind,shirlwind,warrelwind,Ledimo la ledimo .,i-whirlwind,chimbudzi,chamupupuri
mukenya,eclaire,4.0,Positive,Mot,illuminated,kukhanyiswe,verlig,E bonešitšwe .,ikhanyisiwe,kuvhenekerwa,illuminated
tshiululu,nuage,4.0,Positive,Mot,cloud,amafu,wolk,leru,ilifu,gore,gore
kufunda,accuser,4.0,Positive,Mot,accuse,beka icala,beskuldig,Latola .,isimangalo,kupomera,pomera mhosva
kansungansunga,discrimination,4.0,Positive,Mot,discrimination,ubandlululo,diskriminasie,kgethollo,ucalucalulo,Kusarura,rusarura
kuikisha,reposer,4.0,Positive,Verbe,to rest,ukuphumula,om te rus,Go khutša .,ukuphumla,kuzorora,kuzorora
mulombi,mendier,4.0,Positive,Mot,beg,cela,smeek,Beg .,cela,kukumbira,kumbira
mudiavi,gourmand,4.0,Positive,Mot,gourmand,igourmand,fynproewers,Gourmand .,IGurmand,Gourmand,gourmand
muenantanda,citoyen,4.0,Positive,Mot,citizen,isakhamuzi,burger,modudi,ummi,mugari,citizen
kuadija,étaler,4.0,Positive,Verbe,spread,ukubhebhetheka,versprei,phatlalala,usasazeko,paradzira,paradzira
kuihila,sarcler,4.0,Positive,Verbe,weed,ukhula,onkruid,ngwang,ukhula,masora,sora
kutengula,circoncire,4.0,Positive,Verbe,circumcise,soka,besny,Boloki bja go bolotša .,walusa,Kudzingisa,dzingisa
kubobesha,murmure,4.0,Positive,Verbe,murmur,ukhololo,murmureer,Go ngunanguna .,murmur,kugunun'una,gunun'una
kuluatshika,vêtir,4.0,Positive,Verbe,clothe,mbathisa,aantrek,Seaparo sa go apara .,nxiba,Pre Prefe,pfeka
kuadika,habiller,4.0,Positive,Verbe,dress,gqoka,rok,seaparo,nxiba,chipfeko,dress
nvita,guerre,4.0,Positive,Mot,war,ukulwa,oorlog,ntwa,imfazwe,Hondo,hondo
kujika,enterrer,4.0,Positive,Verbe,bury,ngcwaba,begrawe,boloka,ukungcwaba,kuviga,viga
kuakaja,ajuster,4.0,Positive,Verbe,adjust,fanelisa,aanpas,beakanya,lungisa,gadzirisa,gadzirisa
kulengeja,embellir,4.0,Positive,Verbe,embellish,hubela,versier,Embellish .,emzuzwini,Embellish,embellish
kutokesha,purifier,4.0,Positive,Verbe,purify,hlanza,suiwer,Hlwekiša .,hlamba,chinatsa,purify
kabalamatuku,calendier,4.0,Positive,Mot,calendar,unsukuzonke,kalender,Tšhupamabaka ya .,ikhalenda,Karenda,calendar
kuela,insérer,4.0,Positive,Verbe,insert,faka,invoeg,tsenya,faka,isa,pinza
kuludika,dresser,4.0,Positive,Verbe,dress,gqoka,rok,seaparo,nxiba,chipfeko,dress
kubela,éduquer,4.0,Positive,Verbe,educate,fundisa,opvoed,Ruta .,fundisa,dzidzisa,dzidzisa
tshienzedi,acte,4.0,Positive,Mot,act,dlala,optree,molao,isenzo,chiito,act
kutshimuna,vaincre,4.0,Positive,Verbe,defeat,nqoba,nederlaag,fenya,yoyisiwe,kukunda,kukundwa
kutumbisha,louer,4.0,Positive,Verbe,to rent out,ukuqasha,te verhuur,Go hira .,ukuqesha ngaphandle,kubvarura,kuroja
kutangalaja,propager,4.0,Positive,Verbe,propagate,landa,voortplant,Phatlalatša .,ukusasaza,kuparadzira,propagate
dizakala,tremblement,4.0,Positive,Mot,tremor,ukuzamazama komhlaba okulamalisa amanje,bewing,Go thothomela .,ungcangcazela,trement,kudedera
kuzakala,trembler,4.0,Positive,Verbe,tremble,qhaqhazela,bewe,thothomela .,thuthumela,kudedera,kudedera
kutshibuka,fracturer,-4.0,Negative,Verbe,fracture,ukwaphuka,breuk,Go robega .,ukwaphuka,kupwanyika,kutyoka
kukuta,rassasier,3.0,Positive,Verbe,satiate,isilingisi,versadig,Kgegea .,sathise,Satiate,satiate
kujima,eteindre,3.0,Positive,Verbe,turn off,vala,skakel af,Tima .,Cima,dzima,dzima
kutemesha,allumer,3.0,Positive,Verbe,to light up,ukukhanyisa,te verlig,Go boneša .,Ukukhanyisa,kuvhenekera,kuvhenekera
tshipiminu,mesure,3.0,Positive,Verbe,measure,kala,meet,lekanya,umlinganiso,kuyera,chiyero
kumonununa,revoir,3.0,Positive,Verbe,goodbye,Hamba kahle,totsiens,šala gabotse,Sala kakuhle,Sara mushe,Sara mushe
kutshina,craindre,-1.0,Negative,Verbe,to fear,ukwesaba,te vrees,Go tshaba .,Ukoyika,kutya,kutya
miengu,nauser,-1.0,Negative,Mot,nause,ngenisa,naarheid,Go hlatša .,i-nause,kusuwa,nause
tshieleka,serment,2.0,Positive,Mot,oath,isifungo,eed,kano,isifungo,mhiko,mhiko
kowela,nager,2.0,Positive,Verbe,swim,bhukuda,swem,rutha,ukuqubha,Shambira,kushambira
kudina,noyer,2.0,Positive,Verbe,walnut,ziyadliwa,okkerneut,Walnut .,i-walnut,walnut,walnut
kuhuyakana,respirer,2.0,Positive,Verbe,breathe,phefumula,asemhaal,hema,uphefumla,kufema,fema
kuinyija,plonger,2.0,Positive,Verbe,dive,ziphonsa ngekhanda emanzini,duik,thinya,dive,Dive,dive
kubola,mouiller,2.0,Positive,Verbe,wet,-manzi,nat,thapile,emanzi,kunyorova,wet
kubungila,somnoler,2.0,Positive,Verbe,doze,qaphela,sluimer,DOZE .,i-doze,Doze,hope
kulota,rever,2.0,Positive,Verbe,dream,iphupha,droom,toro,iphupha,kurota,hope
butuku,nuit,2.0,Positive,Mot,night,ubusuku,nag,bošego,busuku,husiku,husiku
ditunga,pays,2.0,Positive,Mot,country,izwe,land,naga,ilizwe,nyika,nyika
kumuenena,dominer,2.0,Positive,Verbe,dominate,busa,oorheers,Laola .,kulawula,kutonga,tonga
tshimenga,ville,2.0,Positive,Mot,city,idolobha,stad,toropokgolo,isixeko,guta,guta
musoku,village,2.0,Positive,Mot,village,umuzi,dorpie,motse,ilali,musha,musha
kuvuma,vibrer,2.0,Positive,Mot,vibrate,vevezela,vibreer,Go thothomela .,hluma,vibrate,vibrate
mulondi,coureur,2.0,Positive,Mot,runner,umgijimi,hardloper,Semathi .,Imbaleki,mumhanyi,mumhanyi
momunyi,voyan,2.0,Positive,Mot,clairvoyant,I-Clairvoyant,heldersiende,Clairvoyant .,i-clairvoyant,clirvoyant,clairvoyant
nsanyanga,sentiment,2.0,Positive,Mot,feeling,ukuzwakala,gevoel,maikutlo,imvakalelo,kunzwa,kunzwa
kujingila,souhaiter,2.0,Positive,Verbe,to wish,ukufisa,te wens,go lakatsa .,ukunqwenela,kushuvira,kuda
kukehesha,reduire,2.0,Positive,Verbe,reduce,phungula,verminder,fokotša,ukunciphisa,kuderedza,kuderedza
mavuala,Vagues,-1.0,Negative,Mot,Waves,Amatafula,Golwe,Maphoto .,Amaza,Mafungu,Waves
tshipepela,tempête,-3.0,Negative,Mot,storm,isivunguvungu,storm,ledimo,isaqhwithi,Dutu,dutu
kudiombo,décevoir,-7.0,Negative,Verbe,disappoint,dumaza,teleurstel,Kganyoga .,ukuphoxeka,kuodza moyo,disappoint
kusambakaja,melanger,4.0,Positive,Verbe,mix,xuba,meng,Motswako .,xuba,musanganiswa,mix
kufua,mourir,-9.0,Negative,Verbe,die,shona,sterf,hlokofala,ufe,kufa,kufa
kushima,mentir,-4.0,Negative,Verbe,lie,ginqika,lieg,maaka,ubuxoki,kunyepa,kunyepa
kulomba,mendier,-3.0,Negative,Verbe,beg,cela,smeek,Beg .,cela,kukumbira,kumbira
mulombi,mendiant,-2.0,Negative,Mot,beggar,isinxibi,bedelaar,Mokgopedi wa go hlokomela batho .,umvelisi,mupemhi,mupemhi
kukumbana,meriter,1.0,Positive,Verbe,deserve,fanela,verdien,swanelwa ke,kufanelekile,zvakakodzera,zvakakodzera
dikumbana,merite,1.0,Positive,Verbe,deserved,-sifanelile,verdien,E tshwanetse .,kufanelekile,zvakakodzera,zvakakodzera
mudimu,metier,1.0,Positive,Verbe,job,umsebenzi,werk,mošomo,umsebenzi,Jobho,basa
mashimi,mensonge,1.0,Positive,Mot,lie,ginqika,lieg,maaka,ubuxoki,kunyepa,kunyepa
munyengi,cambrioleur,-4.0,Negative,Mot,burglar,umgqekezi,inbreker,Mohodu wa lehodu .,burglar,burglar,burglar
lukombu,Balais,3.0,Positive,Mot,Brooms,Imishanelo,Besems,Mafielo a .,Umtshayelo,Brooms,Mitsvairo
dipeji,Papier,3.0,Positive,Mot,Paper,Iphepha,Papier,Pampiri,Iphepha,Pepa,Pepa
mapapa,Babouche,3.0,Positive,Mot,Babouche,Ababungu,Babouche,Babouche .,I-babouche,Babouche,Babauche
dingaya,Manguier,3.0,Positive,Mot,Mango,i-Mango,Mango,Mango .,imango,Mango,Mango
dinyuka,Éponge,3.0,Positive,Mot,Sponge,Isiponji,Spons,Sepontšhe .,Isiponji,Chipanje,Chipanje
sabanga,Savon,3.0,Positive,Mot,Soap,Insipho,Seep,Sešepe,Isepha,Sipo,Sipo
dilata,Tôle,3.0,Positive,Mot,Sheet metal,Ishidi yensimbi,Plaatmetaal,Tšhipi ya letlakala .,I-SHICHE SETY,Simbi yesimbi,Sheet simbi
dibaya,Bois,3.0,Positive,Mot,Drink,Phuza,Drink,Nwa,Isiselo,Kunwa,Inwai
cikolora,Torchon,3.0,Positive,Mot,Tea towel,Ithawula itiye,Teedoek,toulo ya tee .,Ithawula iti,Tewe tauro,Tea tauro
nshiba,Bambou,3.0,Positive,Mot,Bamboo,Uqalo,Bamboes,Bamboo .,Bamboo,Bamboo,Bamboo
nfatshiaka,Français,3.0,Positive,Mot,French,IsiFulentshi,Frans,Sefora .,IsiFrentshi,ChiFrench,ChiFrench
Tshina,Puit,3.0,Positive,Mot,Well,Ngakho,Wel,Gabotse,Kuhle,Zvakanaka,Zvakanaka
luesu,Marmite,3.0,Positive,Mot,Pot,Ibhodwe,Pot,pitša .,Imbiza,Poto,Pot
mbabula,Brasero,3.0,Positive,Mot,Brazier,Brazier,Brazier,Brazier o ile a ba le brazier .,Brazier,Brazier,Brazier
nkutu,Cuillère,3.0,Positive,Mot,Spoon,Isipuni,Lepel,Lelepola,Isipuni,Chipunu,Chipunu
muhanji,Malaxeur,3.0,Positive,Mot,Mixer,Okokuxuba,Menger,Motswaki .,Umxube,Musanganiswa,Mixer
Malala,Braise,3.0,Positive,Mot,Braised,-Bonakala,Gesmoor,E betlilwe ka braised .,Qhalazwe,Braising,Braised
mesa,Table,4.0,Positive,Mot,Table,Itafula,Tafel,Tafola,Itafile,Tafura,Tafura
nkuasa,Chaise,4.0,Positive,Mot,Chair,Isihlalo,Stoel,Setulo,Isitulo,Chigaro,Chair
kabadi,Armoire,4.0,Positive,Mot,Cupboard,Ikhabethe,Kas,Khatepote,Ikhabhathi,Mukombe,Cupboard
mufuku,Sac,4.0,Positive,Mot,Bag,Isikhwama,Sak,Mokotla,Ibhegi,Bhegi,Bag
dikopu,Gobelet,4.0,Positive,Mot,Cup,Inkomishi,Beker,Komiki,Ikomityi,Mukombe,Cup
dilongu,Assiette,4.0,Positive,Mot,Plate,Ipuleti,Plaat,Poleiti,Iplate,Ndiro,Plate
didiotu,Brique,4.0,Positive,Mot,Brick,Isitini,Baksteen,Setena,Isitena,Zvidhinha,Brick
mpanu,Poêle,4.0,Positive,Mot,Stove,Isitofu,Stoof,Setofo,Isitovu,Chitofu,Chitofu
nsuki,Cheveux,4.0,Positive,Mot,Hair,Uboya,Hare,Moriri,Iinwele,Bvudzi,Bvudzi
mashinyi,Voiture,4.0,Positive,Mot,Car,Imoto,Kar,Mmotoro,Imoto,Mota,Car
bulalu,Lit,4.0,Positive,Mot,Bed,Umbhede,Bed,Mpete,Ibhedi,Mubhedha,Bed
nshinga,File,4.0,Positive,Mot,File,Ifayili,Lêer,Faele,Ifayile,Faira,File
difikadimpa,Bienvenue,4.0,Positive,Mot,Welcome,Ukuthakaselwa,Welkom,Le amogetšwe,Wamkelekile,Mauya,Mauya
diewukanimenjicienabualu,Éluder,4.0,Positive,Verbe,Evade,Balekela,Ontduik,Evade .,Iphele,KUSVIRA,Evhade
dianganimushingamukanemu,Ladéférence,4.0,Positive,Mot,Deference,Ukuthobela,Eerbiedigheid,Tšhošetšo .,Ukuthobela,Kuremekedza,Deference
dinianga,Annihiler,4.0,Positive,Verbe,Annihilate,Bhubhisa,Vernietig,Annihilate .,Pheshana,Kutsakatisa,Paradzai
divula,Exacerber,4.0,Positive,Verbe,Exacerbate,Xakakha,vererger,Go gakatša .,Ukwanda,Exacerbate,Exacerbate
Dijingilabuimpabuabakuabu,Bienveillance,4.0,Positive,Mot,Kindness,Umusa,Vriendelikheid,Botho,Ububele,Mutsa,Mutsa
mutoka(butoka)clair,Limpide,4.0,Positive,Mot,Clear,-Cwebile,Duidelik,Tloša,Cacisa,Bvisa,Zvakajeka
dépression(dibungama),Mélancolie,4.0,Positive,Mot,Melancholy,Celancholy,Melancholie,Melancholy .,I-Melancholy,Melancholy,Melancholy
dinyunluka,Graviter,4.0,Positive,Verbe,Gravitate,Msindo,Swaarteer,Go gogela .,Hlukana,Gravit,Gravitate
critiqueviolente;kubishamucinyangu,Diatribe,4.0,Positive,Mot,Diatribe,I-diatribe,Diatribe,Diatribe .,Diatribee,Diatribe,Diatribe
puhela;pauvreté,Indigence,4.0,Positive,Mot,Destitution,Indawo,Behoeftigheid,Go hloka .,Ihlwempu,Kupera,Urombo
dote,Biuma,4.0,Positive,Mot,Biuma,Ugiya,Biuma,B i a l i a .,I-Biuma,Biuma,Biuma
kusela,Marier,4.0,Positive,Verbe,Marry,Gcagca,Trou,Nyala .,Tshata,Roora,Kuroora
kuipata,Chasser,4.0,Positive,Verbe,Hunt,Ukuzingela,Jag,Tsoma,Ukuzingela,Kuvhima,Hunt
kuelatshituha,Embrasser,4.0,Positive,Verbe,To kiss,Ukuqabula,Om te soen,go atlana .,Ukwanga,Kutsvoda,Kutsvoda
kukolowa,Torcher,4.0,Positive,Verbe,Torch,Isihlonti,Fakkel,Torch .,Itotshi,Torch,Torch
kushipa,Tuer,-3.0,Negative,Verbe,Kill,Bulala,Doodmaak,Bolaya,Bulala,Kuuraya,Uraya
kuloba,Pêcher,2.0,Positive,Verbe,Sin,Ona,Sonde,Sebe .,Isono,Chivi,Chivi
tshilembi,Chasseur,2.0,Positive,Verbe,Hunter,Umzingeli,Jagter,Motsomi .,Umzingeli,Hunter,Hunter
munganga,Médecin,2.0,Positive,Mot,Doctor,Udokotela,Dokter,Ngaka,Ugqirha,Chiremba,Chiremba
mondopi,Guérisseur,2.0,Positive,Verbe,Healer,Umphilisi,Geneser,Mofodiši .,Umnyango,Murapi,Muporesi
mupandishi,Sauveur,2.0,Positive,Verbe,Savior,Umsindusi,Verlosser,Mopholosi .,UMsindisi,Muponesi,Muponesi
kuimba,Chanter,2.0,Positive,Verbe,Sing,Cula,Sing,Opela,Cula,Imba,Imbai
kutanda,Tonner,2.0,Positive,Verbe,Thunder,Ukuduma,Donderweer,Ledimo,Indudumo,Kutinhira,Kutinhira
kutanta,Émerger,2.0,Positive,Verbe,Emerge,Hlaluka,te voorskyn kom,Tšwelela,Phuma,Kubuda,Emerge
kututa,Tapper,2.0,Positive,Verbe,Tapper,Ithekethe,Tapper,Tapper .,I-Tapper,Tapper,Tapper
kuambula,Puiser,2.0,Positive,Verbe,Draw,Dweba,Teken,Thala,Zoba,Dhirowa,Dhirowa
kuangata,Puiser,2.0,Positive,Verbe,Draw,Dweba,Teken,Thala,Zoba,Dhirowa,Dhirowa
matandu,Dispute,-4.0,Negative,Verbe,Dispute,Phikisana,Dispuut,Kgakgano,Impikiswano,Kupokana,Kukakavadzana
kututa,Congner,-6.0,Negative,Verbe,Congner,Ingxumbu,Congner,Congner .,COCANYA,Congner,Congner
kubonda,Presser,2.0,Positive,Verbe,Squeeze,Vova,Druk,Pitlela,Tyhala,Svina,Kusvina
disanka,Allégresse,2.0,Positive,Mot,Joy,Injabulo,Vreugde,Boipshino,Uvuyo,Mufaro,Joy
anyima,Âme,2.0,Positive,Mot,Soul,Umuphefumulo,Siel,Moya,Umphefumlo,Mweya,Soul
Diyi,Voix,2.0,Positive,Mot,Voice,Iphimbo,Stem,Lentšu,Ilizwi,Izwi,Voice
tshiamua,Feràrepasser,2.0,Positive,Mot,iron,insimbi yoku-ayina,yster,aene,intsimbi,simbi,iron
kuamuisha,Allaiter,2.0,Positive,Verbe,Breast-feed,Ukuncelisa,Borsvoed,Go amuša .,Ibele,Kuuraya-chikafu,Kuyamwisa
kuambula,Transporter,2.0,Positive,Verbe,Carry,Thwala,Dra,Rwala,Phatha,Takura,Carry
kutuala,Amener,2.0,Positive,Verbe,To bring,Ukuletha,Om te bring,go tliša .,Ukuzisa,Kuunza,Kuunza
kuela,Submerger,2.0,Positive,Verbe,Overwhelm,Ukweqa,Oorweldig,Go gateletša .,I-SEPHhelm,Kukurira,Overwhelm
kuela,Tremper,2.0,Positive,Verbe,Soak,Manzisa,Week,Ena,Thambisa,Soak,Soak
kuela,Mettre,2.0,Positive,Verbe,Put,Beka,Sit,Bea,Faka,Isa,Put
kulongolola,Préparer,2.0,Positive,Verbe,Prepare,Lungiselela,Berei voor,Beakanya,Lungiselela,Gadzirira,Gadzirira
kulamba,Cuisiner,2.0,Positive,Verbe,Cook,Pheka,Kook,Apea,Ukupheka,Bika,Cook
nsangilu,Assemblée,2.0,Positive,Verbe,Assembly,Umbuthano,Vergadering,Kopano,Indibano,Gungano,Assembly
Nzambi,Dieu,2.0,Positive,Mot,God,UNkulunkulu,God,Modimo,Thixo,Mwari,Mwari
Mfumu,Seigneur,2.0,Positive,Mot,Lord,Ungqongqoshe,Here,Morena,Nkosi,Ishe,Ishe
yehowa,Jéhovah,2.0,Positive,Mot,Jehovah,UJehova,Jehovah,Jehofa .,NguYehova,Jehovha,Jehovha
muennenu,Avis,2.0,Positive,Mot,Notice,Isaziso,Kennisgewing,Tsebišo,Qaphela,Ziviso,Cherechedzai
tshienabualu,Thème,2.0,Positive,Mot,Theme,Isiqubulo,Tema,Tabataba,Umxholo,Theme,Theme
wabukolabonso,Tout-puissant,2.0,Positive,Mot,Almighty,-Na mandla onke,Almagtig,Ramatlaohle .,USomandla,Wemasimbaose,Wemasimbaose
sainteté,Tshijila,2.0,Positive,Mot,Tshijila,Tshijila,Tshijila,Tshijila .,Tshimila,Tshijila,Tshijila
kutumbisha,Glorifier,2.0,Positive,Mot,Glorify,Khulisa,Verheerlik,Go tumiša .,Dumisa,Kudzai,Kudzai
kuenzela,Utiliser,2.0,Positive,Verbe,To use,Ukusebenzisa,Om te gebruik,Go šomiša .,Ukusebenzisa,Kushandisa,Kushandisa
kukanga,Bloquer,2.0,Positive,Verbe,To block,Ukuvimba,Om te blokkeer,Go thibela .,Ukuvimba,Kuvhara,Kuvhara
kulongesha,Enseigner,2.0,Positive,Verbe,Teach,Fundisa,Leer,Ruta,Fundisa,Dzidzisa,Dzidzisai
kulongolola,Arranger,2.0,Positive,Verbe,Arrange,Hlela,Reël,Beakanya,Cwangcisa,Ronga,Ronga
pandalala,Trompette,2.0,Positive,Mot,Trumpet,Icilongo,Trompet,Phalafala .,Ixilongo,Hwamanda,Hwamanda
ngoma,Drum,2.0,Positive,Mot,Drum,Isigubhu,Trom,Moropa .,Idrum,Chigubhu,Drum
madimba,Xylophone,2.0,Positive,Mot,Xylophone,I-XYLOPHONE,Xylofoon,Xylophone .,I-Xylophone,Xylophone,Xylophone
ngoma,Batterie,2.0,Positive,Mot,Battery,Ibhethri,Battery,Peteri,Ibhetri,Bhatiri,Bhatiri
tshindidimbi,Image,2.0,Positive,Mot,Picture,Isithombe,Prentjie,Seswantšho,Umfanekiso,Mufananidzo,Mufananidzo
tshihahu,Champ,2.0,Positive,Mot,Field,Idlelo,Veld,Tšhemo,Intsimi,Munda,Munda
dongamu,Programme,2.0,Positive,Mot,Program,Okuzokwenzeka,Program,Lenaneo la .,Inkqubo,Chirongwa,Chirongwa
kuibidija,Entraîner,2.0,Positive,Verbe,Train,Qeqesha,Trein,Hlahla,Uloliwe,Chitima,Chitima
kubanga,Entamer,2.0,Positive,Verbe,Start,Suka,Begin,Thomiša,Qala,Tanga,Tanga
kujima,Éteindre,2.0,Positive,Verbe,Turn off,Vala,Skakel af,Tima .,Cima,Dzima,Dzima
kutemesha,Allumer,2.0,Positive,Verbe,To light up,Ukukhanyisa,Om op te lig,Go boneša .,Ukukhanyisa,Kuvhenekera,Kuvheneka
kujimina,Disparaitre,-3.0,Negative,Verbe,Disappear,Nyamalala,Verdwyn,Nyamelela,Nyamalala,Nyangarika,Kunyangarika
kutuhila,Disciper,4.0,Positive,Verbe,Discipline,Imfundiso yokulalela,Dissipline,Kgalema,Uqeqesho,Kurangwa,Kuranga
bulelela,Vérité,4.0,Positive,Mot,Truth,Iqiniso,Waarheid,Bonnete,Inyani,Chokwadi,Chokwadi
kamonakamba,Journaliste,4.0,Positive,Mot,Journalist,Intatheli,Joernalis,Mmegaditaba,Intatheli,Mutori wenhau,Mutori wenhau
dijiba,Jourdain,4.0,Positive,Mot,Jordan,UJordani,Jordaan,Jordan .,Jordan,Jodhani,Jodhani
kukatshila,Étonner,4.0,Positive,Verbe,Astonish,Inyakakhelwane,Verbaas,E makatšago .,I-astonish,ASTONISH,Astonish
madileji,Orgueil,4.0,Positive,Mot,Pride,Ukuziqhenya,Trots,Boitumelo,Ikratshi,Kudada,Kuzvikudza
bulongama,Ordre,4.0,Positive,Mot,Order,Hlela,Bestel,Tatelano,Iodolo,Kurongeka,Order
bibi,Mal,-2.0,Negative,Mot,Wrong,-Ngalungile,Verkeerd,Phošo,Ayilunganga,Zvakaipa,Zvakaipa
mutumibua,Envoyé,3.0,Positive,Mot,Sent,-Thulile,Gestuur,Rometše,Ithunyelwe,Yakatumirwa,Sent
mupostolo,Apôtre,3.0,Positive,Mot,Apostle,Umphostoli,Apostel,Moapostola .,Mpostile,MuApostora,Apostora
bupostolo,Apostolat,3.0,Positive,Mot,Apostolate,Ukweyisatshiswa,Apostolaat,Boapostolate .,Inxenye,Kutendeuka,Apostolate
bualuidi,Prêtrise,3.0,Positive,Mot,Priesthood,Ingcebo,Priesterskap,Boperisita .,Ububingeleli,Hupirisita,Hupirisita
mukanda,Evangile,3.0,Positive,Mot,Gospel,Izindaba ezinhle,Evangelie,Ebangedi .,Ivangeli,Vhangeri,Vhangeri
dilongesha,Prédication,3.0,Positive,Mot,Preaching,Ukushumayela,Prediking,Go rera .,Ukushumayela,Kuparidza,Kuparidza
mukanda,Épître,3.0,Positive,Mot,Epistle,Incwadi,Brief,Epistle .,Ileta,Epistle,Epistle
muyidi,Disciple,3.0,Positive,Mot,Disciple,Umlandeli,Dissipel,Morutiwa .,Umfundi,Mudzidzi,Mudzidzi
mulongi,Élève,3.0,Positive,Mot,Pupil,Umfundi,Leerling,Morutwana,Umfundi,Mudzidzi,Mwana wechikoro
kamua,Moustique,3.0,Positive,Mot,Mosquito,Umiyane,Muskiet,Mosquito .,I-mosquito,Umhutu,Mosquito
Njinji,Mouche,3.0,Positive,Mot,Fly,Ndiza,Vlieg,Fofa,Bhabha,Bhururuka,Fly
kamonakamba,Journaliste,3.0,Positive,Mot,Journalist,Intatheli,Joernalis,Mmegaditaba,Intatheli,Mutori wenhau,Mutori wenhau
muinvi,Voleur,-6.0,Negative,Mot,Thief,Isela,Dief,Lehodu,Isela,Mbavha,Mbavha
Diyi,Volume,2.0,Positive,Mot,Volume,Ukuvimbanisa,Volume,Bolumu,Ivolumu,Vhoriyamu,Volume
nzembua,Courant,4.0,Positive,Mot,Fluent,Qephuza,Vlot,Boreledi,Inyani,Fluent,Fluent
disanka,Bonheur,1.0,Positive,Mot,Happiness,Injabulo,Geluk,Lethabo,Ulonwabo,Mufaro,Mufaro
dibungama,Tristesse,-5.0,Negative,Mot,Sadness,Ukudabuka,Hartseer,manyami a go nyama .,Usizi,Kusuwa,Kusuwa
tshiji,Colère,-8.0,Negative,Mot,Anger,Intukuthelo,Woede,Pefelo,Umsindo,Kutsamwa,Hasha
bowa,Peur,-4.0,Negative,Mot,Fear,Ukwesaba,Vrees,Tšhoga,Uloyiko,Kutya,Kutya
ditalala,Paix,2.0,Positive,Mot,Peace,Ukuthula,Vrede,Khutšo,Uxolo,Runyararo,Rugare
kukuata,réussir,2.0,Positive,Verbe,succeed,phumelela,slaag,atlega,phumelela,Budirira,kubudirira
kubula,Échec,2.0,Positive,Mot,Failure,Phaphalaza,Mislukking,Go palelwa,Ukusilela,Kutadza,Kukundikana
ditekemena,Confiance,2.0,Positive,Mot,Trust,Themba,Vertrou,Tshepha,Ukuthembana,Kuvimba,Vimba
kuseka,Sourire,2.0,Positive,Mot,Smile,Ukumamatheka,Glimlag,Myemyela,Uncumo,Kunyemwerera,Smile
ditekemena,Espoir,1.0,Positive,Mot,Hope,Ithemba,Hoop,Kholofelo,Ithemba,Tariro,Hope
kuvuluka,souvenir,1.0,Positive,Verbe,memory,ukukhumbula,geheue,kgopolo,imemori,ndangariro,ndangariro
muoyimukola,Courage,1.0,Positive,Mot,Courage,Isibindi,Moed,Mafolofolo,Isibindi,Ushingi,Courage
mudikadila,Liberté,1.0,Positive,Verbe,Freedom,Inkululeko,Vryheid,Tokologo,Inkululeko,Rusununguko,Rusununguko
kukudimuna,Transformer,1.0,Positive,Verbe,Transform,Shintsha,Transformeer,Phetogo ya phetošo .,Tshintsha,Shandura,Shandura
kukola,Grandir,1.0,Positive,Verbe,To grow,Ukukhula,Om te groei,go gola .,Ukukhula,Kukura,Kukura
kulongesha,enseigne,1.0,Positive,Verbe,taught,wafundisa,geleer,rutile,ifundisiwe,kudzidziswa,vakadzidziswa
tshisumi,Persévérance,1.0,Positive,Mot,Perseverance,Ukuphikelela,Volharding,Kgotlelelo,Unyamezelo,Kutsungirira,Kutsungirira
kubenga,Refuser,-7.0,Negative,Verbe,Refuse,Ala,Weier,Gana,Inyikima,Ramba,Ramba
kubela,Réprimande,3.0,Positive,Mot,Reprimand,Ukujezisa,Berisping,Kgalemo .,Phinda,Kutsiura,Tsiura
kulomba,Demander,4.0,Positive,Verbe,Ask,Buza,Vra,Kgopela,Buza,Bvunza,Bvunza
ditekemena,Espoir,7.0,Positive,Verbe,Hope,Ithemba,Hoop,Kholofelo,Ithemba,Tariro,Hope
budu,Honte,-3.0,Negative,Mot,Shame,Amahloni,Skande,Mahlabišadihlong,Ihlazo,Nyadzi,Shame
lupepela,Air,2.0,Positive,Verbe,Air,Umoya,Lug,Moya,Umoya,Mhepo,Air
buloba,Monde,2.0,Positive,Mot,World,Izwe,Wêreld,Lefase,Umhlaba,Nyika,Nyika
anumpidieu,Immédiatement,2.0,Positive,Mot,Immediately,Eduze,Onmiddellik,Ka potlako,Kwangoko,Pakarepo,Pakarepo
bualubudimuakuezaka,Possible,2.0,Positive,Mot,Possible,-Enzekayo,Moontlik,Kgonagalo,Kunokwenzeka,Zvinogoneka,Zvinogoneka
bualubudikabuyimuakuezaka,Impossible,-4.0,Negative,Mot,Impossible,-Ngenakwenzeka,Onmoontlik,Sa kgonagalego,Ayinakwenzeka,Hazvigoneke,Hazvigoneki
buabualukayi,Pourquoi,0.0,Neutre,Mot,For what,Kwani,Vir wat,bakeng sa eng .,Yantoni,Yechii,Yechii
biakana,Parfaite,2.0,Positive,Mot,Perfect,Gweda,Perfek,Phethegilego,Igqibelele,Kukwana,Yakakwana
badisue,Egoïste,2.0,Positive,Mot,Self-centered,Ngokwakho uqobo,Selfgesentreerd,Boithati .,Ukuzingca,Kuzvifunga,Kuzvifunga
umueka,Visible,2.0,Positive,Mot,Visible,Qavile,Sigbaar,Go bonagala .,Ibonakale,Inoonekwa,Visible
kayilulamatu,Infidèle,-5.0,Negative,Mot,Unfaithful,-Ngenalo iqiniso,Ontrou,Go se botege .,Enganyanisekanga,Vasina kutendeka,Kusatendeka
lulamatu,Fidèle,1.0,Positive,Mot,Faithful,-Thembekile,Getrou,Botega,Ithembekile,Kutendeka,Akatendeka
disengelela,Supplication,1.0,Positive,Mot,Supplication,Ukunxusa,Smeking,Kgopelo .,Ukucela,Kuteterera,Kuteterera
dipingana,Retour,1.0,Positive,Mot,Back,-Dlulile,Terug,Morago,Umva,Kumashure,Back
dikudimuna,Variation,1.0,Positive,Mot,Variation,Ukuphenduka,Variasie,Phapano .,Umahluko,Kusiyana,Variation
dikuatshisha,Contribuer,1.0,Positive,Verbe,Contribute,Nikela,Dra by,Na le seabe,Ngegalelo,Batsira,Batsira
dikanyina,Menace,-7.0,Negative,Mot,Threat,Ukusongela,Bedreiging,Matšhošetši,Isoyikiso,Kutyisidzira,Kutyisidzira
dijimina,Disparaitre,-4.0,Negative,Verbe,Disappear,Nyamalala,Verdwyn,Nyamelela,Nyamalala,Nyangarika,Kunyangarika
dibuikidila,Pardon,5.0,Positive,Mot,Pardon,Xolela,Verskoon,Tshwarelo,Uxolelo,Kuregerera,Pardon
dibela,Discipline,5.0,Positive,Mot,Discipline,Imfundiso yokulalela,Dissipline,Kgalema,Uqeqesho,Kurangwa,Kuranga
dibingishibua,Justification,5.0,Positive,Mot,Justification,Ukuthethelela isizathu esizwakalayo,Regverdiging,Go lokafatšwa .,Ukuzithethelela,Kururamisa,Kururamisa
kutangila,Surveillance,5.0,Positive,Mot,Monitoring,Ukuqapha,Monitering,Go bea leihlo .,Ukubeka iliso,Kuongorora,Monitoring
mukawu,Jalousie,-8.0,Negative,Mot,Jealousy,Umona,Jaloesie,Lehufa .,Umona,Godo,Godo
disanga,Satisfaction,6.0,Positive,Mot,Satisfaction,Ukugculiseka,Tevredenheid,Kgotsofalo,Ulwaneliseko,Kugutsikana,Kugutsikana
dinyingalala,Regret,-6.0,Negative,Mot,Regret,Zisola,Berou,Maswabi,Ukuzisola,Kuzvidemba,Zvidemba
disanka,Enthousiasme,7.0,Positive,Mot,Enthusiasm,Ugqozi,Entoesiasme,Mafolofolo,Inzondelelo,Kushingairira,Shungu
dipangadika,Détermination,6.0,Positive,Mot,Determination,Ukunquma,Vasberadenheid,Phegelelo,Ukuzimisela,Kutsunga,Kutsunga
kukina,Haïr,-7.0,Negative,Mot,Hate,Ukuzonda,Haat,Hloya,Intiyo,Kuvenga,Ruvengo
dielakana,Inquiétude,-4.0,Negative,Mot,Worry,Khathazeka,Bekommernis,Tshwenyega,Ixhala,Kunetseka,Kunetseka
ditukudilenga,Bonnejournée,4.0,Positive,Mot,Good day,Usuku oluhle,Goeie dag,Letšatši le lebotse,Mholweni emini nje,Zuva rakanaka,Zuva rakanaka
kayiumueka,Invisible,4.0,Positive,Mot,Invisible,-Ngenakubonakala,Onsigbaar,Go se bonagale .,Engabonakali,Zvisingaonekwi,Invisible
kuabuluisha,Aide,4.0,Positive,Verbe,Help,Usizo,Help,Thušo,Nceda,Rubatsiro,Help
kutshimuna,Remporter,4.0,Positive,Verbe,Win,Ukunqoba,Wen,Thopa,Phumelela,Kuhwina,Win
kubukola,Avidement,4.0,Positive,Mot,Eagerly,Ngentshiseko,Gretig,Ka phišego .,Ngomdla,Nechido,Nechido
kanemu,Respecter,4.0,Positive,Mot,Respect,Hlonipha,Respek,Hlompha,Imbeko,Remekedza,Respect
kulekela,Abandon,4.0,Positive,Mot,Abandonment,Ukulahlwa,Verlating,Go Tloga .,Ukuyeka,Kusiiwa,Kusiiwa
kakuyidishilangana,Indifférence,4.0,Positive,Mot,Indifference,Ukwenuliseka,Onverskilligheid,Go se kgomege .,Ukungakhathali,Kusakendenga,Kusava nehanya
kanemu,Respect,4.0,Positive,Mot,Respect,Hlonipha,Respek,Hlompha,Imbeko,Remekedza,Respect
kuikala,Exister,4.0,Positive,Verbe,Exist,Hlala,Bestaan,Go ba gona,Zikhona,Kuvapo,Uripo
Udiuzakala,Tremblant,-2.0,Negative,Mot,Trembling,-Bheshekayo,Bewend,Go thothomela .,Ukungcangcazela,Kudedera,Kudedera
kuikalanelungenyi,intelligible,2.0,Positive,Mot,intelligible,-sobala,verstaanbaar,E kwešišegago .,kuyacaca,zvinonzwisisika,zvinonzwisisika
tshiditshitupu,Vide,2.0,Positive,Mot,Empty,-Ngahlali lutho,Leeg,Se nago selo,Ingenanto,Isina chinhu,Empty
mupabuishi,Séducteur,2.0,Positive,Mot,Seducer,Ehehayo,Verleier,Mokgoši .,Umlinganiso,SedUcer,Seducer
udinemuoyo,Vivant,2.0,Positive,Mot,Alive,-Zwayo,Lewendig,Phela,Uyaphila,Vapenyu,Alive
bienzedi,Comportement,2.0,Positive,Mot,Behavior,Ukuziphatha,Gedrag,Maitshwaro,Indlela yokuziphatha,Maitiro,Maitiro
kukosa,Rompre,2.0,Positive,Mot,Break,Ukwephula,Breek,Thuba,Ikhefu,Kutyora,Break
luabila,Annoncer,2.0,Positive,Verbe,Announce,Memezela,Kondig aan,Tsebisa .,Ngcwambulo,Chiziviso,Zivisai
babungi,Plusieurs,0.0,Neutre,Mot,Several,-Ahlukeneyo,Verskeie,Mmalwa,Iqela,Dzinoverengeka,Zvakawanda
dikisha,Tranquillité,5.0,Positive,Mot,Tranquility,Ukuthula,Rustigheid,Khutšo .,Ukuzola,Kugadzikana,Kugadzikana
biamushinga,intéressant,5.0,Positive,Mot,interesting,-yintshisekelo,interessant,kgahliša,umdla,zvinonakidza,zvinonakidza
kusamba,Consolation,5.0,Positive,Mot,Consolation,Iduta,Troos,Khomotšo .,Intsomi,Nyaradzo,Nyaradzo
ditabuja,Confiance,5.0,Positive,Mot,Trust,Themba,Vertrou,Tshepha,Ukuthembana,Kuvimba,Vimba
kuanyisha,Admiration,5.0,Positive,Mot,Admiration,Okuncomekayo,Bewondering,Go kgahlwa ke .,Ukuncoma,Kuyemurwa,Kuyemura
kutekemena:,Espérance,5.0,Positive,Mot,Hope,Ithemba,Hoop,Kholofelo,Ithemba,Tariro,Hope
matandu,Rancune,-6.0,Negative,Mot,Grudge,Gcaga,Wrok,Sekgopi .,Gxotha,Grudge,Grudge
lusa,Compassion,4.0,Positive,Mot,Compassion,Ububele,Deernis,Kwelobohloko,Ububele,Tsitsi,Tsitsi
buimpabuenza,Gratitude,4.0,Positive,Mot,Gratitude,Ukubonga,Dankbaarheid,Tebogo,Umbulelo,Kutenda,Kutenda
kupetulula,Reconnaissance,4.0,Positive,Mot,Acknowledgement,Ukwamukela,Erkenning,Tebogo .,Ukwamkelwa,Kubvuma,Kutenda
kuanyisha,Admiration,4.0,Positive,Mot,Admiration,Okuncomekayo,Bewondering,Go kgahlwa ke .,Ukuncoma,Kuyemurwa,Kuyemura
kondokamuoyo,Conscience,4.0,Positive,Mot,Awareness,Ukuzwa,Bewustheid,Temogo,Ukwazisa,Kuziva,Kuziva
mpukapuka,Hasard,4.0,Positive,Mot,Chance,Ithuba,Kans,Sebaka,Ithuba,Mukana,Chance
bipeta,solution,4.0,Positive,Mot,solution,isixazululo,oplossing,tharollo,isisombululo,mhinduro,mhinduro
kusabuka,Traverser,4.0,Positive,Verbe,To cross,Ukuwela,Om oor te steek,go tshela .,Ukuwela,Kuyambuka,Kuyambuka
buimpa,Beauté,4.0,Positive,Mot,Beauty,Ubuhle,Skoonheid,Bobotse,Ubuhle,Runako,Runako
kusengelela,Supplier,4.0,Positive,Verbe,Supplier,Umthumeli,Verskaffer,Moabi .,Umboneleli,Mutengesi,Supplier
makuta,L’argent,4.0,Positive,Mot,Money,Imali,Geld,Tšhelete,Imali,Mari,Mari
dikenga,Galère,-5.0,Negative,Mot,Galley,Ugibele,Galei,Galley .,Gallay,Galley,Galley
tunyinganyinga,inquiétudes,-3.0,Negative,Mot,concerns,ukukhathaza,bekommernisse,Matshwenyego .,Inkxalabo,Kunetseka,zvinonetsa
kudisangisha,Rassembler,1.0,Positive,Verbe,Gather,Hlangana,Versamel,Kgoboketša,Uqokelela,Unganidza,Unganidza
bukokeshi,Pouvoir,1.0,Positive,Verbe,Power,Ubuqhwaga,Krag,Maatla,Amandla,Simba,Simba
mushidikibua,Détermination,1.0,Positive,Mot,Determination,Ukunquma,Vasberadenheid,Phegelelo,Ukuzimisela,Kutsunga,Kutsunga
dinyingalala,Regret,-2.0,Negative,Mot,Regret,Zisola,Berou,Maswabi,Ukuzisola,Kuzvidemba,Zvidemba
disama,Maladie,-5.0,Negative,Mot,Disease,Isifo,Siekte,Bolwetši,Isifo,Chirwere,Chirwere
musha,Pete,-3.0,Negative,Verbe,Pete,Upele,Piet,Pete .,Pete,Pete,Pete
dinda,Matin,2.0,Positive,Mot,Morning,Ekuseni,Oggend,Mesong,Ntseni,Mangwanani,Mangwanani
muedi,Barbe,2.0,Positive,Mot,Beard,Intshebe,Baard,Ditedu,Iindevu,Ndebvu,Ndebvu
lukenyibu,Coude,2.0,Positive,Mot,Elbow,Indololwane,Elmboog,Setšu,Lbow,Elbow,Gokora
diboko,Bras,2.0,Positive,Mot,Arm,Hlomisa,Arm,Letsogo,Ingalo,Ruoko,Arm
nshingu,Cou,2.0,Positive,Mot,Neck,Intamo,Nek,Molala,Intamo,Mutsipa,Neck
konyi,Rein,2.0,Positive,Mot,Kidney,Insonge yasolwandle,Nier,Pshio,Izintso,Itsvo,Kidney
dikiki,Sourcil,2.0,Positive,Mot,Eyebrow,Ishiya,Wenkbrou,Eyebrow .,Iliso,Eyebrow,Tsiye
tshisululu,Sueur,2.0,Positive,Mot,Sweat,Juluka,Sweet,Sethitho,Ukubila,Ziya,Ziya
mujilu,Veine,2.0,Positive,Mot,Vein,Umthambo,Aar,Mothalo .,Umthambo,Vein,Vein
difu,Ventre,2.0,Positive,Mot,Belly,Isisu,Maag,Mpa,Isisu,Dumbu,Belly
kasha,cerf,2.0,Positive,Mot,deer,izidubhu,takbokke,tshepe,inyamakazi,nondo,nondo
lukala,Craba,2.0,Positive,Mot,Craba,Craba,Kraba,Craba .,Craba,Craba,Craba
mukanku,Aigle,2.0,Positive,Mot,Eagle,Ukhozi,Arend,Ntšhu,Ukhozi,Eagle,Gondo
tshuila,Crapaud,2.0,Positive,Mot,Toad,Iselesele,Padda,Toad .,Toad,Toad,Toad
ludimba,Grenouille,2.0,Positive,Mot,Frog,Iselesele,Padda,Segwagwa,Isele,Chura,Datya
tshipungulu,Hibou,2.0,Positive,Mot,Owl,Isikhova,Uil,Leribiši,Owl,Owl,Zizi
mushipa,Poisson,2.0,Positive,Mot,Fish,Bhibhiya,Vis,Hlapi,Intlanzi,Hove,Hove
lupasu,Sauterelle,2.0,Positive,Mot,Grasshopper,Umafushazana,Sprinkaan,Tšhilo ya tšie .,Intethe,Huswa,Mhashu
kabundi,renard,2.0,Positive,Mot,fox,uhlotshana oluthize lwempungushe,jakkals,phukubje,impungutye,Fox,gava
mukoko,Mouton,2.0,Positive,Mot,Sheep,Imvu,Skape,Nku,Iigusha,Gwai,Makwai
muzeu,Ours,2.0,Positive,Mot,Bear,Thwala,Beer,Rwala,Ibhere,Fani,Bere
tshibulebule,Taupe,2.0,Positive,Mot,Mole,Ivukuzi,Mol,Serunya,Mole,Mole,Mole
lupepele,Air,2.0,Positive,Mot,Air,Umoya,Lug,Moya,Umoya,Mhepo,Air
muelelu,Côte,2.0,Positive,Mot,Side,Usebe,Kant,Lehlakore,Icala,Padivi,Side
mashika,Froid,2.0,Positive,Mot,Cold,Ukubanda,Koud,Tonya,Kubanda,Kutonhora,Kutonhora
musulu,Fleuve,2.0,Positive,Mot,River,Umfula,Rivier,Noka,Umlambo,Rwizi,Rwizi
nkolo,Île,2.0,Positive,Mot,Island,Isiqhingi,Eiland,Sehlakahlaka,Isiqithi,Island,Island
mbu,Mer,2.0,Positive,Mot,Sea,Ulwandle,See,Lewatle,Ulwandle,Gungwa,Gungwa
olo,Or,2.0,Positive,Mot,Gold,Imali ebomvu,Goud,Gauta,Igolide,Goridhe,Ndarama
lubwebwe,Rocher,2.0,Positive,Mot,Rock,Itshe elikhulu,Rots,Letlapa,Iliwa,Dombo,Dombo
Muji,Racine,2.0,Positive,Mot,Root,Impande,Wortel,Modu,Ingcambu,Midzi,Root
muhanda,Papier,2.0,Positive,Mot,Paper,Iphepha,Papier,Pampiri,Iphepha,Pepa,Pepa
lupuishi,Poussière,-4.0,Negative,Mot,Dust,Uthuli,Stof,Lerole,Uthuli,Guruva,Guruva
dijiba,Lac,3.0,Positive,Mot,Lake,Ichweba,Meer,Letsha,Ichibi,Dziva,Lake
tshiululu,Nuage,3.0,Positive,Mot,Cloud,Amafu,Wolk,Leru,Ilifu,Gore,Cloud
tshisosa,Herbe,3.0,Positive,Mot,Grass,Isikhotha,Gras,Bjang,Ingca,Huswa,Uswa
muishi,Fumée,3.0,Positive,Mot,Smoke,Shunqisa,Rook,Muši,Umsi,Utsi,Kusvuta
tshipele,Désert,3.0,Positive,Mot,Desert,Hlamuka,Woestyn,Leganata,Intlango,Renje,Desert
dikalu,Couleur,3.0,Positive,Mot,Color,Umbala,Kleur,Mmala,Umbala,Ruvara,Color
ditshima,Brouillard,3.0,Positive,Mot,Fog,Inkungu,Mis,Kgodi,Inkungu,Fog,Fog
nkuvu,tortue,3.0,Positive,Mot,tortoise,ufudu,skilpad,Khudu ya Khudu .,ufudo,torto,kamba
lutolekela,Puce,3.0,Positive,Mot,Chip,Xhoza,Chip,Chip .,Chip,Chip,Chip
musodi,Lézard,3.0,Positive,Mot,Lizard,Isibankwa,Akkedis,Mokgaritswane,Irizard,Lizard,Dzvinyu
mukenge,Lièvre,3.0,Positive,Mot,Hare,umvundla,Haas,Hare .,ingcuka,Hare,Hare
dibele,Sein,3.0,Positive,Mot,Breast,Isibele,Bors,Letswele,Ibele,Mazamu,Zamu
tshikankanya,Talon,3.0,Positive,Mot,Heel,Isithende,Hak,Serethe .,Isithende,Chitsitsinho,Chitsitsinho
mata,Salive,3.0,Positive,Mot,Saliva,Amathe,Speeksel,Mathe a .,Amathe,Mate,Mate
munyungu,Ride,3.0,Positive,Mot,Wrinkled,Ehlanganiswe,Gerimpeld,Wrinkled .,Icinyiwe,Akapwanyika,Wrinkled
bongo,nerf,3.0,Positive,Mot,nerve,umuzwa,senuwee,methapo ya kutlo .,I-nerve,nerve,nerve
dimanya,Savoir,3.0,Positive,Mot,Know,Bona,Weet,Tseba,Yazi,Ziva,Ziva
lungenyi,Connaissance,3.0,Positive,Mot,Awareness,Ukuzwa,Bewustheid,Temogo,Ukwazisa,Kuziva,Kuziva
dima,Argile,3.0,Positive,Mot,Clay,Ubumba,Klei,Letsopa,Udongwe,Ivhu,Clay
dilua,Arrivée,3.0,Positive,Mot,Arrival,Ukufika,Aankoms,Go fihla,Ukufika,Kusvika,Kusvika
kamama,Muet,3.0,Positive,Mot,Mute,-The nya,Demp,Homola,Sisidenge,Mbeveve,Mute
kala,Jadis,3.0,Positive,Mot,Formerly,Kuqala,Voorheen,Pele e be e le .,Ngaphambili,Zvaimboita,Kare
kamelu,Chameau,3.0,Positive,Mot,Camel,Ikameli,Kameel,Kamela .,Inkamela,Ngamera,Ngamera
kakuta,Quadrant,3.0,Positive,Mot,Quadrant,-Gamuha,Kwadrant,Quadrant .,Quadrant,Quadrant,Quadrant
kakese,Léger,3.0,Positive,Mot,Light,-Mhlophe,Lig,Seetša,Ukukhanya,Chiedza,Chiedza
kakanu,Anneau,3.0,Positive,Mot,Ring,Nqenqetha,Ring,Palamonwana,Iringi,Mhete,Ring
kasumbu,Secte,3.0,Positive,Mot,Sect,Inkolo,Sekte,Sehlotswana .,Ihlelo,Secle,Sect
kasala,Plume,3.0,Positive,Mot,Feather,Isidlodlo,Veertjie,Lefofa,Iintsiba,Minhenga,Feather
lise,Miséricorde,3.0,Positive,Mot,Mercy,Ububele,Genade,Mogau,Inceba,Ngoni,Tsitsi
luteta,Grain,3.0,Positive,Mot,Grain,Inhlamvu,Graan,Lebele,Ingqolowa,Zviyo,Zviyo
lutulu,Clémence,3.0,Positive,Mot,Clemency,Ubuyekebendla,Genade,Kgaugelo .,Ukucaciswa,Clemency,Clemency
Mabue,Écueil,3.0,Positive,Mot,Pitfall,Ukufiphala,Slaggat,Molaba .,Mphunga,Punduts,Pitfall
luvungula,Clé,3.0,Positive,Mot,Key,Isihluthulelo,Sleutel,Khii,Isitshixo,Kiyi,Key
lukanku,Tremblement,-4.0,Negative,Mot,Tremor,Ukuzamazama komhlaba okulamalisa amanje,Bewing,Go thothomela .,Ungcangcazela,Trement,Tremor
lusengu,Corne,6.0,Positive,Mot,Horn,Uphondo,Horing,Lenaka,Uphondo,Nyanga,Nyanga
Malala,Charbon,6.0,Positive,Mot,Coal,Amalahle,Steenkool,Malahla,Amalahle,Marasha,Marasha
umuepele,Unique,6.0,Positive,Mot,Unique,-Hlukile,Uniek,Moswananoši,Eyahlukileyo,Akasiyana,Unique
utema,Ardent,6.0,Positive,Mot,Ardent,-Ngecebo,Vurig,Ardent .,Inqaku,Akajaira,Adent
tujila,Ruelle,6.0,Positive,Mot,Alley,Umhubhe,Steeg,Alley .,I-alley,Alley,Alley
tsjiji,Rage,6.0,Positive,Mot,Rage,Intukuthelo esabisayo,Woede,Pefelo,Ingqumbo,Kutsamwa,Rage
tshuwidi,Plénitude,6.0,Positive,Mot,Fullness,Ukugcwele,Volheid,Go tlala .,Ukugcwala,Kuzara,Kuzara
tshume,Sec,6.0,Positive,Mot,Dry,-Omile,Droog,Omile,Yomile,Kuoma,Dry
tshiyole,Famine,6.0,Positive,Mot,Famine,Indlala,Hongersnood,Tlala,Indlala,Nzara,Nzara
tshiule,Plein,6.0,Positive,Mot,Full,-Gcwele,Vol,Tletše,Igcwele,Izere,Full
tshiunvuika,Intelligible,6.0,Positive,Mot,Intelligible,-Sobala,Verstaanbaar,E kwešišegago .,Kuyacaca,Zvinonzwisisika,Inonzwisisika
nzubu,Maison,6.0,Positive,Mot,Home,Ikhaya,Tuis,Gae,Ikhaya,Imba,Kumba
nzala,Faim,6.0,Positive,Mot,Hunger,Iphango,Honger,Tlala .,Indlala,Nzara,Nzara
nzambi,Dieu,6.0,Positive,Mot,God,UNkulunkulu,God,Modimo,Thixo,Mwari,Mwari
nyota,Soif,-5.0,Negative,Mot,Thirsty,-Omile,Dors,Nyorilwe,Unxaniwe,Nyota,Nyota
nyima,Dos,1.0,Positive,Mot,Back,-Dlulile,Terug,Morago,Umva,Kumashure,Back
nvula,Pluie,1.0,Positive,Mot,Rain,Imvula,Reën,Pula,Imvula,Kunaya,Mvura
mutshima,Coeur,1.0,Positive,Mot,Heart,Inhliziyo,Hart,Pelo,Intliziyo,Moyo,Mwoyo
mutoto,Etoile,1.0,Positive,Mot,Star,Inkanyezi,Ster,Naledi,Inkanyezi,Nyeredzi,Star
mutoke,Transparent,1.0,Positive,Mot,Transparent,-Khanyayo,Deursigtig,Pepeneneng,Kucace,Pachena,Transparent
mutoyi,Mélodie,1.0,Positive,Mot,Melody,Indlela yamagama,Melodie,Molodi .,I-melody,Melody,Melody
lununku,Odorat,1.0,Positive,Mot,Smell,Iphinga,Reuk,Nkgelela,Ivumba,Kunhuhwirira,Kunhuwa
lupangu,Cour,1.0,Positive,Mot,Court,Inkundla,Hof,Kgorotsheko,Inkundla,Dare,Dare
lukodi,Corde,1.0,Positive,Mot,Rope,Intambo enkulu,Tou,Thapo,Intambo,Tambo,Tambo
lukinu,Malice,1.0,Positive,Mot,Malice,Ifundululu,Kwaadwilligheid,Malice .,Ububi,Utsinye,Nyasha
lelu,Aujourd'hui,1.0,Positive,Mot,Today,Namhlanje,Vandag,Lehono,Namhlanje,Nhasi,Nhasi
kuyila,Étudier,1.0,Positive,Verbe,To study,Ozokufunda,Om te studeer,go ithuta .,Ukufunda,Kudzidza,Kudzidza
kuya,Aller,1.0,Positive,Verbe,Go,Hamba ngemoto,Gaan,Eya,Yiya,Enda,Enda
diyisha,Prédication,1.0,Positive,Mot,Preaching,Ukushumayela,Prediking,Go rera .,Ukushumayela,Kuparidza,Kuparidza
diya,Départ,1.0,Positive,Mot,Departure,Ukuhamba,Vertrek,Go tloga,Ukumka,Kuenda,Kusimuka
disoso,Déchirure,-4.0,Negative,Mot,Tear,Ukudabula,Skeur,Gagola,Iinyembezi,Misodzi,Tear
disu,Oeil,3.0,Positive,Mot,Eye,Ihlo,Oog,Leihlo,Iliso,Ziso,Ziso
cilongama,Sérieux,3.0,Positive,Mot,Serious,-Lukhuni,Ernstig,Tiišitše,Inzulu,Zvakakomba,Serious
kasunsukila,Seconde,3.0,Positive,Mot,Second,-Lekayo,Tweedens,Motsotswana,Isibini,Chepiri,Chepiri
bupolà,Sécurité,3.0,Positive,Mot,Security,Ukuvikeleka,Sekuriteit,Tšhireletšo,Ukhuseleko,Chengetedzo,Chengetedzo
cilondi,Suite,3.0,Positive,Mot,Following,Okulandelayo,Volgende,Latelago,Ukulandela,Zvinotevera,Kutevera
bwezedi,Système,3.0,Positive,Mot,System,Indlela yokwenza,Stelsel,Tshepedišo,Inkqubo,System,System
dìjìmbu,Secret,3.0,Positive,Mot,Secret,-Yimfihlo,Geheim,Sephiri,Imfihlo,Chakavanzika,Secret
mwoyo,Sentiment,3.0,Positive,Mot,Feeling,Ukuzwakala,Gevoel,Maikutlo,Imvakalelo,Kunzwa,Kunzwa
diba,Soleil,3.0,Positive,Mot,Sun,Ilanga,Son,Letšatši,Ilanga,Zuva,Zuva
civulukidi,Souvenir,3.0,Positive,Verbe,Memory,Ukukhumbula,Geheue,Kgopolo,Imemori,Ndangariro,Memory
kubàsoka,Sauter,3.0,Positive,Verbe,Jump,Gxuma,Spring,Tshela,Xhuma,Kusvetuka,Jump
kupandisha,Sauvé,3.0,Positive,Verbe,Saved,-Londoloziweyo,Gestoor,E phološitšwe .,Igciniwe,Kuponeswa,Saved
Dyokala,Souffrir,-9.0,Negative,Verbe,Suffer,Hlupheka,Ly,Tlaišega,Yiva,Tambura,Kutambura
butooka,Lumière,2.0,Positive,Mot,Light,-Mhlophe,Lig,Seetša,Ukukhanya,Chiedza,Chiedza
mvita,Guerre,-7.0,Negative,Mot,War,Ukulwa,Oorlog,Ntwa,Imfazwe,Hondo,Hondo
koobesha,Gagner,4.0,Positive,Verbe,Earn,Hola,Verdien,Gola,Fumana,Tora,Get
sama,Disparaître,4.0,Positive,Verbe,Disappear,Nyamalala,Verdwyn,Nyamelela,Nyamalala,Nyangarika,Kunyangarika
cikola,Difficile,4.0,Positive,Mot,Difficult,-Lukhuni,Moeilik,Bothata,Kunzima,Zvakaoma,Zvakaoma
mululama,Droite,4.0,Positive,Mot,RIGHT,Ngakwesokudla,REGS,NEPAGETŠE,KUNENE,RUDYI,RUDYI
mushendu,Manière,4.0,Positive,Mot,Manner,Uhlobo,Manier,Mokgwa,Ngendlela,Maitiro,Maitiro
kubùla,Manquer,4.0,Positive,Mot,Miss,Khumbula,Mej,Fetilwe,Phosa,Kupotsa,Miss
cipendi,Moment,4.0,Positive,Mot,Moment,Isikhashana,Oomblik,Nakwana,Umzuzu,Nguva,Moment
cibì,Mouvais,4.0,Positive,Mot,Bad,-Ngalungile,Sleg,Mpe,Kubi,Zvakaipa,Bad
cilenga,Meilleur,4.0,Positive,Mot,Best,-Hle kakhulu,Beste,Kaonekaone,Eyona ilungileyo,Zvakanakisa,Best
nakà,Autre,4.0,Positive,Mot,Other,-Nye nje,Ander,Nngwe,Enye,Zvimwe,Zvimwe
cyàkala,Ancien,4.0,Positive,Mot,Ancient,-Daladala,Antieke,Kgalekgale,Amandulo,Yekare,Ancient
dyambulwisha,Aide,4.0,Positive,Mot,Help,Usizo,Help,Thušo,Nceda,Rubatsiro,Help
nteemà,Attention,4.0,Positive,Mot,Attention,Ukuqaphela,Aandag,Tlhokomelo,Ingqalelo,Kutariswa,Attention
cipungidi,Accord,4.0,Positive,Mot,Agreement,Isivumelwano,Ooreenkoms,Tumelelano,Isivumelwano,Chibvumirano,Chibvumirano
dinanga,Amour,4.0,Positive,Mot,Love,Thanda,Liefde,Lerato,Uthando,Rudo,Rudo
kulekela,Abandonner,4.0,Positive,Verbe,Give up,Yeka,Gee op,Felelwa ke maatla,Ncama,Ramwa,Ramwa
kushindikija,Accompagner,4.0,Positive,Verbe,To accompany,Ukuhambisana,Om te vergesel,Go felegetša .,Ukuhamba,Kuperekedza,Kuperekedza
kusekesha,Amuser,4.0,Positive,Verbe,Have fun,Kujabulele,Om pret te hê,Ipshine,Yonwaba,Nakidzwa,Nakidzwa
kutwàla,Apporter,4.0,Positive,Verbe,Bring,Letha,Bring,Tliša,Yizise,Uyai,Uyai
kushindamija,Assurer,4.0,Positive,Verbe,Ensure,Qinisekisa,Verseker,Netefatša,Qinisekisa,Simbisa,Iva nechokwadi
kubunda,Attaquer,4.0,Positive,Verbe,Tackle,Mpohga,Pak,Lwantšha,Jongana,Tackle,Tackle
dyèndedi,Automatique,4.0,Positive,Mot,Automatic,-Zishintshayo,Outomatiese,jarolla ka ho iketsa .,Ezenzekelayo,Otomatiki,Automatic
dilekela,Abandon,4.0,Positive,Mot,Abandonment,Ukulahlwa,Verlating,Go Tloga .,Ukuyeka,Kusiiwa,Kusiiwa
kukosa,Abolir,4.0,Positive,Verbe,Abolish,Chitha,Afskaf,Fediša .,Gcina,Bvisa,Abolish
kubenga,Abhorrer,4.0,Positive,Verbe,Abhor,Abisa,Verafsku,Lehlobo .,I-abrit,Awisa,Semai
kunyanga,Abîmé,4.0,Positive,Verbe,Abyss,Kwalabi,Afgrond,Sekotika .,Inzonzobila,Gomba,Gomba rakadzikadzika
bungibupitèbuàbintu,Abondance,4.0,Positive,Verbe,Abundance,Ubuningi,Oorvloed,Bontši,Ubuninzi,Zvakawanda,Kuwanda
kukepesha,Abréger,4.0,Positive,Verbe,Shorten,Nciphisa,Verkort,Khutsufatsa .,Mfutshane,Kupfupisa,Shorten
kênaku,Absent,4.0,Positive,Mot,Absent,-Ngekho,Afwesig,Hlokega,Ukungabikho,Kusavapo,Absent
cijala,Abstinence,4.0,Positive,Mot,Abstinence,Ukunqati,Onthouding,Go se be le mošomo .,Ukungasebenzi,Kurega,Kurega
kudinga,Abuser,4.0,Positive,Verbe,Abuse,Ona,Mishandeling,Tlaiša,Ukuphathwa gadalala,Kushungurudzwa,Abuse
kukolesha,Accélérer,4.0,Positive,Verbe,Accelerate,Khawuleza,Versnel,Akgofiša .,Khawulezisa,Kukurumidza,Accelerate
kusalakaja,Agiter,4.0,Positive,Verbe,Shake,Xukuza,Skud,Šikinya,Shake,Zunza,Kuzunungusa
kutwampala,Affronter,4.0,Positive,Verbe,Confront,Bhekana,Konfronteer,Go thulana le .,Jongana,Kusangana,Confront
kupikula,Affranchir,4.0,Positive,Verbe,Postage,Imali oyikhokhela ukuposa,Posgeld,Poso ya poso .,Iposi,Kutumira,Postage
cipendi,Affront,4.0,Positive,Mot,Affront,Ngokuphangi,Affront,Tšwelopele .,Cinga,Kushamiswa,Affront
kujikija,Accomplir,4.0,Positive,Verbe,Accomplish,Feza,Voltooi,Fihlelela,Phumeza,Zadzisa,Pedzisa
disànka,Bonheur,4.0,Positive,Mot,Happiness,Injabulo,Geluk,Lethabo,Ulonwabo,Mufaro,Mufaro
cikengelu,Besoin,4.0,Positive,Mot,Need,Dinga,Behoefte,Nyaka,Isidingo,Kuda,Need
cimuna,Battre,4.0,Positive,Mot,Beat,Shaya,Klop,Betha,Ukubetha,Kurova,Beat
cyomò,Bruit,4.0,Positive,Mot,Noise,Isixokoxoko,Geraas,Lešata,Ingxolo,Ruzha,Noise
kunyanga,Bouger,4.0,Positive,Verbe,To move,Ukuhambisa,Om te beweeg,Go šutha .,Ukuhamba,Kufamba,Kufamba
kulungula,Brûler,4.0,Positive,Verbe,Burn,Shisa,Brand,Fiša,Tshisa,Kupisa,Kupisa
cyànaku,Bizarre,4.0,Positive,Mot,Weird,-Xakile,Vreemd,Makatšago,Ayisebenzi,Weird,Weird
kukolela,Obliger,4.0,Positive,Verbe,To obligate,Ukuphoqa,Om te verplig,Go tlama .,Ukunyanzela,Kusungirwa,Kusungirira
ditalalaji,Ombre,4.0,Positive,Mot,Shadow,Ithunzi,Skaduwee,Morithi,Isithunzi,Mumvuri,Shadow
cikàlànga,Protocole,4.0,Positive,Mot,Protocol,Umthetho olandelisayo,Protokol,Prothokhole .,Iprotocol,Protocol,Protocol
kukùba,Protèger,4.0,Positive,Verbe,Protect,Vikela,Beskerm,Šireletša,Khusela,Chengetedza,Dzivirira
Kaya,Promettre,4.0,Positive,Verbe,Promise,Thembisa,Belowe,Tshephišo,Isithembiso,Vimbiso,Promise
kutwàta,Prendre,4.0,Positive,Verbe,Take,Hlalela,Neem,Tšea,Thatha,Tora,Tora
kutwala,Porter,4.0,Positive,Verbe,To carry,Ukuthwala,Om te dra,go rwala .,Ukubamba,Kutakura,Kutakura
kusakila,Pousser,4.0,Positive,Verbe,Push,Phusha,Druk,Kgorometša,Dudula,Sundidzira,Push
merci,Penser,4.0,Positive,Verbe,Think,Cabanga,Dink,Nagana,Cinga,Funga,Funga
sendemuka,Partir,4.0,Positive,Verbe,Leave,Shiya,Los,Tloga,Shiya,Zivisa,Siya
nshinga,Problèm,4.0,Positive,Mot,Problem,Inkinga,Probleem,Bothata,Ingxaki,Dambudziko,Dambudziko
bukalenga,Pouvoir,4.0,Positive,Verbe,Power,Ubuqhwaga,Krag,Maatla,Amandla,Simba,Simba
disànka,Plaisir,4.0,Positive,Verbe,Pleasure,Injabulo,Genot,Boithabišo,Ulonwabo,Mafaro,Pleasure
njila,Passage,4.0,Positive,Mot,Passage,Umhubhe,Deurgang,Sefero,Indinyana,Ndima,Passage
bwalu,Propos,4.0,Positive,Mot,About,Maqondana,Oor,Mabapi le,Malunga,Nezve,About
dikenga,Peine,4.0,Positive,Mot,Penalty,Inhlawulo,Straf,Kotlo .,Isohlwayo,Chirango,Chirango
Luulù,Honneur,4.0,Positive,Mot,Honor,Udumo,Eer,Hlompha,Imbeko,Kukudzwa,Rukudzo
kushikama,Habiter,4.0,Positive,Verbe,Live,Zwa,Leef,Phela,Phila,Rarama,Rarama
cibidilu,Habitude,4.0,Positive,Mot,Habit,Isiko,Gewoonte,Setlwaedi,Umkhwa,Tsika,Habit
musangala,Heureux,4.0,Positive,Mot,Happy,-Eneme,Gelukkig,Thabile,Bonwabile,Kufara,Happy
kabingila,Raison,4.0,Positive,Mot,Reason,Isisusa,Rede,Lebaka,Isizathu,Chikonzero,Chikonzero
kulokota,Raconter,4.0,Positive,Verbe,Tell,Tshela,Vertel,Botša,Xelela,Taura,Taura
ciluka,Réseau,4.0,Positive,Mot,Network,Inethiwekhi,Netwerk,Neteweke,Inethiwekhi,Network,Network
peta,Recevoir,4.0,Positive,Verbe,Receive,Thola,Ontvang,Amogela,Yamkela,Gamuchira,Gamuchira
aaluja,Remettre,4.0,Positive,Verbe,To put back,Ukubuyisela emuva,Om terug te sit,go bušetša morago .,Ukubuyisela umva,Kudzosera kumashure,Kudzorera
kukatula,Retirer,4.0,Positive,Verbe,Withdraw,Hola,Onttrek,Gogela morago,Rhoxisa,Bvisa,Withdraw
kucika,,4.0,Positive,Verbe,nah,nah,nee,Nah .,nah,Nah,nah
kubombola,Jeter,4.0,Positive,Verbe,Throw,Phonsa,Gooi,Foša,Phosa,Kukanda,Kanda
mulenga,Joli,4.0,Positive,Verbe,Pretty,-Bukeka kahle,Mooi,Botse,Intle,Runako,Runako
cipyacipya,Nouveau,4.0,Positive,Mot,New,-Kwanamuhla,Nuut,Mpsha,Intsha,Nyowani,New
mululama,Juste,4.0,Positive,Mot,Just,-Qotho,Net,Fela,Nje,Just,Just
cibandilu,Escalier,4.0,Positive,Mot,Stairs,Isikhwelo,Trappe,Ditepisi,Izitepsi,Masitepisi,Masitepisi
cilema,Erreur,-3.0,Negative,Mot,Error,Ukuphambeka,Fout,Phošo,Impazamo,Kukanganisa,Error
kwaakidila,Embrasser,2.0,Positive,Verbe,To kiss,Ukuqabula,Om te soen,go atlana .,Ukwanga,Kutsvoda,Kutsvoda
cisamba,Ethnie,4.0,Positive,Mot,Ethnic group,Iqembu lobuhlanga,Etniese groep,Morafe wa morafe .,Iqela lohlanga,Dzinza,Ethnic group
kubambakaja,Serrer,3.0,Positive,Verbe,To squeeze,Ukuncipha,Om te druk,Go pitlaganya .,Ukutshiza,Kunyudza,Kusvina
kupetulula,Retrouver,5.0,Positive,Verbe,Find,Fumana,Vind,Hwetša,Fumana,Tsvaga,Find
kubondolola,Rouler,1.0,Positive,Verbe,To roll,Ukugoqa,Om te rol,Go kgokologa .,Ukuqengqeleka,Kutenderera,Kukunguruka
kucipa,Jurer,7.0,Positive,Verbe,Swear,Thuka,Sweer,Ikana,Ukufunga,Kupika,Kupika
ngumu,Journal,4.0,Positive,Mot,Newspaper,Iphephandaba,Koerant,Kuranta ya .,Iphepha ndaba,Pepanhau,Newspaper
mululama,juste,2.0,Positive,Mot,just,-qotho,net,fela,nje,Just,just
kusumpakaja,inquiéter,4.0,Positive,Verbe,worry,khathazeka,bekommer,tshwenyega,Ixhala,kunetseka,kunetseka
umue,un,0.0,Neutre,Nombre,A,A,A,A .,A,A,A
ibidi,deux,0.0,Neutre,Nombre,two,okubili,twee,pedi,Mbini,piri,piri
isatu,trois,0.0,Neutre,Nombre,three,okuthathu,drie,tharo,Ntathu,tatu,tatu
inayi,quatre,0.0,Neutre,Nombre,four,okune,vier,Bone .,ezine,ina,ina
itanu,cinq,0.0,Neutre,Nombre,five,isihlanu,vyf,hlano,Ntlanu,shanu,shanu
isambombo,six,0.0,Neutre,Nombre,six,isithupha,ses,tshela,Ntandathu,nhanhatu,nhanhatu
muandamuteketa,sept,0.0,Neutre,Nombre,seven,Isikhombisa,sewe,Seven .,Sixhengxe,zvinomwe,nomwe
muandamukulu,wight,0.0,Neutre,Nombre,wight,into yokuhamba,wight,Wight .,I-Wight,Wight,wight
tshitemba,neuf,0.0,Neutre,Nombre,nine,isishiyagalolunye,nege,senyane,Thoba,pfumbamwe,pfumbamwe
dikumi,dix,0.0,Neutre,Nombre,ten,ishumi,tien,lesome,Shumi,gumi,gumi
dikumi-ni-umue,onze,0.0,Neutre,Nombre,eleven,ishumi nanye,elf,lesometee,Shumi elinanye,gumi neimwe,gumi neimwe
dikumi-ni-ibidi,douze,0.0,Neutre,Nombre,twelve,ishumi nambili,twaalf,lesomepedi,Shumi elinambini,gumi nembiri,gumi nembiri
dikuminiisatu,trez,0.0,Neutre,Nombre,trez,ithanga,trez,Trez .,trez,Traz,trez
dikuminiinayi,quatorze,0.0,Neutre,Nombre,fourteen,ishumi nane,veertien,lesomenne,Shumi elinane,gumi neina,gumi neina
dikuminiitanu,quinze,0.0,Neutre,Nombre,fifteen,ishumi nanhlanu,vyftien,lesomehlano,Shumi elinantlanu,gumi neshanu,gumi neshanu
dikuminiisambombo,seize,0.0,Neutre,Nombre,sixteen,ishumi nesithupha,sestien,lesometshela,Shumi elinesthandathu,gumi nenhanhatu,gumi nenhanhatu
dikuminimuandamuteketa,dix-sept,0.0,Neutre,Nombre,seventeen,ishumi,sewentien,lesomešupa,Shumi elinesixhenxe,gumi nenomwe,gumi nenomwe
dikuminimuandamukulu,dix-wight,0.0,Neutre,Nombre,ten-wight,I-Ten-Wight,tien-gewig,Ten-bohlokwa .,Ishumi ukuya,gumi-wighti,ten-wight
dikuminitshitemba,dix-neuf,0.0,Neutre,Nombre,nineteen,ishumi nesishiyagalolunye,negentien,lesomesenyane,Shumi elinethoba,gumi nepfumbamwe,gumi nepfumbamwe
makumiabidi,vingt,0.0,Neutre,Nombre,twenty,amashumi amabili,twintig,masomepedi,Amashumi amabini,makumi maviri,makumi maviri
makumiabidiniumue,vingt-un,0.0,Neutre,Nombre,twenty one,amashumi amabili nanye,een en twintig,masomepedi-tee,amashumi amabini ananye,makumi maviri nerimwe,makumi maviri nerimwe
makumiabidiniibidi,vingt-deux,0.0,Neutre,Nombre,twenty-two,amashumi amabili nambili,twee-en-twintig,Masomepedi-pedi .,amashumi anambini,makumi maviri nemaviri,makumi maviri nemaviri
makumiabidiniisatu,vingt-trois,0.0,Neutre,Nombre,twenty-three,amashumi amabili nantathu,drie-en-twintig,Masomepedi-tharo .,amashumi amabini anantathu,makumi maviri nematatu,makumi maviri nematatu
makumiabidiniinayi,vingt-quatre,0.0,Neutre,Nombre,twenty four,amashumi amabili nane,vier en twintig,Masomepedi a mane .,amashumi amabini anesine,makumi maviri nevana,makumi maviri nemana
makumiabidinitanu,vingt-cinq,0.0,Neutre,Nombre,twenty-five,amashumi amabili nanhlanu,vyf-en-twintig,Masomepedi-hlano .,amashumi amabini anesihlanu,makumi maviri neshanu,makumi maviri neshanu
makumiabidiniisambombo,vingt-six,0.0,Neutre,Nombre,twenty-six,Amashumi amabili nesithupha,ses-en-twintig,Masomepedi-tshela .,amashumi amabi anentandathu,makumi maviri nematanhatu,makumi maviri nenhanhatu
makumiabidinimuandamuteketa,vingt-sept,0.0,Neutre,Nombre,twenty seven,amashumi amabili neskhombisa,sewe en twintig,Masomepedi šupa .,amashumi amabini anesixhengxe,makumi maviri manomwe,makumi maviri nenomwe
makumiabidi-ni-mundamukulu,vingt-wight,0.0,Neutre,Nombre,twenty-wight,Amashumi amabili nanye,twintig-gewig,Masomepedi-sehlogo .,amashumi amabini anantlanu,makumi maviri nemaviri,makumi maviri nesere
makumiabidi-ni-tshitemba,vingt-neuf,0.0,Neutre,Nombre,twenty nine,Amashumi amabili nesishiyagalolunye,nege en twintig,Masomepedi senyane .,amashumi amabini anesithoba,makumi maviri nemapfumbamwe,makumi maviri nepfumbamwe
makumiasatu,trente,0.0,Neutre,Nombre,thirty,amashumi amathathu,dertig,masometharo,Amashumi amathathu,makumi matatu,makumi matatu
makumiasatu-ni-umua,trente-un,0.0,Neutre,Nombre,thirty-one,amashumi amathathu nanye,een-en-dertig,Mashome a mararo a metso e mong .,amashumi amathathu ananye,Makumi matatu nerimwe,makumi matatu nerimwe
makumiasatu-ni-ibidi,trente-deux,0.0,Neutre,Nombre,thirty-two,amashumi amathathu nambili,twee en dertig,Mararo a masometharo-pedi .,amashumi amathathu nambini,makumi matatu nemaviri,makumi matatu nembiri
makumiasatu-ni-isatu,trente-trois,0.0,Neutre,Nombre,thirty-three,amashumi amathathu nesithathu,drie-en-dertig,Mashome a mararo a boraro .,amashumi amathathu anantathu,makumi matatu nematatu,makumi matatu nenhatu
makumiasatu-ni-inayi,trente-quatre,0.0,Neutre,Nombre,thirty-four,amashumi amathathu nane,vier en dertig,Mashome a mararo a metso e mene .,amashumi amathathu anesine,makumi matatu nevana,makumi matatu nemana
makumiasatu-ni-itanu,trente-cinq,0.0,Neutre,Nombre,thirty-five,amashumi amathathu nanhlanu,vyf en dertig,Mashome a mararo a metso e mehlano .,amashumi amathathu anesihlanu,Makumi matatu neshanu,makumi matatu neshanu
makumiasatu-ni-isambombo,trente-six,0.0,Neutre,Nombre,thirty-six,amashumi amathathu nesithupha,ses en dertig,Mararo a masometharo-tshela .,amashumi amathathu anesithandathu,makumi matatu nematanhatu,makumi matatu nenhanhatu
makumiasatu-ni-muandamuteketa,trente-sept,0.0,Neutre,Nombre,thirty-seven,amashumi amathathu nesikhombisa,sewe en dertig,Mashome a mararo a šupa .,amashumi amathathu anesixhenxe,Makumi matatu nenomwe,makumi matatu nenomwe
makumiasatu-ni-muandamukulu,trente-wight,0.0,Neutre,Nombre,thirty-wight,Amashumi amathathu-Wight,dertig-gewig,Mashome a mararo a .,amashumi amathathu anesimo,Makumi matatu,makumi matatu
makumiasatu-ni-tshitemba,trente-neuf,0.0,Neutre,Nombre,thirty-nine,amashumi amathathu nesishiyagalolunye,nege en dertig,Mashome a mararo a senyane .,amashumi amathathu anesithoba,makumi matatu nemapfumbamwe,makumi matatu namapfumbamwe
makumianayi,quarante,0.0,Neutre,Nombre,forty,amashumi amane,veertig,masomenne,amashumi amane,makumi mana,makumi mana
makumianayi-ni-umua,quarante-un,0.0,Neutre,Nombre,forty one,amashumi amane,een en veertig,Mashome a Mane a Nngwe .,ishumi elinanye,makumi mana nerimwe,makumi mana nerimwe
makumianayi-ni-ibidi,quarante-deux,0.0,Neutre,Nombre,forty-two,amashumi amane nambili,twee en veertig,masomenne-pedi,amashumi amane anesibini,makumi mana nemaviri,makumi mana nemaviri
makumianayi-ni-isatu,quarante-trois,0.0,Neutre,Nombre,forty-three,amashumi amane nantathu,drie en veertig,Mashome a mane a metso e meraro .,amashumi amane anesithathu,makumi mana nevatatu,makumi mana nematatu
makumianayi-ni-inayi,quarante-quatre,0.0,Neutre,Nombre,forty four,amashumi amane nane,vier en veertig,Mashome a mane a metso e mene .,amashumi amane amane,makumi mana nevana,makumi mana nemana
makumianayi-ni-itanu,quarante-cinq,0.0,Neutre,Nombre,forty-five,amashumi amane nanhlanu,vyf en veertig,Mashome a mane a metso e mehlano .,amashumi amane anesihlanu,makumi mana neshanu,makumi mana neshanu
makumianayi-ni-isambombo,quarante-six,0.0,Neutre,Nombre,forty-six,amashumi amane nesithupha,ses en veertig,Mashome a mane a metso e tshela .,amashumi amane anesithandathu,makumi mana nevatanhatu,makumi mana nematanhatu
makumianayi-ni-muandamuteketa,quarante-sept,0.0,Neutre,Nombre,forty seven,amashumi amane nesikhombisa,sewe en veertig,Mashome a mane a metso e supileng .,amashumi amane anesixhenxe,makumi mana manomwe,makumi mana nenomwe
makumianayi-ni-muandamukulu,quarante-wight,0.0,Neutre,Nombre,forty-wight,Amashumi amane nanye,veertig-gewig,Mashome a mane-bohlokwa .,amashumi amane-wonke,makumi mana nemana,makumi mana nesere
makumianayi-ni-tshitemba,quarante-neuf,0.0,Neutre,Nombre,forty-nine,amashumi amane nesishiyagalolunye,nege en veertig,Mashome a mane a metso e senyane .,amashumi amane anesithoba,makumi mana nemapfumbamwe,makumi mana namapfumbamwe
makumiatanu,cinquante,0.0,Neutre,Nombre,fifty,amashumi amahlanu,vyftig,masomehlano,Amashumi amahlanu,makumi mashanu,makumi mashanu
makumiatanu-umua,cinquante-un,0.0,Neutre,Nombre,fifty one,amashumi amahlanu,een en vyftig,Masomehlano a le mong .,amashumi amahlanu,makumi mashanu nerimwe,makumi mashanu nerimwe
makumiatanu-ibidi,cinquante-deux,0.0,Neutre,Nombre,fifty-two,amashumi amahlanu nambili,twee en vyftig,Masomehlano-pedi .,amashumi amahlanu anababini,makumi mashanu nemaviri,makumi mashanu nembiri
makumiatanu-isatu,cinquante-trois,0.0,Neutre,Nombre,fifty-three,amashumi amahlanu nantathu,drie-en-vyftig,Masomehlano-tharo .,amashumi amahlanu anesithathu,makumi mashanu nevatatu,makumi mashanu nenhatu
makumiatanu-inayi,cinquante-quatre,0.0,Neutre,Nombre,fifty-four,amashumi amahlanu nane,vier-en-vyftig,Masomehlano-nne .,amashumi amahlanu anesine,makumi mashanu nemana,makumi mashanu neina
makumiatanu-itanu,cinquante-cinq,0.0,Neutre,Nombre,fifty-five,amashumi amahlanu nanhlanu,vyf en vyftig,Masomehlano-hlano .,amashumi amahlanu anesihlanu,makumi mashanu neshanu,makumi mashanu neshanu
makumiatanu-isambombo,cinquante-six,0.0,Neutre,Nombre,fifty-six,amashumi amahlanu nesithupha,ses en vyftig,Masomehlano-tshela .,amashumi amahlanu anesithandathu,makumi mashanu neshanu,makumi mashanu nenhanhatu
makumiatanu-muandamuteketa,cinquante-sept,0.0,Neutre,Nombre,fifty seven,amashumi amahlanu nesikhombisa,sewe en vyftig,Masomehlano a šupago .,amashumi amahlanu anesixhenxe,makumi mashanu manomwe,makumi mashanu nenomwe
makumiatanu-muandamukulu,cinquante-wight,0.0,Neutre,Nombre,fifty-wight,amashumi amahlanu-wight,vyftig-gewig,Bohlokwa bja masomehlano .,amashumi amahlanu,Makumi mashanu,makumi mashanu
makumiatanu-tshitemba,cinquante-neuf,0.0,Neutre,Nombre,fifty nine,amashumi amahlanu nesishiyagalolunye,nege en vyftig,Masomehlano senyane .,amashumi amahlanu anesithoba,makumi mashanu nepfumbamwe,makumi mashanu nepfumbamwe
makumiasambombo,soixante,0.0,Neutre,Nombre,sixty,amashumi ayisithupha,sestig,masometshela,Amashumi amathandathu,makumi matanhatu,makumi matanhatu
makumiasambombo-ni-umue,soixante-un,0.0,Neutre,Nombre,sixty one,amashumi ayisithupha,een en sestig,Masometshela a lengwe .,amashumi amathandathu,makumi matanhatu,makumi matanhatu nerimwe
makumiasambombo-ni-ibidi,soixante-deux,0.0,Neutre,Nombre,sixty-two,amashumi ayisithupha nambili,twee en sestig,Masometshela-pedi .,amashumi amathandathu-ezimbini,makumi matanhatu nemaviri,makumi matanhatu nembiri
makumiasambombo-ni-isatu,soixante-trois,0.0,Neutre,Nombre,sixty three,amashumi ayisithupha nantathu,drie en sestig,Masometshela a masometshela a masometshela .,amashumi amathandathu amathathu,makumi matanhatu nematatu,makumi matanhatu nenhatu
makumiasambombo-ni-inayi,soixante-quatre,0.0,Neutre,Nombre,sixty-four,amashumi ayisithupha nane,vier en sestig,Masometshela-nne .,amashumi amathandathu anesine,makumi matanhatu nenomwe,makumi matanhatu nemana
makumiasambombo-ni-itanu,soixante-cinq,0.0,Neutre,Nombre,sixty five,amashumi ayisithupha nanhlanu,vyf en sestig,Masometshela a mahlano a mahlano .,amashumi amathandathu anesihlanu,makumi matanhatu neshanu,makumi matanhatu neshanu
makumiasambombo-ni-isambombo,soixante-six,0.0,Neutre,Nombre,sixty six,amashumi ayisithupha nesithupha,ses en sestig,Masometshela a tshelelago a tshela .,amashumi amathandathu anesithandathu,makumi matanhatu nenhanhatu,makumi matanhatu nenhanhatu
makumiasambombo-ni-muandamuteketa,soixante-sept,0.0,Neutre,Nombre,sixty seven,amashumi ayisithupha nesikhombisa,sewe en sestig,Masometshela a šupago .,amashumi amathandathu anesixhenxe,makumi matanhatu nenomwe,makumi matanhatu nenomwe
makumiasambombo-ni-muandamukulu,soixante-wight,0.0,Neutre,Nombre,sixty-wight,amashumi ayisithupha nanye,sestig-gewig,Masometshela-bohlokwa .,amashumi amathandathu-Wight,makumi matanhatu nenomwe,makumi matanhatu
makumiasambombo-ni-tshitemba,soixante-neuf,0.0,Neutre,Nombre,sixty nine,Amashumi ayisithupha nesishiyagalolunye,nege en sestig,Masometshela a senyane a senyane .,amashumi amathandathu anesithoba,makumi matanhatu nemapfumbamwe,makumi matanhatu nepfumbamwe
makumimuandamuteketa,septante,0.0,Neutre,Nombre,seventy,amashumi ayisikhombisa,sewentig,masomešupa,Amashumi asixhenxe,makumi manomwe,makumi manomwe
makumimuandamuteketa-ni-umue,septante-un,0.0,Neutre,Nombre,seventy-one,amashumi ayisikhombisa nanye,een-en-sewentig,Masomešupa-tee .,amashumi asixhenxe ananye,makumi manomwe nerimwe,makumi manomwe nerimwe
makumimuandamuteketa-ni-ibidi,septante-un,0.0,Neutre,Nombre,seventy-one,amashumi ayisikhombisa nanye,een-en-sewentig,Masomešupa-tee .,amashumi asixhenxe ananye,makumi manomwe nerimwe,makumi manomwe nerimwe
makumimuandamuteketa-ni-isatu,septante-un,0.0,Neutre,Nombre,seventy-one,amashumi ayisikhombisa nanye,een-en-sewentig,Masomešupa-tee .,amashumi asixhenxe ananye,makumi manomwe nerimwe,makumi manomwe nerimwe
makumimuandamuteketa-ni-inayi,septante-un,0.0,Neutre,Nombre,seventy-one,amashumi ayisikhombisa nanye,een-en-sewentig,Masomešupa-tee .,amashumi asixhenxe ananye,makumi manomwe nerimwe,makumi manomwe nerimwe
makumimuandamuteketa-ni-itanu,septante-un,0.0,Neutre,Nombre,seventy-one,amashumi ayisikhombisa nanye,een-en-sewentig,Masomešupa-tee .,amashumi asixhenxe ananye,makumi manomwe nerimwe,makumi manomwe nerimwe
makumimuandamuteketa-ni-isambombo,septante-un,0.0,Neutre,Nombre,seventy-one,amashumi ayisikhombisa nanye,een-en-sewentig,Masomešupa-tee .,amashumi asixhenxe ananye,makumi manomwe nerimwe,makumi manomwe nerimwe
makumimuandamuteketa-ni-muandamuteketa,septante-un,0.0,Neutre,Nombre,seventy-one,amashumi ayisikhombisa nanye,een-en-sewentig,Masomešupa-tee .,amashumi asixhenxe ananye,makumi manomwe nerimwe,makumi manomwe nerimwe
Mukanda,Livre,1.0,Positive,Mot,Book,Ibhuku,Boek,Puku,Incwadi,Bhuku,Book
Ciyi,Court,1.0,Positive,Mot,Short,-Fushane,Kort,Kopana,Mfutshane,Pfupi,Pfupi
Cileha,Géant,1.0,Positive,Mot,Giant,Isiqhwagi,Reus,Lekgema,Giant,Hofori,Giant
Bowa,peur,-2.0,Negative,Mot,fear,ukwesaba,vrees,tšhoga,uloyiko,kutya,kutya
kuangata,prendre,1.0,Positive,Verbe,take,hlalela,neem,tšea,thatha,tora,take
ambula,Transporte,1.0,Positive,Verbe,Transport,Thutha,Vervoer,Senamelwa,Ezothutho,Kutakura,Transport
Alunja,Remet,1.0,Positive,Verbe,Hands over,Izandla ngaphezulu,Hande oor,diatla godimo ga .,Izandla ngaphezulu,Maoko pamusoro,Maoko pamusoro
Alukila,Retourne,1.0,Positive,Verbe,Return,Buyisela emuva,Keer terug,Boa,Buyela,Dzoka,Dzoka
Dikasa,Pieds,1.0,Positive,Mot,Feet,Amale,Voete,Maoto,Iinyawo,Tsoka,Tsoka
Amba,Dit,1.0,Positive,Verbe,Said,Wathi,Gesê,Boletše,Yatsho,Akadaro,Akadaro
Ambakaja,superposer,1.0,Positive,Verbe,superimpose,ukuphukhulumisa,superponeer,superimpose .,isuse,Superimpose,superimpose
Ambulula,répète,1.0,Positive,Verbe,repeated,-phindaphiwe,herhaal,pheta-pheta .,iphindaphindwe,kudzokororwa,akadzokororwa
Ambelu,Dehors,1.0,Positive,Verbe,Out,Ngaphandle,Uit,Ntle,Ngaphandle,Kunze,Kunze
Dilongo,Assiette,1.0,Positive,Mot,Plate,Ipuleti,Plaat,Poleiti,Iplate,Ndiro,Plate
BaLedi,parent,1.0,Positive,Mot,parent,umzali,ouer,Motswadi .,umzali,mubereki,mubereki
Banga,Commence,1.0,Positive,Mot,Begin,Qala,Begin,Thoma,Qala,Tanga,Tanga
cifulu,chapeau,1.0,Positive,Mot,hat,imbenge,hoed,katiba .,umnqwazi,hat,hat
Cilamba,Habit,1.0,Positive,Mot,Clothing,Okokugqoka,Kleredrag,Diaparo .,Impahla,Zvipfeko,Zvipfeko
CilambaPond,Pond,1.0,Positive,Mot,Pond,Isiziba,Dam,Letangwana,Ichibi,Pond,Dziva
Cisamba,origine,1.0,Positive,Mot,origin,ukudabuka,oorsprong,setlogo,imvelaphi,mabviro,mavambo
Ciskadilu,Comportement,1.0,Positive,Mot,Behavior,Ukuziphatha,Gedrag,Maitshwaro,Indlela yokuziphatha,Maitiro,Maitiro
Manayi,Jeux,1.0,Positive,Mot,Games,Imidlalogu Imidlalo,Speletjies,Dipapadi .,Imidlalo,Mitambo,Mitambo
Cibulundu,Ballon,1.0,Positive,Mot,Ball,Ibhola,Bal,Kgwele,Ibhola,Bhora,Bhora
Cingu_mapanga,cigale,1.0,Positive,Mot,cicada,i-cicada,sikade,CicAda .,cicada,Cicada,cicada
Kuhanga,Echoué,-1.0,Negative,Verbe,Failed,Yehlulekile,Misluk,Paletšwe,Ayiphumelelanga,Yakundikana,Akundikana
Dikenga,Souffrance,-1.0,Negative,Verbe,Suffering,Ukuhlupheka,Lyding,Go tlaišega,Ukubandezeleka,Kutambura,Kutambura
Disama,maladie,-1.0,Negative,Mot,disease,isifo,siekte,bolwetši,isifo,chirwere,chirwere
Dikenga,galère,-1.0,Negative,Mot,galley,ugibele,kombuis,Galley .,gallay,Galley,galley
Dinanga,Amour,1.0,Positive,Mot,Love,Thanda,Liefde,Lerato,Uthando,Rudo,Rudo
Dignoka,punition,-1.0,Negative,Mot,punishment,inhlawulo,straf,Kotlo .,isohlwayo,kurangwa,kurangwa
Bulanda,Pauvreté,-1.0,Negative,Mot,Poverty,Ukuntula,Armoede,Bodiidi,Intlupheko,Urombo,Urombo
Budisu,Orgueil,-1.0,Negative,Mot,Pride,Ukuziqhenya,Trots,Boitumelo,Ikratshi,Kudada,Kuzvikudza
Dihoyi,misère,-1.0,Negative,Mot,misery,ubuhlungu,ellende,masetlapelo,ububi,kusuwa,nhamo
Bulaku,Injure,-1.0,Negative,Verbe,Insult,Eyisa,Belediging,Maroga,Ukuthuka,Kutuka,Kutuka
Maleyaya,Malaria,-1.0,Negative,Mot,Malaria,Umalalejayu ngobuqileki,Malaria,Malaria .,Isilamu,Marariya,Malaria
Malunvu,Alcool,1.0,Positive,Mot,Alcohol,Utshwala,Alkohol,Alkhoholo,Utywala,Doro,Doro
Londopu,Traitement,2.0,Positive,Mot,Treatment,Ukwelapha,Behandeling,Kalafo,Unyango,Kurapwa,Kurapa
Manga,Fétiche,-5.0,Negative,Mot,Fetish,Fetish,Fetisj,Fetish .,Thambisa,Fetish,Fetish
Ngumu,Information,2.0,Positive,Mot,Information,Ulwazi,Inligting,Tshedimošo,Ulwazi,Ruzivo,Information
Butu,Sandre,1.0,Positive,Mot,Zander,Wander,Zander,Zander .,IZander,Zander,Zander
Makuta,Argent,1.0,Positive,Mot,Money,Imali,Geld,Tšhelete,Imali,Mari,Mari
Mamu,mère,1.0,Positive,Mot,mother,umame,ma,mma,umama,amai,amai
Tatu,Père,1.0,Positive,Mot,Father,Uyihlo,Vader,Papa,Utata,Baba,Baba
Kubungama,Tristesse,-2.0,Negative,Mot,Sadness,Ukudabuka,Hartseer,manyami a go nyama .,Usizi,Kusuwa,Kusuwa
Musangu,Oreiller,4.0,Positive,Mot,Pillow,Iphilo,Kussing,Mosamelo,Umqamelo,Pilo,Pillow
Vunda_vunda,Tourbillon,4.0,Positive,Mot,Whirlwind,Shirlwind,Warrelwind,Ledimo la ledimo .,I-whirlwind,Chimbudzi,Chamupupuri
Nvula,Pluie,4.0,Positive,Mot,Rain,Imvula,Reën,Pula,Imvula,Kunaya,Mvura
Nous,Nous,4.0,Positive,Mot,We,Thina,Ons,Rena,Thina,Isu,Isu
Quantité,Quantité,4.0,Positive,Mot,Quantity,Ubuningi,Hoeveelheid,Bontši,Ubungakanani,Kuwanda,Quantity
NtaMbua,lion,4.0,Positive,Mot,lion,ingonyama,leeu,tau,ingonyama,shumba,shumba
Soku,Singe,4.0,Positive,Mot,Monkey,Inkawu,Aap,Kgabo,Inkawu,Monkey,Tsoko
Zevu,Elephant,4.0,Positive,Mot,Elephant,Indlovu,Olifant,Tlou,Elephants,Nzou,Nzou
Mayi,Eau,4.0,Positive,Mot,Water,Nisela,Water,Meetse,Amanzi,Mvura,Mvura
Muela,Machette,4.0,Positive,Mot,Machete,-Edwala,Machete,Machete .,I-machete,Machete,Machete
Kasuyi,Hache,4.0,Positive,Mot,Ax,Izenube,Byl,Selepe .,I-ax,Demo,Ax
Tshasu,Bêche,4.0,Positive,Mot,Spade,Ukhuni,Graaf,Spade .,Spade,Spade,Spade
Nteta,Bâche,4.0,Positive,Mot,Tarpaulin,I-tarpaulin,Seil,Tarpaulin .,I-tarpaulin,Tarpauluin,Tarpaulin
Bulalu,Moussa,4.0,Positive,Mot,Moussa,MOSSA,Moussa,Moussa .,Moussa,Moussa,Moussa
Kuhenda,Injurier,-3.0,Negative,Verbe,Insult,Eyisa,Belediging,Maroga,Ukuthuka,Kutuka,Kutuka
Kutata,Tamiser,1.0,Positive,Verbe,Sieve,Luswano,Sif,Sefe .,Sieve,Sieve,Sieve
Bihu,punaise,-7.0,Negative,Mot,thumbtack,I-Thumbtack,duimstok,Thumbtack .,thlock,Thumbnack,thumbtack
Songakaji,Fille,1.0,Positive,Mot,Girl,Intombi,Meisie,Mosetsana,Intombazana,Musikana,Musikana
Songaluma,Garçon,1.0,Positive,Mot,Boy,Umfana,Seuntjie,Mošemane,Inkwenkwe,Mukomana,Mukomana
Maseba,Oncle,1.0,Positive,Mot,Uncle,Umalume,Oom,Malome,Umalume,Babamunini,Sekuru
tatumukaji,Tante,1.0,Positive,Mot,Aunt,Anti,Tannie,Rakgadi,Umakazi,Tete,Tete
kuenza,Faire,1.0,Positive,Verbe,Do,Enza,Doen,Dira,Yenza,Ita,Do
Menyi,L'urine,1.0,Positive,Mot,Urine,Umshobingo,Urine,Moroto .,Umchamo,Urini,Weti
Tuasakidila,Merci,1.0,Positive,Mot,THANKS,Ukuthakasela,DANKIE,KE A LEBOGA,ENKOSI,NDATENDA,NDATENDA
Kulala,Dormir,1.0,Positive,Verbe,Sleep,Ukulala,Slaap,Robala,Ukulala,Kurara,Rara
Tuta,Frappe,1.0,Positive,Verbe,Struck,-Gwashisayo,Geslaan,Bethilwe,Wabetha,Akarova,Akarohwa
Kunyungulaka,Tourner,1.0,Positive,Verbe,Turn,Phenduka,Draai,Fetoga,Jika,Tendeuka,Tendeuka
Bâle,Lit,1.0,Positive,Mot,Bed,Umbhede,Bed,Mpete,Ibhedi,Mubhedha,Bed
Udia,Mange,1.0,Positive,Verbe,Eaten,Udleke,Geëet,E jelwe .,Ityiwe,Kudyiwa,Kudyiwa
Usama,Malade,1.0,Positive,Mot,Sick,-Ngaphilile,Siek,Lwala,Ndiyagula,Kurwara,Kurwara
Ufua,Mort,1.0,Positive,Mot,Dead,-Fileyo,Dood,Hlokofetše,Ufile,Akafa,Vakafa
Mufua,Décédée,-9.0,Negative,Mot,Deceased,-Shonileyo,Oorlede,Mohu,Nkcizi,Akafa,Akafa
Lusa,Pitier,2.0,Positive,Mot,Pity,Umunyu,Jammer,Kwelobohloko,Nceba,Tsitsi,Tsitsi
Nkenena,Fourmis,-4.0,Negative,Mot,Ants,Amashefa,Miere,Ditšhošwane .,Iimbovane,Masvosve,Masvosve
Kanyunyi,Oiseau,5.0,Positive,Mot,Bird,Inyoni,Voël,Nonyana,Intaka,Shiri,Shiri
Kabuluku,Fou,-7.0,Negative,Mot,Mad,Phambeneyo,Mal,Gafa,Hlanya,Kupenga,Mad
mubanji,patron,2.0,Positive,Mot,boss,ophethe,baas,molaodi,umphathi,Boss,shefu
kusela,Marier,2.0,Positive,Verbe,Marry,Gcagca,Trou,Nyala .,Tshata,Roora,Kuroora
Mujika,Célibataire,2.0,Positive,Mot,Bachelor,Impohlo,Baccalaureus,Kgope,I-bachelor,Bachelor,Bachelor
Mulobi,Pécheur,2.0,Positive,Mot,Fisherman,Umdobi wenhlanzi,Visserman,Mohlapi wa Dihlapi wa Dihlapi .,Umlobi,Hove,Fisherman
Mibi,Pécher,2.0,Positive,Verbe,Sin,Ona,Sonde,Sebe .,Isono,Chivi,Chivi
Kakone,ÉcoMotiste,2.0,Positive,Mot,EcoMotist,Udokotela we-ecolomoti,EcoMotist,Ecomotist .,I-ecomotist,Ecomotist,EcoMotist
Magnimela,Ingénieur,2.0,Positive,Mot,Engineer,Unjiniyela,Ingenieur,Moentšineere,Injineli,Injiniya,Engineer
Bihu,Punaise,2.0,Positive,Mot,Thumbtack,I-Thumbtack,Duimstok,Thumbtack .,Thlock,Thumbnack,Thumbtack
Mimbembela,Agama,2.0,Positive,Mot,Agama,-Gugambu,Agama,Agama .,Agama,Agama,Agama
Nkunda,haricot,2.0,Positive,Mot,bean,ubhontshisi,boontjie,Bean .,imbotyi,bhinzi,bhinzi
Nyonga,Escargot,2.0,Positive,Mot,Snail,Umnenke,Slak,Kgopa,Inkumba,Sutu,Hozhwa
Mukolabibi,Impolie,-4.0,Negative,Mot,Rude,-Eyisayo,Onbeskof,Hlokago boitshwaro,Krwada,Rute,Rude
Mubelu,Conseil,5.0,Positive,Verbe,Advice,Iseluleko,Raad,Maele,Ingcebiso,Zano,Mazano
Kubela,Conseiller,5.0,Positive,Verbe,Advise,Cebisa,Adviseer,Eletša,Cebisa,Kuraira,Advise
Lombola,Cordonne,5.0,Positive,Mot,Cord,Intambo,Koord,Thapo .,Intambo,Tambo,Cord
Mulombodi,Coordinateur,5.0,Positive,Mot,Coordinator,Umxhumanisi,Koördineerder,Molomaganyi wa .,Umnxibelelanisi,Murongi,Coordinator
Moyi,Coeur,5.0,Positive,Mot,Heart,Inhliziyo,Hart,Pelo,Intliziyo,Moyo,Mwoyo
Boowa,Champignons,5.0,Positive,Mot,Mushrooms,Amakhowe,Sampioene,Di-mushroom .,Amakhowa,Howa,Howa
Diba,Heure,5.0,Positive,Mot,Hour,Ihora,Uur,Iri,Yure,Awa,Awa
Kaheji,Saboté,5.0,Positive,Mot,Sabotaged,-Chithiwe,Gesaboteer,Sabotaged .,I-sabotiment,Sabotday,Kuparadza
Mukana,Bouche,5.0,Positive,Mot,Mouth,Umlomo,Mond,Molomo,Umlomo,Muromo,Muromo
Dingeya,Mangue,5.0,Positive,Mot,Mango,i-Mango,Mango,Mango .,imango,Mango,Mango
Disama,maladie,-2.0,Negative,Mot,disease,isifo,siekte,bolwetši,isifo,chirwere,chirwere
Tangila,Regarde,1.0,Positive,Verbe,Look at,Bheka,Kyk na,Lebelela .,Jonga kwi,Tarisa,Tarisa
Lala,Dors,1.0,Positive,Mot,Sleep,Ukulala,Slaap,Robala,Ukulala,Kurara,Rara
Anu,Seulement,1.0,Positive,Mot,Only,Kuphela,Slegs,Fela,Kuphela,Chete,Chete
angata,prends,1.0,Positive,Verbe,take,hlalela,neem,tšea,thatha,tora,take
Ambelu,Dehors,1.0,Positive,Mot,Out,Ngaphandle,Uit,Ntle,Ngaphandle,Kunze,Kunze
Cilamba,Pond,1.0,Positive,Mot,Pond,Isiziba,Dam,Letangwana,Ichibi,Pond,Dziva
Cilumana,Tshichose,1.0,Positive,Mot,Tshichosis,Isifo se-Tshichosis,Tsjikose,Tshichosis .,I-tshichosis,Tshichosis,Tshichosis
Kuhanga,Echoué,1.0,Positive,Verbe,Failed,Yehlulekile,Misluk,Paletšwe,Ayiphumelelanga,Yakundikana,Akundikana
Kuhangila,manqué,1.0,Positive,Verbe,lack,ukuntula,gebrek,tlhokego,ukunqongophala,kushaya,kushaya
Dikenga,Souffrance,1.0,Positive,Verbe,Suffering,Ukuhlupheka,Lyding,Go tlaišega,Ukubandezeleka,Kutambura,Kutambura
Disama,maladie,1.0,Positive,Mot,disease,isifo,siekte,bolwetši,isifo,chirwere,chirwere
Dikenga,galère,-5.0,Negative,Verbe,galley,ugibele,kombuis,Galley .,gallay,Galley,galley
Dinanga,Amour,5.0,Positive,Mot,Love,Thanda,Liefde,Lerato,Uthando,Rudo,Rudo
Dignoka,punition,5.0,Positive,Mot,punishment,inhlawulo,straf,Kotlo .,isohlwayo,kurangwa,kurangwa
Mubanji,Riche,5.0,Positive,Mot,Rich,Nothile,Ryk,Humile,Sisityebi,Mupfumi,Mupfumi
Bulanda,Pauvreté,5.0,Positive,Verbe,Poverty,Ukuntula,Armoede,Bodiidi,Intlupheko,Urombo,Urombo
Bunyinu,Vagin,5.0,Positive,Mot,Vagina,Isibunu,Vagina,Bosadi .,Vegina,Vagina,Vagina
Budisu,Orgueil,5.0,Positive,Mot,Pride,Ukuziqhenya,Trots,Boitumelo,Ikratshi,Kudada,Kuzvikudza
Dihoyi,misère,5.0,Positive,Mot,misery,ubuhlungu,ellende,masetlapelo,ububi,kusuwa,nhamo
Matandu,Querelle,5.0,Positive,Mot,Quarrel,Xabana,Twis,Kgakgana,Ixampe,Kupopotedzana,Kukakavadzana
Bulaku,Injure,5.0,Positive,Mot,Insult,Eyisa,Belediging,Maroga,Ukuthuka,Kutuka,Kutuka
Malunvu,Alcool,-5.0,Negative,Mot,Alcohol,Utshwala,Alkohol,Alkhoholo,Utywala,Doro,Doro
Manga,Fétiche,-1.0,Negative,Mot,Fetish,Fetish,Fetisj,Fetish .,Thambisa,Fetish,Fetish
Bulaba,Sable,3.0,Positive,Mot,Sand,Isihlabathi,Sand,Santa,Isanti,Jecha,Jecha
Buta,Sandre,3.0,Positive,Mot,Zander,Wander,Zander,Zander .,IZander,Zander,Zander
Makuta,Argent,3.0,Positive,Mot,Money,Imali,Geld,Tšhelete,Imali,Mari,Mari
Mamu,Mère,3.0,Positive,Mot,Mother,Umame,Moeder,Mma,Umama,Amai,Amai
Tatu,Père,3.0,Positive,Mot,Father,Uyihlo,Vader,Papa,Utata,Baba,Baba
Kubungama,Tristesse,-6.0,Negative,Mot,Sadness,Ukudabuka,Hartseer,manyami a go nyama .,Usizi,Kusuwa,Kusuwa
Musangu,Oreiller,6.0,Positive,Mot,Pillow,Iphilo,Kussing,Mosamelo,Umqamelo,Pilo,Pillow
Vunda_vunda,Tourbillon,6.0,Positive,Mot,Whirlwind,Shirlwind,Warrelwind,Ledimo la ledimo .,I-whirlwind,Chimbudzi,Chamupupuri
Nvula,Pluie,6.0,Positive,Mot,Rain,Imvula,Reën,Pula,Imvula,Kunaya,Mvura
Bihu,punaise,6.0,Positive,Mot,thumbtack,I-Thumbtack,duimstok,Thumbtack .,thlock,Thumbnack,thumbtack
Songakaji,Fille,6.0,Positive,Mot,Girl,Intombi,Meisie,Mosetsana,Intombazana,Musikana,Musikana
Songaluma,Garçon,6.0,Positive,Mot,Boy,Umfana,Seuntjie,Mošemane,Inkwenkwe,Mukomana,Mukomana
Tante,tatumukaji,6.0,Positive,Mot,tatumukaji,tatumukaji,tatumukaji,Tatumukaji .,Tatumukaji,Tatiumukaji,tatumukaji
Faire,kuenza,6.0,Positive,Mot,kuenza,Kuniza,koeenza,Kuenza .,kuenza,Kuenza,kuenza
Menyi,Pipi,6.0,Positive,Mot,Pee,Okokuphangwa uvalo,Piepie,Rota,Pee,Pee,Pee
Merci,Tuasakadila,6.0,Positive,Mot,Tuasakadila,Tuasakadila,Tuasakadila,Tuasakadila .,I-tuasakadila,Tuasakadila,Tuasakadila
Kulala,Dormir,6.0,Positive,Verbe,Sleep,Ukulala,Slaap,Robala,Ukulala,Kurara,Rara
Tuta,Frappe,6.0,Positive,Mot,Struck,-Gwashisayo,Geslaan,Bethilwe,Wabetha,Akarova,Akarohwa
Kunyungulaka,Tourner,6.0,Positive,Verbe,Turn,Phenduka,Draai,Fetoga,Jika,Tendeuka,Tendeuka
Bala,Lis,6.0,Positive,Mot,Read,Funda,Lees,Bala,Funda,Verenga,Verenga
Udia,Mange,6.0,Positive,Mot,Eaten,Udleke,Geëet,E jelwe .,Ityiwe,Kudyiwa,Kudyiwa
Usama,Malade,-8.0,Negative,Mot,Sick,-Ngaphilile,Siek,Lwala,Ndiyagula,Kurwara,Kurwara
Ufua,Mort,-8.0,Negative,Mot,Dead,-Fileyo,Dood,Hlokofetše,Ufile,Akafa,Vakafa
Mufua,Décédée,-8.0,Negative,Mot,Deceased,-Shonileyo,Oorlede,Mohu,Nkcizi,Akafa,Akafa
Lusa,Pitier,-8.0,Negative,Verbe,Pity,Umunyu,Jammer,Kwelobohloko,Nceba,Tsitsi,Tsitsi
Nkenena,Fourmis,2.0,Positive,Mot,Ants,Amashefa,Miere,Ditšhošwane .,Iimbovane,Masvosve,Masvosve
Kanyunyi,Oiseau,2.0,Positive,Mot,Bird,Inyoni,Voël,Nonyana,Intaka,Shiri,Shiri
Kabuluku,Fou,2.0,Positive,Mot,Mad,Phambeneyo,Mal,Gafa,Hlanya,Kupenga,Mad
Musedibua,Marier,2.0,Positive,Verbe,Marry,Gcagca,Trou,Nyala .,Tshata,Roora,Kuroora
Mulobi,Péchère,2.0,Positive,Mot,Sinful,-Okona,Sondig,Sebe sa sebe .,Inesono,Zvivi,Mutadzi
Mumbembela,Agame,2.0,Positive,Mot,Agame,Vamema,Agame,Agame .,I-agame,Agame,Agame
Nkunda,Arrigo,2.0,Positive,Mot,Arrigo,-Vutha,Arrigo,Arrigo .,Ifigo,Arrigo,Arrigo
Lukonyonyo,Camelon,2.0,Positive,Mot,Camelon,UCamelononi,Kamelon,Camelon .,I-bizelon,Camelon,Camelon
Impolie,Mukolabibi,2.0,Positive,Mot,Mukolabibi,Mukolabibi,Mukolabibi,M u k u k l abibi .,Mukolabibi,Mukolabi,Mukolabibi
Conseil,Mubelu,2.0,Positive,Mot,Mubelu,IMubelu,Mubelu,Mubelu .,Mubhalu,Mubelu,Mubelu
Conseiller,Kubela,2.0,Positive,Mot,Kubela,Kubela,Kubela,K l l a s .,Kuube,Kuubla,Kubela
Cordonne,Lombola,2.0,Positive,Mot,Lombola,Imoto empini,Lombola,Lombola .,Lopoti,Lombola,Lombola
Coordinateur,Mulombodi,2.0,Positive,Mot,Mulombodi,Mulombodi,Mulombodi,Mulombodi .,Mulodi,Mulombodi,Mulombodi
Moyi,Ceour,2.0,Positive,Mot,Heart,Inhliziyo,Hart,Pelo,Intliziyo,Moyo,Mwoyo
Moyahu,Salut,2.0,Positive,Mot,Hi,Sibhabhanyo ngo,Hallo,Thobela,Mholo,Mhoro,Mhoro
Wetuahu,Bonjour,2.0,Positive,Mot,Good morning,Sawubona,Goeie môre,Thobela,Mholo,Mangwanani akanaka,Mangwanani akanaka
Butaka,Sexe,2.0,Positive,Mot,Sex,Ubulili,Seks,Thobalano .,Isondo,Bonde,Bonde
Mukanda,Livre,2.0,Positive,Mot,Book,Ibhuku,Boek,Puku,Incwadi,Bhuku,Book
Butandanla,Connexion,2.0,Positive,Mot,Connection,Isihlobo,Verbinding,Kgokagano .,Uqhagamshelo,Kubatana,Connection
Kohua,pendre,2.0,Positive,Verbe,hang,zula,hang,ikgama,hang,hang,hang
Kale,Étrangler,2.0,Positive,Verbe,Strangle,Klinya emphinjeni,Wurg,Kgama .,I-strangle,Strangle,Strangle
Kalulu,Lapin,2.0,Positive,Mot,Rabbit,Unogwaja,Konyn,Mmutla,Umvundla,Tsuro,Tsuro
Dikalu,Vélo,2.0,Positive,Mot,Bike,Ibhanoyi,Fiets,Paesekela,Ibhayisekile,Bhasikoro,Bhasikoro
Véhicule,Machine,2.0,Positive,Mot,Machine,Umshini,Masjien,Motšhene,Umatshini,Muchina,Machine
Ciyi,Court,2.0,Positive,Mot,Short,-Fushane,Kort,Kopana,Mfutshane,Pfupi,Pfupi
Cileha,Géant,2.0,Positive,Mot,Giant,Isiqhwagi,Reus,Lekgema,Giant,Hofori,Giant
Bowa,Peur,-7.0,Negative,Mot,Fear,Ukwesaba,Vrees,Tšhoga,Uloyiko,Kutya,Kutya
Boowa,Champignons,3.0,Positive,Mot,Mushrooms,Amakhowe,Sampioene,Di-mushroom .,Amakhowa,Howa,Howa
Diba,Heure,3.0,Positive,Mot,Hour,Ihora,Uur,Iri,Yure,Awa,Awa
Kaheji,Saboté,3.0,Positive,Mot,Sabotaged,-Chithiwe,Gesaboteer,Sabotaged .,I-sabotiment,Sabotday,Kuparadza
Mukana,Bouche,3.0,Positive,Mot,Mouth,Umlomo,Mond,Molomo,Umlomo,Muromo,Muromo
Dingeya,Mangue,3.0,Positive,Mot,Mango,i-Mango,Mango,Mango .,imango,Mango,Mango
Udi,Il,0.0,Neutre,Mot,He,Yena,Hy,Yena,Yena,Iye,Iye
Nous,Tuetu,0.0,Neutre,Mot,tuetu,tuetu,tuetu,Tuetu .,tuetu,tuetu,tuetu
Bunyi,Quantité,0.0,Neutre,Mot,Quantity,Ubuningi,Hoeveelheid,Bontši,Ubungakanani,Kuwanda,Quantity
NtaMbua,lion,3.0,Positive,Mot,lion,ingonyama,leeu,tau,ingonyama,shumba,shumba
Soku,Singe,3.0,Positive,Mot,Monkey,Inkawu,Aap,Kgabo,Inkawu,Monkey,Tsoko
Zevu,Elephant,3.0,Positive,Mot,Elephant,Indlovu,Olifant,Tlou,Elephants,Nzou,Nzou
Mulangi,bouteille,3.0,Positive,Mot,bottle,ibhodlela,bottel,lebotlelo,ibhotile,bhodhoro,bhodhoro
Muela,Machette,3.0,Positive,Mot,Machete,-Edwala,Machete,Machete .,I-machete,Machete,Machete
Kasuyi,Hache,3.0,Positive,Mot,Ax,Izenube,Byl,Selepe .,I-ax,Demo,Ax
Tshasu,Bêche,3.0,Positive,Mot,Spade,Ukhuni,Graaf,Spade .,Spade,Spade,Spade
Nteta,Bâche,3.0,Positive,Mot,Tarpaulin,I-tarpaulin,Seil,Tarpaulin .,I-tarpaulin,Tarpauluin,Tarpaulin
Bulalu,Moussa,3.0,Positive,Mot,Moussa,MOSSA,Moussa,Moussa .,Moussa,Moussa,Moussa
Kuhenda,Injurier,1.0,Positive,Verbe,Insult,Eyisa,Belediging,Maroga,Ukuthuka,Kutuka,Kutuka
Kutata,Tamiser,8.0,Positive,Verbe,Sieve,Luswano,Sif,Sefe .,Sieve,Sieve,Sieve
Lala,Dors,4.0,Positive,Mot,Sleep,Ukulala,Slaap,Robala,Ukulala,Kurara,Rara
Anu,Seulement,3.0,Positive,Mot,Only,Kuphela,Slegs,Fela,Kuphela,Chete,Chete
Ndi,je,0.0,Neutre,Mot,I,Mina,ek,nna,I,I,I
Udi,tu,0.0,Neutre,Mot,you,nina,jy,wena,wena,iwe,iwe
yeya,il,0.0,Neutre,Mot,he,yena,hy,yena,yena,Iye,iye
nenu,vous,0.0,Neutre,Mot,YOU,Nina,JY,WENA,Wena,Iwe,IWE
bobu,ils,0.0,Neutre,Mot,they,bona,hulle,bona,bona,ivo,ivo
mema,moi,0.0,Neutre,Mot,Me,Mina,Ek,Nna,Mna,Ini,Me
wewa,toi,0.0,Neutre,Mot,You,Nina,Jy,Wena,Wena,Iwe,Iwe
yeya,lui,0.0,Neutre,Mot,him,yena,hom,yena,yena,iye,iye
Tshia,de,0.0,Neutre,Mot,of,iwa-,van,ya,ye,of,ye
Ndine,j'ai,0.0,Neutre,Verbe,I have,Nginayo,Ek het,ke na le,Ndine,Ndine,Ndine
Udine,tuas,0.0,Neutre,Verbe,you have,unayo,jy het,o na le .,unayo,une,une
uudine,ila,0.0,Neutre,Verbe,he has,unayo,hy het,o na,une,ane,ane
Tudine,ellea,0.0,Neutre,Verbe,she has,une,sy het,o na,une,Ane,ane
Nudine,nousavons,0.0,Neutre,Verbe,We have,Sine,Ons het,Re na le .,Si,Tine,Tine
badine,vousavez,0.0,Neutre,Verbe,you have,unayo,jy het,o na le .,unayo,une,une
Tshiabu,poureux,0.0,Neutre,Mot,for two,Kwababili,vir twee,bakeng sa ba babedi .,kuba zimbini,kune maviri,kwevaviri
ni,et,0.0,Neutre,Mot,And,Na-,En,Le,Kwaye,Uye,Uye
walukunukunu,zélateur,-2.0,Negative,Mot,zealot,iteloki,yweraar,Zealot .,i-zealot,Zealot,zealot
waludimilupepele,eloquant,7.0,Positive,Mot,eloquent,-nendlu enobuhlakani,welsprekend,Go bolela ka go lebanya .,onobuchule,eloquent,kutaura
wakupetula,méprisable,-3.0,Positive,Mot,contemptible,-delelekayo,veragtelik,Go nyatša .,Ukudandatheka,zvinonyangadza,zvinoshoreka
wakumudilu,premier,5.0,Positive,Mot,first,-yinhloko,eerste,mathomo,Ekuqaleni,chekutanga,chekutanga
wakubanda,passible,5.0,Positive,Mot,liable,-nokubekwa icala,aanspreeklik,Boikarabelo .,unoxanduva,zvine mhosva,mhosva
wabutumbi,honorable,8.0,Positive,Mot,honorable,-nokuhlonishwa,eerbaar,Mohlomphegi .,ehlonelayo,kukudzwa,zvinokudzwa
wabute,ainé,6.0,Positive,Mot,elder,omdala,ouderling,motšofe,umdala,mukoma,mukoma
wabungi,affectueusement,6.0,Positive,Mot,affectionately,-nothando,liefdevol,Ka lerato .,Unothando,rudo,nerudo
wabende,etranger,0.0,Neutre,Mot,stranger,umufo,vreemdeling,moeng,umntu ongamaziyo,Stranger,stranger
wabalume,mâle,0.0,Neutre,Mot,male,owesilisa,manlik,monna,oyindoda,murume,murume
wadikamakama,audacieux,-2.0,Negative,Mot,bold,-nesibindi,vetgedruk,bokoto,ngesibindi,takashinga,bold
Utshidikamana,chaste,6.0,Positive,Mot,chaste,umsulwa,kuis,Go hlweka .,chaste,Chete,yakachena
utshienawaluisha,nourisson,0.0,Neutre,Mot,infant,usana,baba,lesea,usana,mucheche,mucheche
utema/kapia,brulant,0.0,Neutre,Mot,burning,-vulayo,brand,Go fiša .,ukutshisa,kupisa,kutsva
Uttema,ardent,0.0,Neutre,Mot,ardent,-ngecebo,vurig,Ardent .,inqaku,akajaira,ardent
Utamba,surabondant,7.0,Positive,Mot,superabundant,-phezulu,oorvloedig,Se se nago le matla a magolo kudu .,thambisa,Superabandant,superabundant
unakila,perseverant,7.0,positidf,Mot,persevering,wabaphakelayo,volhardend,Go phegelela .,ukunyamezela,Kutsungirira,kutsungirira
umuepele,unique,0.0,Neutre,Mot,unique,-hlukile,uniek,moswananoši,eyahlukileyo,akasiyana,unique
ukungula,rugissant,0.0,Neutre,Mot,roaring,bhosa,brul,Go rora .,ukugquma,kuhukura,kudzvova
ufuafua,murant,-5.0,Negative,Mot,walling,izintambo,ommuur,Walling .,udonga,Walling,wall
uzakala,tramblant,0.0,Neutre,Mot,tremblant,ngokubabaza,bewend,Tremblant .,ukuqhekeza,thai,kudedera
udiusanka,joyeux,6.0,Positive,Mot,happy,-eneme,gelukkig,thabile,ndonwabile,kufara,kufara
udiusama,malade,-1.0,Negative,Mot,sick,-ngaphilile,siek,lwala,ndiyagula,kurwara,kurwara
UdiulondantedeluwabuenaYuda,erosélyte,3.0,Positive,Mot,eroselyte,ukucekela phansi,erosiet,Eroselyte .,i-eroselyte,Eroselyte,eroselyte
Udiukenga/utata,affligé,-2.0,négative,Mot,distressed,-nobuhlungu,benoud,O tlamegile .,ixinezelekile,kushungurudzika,kushungurudzika
udiudisuila,volontaire,3.0,Positive,Mot,voluntary,-ngokuzinikela,vrywillig,Boithaopo .,ngokuzithandela,nokuzvidira,voluntary
udipabuipi,voisin,0.0,neutrre,Mot,neighbor,umakhelwane,buurman,moagišani,Ummelwane,muvakidzani,muvakidzani
udinemoyo,vivant,0.0,Neutre,Mot,alive,-zwayo,lewendig,phela,uyaphila,vapenyu,mupenyu
udinemanyi,Gras,0.0,Neutre,Mot,Fat,Amafutha,Vet,Lekhura,Amanqatha,Mafuta,Mafuta
udinelutulu,patient,1.0,Positive,Mot,patient,-nesineke,pasiënt,molwetši,isigulana,murwere,murwere
udinelumulunene,distingué,4.0,Positive,Mot,distinguished,dilicaged,onderskei,E hlomphega .,ukwahlula-hlula,kusiyaniswa,vakakurumbira
udinedilamatu,fidele,3.0,Positive,Mot,faithful,-thembekile,getrou,botega,ithembekile,Kutendeka,akatendeka
udinelukunukunu,zélé,0.0,Neutre,Mot,zealous,shisela,ywerig,E fišegago .,ngenzondelelo,Vanoshingairira,anoshingaira
udinelukukaluabiuma,cupide,-3.0,Negative,Mot,greedy,-hahile,gierig,go timana,ukubawa,makaro,kukara
tsjiji,rage/colere,-3.0,Negative,Mot,rage/anger,ulaka / intukuthelo,woede/woede,Kgalefo/Kgaletso .,umsindo / umsindo,Rage / kutsamwa,hasha/hasha
tshuwidi,plenitude,0.0,Neutre,Mot,fullness,ukugcwele,volheid,Go tlala .,ukugcwala,kuzara,kuzara
udinedisanka,bienheureux,3.0,Positive,Mot,blessed,-busisekile,geseënd,šegofaditšwe,usikelelekile,Wakakomborerwa,akaropafadzwa
udinedisakidila,reconnaissant,2.0,Positive,Mot,grateful,-mnandi,dankbaar,leboga,enombulelo,Kutenda,kuonga
udinebupole,paisible,3.0,Positive,Mot,peaceful,-thulile,vreedsaam,ka khutšo,uxolo,rugare,rugare
udinebundu,honteux,-1.0,Negative,Mot,ashamed,-jabhile,skaam,jewa ke dihlong,zineentloni,kunyara,kunyara
udimusungula,Elu,3.0,Positive,Mot,Elected,Ekhethwe,Uitverkies,E kgethilwe .,Bonyulwe,Vakasarudzwa,Akasarudzwa
udimupambuke,Perverti,-2.0,Negative,Mot,Perverted,Kuhlanekezelwe,Perverse,E kgopamego .,Igqwethekile,Kutsveneswa,Yakatsveyamiswa
udimuitabe,Croyant,0.0,Neutre,Mot,Believer,Okhwalwayo,Gelowige,Modumedi .,Ikholwa,Mutendi,Mutendi
udimuenamukonso,medisant,-1.0,Negative,Mot,meditating,ukuzwela,mediteer,Go naganišiša .,ukucamngca,kufungisisa,kufungisisa
udimudifile,adonné,2.0,Positive,Mot,gave,unikele,gegee het,file,unike,akapa,akapa
udikayinekudikanda,incontinent,0.0,Neutre,Mot,incontinent,-ngavumelani,inkontinent,Go se kgone go itshwara .,ukungasebenzi,zvisingagone,incontinent
udikayineditekemenakabidi,desesperer,-1.0,Negative,Mot,to despair,Ukuphelelwa yithemba,te wanhoop,Go itlhoboga .,Ukuphelelwa lithemba,kupererwa,kupererwa
udikayinebualu,innocent,2.0,Positive,Mot,innocent,-msulwa,onskuldig,hloka molato,umsulwa,asina mhosva,asina mhosva
udikayimutengula,incircincis,-2.0,Negative,Mot,uncircumcised,-ngasokile,onbesnede,E sa bollang .,engalukanga,zvisina kudzingiswa,asina kudzingiswa
udikayimushindame,incertaindanssespensées,0.0,Neutre,Mot,uncertain in his thoughts,ungaqinisekile emcabangweni wakhe,onseker in sy gedagtes,go se kgonthišege menaganong ya gagwe .,engaqinisekanga kwiingcamango zakhe,zvisina chokwadi mupfungwa dzake,asina chokwadi mupfungwa dzake
udikayimumanyemukanda,illétré,-3.0,Negative,Mot,illiterate,-ngakwazi ukufunda,ongeletterd,Go bala le go ngwala yo a sa tsebego go bala le go ngwala .,ukungafundi,vasingadzoreki,vasingagoni kuverenga
udikayimuakanangane,indigne,0.0,Neutre,Mot,unworthy,-ngafanele,onwaardig,Ga e swanelwe ke .,ayifanelekanga,zvisina kukodzera,asina kufanira
udikayidisakidila,ingrat,-1.0,Neutre,Mot,ungrateful,-ngabongi,ondankbaar,Go se be le tebogo .,ngokungathandabuzekiyo,vasingaongi,vasingaongi
udikamama,vierge,0.0,Neutre,Mot,virgin,intombi egcweleyo,maagd,kgarebe,intombi,mhandara,mhandara
walumulunene,fameux,0.0,Neutre,Mot,famous,-dumile,beroemd,tumile,idume,ane mukurumbira,mukurumbira
waluse,misericordieux,5.0,Positive,Mot,merciful,isihe,genadig,Kgaugelo ya go ba le kgaugelo .,Inceba,ngoni,vane tsitsi
wamabue,rocailleux,0.0,Neutre,Mot,rocky,namatshe,klipperig,Lefika la lefika .,i-rocky,Dombo,rocky
wamuandamukulu,huitieme,0.0,Neutre,Mot,eighth,-sishayagalombili,agtste,Boseswai .,Isibhozo,chesere,chesere
wamubidi,charnel,0.0,Neutre,Mot,carnal,intandane,vleeslik,Nama ya nama .,inyamakazi,Carnal,zvenyama
waNzambi,Religieux,0.0,Neutre,Mot,Religious,-Kholiwe,Godsdienstig,Ya sedumedi,Inkolo,Chitendero,Zvechitendero
watshijila,pur,3.0,Positive,Mot,pure,-nalutho,suiwer,hlwekile,icocekile,yakachena,yakachena
watshijila,saint,3.0,Positive,Mot,saint,usanti,heilige,Mokgethwa .,eng,Saint,mutsvene
watshitema,neuvieme,0.0,Neutre,Mot,ninth,okwesishiyagalolunye,negende,Senyane .,Isithoba,chepfumbamwe,chepfumbamwe
wende,propre,0.0,Neutre,Mot,own,yami,eie,rua,eyakho,ndega,own
weste,occident,0.0,Neutre,Mot,West,Intshonalanga,Wes,Bophirima .,Entshona,Kumadokero,West
zelubabela,zorobabel,0.0,Neutre,Mot,zorobabel,Zorobabel,zorobabel,Zorobabel .,I-zorobabel,zorobabel,zorobabel
kuzenzeka,noter,2.0,Positive,Mot,note,incwajana,nota,temošo,Phawula,ONA,note
tujila,ruelle,0.0,Neutre,Mot,alley,umhubhe,stegie,Alley .,i-alley,alley,alley
tshinji,colere,-1.0,Negative,Mot,anger,intukuthelo,woede,pefelo,umsindo,kutsamwa,kutsamwa
tshiwudi,plenitude,1.0,positf,Mot,fullness,ukugcwele,volheid,Go tlala .,ukugcwala,kuzara,kuzara
tshiyole,famina,-2.0,Negative,Mot,famine,indlala,hongersnood,tlala,indlala,Nzara,nzara
tshivulukidi,mémorial,0.0,Neutre,Mot,memorial,isivivane,gedenkteken,Segopotšo .,ISikhumbuzo,Chirangaridzo,ndangariro
tshivuangale,varié,-2.0,Negative,Mot,varied,-nhlobonhlobo,gevarieerd,E fapa-fapana .,eyahlukileyo,dzakasiyana siyana,zvakasiyana-siyana
tshitueluepu,salé,0.0,Neutre,Mot,dirty,-ngcolile,vuil,ditqhila,umdaka,tsvina,tsvina
tshule,plein,0.0,Neutre,Mot,full,-gcwele,vol,tletše,igcwele,izere,yakazara
tshula,crapeau,0.0,Neutre,Mot,toad,iselesele,padda,Toad .,toad,Toad,toad
tshula,grenouille,0.0,Neutre,Mot,frog,iselesele,padda,segwagwa,isele,chura,datya
tshitupatshipi,bientôt,0.0,Neutre,Mot,Soon,Ngokushesha,Binnekort,Ka pela,Kungekudala,Munguva pfupi,Nenguva isipi
tshitupatshipi,partiel,0.0,Neutre,Mot,partial,-khethayo,gedeeltelik,Karolo ya .,inxenye,chidimbu,kusarura
tshitupatshipi,recement,0.0,Neutre,Mot,recently,okusanda kwenzeka,onlangs,gabjale,kutsha nje,nguva pfupi yadarika,munguva pfupi yapfuura
tshituilu,camp,0.0,Neutre,Mot,camp,khempa,kamp,Kampo ya .,inkampu,musasa,camp
tshituilu,vestibule,0.0,Neutre,Mot,vestibule,vestibule,voorportaal,Vestibule .,vestibule,Vestibule,vestibule
tshituadilutshiatshitalu,morgue,-1.0,Negative,Mot,morgue,isimilo,lykshuis,Morgue .,morgue,Morgue,morgue
tshitua,tranchant,0.0,Neutre,Mot,sharp,-bukhali,skerp,bogale,bukhali,kupinza,sharp
tshitshiu,dureté,0.0,Neutre,Mot,hardness,ubunzima,hardheid,Go thatafala .,ubunzima,kuomesa,kuoma
tshitotshi,boue,0.0,Neutre,Mot,mud,ibishi,modder,leraga,udaka,matope,madhaka
tshitoketoke,livide,0.0,Neutre,Mot,livid,-bubhegqayela,woedend,Livid .,icacile,lidvid,livid
tshitoke,blanc,2.0,Positive,Mot,white,okumhlophe,wit,tšhweu,mhlophe,chena,chena
tshitoke,net,2.0,Positive,Mot,net,inethi,net,nete,inethi,net,net
tshitendelelu,sanctuaire,0.0,Neutre,Mot,sanctuary,isiphephelo,heiligdom,Sekgethwa .,ingcwele,SANDA,nzvimbo tsvene
tshitema,brillant,2.0,Positive,Mot,bright,-gqamile,helder,phadimago,iqaqambile,kupenya,bright
tshitema,neuf,0.0,Neutre,Mot,nine,isishiyagalolunye,nege,senyane,Thoba,pfumbamwe,pfumbamwe
tshitekelutshiaminda,chandelier,2.0,Positive,Mot,candlestick,ikhandlela,kandelaar,Kerese ya go swara kerese .,Isikhandlela,chigadziko,chigadziko chemwenje
tshitekelutshiamikolu,marche-pied,8.0,Positive,Mot,step,gxatha,stap,kgato,inyathelo,nhanho,step
tshitapitapi,onguent,3.0,Positive,Mot,ointment,okokugcobisa umzimba,salf,Setlolo .,ioyile,oiri,mafuta okuzora
tshitangidilu,theatre,4.0,Positive,Mot,theater,ithiyeta,teater,Theatre .,ithiyetha,theatre,theatre
tshitambebuimpe,meilleur,3.0,Positive,Mot,best,-hle kakhulu,beste,kaonekaone,eyona ilungileyo,zvakanakisa,zvakanakisisa
tshitambala,foularddetete,0.0,Neutre,Mot,head scarf,isikhafu sekhanda,kopdoek,Sekhafo sa hlooho .,isikhafu sentloko,Scarf,musoro scarf
tshitalale,doux,0.0,Neutre,Mot,soft,-potozelayo,sag,boleta,ithambile,nyoro,nyoro
tshitalale,froid,0.0,Neutre,Mot,cold,ukubanda,koud,tonya,kubanda,kutonhora,kutonhora
tshitakutshiabantu,poupe,0.0,Neutre,Mot,stern,-zithiba,agterstewe,Selemo sa ka morago .,rhabaxa,STERS,stern
tshitadi,impot,0.0,Neutre,Mot,tax,intela,belasting,Lekgetho la lekgetho .,irhafu,mutero,mutero
tshisumbu,groupe,0.0,Neutre,Mot,band,isibopho,band,lepanta,band,bhendi,band
tshisumbutshiabantu,population,0.0,Neutre,Mot,population,inani labantu,bevolking,setšhaba,Inani labemi,huwandu,vanhu
tshisumbutshiabantu,amasdepeuple,0.0,Neutre,Mot,mass of people,isisindo sabantu,massa mense,Mmisa wa batho .,ubunzima babantu,misa yevanhu,vanhu vazhinji
tshisumbutshianyama,troupeau,0.0,Neutre,Mot,herd,idanzi,trop,mohlape,umhlambi,Herd,mombe
tshisumbutshiamasalayi,cohorte,0.0,Neutre,Mot,cohort,cohort,kohort,Sehlopha sa sehlopha .,cohort,cohort,cohort
tshisumbutshiamasalayi,legion,0.0,Neutre,Verbe,legion,ibutho,legio,Legion .,umkhosi,Legion,legion
tshisumbutshiabenamvita,armée,0.0,Neutre,Verbe,army,impi,weermag,sešole,umkhosi,Mauto,Mauto
tshisumbutshiabantu,atroupement,0.0,Neutre,Verbe,crowd,isinyokotho,skare,lešaba,isihlwele,chaunga,chaunga
tshisumbutshiabanayi,quadriplet,0.0,Neutre,Verbe,quadriplet,I-Quadriplet,vierling,Seripa-gare sa quadriplet .,i-quadripyt,quadriplet,quadriplet
tshisumbu,bote,0.0,Neutre,Verbe,box,isibhakela,boks,lepokisi,ibhokisi,bhokisi,box
tshisumbu,compagnie,0.0,Neutre,Verbe,company,iviyo,maatskappy,khamphani,inkampani,kambani,kambani
tshisumbu,foule,0.0,Neutre,Mot,crowd,isinyokotho,skare,lešaba,isihlwele,chaunga,chaunga
tshisumbu,partiel,0.0,Neutre,Mot,partial,-khethayo,gedeeltelik,Karolo ya .,inxenye,chidimbu,kusarura
tshisumbu,troupeau,0.0,Neutre,Mot,herd,idanzi,trop,mohlape,umhlambi,Herd,mombe
tshisumikidinkanu,lien,7.0,Positive,Mot,link,ulungu lokuthile,skakel,amanya,ikhonkco,chinongedzo,link
tshisonga,charbon,0.0,Neutre,Mot,coal,amalahle,steenkool,malahla,amalahle,marasha,marasha
tshisonga,sculpture,5.0,Positive,Mot,sculpture,okuqoshwe ngamatshe,beeldhouwerk,Seswantšho sa go betlwa .,umfanekiso oqingqiweyo,sculpture,kuvezwa
tshisombedi,siege,5.0,Positive,Mot,seat,isihlalo,sitplek,madulo,isihlalo,chigaro,chigaro
tshishipelu,boucherie,8.0,Positive,Mot,butcher's shop,Isitolo se-Butcher's,slaghuis,Lebenkele la Butcher .,Ivenkile ye-butcher,chitoro chebhotera,chitoro chebhucha
tshishindama,immobile,6.0,Positive,Mot,motionless,-ngahambi,roerloos,Go se šišinyege .,ukungashukumi,kusimuka,isina kufamba
tshishimikidi,soutien,6.0,Positive,Mot,support,singatha,ondersteun,thekga,inkxaso,Tsigiro,rutsigiro
tshishima,miracle,0.0,Neutre,Mot,miracle,umlingo,wonderwerk,mohlolo,ummangaliso,chishamiso,chishamiso
tshishikulatshimuenembomboinayinebinunubinayu,144,0.0,Neutre,Mot,144,144,144,144 .,I-144,144,144
tshishika,entierement,-2.0,Negative,Mot,entirely,konke,geheel en al,ka botlalo .,ngokupheleleyo,zvachose,zvachose
tshishi,teigne,6.0,Positive,Mot,ringworm,inhloso,ringwurm,Seboko sa Ringworm .,ringworm,Ringurm,zvipembenene
tshisenesha,unie,0.0,Neutre,Mot,united,-hlangene,verenig,United .,umanyani,United,vakabatana
tshisebatshiakufundila,parchemin/peau,0.0,Neutre,Mot,parchment/skin,Isikhumba / Isikhumba,perkament/vel,Letlalo/letlalo .,isikhumba / ulusu,parment / ganda,dehwe/ganda
tshiseba,cuire,0.0,Neutre,Mot,cook,pheka,kook,apea,ukupheka,bika,kubika
tshisatutshiapa,tiers,7.0,Positive,Mot,third party,ilungu langaphandle,derde party,Motho wa boraro .,Iqela lesithathu,wechitatu bato,wechitatu bato
tshisanji,harpe,7.0,positidf,Mot,harp,uhado,harp,HARP .,ihadi,Harp,mbira
tshisangisha,melange,0.0,Neutre,Mot,blend,xubanisa,versnit,tswakanya,dibanisa,sanganisa,blend
tshisanga,île,0.0,Neutre,Mot,island,isiqhingi,eiland,sehlakahlaka,isiqithi,Island,chitsuwa
tshisamba,nation,-5.0,Negative,Mot,nation,isizwe,nasie,Setšhaba .,isizwe,Rudzi,rudzi
tshisalu,marché,-8.0,Negative,Mot,walk,vakasha,loop,sepela,hamba,famba,famba
tshisaka,pannier,0.0,Neutre,Mot,basket,ubhasikidi,mandjie,Seroto .,ibhasikithi,tswanda,tswanda
tshipupu,orageux,6.0,Positive,Mot,stormy,-nesivunguvungu,stormagtig,Sefefo .,ivumba,dutu,dutu
tshipupu,peste,-1.0,Negative,Mot,plague,inkathazo,plaag,matshwenyego,isibetho,Denda,denda
tshipupu,tourbillon,3.0,Positive,Mot,whirlwind,shirlwind,warrelwind,Ledimo la ledimo .,i-whirlwind,chimbudzi,chamupupuri
tshipupu,tourment,4.0,Positive,Mot,torment,hlupha,pyniging,Tlhokofatšo .,intuthumbo,kutambudzwa,kutambudzika
tshipupu,vent,-2.0,négative,Mot,wind,songa,wind,phefo,umoya,mhepo,mhepo
tshipungidi,aliance,3.0,Positive,Mot,alliance,isivumelwano sokubambisana,alliansie,Selekane sa .,umanyano,Alliance,mubatanidzwa
tshipungidi,testament,0.0,neutrre,Mot,will,isifiso,sal,tla,iya,kuda,kuda
tshipingu,mesure,0.0,Neutre,Mot,measure,kala,meet,lekanya,umlinganiso,kuyera,chiyero
tshipingu,proportion,0.0,Neutre,Mot,proportion,ukulinganisa,proporsie,Karolo ya .,umlinganiso,chikamu,chikamu
tshipimilutshiabulabuamayi,sonde,1.0,Positive,Mot,probe,icala lolo munye noma,ondersoek,Probe .,probe,probe,probe
tshipiminutshiabujitu,loi,4.0,Positive,Mot,law,umthetho,wet,molao,umthetho,mutemo,mutemo
tshipiminu,balance,3.0,Positive,Mot,balance,ukuzimelela,balans,palantshe,ibhalansi,Balance,balance
tshipia,neuf,0.0,Neutre,Mot,nine,isishiyagalolunye,nege,senyane,Thoba,pfumbamwe,pfumbamwe
tshipese,morçau,-3.0,Negative,Mot,piece,isiqephu,stuk,karolo,isiqwenga,chidimbu,chidimbu
tshipese,pied,-3.0,Negative,Mot,foot,unyawo,voet,leoto,inyawo,tsoka,tsoka
tshipepudi,vent,5.0,Positive,Mot,wind,songa,wind,phefo,umoya,mhepo,mhepo
tshipepelatshikole,tempete,0.0,Neutre,Mot,storm,isivunguvungu,storm,ledimo,isaqhwithi,Dutu,dutu
tshipebdu,blaspheme,3.0,Positive,Mot,blasphemy,ukujivaza uNkulunkulu,godslastering,Go nyefola .,ukunyelisa,kumhura,kumhura Mwari
tshipendu,injure,2.0,Positive,Mot,insult,eyisa,belediging,maroga,ukuthuka,kutuka,kutukana
tshipela,desert,3.0,Positive,Mot,desert,hlamuka,woestyn,leganata,intlango,renje,desert
tshipela,desert,-1.0,Negative,Mot,desert,hlamuka,woestyn,leganata,intlango,renje,desert
tshipembua,depot,3.0,Positive,Mot,deposit,faka,deposito,tipositi,idipozithi,dhipoziti,deposit
tshipaputshialubilu,lice,-2.0,Negative,Mot,lice,inkomba,luise,Dinta .,iintwala,nzizi,inda
tshipanza,vaisseau,0.0,neuitre,Mot,vessel,umkhumbi,vaartuig,sekepe,inqanawa,mudziyo,mudziyo
tshivuadi,vaisseau,-1.0,Negative,Mot,vessel,umkhumbi,vaartuig,sekepe,inqanawa,mudziyo,mudziyo
tshipambuke,desordonné,2.0,Positive,Mot,messy,-nembayo,morsig,hlakahlakane,ukungcola,messy,messy
tshiota,famille,0.0,Neutre,Mot,family,umndeni,familie,lapa,usapho,mhuri,mhuri
tshioshelu,autel,-1.0,Negative,Mot,altar,ilathi,altaar,aletare .,isibingelelo,Atari,atari
tshishipelu,autel,2.0,Positive,Mot,altar,ilathi,altaar,aletare .,isibingelelo,Atari,atari
tshioshelutshiamanananshi,encensoir,-2.0,Negative,Mot,censer,umcengeli,wierookbak,Dibapadi tša Ditšoantšo .,intsholongwane,Censer,censer
tshiona,son,0.0,Neutre,Mot,her,yona,haar,gagwe,wakhe,iye,her
tshienga,butin,-3.0,Negative,Mot,booty,butha,buit,Booty .,i-booty,booty,booty
tshinyangu,dissipation,0.0,Neutre,Mot,dissipation,ukuhlakazeka,dissipasie,Dissipation .,ukungasebenzi,kupaza,dissipation
tshinunu,mille,-1.0,Neutre,Mot,thousand,inkulungwane,duisend,sekete,iwaka,Zviuru,zviuru
tshinu,genoux,0.0,Neutre,Mot,knees,amadolo,knieë,Mangwele .,amadolo,mabvi,mabvi
tshinu,mortier,0.0,Neutre,Mot,mortar,isigqulo,mortel,Sekontiri .,udaka,dhaka,dhaka
tshitununtunu,subi,5.0,Positive,Mot,suffered,ngahlupheka,gely het,O tlaišega .,wabandezeleka,akatambura,akatambura
tshintu,affaire,0.0,Neutre,Mot,affair,indaba,saak,kamano,ukuthandana,kudanana,nyaya
tshienabualu,affaire,0.0,Neutre,Mot,affair,indaba,saak,kamano,ukuthandana,kudanana,nyaya
tshintutshinyenga,choseestorquée,0.0,Neutre,Mot,thingtorqued,i-ntomsqued,ding torqued,ThingTorqued .,into,chinhu,thingtorqued
tshintutshiamvinta,arme,0.0,Neutre,Mot,armed,-hlomile,gewapen,O hlometše ka dibetša .,ixhobile,zvombo,nezvombo
tshintutshialuse,aumône,3.0,Positive,Mot,alms,Izipho,aalmoese,Dimpho tša Ditšhegofatšo .,ii-alms,Alms,zvipo
tshintutshiatshidimuntuupete,pocession,3.0,Positive,Mot,pocession,isenzo,besitting,Pocession .,i-posdion,polession,pocession
tshilulu,bande,0.0,Neutre,Mot,band,isibopho,band,lepanta,band,bhendi,band
tshilulu,drap,0.0,Neutre,Mot,sheet,isixwexwe,blad,letlakala,iphepha,Sheet,sheet
tshilulu,linge,0.0,Neutre,Mot,linen,okokulala embhedeni,linne,Linen .,ilineni,rineni,linen
tshilulu,robe,0.0,Neutre,Mot,dress,gqoka,rok,seaparo,nxiba,chipfeko,dress
tshiluklu,tante,2.0,Positive,Mot,aunt,anti,tannie,rakgadi,umakazi,tete,tete
tshilulu,toile,0.0,Neutre,Mot,cloth,indwangu,lap,lešela,ilaphu,jira,jira
tshilotata,extase,-1.0,Negative,Mot,ecstasy,enyanyayo,ekstase,Ekgola .,ecstasy,Ecstasy,ecstasy
tshilotata,songe,1.0,positf,Mot,dream,iphupha,droom,toro,iphupha,kurota,hope
tshilongo,fleur,-2.0,Negative,Mot,flower,umqhakazo,blom,letšoba,intyatyambo,ruva,ruva
tshilobeshi,proie,0.0,Neutre,Mot,prey,inyamazane edliwayo,prooi,sebolawa,ixhoba,pwanya,mhuka
tshileshelu,formule,-2.0,Negative,Mot,formula,uhlobo,formule,Formula .,ifomula,formula,formula
tshilenduishi,scandale,0.0,Neutre,Mot,scandal,amapeketwane,skandaal,Mahlabisadihlong .,isikrelemnqa,nyonganiso,scandal
tshilema,defau,0.0,Neutre,Mot,default,phutha,verstek,hlokomologa,Ukungagqibeki,default,default
tshilema,faute,0.0,Neutre,Mot,mistake,iphutha,fout,phošo,impazamo,kukanganisa,kukanganisa
tshilelela,antitype,0.0,Neutre,Mot,antitype,ukuwobelana,antitipe,Antitype .,antifity,fananidze,antitype
tshilele,habitude,0.0,Neutre,Mot,habit,isiko,gewoonte,setlwaedi,umkhwa,tsika,tsika
tshilele,jeu,0.0,Neutre,Mot,game,igemu,speletjie,papadi,umdlalo,mutambo,mutambo
tshibidilu,habitude,0.0,Neutre,Mot,habit,isiko,gewoonte,setlwaedi,umkhwa,tsika,tsika
tshilele,coutume,0.0,Neutre,Mot,custom,umkhuba,pasgemaak,tlwaelo,isiko,Tsika,tsika
tshilele,nature,0.0,Neutre,Mot,nature,uhlobo,natuur,tlhago,indalo,zvisikwa,nature
tshilele,exactitude,-1.0,Negative,Mot,exactness,ukucacisa,akkuraatheid,Go nepagala .,ngqongqo,Chaizvoizvo,chokwadi
tshilele,toujours,0.0,Neutre,Mot,always,njalonjalo,altyd,ka mehla,njalo,nguva dzose,nguva dzose
tshilele,tradition,0.0,Neutre,Mot,tradition,indlela yokuphila,tradisie,setšo,isiko,Tsika,tsika
tshilele,usage,0.0,Neutre,Mot,use,umsebenzi,gebruik,šomiša,sebenzisa,shandisa,use
tshilejelu,exemple,0.0,Neutre,Mot,example,isibonelo,voorbeeld,mohlala,umzekelo,Muenzaniso,muenzaniso
tshilejelu,model,2.0,Positive,Mot,model,isifanekiso,model,mmotlolo,imodeli,modhi,model
tshile,long,2.0,Positive,Mot,long,-de,lank,telele,ixesha elide,refu,refu
tshilambuidi,recette,0.0,Neutre,Mot,recipe,indlela yokwenza into ethize efana nokupheka,resep,motswako,iresiphi,Recipe,recipe
tshikutu,buisson,2.0,Positive,Mot,bush,ihlathi,bossie,sethokgwa,ityholo,Bush,gwenzi
tshipakatshiamitshi,buisson,0.0,Neutre,Mot,bush,ihlathi,bossie,sethokgwa,ityholo,Bush,gwenzi
tshikutu,fournaise,0.0,Neutre,Mot,furnace,imbuthuma,oond,Sebjana sa go fiša .,isithando somlilo,choto,choto
tshinkutu,manteau,8.0,Positive,Mot,coat,ijazi,jas,baki,idyasi,jasi,jasi
tshikusu,ver,3.0,Positive,Mot,worm,impethu,wurm,seboko,umbungu,honye,worm
tshikumbane,complet,4.0,Positive,Mot,complete,feza,voltooi,feleletše,gcwalisa,Zadzisa,yakakwana
tshikumbane,adapté,3.0,Positive,Mot,adapted,Kuguqulwe,aangepas,E fetotšwe .,iguqulwe,kugadziridzwa,adapted
tshikumbane,quiconvient,0.0,Neutre,Mot,who suits,ofanele,wie pas,Ke mang yo a nago le disutu .,Ngubani ofanelekileyo,Ndiani masutu,ndiani anokodzera
tshiuja,complet,0.0,Neutre,Mot,complete,feza,voltooi,feleletše,gcwalisa,Zadzisa,yakakwana
tshuja,plein,0.0,Neutre,Mot,full,-gcwele,vol,tletše,igcwele,izere,yakazara
tshikumbane,assezutil,0.0,Neutre,Mot,quiteuseful,-buze,redelik nuttig,E tloga e le e nago le mohola .,ngethu,zvinoshandisa,zvinobatsira chaizvo
tshokoyeke,immonde,0.0,Neutre,Mot,filthy,ngcolile kakhulu,vieslik,ditšhila,ngcolile,tsvina,tsvina
tshikowelu,vetement,0.0,Neutre,Mot,garment,isigqoko,kledingstuk,Seaparo sa .,ingubo,nguo,nguo
tshikote,cumin,0.0,Neutre,Mot,cumin,uhlobo lwensanzaka,komyn,Kumine .,i-cumin,cumin,kumini
tshikondotshimpe,opportun,0.0,Neutre,Mot,timely,ngesikhathi,betyds,Nako .,ngexesha elifanelekileyo,nenguva,nenguva
tshikondotshimpe,bonmoment,0.0,Neutre,Mot,good time,Isikhathi Esihle,goeie tyd,Nako e Botse .,ixesha elimnandi,nguva yakanaka,nguva yakanaka
tshikondoetshi,actuel,0.0,Neutre,Mot,current,-dlulayo,huidige,bjale,okwangoku,zvazvino,current
tshikondo,moment,0.0,Neutre,Verbe,moment,isikhashana,oomblik,nakwana,umzuzu,nguva,nguva
tshikondo,ocassion,0.0,Neutre,Verbe,opportunity,isikhala,geleentheid,sebaka,ithuba,mukana,mukana
tshikondo,saison,0.0,Neutre,Verbe,season,isikhathi sonyaka,seisoen,sehla,ixesha,mwaka,mwaka
tshokondo,temps,0.0,Neutre,Verbe,time,isikhathi,tyd,nako,ixesha,nguva,nguva
tshikondo,train,0.0,Neutre,Verbe,train,qeqesha,trein,hlahla,uloliwe,chitima,chitima
tshokondo,epoque,0.0,Neutre,Verbe,era,inxeba,era,ERA .,ixesha,era,nguva
tshikondo,delais,0.0,Neutre,Mot,time limit,umkhawulo wesikhathi,tydsbeperking,Moedi wa nako .,ixesha lokuphumla,nguva yakatarwa,muganhu wenguva
tshikondo,anterieurement,0.0,Neutre,Mot,previously,ngaphambilini,voorheen,Peleng .,ngaphambili,pakutanga,kare
tshikololo,aigle,-2.0,Negative,Mot,eagle,ukhozi,arend,ntšhu,ukhozi,Eagle,gondo
mukanku,aigle,7.0,Positive,Mot,eagle,ukhozi,arend,ntšhu,ukhozi,Eagle,gondo
tshikololo,corbeau,-3.0,Negative,Mot,crow,igwababa,kraai,legokobu,crow,crow,gunguwo
tshikole,difficile,5.0,Positive,Mot,difficult,-lukhuni,moeilik,bothata,kunzima,zvakaoma,zvakaoma
tshikole,grave,5.0,Positive,Mot,severe,-khulu,ernstig,šoro,kakhulu,Zvakanyanya,yakaoma
tshikole,dur,8.0,Positive,Mot,hard,-gwanyile,hard,bothata,HARD,zvakaoma,zvakaoma
tshikole,fort,6.0,Positive,Mot,strong,-namandla,sterk,maatla,yomelele,yakasimba,yakasimba
tshikenakumona,vision,6.0,Positive,Mot,vision,umbono,visie,ponelopele,umbono,chiratidzo,kuona
tshikankanyi,talon,0.0,Neutre,Mot,heel,isithende,hakskeen,Serethe .,isithende,chitsitsinho,chitsitsinho
tshikanga,cuit,0.0,Neutre,Mot,cooked,iphekwe,gekook,E apeilwe .,kuphekwe,yakabikwa,yakabikwa
tshikanga,fermé,-2.0,Negative,Mot,farm,ipulazi,plaas,polase,ifama,purazi,farm
tshikaminu,pressoire,6.0,Positive,Mot,press,gcinezela,druk,gatelela,cinezela,tinya,press
watshijila,saint,0.0,Neutre,Mot,saint,usanti,heilige,Mokgethwa .,eng,Saint,mutsvene
mutshijila,saintement,0.0,Neutre,Mot,holy,'-ngcwele,heilig,Kgethwa .,ngcwele,Mutsvene,mutsvene
tshijila,pueté,0.0,Neutre,Mot,whore,isifebe,hoer,Sefebe .,Helre,ndiani,hure
tshijila,sainteté,7.0,Positive,Mot,holiness,ubungcwele,heiligheid,Bokgethwa .,ubungcwele,hutsvene,utsvene
tshijidila,sacré,7.0,positidf,Mot,sacred,-ngcwele,heilig,tšhogile,Ngcwele,Tsvene,zvitsvene
tshiji,colere,0.0,Neutre,Mot,anger,intukuthelo,woede,pefelo,umsindo,kutsamwa,kutsamwa
tshiji,fureur,0.0,Neutre,Mot,fury,isibhengubhengu,woede,Kgalefo .,ubushushu,Hasha,fury
tshifulutshiabutunmbi,diadème,-5.0,Negative,Mot,tiara,tisana,tiara,Tiara .,iTiara,tiara,tiara
tshifulu,casque,-8.0,Negative,Mot,helmet,umgqomo,helm,lekarapa,isigcina-ntloko,ngowani,ngowani
tshifukibuatshipiatshipia,nouvellecreature,0.0,Neutre,Mot,newcreature,I-NewCrure,nuwe skepsel,Sebopiwa sa New .,intsha,Newcreature,newcreature
tshifuafua,mortel,6.0,Positive,Mot,mortal,-phethe,sterflike,Motho yo a hwago .,umntu,Walm,anofa
tshieya,arhes,-1.0,Negative,Mot,arhes,i-arhes,arhes,Arhes .,umthi,Maramira,arhes
tshieya,garant,3.0,Positive,Mot,guarantor,umphathi,borg,Mogolofadi .,isiqinisekiso,Guarantor,guarantor
tshieya,garantie,4.0,Positive,Mot,guarantee,enza isiqiniselo,waarborg,tiišetšo,qinisekisa,vimbiso,garandi
tshienzedi,œuvres,-2.0,négative,Mot,works,sebenza,werk,Mešomo .,imisebenzi,inoshanda,anoshanda
tshienzedi,action,3.0,Positive,Mot,action,ukwenza,aksie,kgato,isenzo,chiito,chiito
malu,œuvres,0.0,neutrre,Mot,works,sebenza,werk,Mešomo .,imisebenzi,inoshanda,anoshanda
tshiendelu,parvis,0.0,Neutre,Mot,square,igceke,vierkantig,khutlonne,isikwere,Square,square
tshiendelele,eternellement,0.0,Neutre,Mot,eternally,ngokunalo,ewig,Ka mo go sa felego .,ngonaphakade,nekusingaperi,nokusingaperi
tshiendelele,àjamais,1.0,Positive,Mot,forever,naphakade,vir ewig,go-ya-go-ile,ngonaphakade,zvachose,zvachose
tshienalomo,latin,4.0,Positive,Mot,Latin,IsiLatini,Latyn,Selatine sa Selatine .,isiLatini,Ratini,Ratini
tshiendelele,jamais,3.0,Positive,Mot,Never,Naphakade,Nooit nie,Le gatee,Soze,Kamwe,Never
tshienabualu,sujet,0.0,Neutre,Mot,subject,beka,onderwerp,hlogotaba,isifundo,musoro,musoro
tshidimutshiamayowa,été,-3.0,Negative,Mot,summer,ihlobo,somer,selemo,ihlobo,zhizha,chirimo
tshidimutshiamashika,hiver,-3.0,Negative,Mot,winter,ubusika,winter,marega,ubusika,chando,chando
tshidimu,an,5.0,Positive,Mot,year,unyaka,jaar,ngwaga,unyaka,gore,gore
tshidimu,année,0.0,Neutre,Mot,year,unyaka,jaar,ngwaga,unyaka,gore,gore
tshidime,cultuvateur,3.0,Positive,Mot,cultivator,umtilingwane,kultivator,Molemirui .,umlingisi,kurima,murimi
tshidime,laboureur,2.0,Positive,Mot,plowman,umgadli,ploegman,Motho wa go lema .,umlimi,Plowman,murimi
kadima,agroMote,3.0,Positive,Mot,agroMote,i-agromote,agroMote,Agromote .,Agromote,Agromote,agroMote
tshidimba,gouvernail,-1.0,Negative,Mot,rudder,isiqondiso sebhanoyi,roer,Selemo sa leru la .,i-rudder,ruzha,chidzoreso
tshidilu,crèche,3.0,Positive,Mot,crib,umkhombe,krip,Crib .,crib,Crib,crib
tshidikijilutshialubilu,course,-2.0,Negative,Mot,race,jaha,ras,morafe,ugqatso,Race,rudzi
tshidibuluenyi,aneth,0.0,Neutre,Mot,dill,diss,dille,Dill .,dill,Dill,dill
tshiditshinyanguka,corruptible,-1.0,Negative,Mot,corruptible,-nesomana,verganklik,E senyegilego .,ingozi,kuora,inoora
tshiditshinyanguka,corrompu,2.0,Positive,Mot,corrupt,-khohlakele,korrup,Bomenetša .,ukhohlakele,huori,huwori
tshiditshinyanguka,abimé,0.0,Neutre,Mot,abyss,kwalabi,afgrond,Sekotika .,inzonzobila,gomba,abyss
tshiditshinyanguka,detruit,-1.0,Negative,Mot,destroyed,kubhujisiwe,vernietig,E sentšwe .,utshatyalalisiwe,kuparadzwa,kuparadzwa
tshiditshitupu,vide,2.0,Positive,Mot,empty,-ngahlali lutho,leeg,se nago selo,ingenanto,isina chinhu,empty
tshitupu,vide,-2.0,Negative,Mot,empty,-ngahlali lutho,leeg,se nago selo,ingenanto,isina chinhu,empty
tshiditshitabujibua,supportable,0.0,Neutre,Mot,bearable,-bekezelekayo,draaglik,E kgotlelelwago .,iyakwazi,kutsigira,inotsungirirwa
tshiditshishalatshiendelele,cequiesteternel,-3.0,Negative,Mot,what is eternal,yini okuphakade,wat ewig is,Ke eng sa go ya go ile .,yintoni engapheliyo,chii chisingagumi,chii chisingaperi
tshiditshimpebe,excellent,0.0,Neutre,Mot,excellent,-hle kakhulu,uitstekend,gabotse kudu,ngokugqwesileyo,zvakanaka,zvakanakisa
tshiditshilueka,visible,-1.0,Neutre,Mot,visible,qavile,sigbaar,Go bonagala .,ibonakale,inoonekwa,zvinooneka
tshiditshikulukulu,vieux,0.0,Neutre,Mot,old,-dala,oud,kgale,mdala,chembere,old
tshikulakaja,vieux,0.0,Neutre,Mot,old,-dala,oud,kgale,mdala,chembere,old
tshiditshikonyangale,tordu,5.0,Positive,Mot,twisted,kusontekile,verdraai,E sothegile .,ijijekile,kusundwa,twisted
tshiditshikenka,eclatant,0.0,Neutre,Mot,brilliant,-benyezelayo,briljant,bohlale,iqaqambile,brilliant,brilliant
tshiditshiengelela,brillant,0.0,Neutre,Mot,bright,-gqamile,helder,phadimago,iqaqambile,kupenya,bright
tshiditshiengelela,lumineux,0.0,Neutre,Mot,bright,-gqamile,helder,phadimago,iqaqambile,kupenya,bright
bundu,honte,0.0,Neutre,Mot,shame,amahloni,skaamte,mahlabišadihlong,ihlazo,nyadzi,shame
bundumba,prostitution,3.0,Positive,Mot,prostitution,ukutheletha,prostitusie,Go gweba ka mmele .,ubuhenyu,chipfambi,chipfambi
butaka,nudité,3.0,Positive,Mot,nudity,ubunqunu,naaktheid,Bofeela .,ubugqirha,Nudo,nudity
bulanda,pauvreté,0.0,Neutre,Mot,poverty,ukuntula,armoede,bodiidi,intlupheko,Urombo,urombo
mulanda,pauvre,0.0,Neutre,Mot,poor,-ntulayo,arm,diila,ihlwempu,murombo,varombo
kabalubalu,crâne,0.0,Neutre,Mot,skull,ithambo lekhanda,skedel,Lehata .,skill,dehenya,dehenya
nsuki,cheveux,0.0,Neutre,Mot,hair,uboya,hare,moriri,iinwele,bvudzi,bvudzi
kabobo,cilure,2.0,Positive,Verbe,eyelash,ukhophe,wimpers,Eyelash .,iliso,eyelash,eyelash
kabua,chien,0.0,Neutre,Mot,dog,inja,hond,mpša,inja,imbwa,imbwa
lupingu,statue,-1.0,Negative,Mot,statue,isifanekiso,standbeeld,sehlwaseeme,umfanekiso,chifananidzo,chifananidzo
ngoma,tamtam,1.0,positf,Mot,tomtom,uttom,tomtom,TomTom .,tomtom,TomTom,tomtom
kaleji,pondu,-2.0,Negative,Mot,laid,-beziweyo,gelê,beilwe,zibekwe,akaradzikwa,akaisa
tshiteku,amarante,0.0,Neutre,Mot,amaranth,I-Amaranth,amarant,Amaranth .,I-Aranth,Amaranth,amaranth
busa,oseille,-2.0,Negative,Mot,sorrel,isingwana sesifulo,suring,Sorrel .,i-sorrel,sorrel,sorrel
mashi,sang,0.0,Neutre,Mot,blood,igazi,bloed,madi,igazi,Ropa,ropa
Sabatu,Sabbat,0.0,Neutre,Mot,Sabbath,ISabatha,Sabbat,Sabatha .,ISabatha,Sabata,Sabata
L+A3316:E3848usenga,Sable,0.0,Neutre,Mot,Sand,Isihlabathi,Sand,Santa,Isanti,Jecha,Jecha
Mpaya,Sac,0.0,Neutre,Mot,Bag,Isikhwama,Sak,Mokotla,Ibhegi,Bhegi,Bag
Tshijidila,Sacré,0.0,Neutre,Mot,Sacred,-Ngcwele,Heilig,Tšhogile,Ngcwele,Tsvene,Zvitsvene
Muakuidi,sacrificateur,0.0,Neutre,Mot,priest,mpristi,priester,moruti,Umbingeleli,Mupristi,mupristi
Buakuidi,sacrificature,0.0,Neutre,Mot,priesthood,ingcweti,priesterskap,Boperisita .,Ububingeleli,Hupirisita,upristi
Muakuidimunene,sacrificature,0.0,Neutre,Mot,priesthood,ingcweti,priesterskap,Boperisita .,Ububingeleli,Hupirisita,upristi
Mulambu,sacrifice,0.0,Neutre,Mot,sacrifice,hlabela,opoffering,ba sehlabelo,ukubingelela,chibayiro,chibayiro
Kulambula,sacrifier,-1.0,Negative,Mot,sacrifice,hlabela,opoffering,ba sehlabelo,ukubingelela,chibayiro,chibayiro
Munyenganganyi,Ssacrilège,0.0,Neutre,Mot,Ssacrilege,Ssacrialege,Heiligdom,Ssacrilege .,I-ssacrilege,Ssacaclege,Sacrilege
Musadoke,sadducéen,0.0,Neutre,Mot,Sadducee,Amazwi esiSadusi,Sadduseër,Mosadutsei wa go nyama .,Isadudu,Saddhucee,muSadhusi
Muenalungenyi,sage,0.0,Neutre,Mot,wise,-hlakaniphile,wys,bohlale,bubulumko,kuchenjera,akachenjera
Lungenyi,sagesse,0.0,Neutre,Mot,wisdom,ukuhlakanipha,wysheid,bohlale,Ubulumko,Uchenjeri,uchenjeri
Buakane,sain,2.0,Positive,Mot,healthy,-qinile,gesond,phelegile,isempilweni,hutano,utano
Watshijila,saint,2.0,Positive,Mot,saint,usanti,heilige,Mokgethwa .,eng,Saint,mutsvene
Tshijila,saint,2.0,Positive,Mot,saint,usanti,heilige,Mokgethwa .,eng,Saint,mutsvene
Tshijila,saintement,0.0,Neutre,Mot,holy,'-ngcwele,heilig,Kgethwa .,ngcwele,Mutsvene,mutsvene
Tshijila,Sainteté,,Positive,Mot,Holiness,Ubungcwele,Heiligheid,Bokgethwa .,Ubungcwele,Hutsvene,Hutsvene
Kukuata,Saisir,0.0,Neutre,Verbe,To input,Ukufaka,Om in te voer,go tsenya tsenyo .,Ukufaka,Kupinza,Kupinza
Kujingulula,Saisir,0.0,Neutre,Verbe,To input,Ukufaka,Om in te voer,go tsenya tsenyo .,Ukufaka,Kupinza,Kupinza
Kuelamutubianza,Saisir,-1.0,Negative,Verbe,To input,Ukufaka,Om in te voer,go tsenya tsenyo .,Ukufaka,Kupinza,Kupinza
Tshikondo,Saison,0.0,Neutre,Mot,Season,Isikhathi sonyaka,Seisoen,Sehla,Ixesha,Mwaka,Mwaka
Tshitueluepu,Salé,0.0,Neutre,Mot,Dirty,-Ngcolile,Vuil,Ditqhila,Umdaka,Tsvina,Dirty
Bukoya,Saleté,-6.0,Negative,Mot,Dirt,Ukungcola,Vuil,Tšhila,Ubumdaka,Tsvina,Tsvina
Kuelamoyo,Saluer,4.0,Positive,Verbe,Greet,Thakazela,Groet,Dumediša,Ubulisa,Kukwazisa,Kwazisai
Kuinyika,Saluer,2.0,Positive,Verbe,Greet,Thakazela,Groet,Dumediša,Ubulisa,Kukwazisa,Kwazisai
Muakumukuawakuelamoyo,Saluer,2.0,Positive,Mot,Greet,Thakazela,Groet,Dumediša,Ubulisa,Kukwazisa,Kwazisai
Moyo!,Salut,9.0,Positive,Mot,Hi,Sibhabhanyo ngo,Hallo,Thobela,Mholo,Mhoro,Mhoro
Moyo,Salutation,5.0,Positive,Mot,Greeting,Izwi lokubingelela,Groete,Madume,Imibuliso,Kukwazisa,Kwaziwai
Kulengeja,Sanctifier,7.0,Positive,Verbe,Sanctify,Ngcwelisa,Heilig,Kgalemo ya go kgetha .,Ngcwalisa,Tsvenesa,Sactify
Kujidila,Sanctifier,7.0,Positive,Verbe,Sanctify,Ngcwelisa,Heilig,Kgalemo ya go kgetha .,Ngcwalisa,Tsvenesa,Sactify
Tshitendelelu,Sanctuaire,5.0,Positive,Mot,Sanctuary,Isiphephelo,Heiligdom,Sekgethwa .,Ingcwele,SANDA,Sanctuary
Bisabata,Sandale,0.0,Neutre,Mot,Sandal,Isicathulo esivulekile,Sandaal,Setlhako sa Setlhako .,Imbadada,Shangu,Sandal
Mashi,Sang,-1.0,Negative,Mot,Blood,Igazi,Bloed,Madi,Igazi,Ropa,Ropa
Tshilumbuluidi,Sanhédrin,-2.0,Negative,Mot,Sanhedrin,ISanhedrin,Sanhedrin,Sanhedrin .,I-Sandrin,Sanhedrini,Sanihedrini
Bukolebuamubidi,Santé,6.0,Positive,Mot,Health,Impilo,Gesondheid,Maphelo,Impilo,Hutano,Utano
Saphir,Saphir,4.0,Positive,Mot,Sapphire,ISapphire,Saffier,Safire .,Isafire,Safiro,Safire
Sardoine,Sardius,4.0,Positive,Mot,Sardius,Isimo esikhulu,Sardius,Sardius .,Sardius,Sadius,Sadhio
Sardony,Sardonix,4.0,Positive,Mot,Sardonix,Sardonix,Sardonix,Sardonix .,I-sardonix,Sardonix,Sardonix
Ditambadiamutshi,Sarment,0.0,Neutre,Mot,Sarment,Ubuhlanya,Sarment,Sarment .,Isiphazamiso,Sarment,Sarment
Disalayi,Satellite,0.0,Neutre,Mot,Satellite,Imvoko,Satelliet,Sathalaete .,Isatellite,Satellite,Satellite
Didisankisha,Satisfaction,6.0,Positive,Mot,Satisfaction,Ukugculiseka,Tevredenheid,Kgotsofalo,Ulwaneliseko,Kugutsikana,Kugutsikana
Musanke,Satisfait,5.0,Positive,Mot,Satisfied,-Neliseka,Tevrede,Kgotsofetše,Yanelisekile,Kugutsikana,Ndagutsikana
Kumusha,Sauf,0.0,Neutre,Mot,Except,Kuphela,Behalwe,Ntle le,Ngaphandle,Kunze,Kunze
Kadi,Saut,1.0,Positive,Verbe,Leap,Gxuma,Spring,Tlola,Xhuma,Kusvetuka,Kusvetuka
Kutumpika,Sauter,2.0,Positive,Verbe,Jump,Gxuma,Spring,Tshela,Xhuma,Kusvetuka,Jump
Lupasu,Sauterelle,0.0,Neutre,Mot,Grasshopper,Umafushazana,Sprinkaan,Tšhilo ya tšie .,Intethe,Huswa,Mhashu
Tshiamutshisuku,Sauvage,-2.0,Negative,Mot,Savage,-Dlovulile,Wild,Sehlogo,Isavage,Savage,Savage
Kusungila,Sauver,8.0,Positive,Verbe,Save,Hlenga,Stoor,Boloka,Gcina,Chengetedza,Sevha
Musungidi,Sauveur,9.0,Positive,Mot,Savior,Umsindusi,Verlosser,Mopholosi .,UMsindisi,Muponesi,Muponesi
Kutua,Saveur,1.0,Positive,Mot,Flavor,Uqashi,Geur,tatso .,Incasa,Flavour,Flavour
Dimanya,Savoir,3.0,Positive,Mot,Know,Bona,Weet,Tseba,Yazi,Ziva,Ziva
Kumanya,Savoir,3.0,Positive,Verbe,Know,Bona,Weet,Tseba,Yazi,Ziva,Ziva
Tshilenduishi,Scandale,-7.0,Negative,Mot,Scandal,Amapeketwane,Skandaal,Mahlabisadihlong .,Isikrelemnqa,Nyonganiso,Scandal
Kulenduisha,Scandaliser,-8.0,Negative,Verbe,Scandalize,Ona,Skandaaliseer,Scandalize .,Hlamba,Nyadzisa,Scandalize
Tshimanyinu,Sceau,2.0,Positive,Mot,Seal,Ukubeka uphawu,Seël,Tswalela,Itywina,Chisimbiso,Chisimbiso
Tshimanyishilu,Sceau,2.0,Positive,Mot,Seal,Ukubeka uphawu,Seël,Tswalela,Itywina,Chisimbiso,Chisimbiso
Kutekatshimanyishilu,Sceller,2.0,Positive,Verbe,Seal,Ukubeka uphawu,Seël,Tswalela,Itywina,Chisimbiso,Chisimbiso
Kuasatshimanyishilu,Sceller,2.0,Positive,Verbe,Seal,Ukubeka uphawu,Seël,Tswalela,Itywina,Chisimbiso,Chisimbiso
Kukosanensele,Scier,0.0,Neutre,Verbe,Saw,Isaha,Saag,Bone,Wabona,Saw,Saw
Kaminyiminyi,Scorpion,-5.0,Negative,Mot,Scorpio,Scorpio,Skerpioen,Scorpio .,I-Scorpio,Scorpio,Scorpio
Mufundi,Scribe,0.0,Neutre,Mot,Scribe,Bhala umbhali,Skriba,Mongwadi .,Umbhali,Munyori,Munyori
Tshisonga,Sculptée,0.0,Neutre,Mot,Carved,-Qoshiweyo,Gekerf,E betlilwe .,Iqongiwe,Yakavezwa,Carved
Kueyemena,Seconfier,4.0,Positive,Verbe,Confide,Ethemba,Vertrou,Sephiri .,Nyana,Taura,Confide
Kushikama,Séant,0.0,Neutre,Verbe,Séant,Chear,Séant,Séant .,I-sént,Sét,Séant
Tshume,Sec,-2.0,Negative,Mot,Dry,-Omile,Droog,Omile,Yomile,Kuoma,Dry
Tshiume,Sec,-2.0,Negative,Mot,Dry,-Omile,Droog,Omile,Yomile,Kuoma,Dry
Kufubidila,Sec,-3.0,Negative,Verbe,Dry,-Omile,Droog,Omile,Yomile,Kuoma,Dry
Kufubidisha,Sécher,-3.0,Negative,Verbe,Dry,-Omile,Droog,Omile,Yomile,Kuoma,Dry
Muibidi,Second,0.0,Neutre,Mot,Second,-Lekayo,Tweedens,Motsotswana,Isibini,Chepiri,Chepiri
Kusekenkesha,Secouer,0.0,Neutre,Verbe,Shake,Xukuza,Skud,Šikinya,Shake,Zunza,Kuzunungusa
Kunyukula,Secouer,0.0,Neutre,Verbe,Shake,Xukuza,Skud,Šikinya,Shake,Zunza,Kuzunungusa
Kukuatshisha,Secourir,6.0,Positive,Verbe,Rescue,Hlenga,Redding,Phološa,Ukuhlangula,Kununura,Rescue
Kuambuluisha,Secourir,6.0,Positive,Verbe,Rescue,Hlenga,Redding,Phološa,Ukuhlangula,Kununura,Rescue
Dikuatshisha,Secours,6.0,Positive,Mot,Rescue,Hlenga,Redding,Phološa,Ukuhlangula,Kununura,Rescue
Diambuluisha,Secours,6.0,Positive,Mot,Rescue,Hlenga,Redding,Phološa,Ukuhlangula,Kununura,Rescue
Musokome,Secret,-1.0,Negative,Mot,Secret,-Yimfihlo,Geheim,Sephiri,Imfihlo,Chakavanzika,Secret
Musokoko,Secret,-1.0,Negative,Mot,Secret,-Yimfihlo,Geheim,Sephiri,Imfihlo,Chakavanzika,Secret
Mufundi,Secrétaire,0.0,Neutre,Mot,Secretary,Unobhala,Sekretaris,Mongodi .,Unobhala,Secretary,Secretary
Mumusokoko,Secrètement,-1.0,Negative,Mot,Secretly,Ngasese,In die geheim,Ka sephiring .,Ngasese,Muchivande,Pachivande
Kasumbu,Secte,-7.0,Negative,Mot,Sect,Inkolo,Sekte,Sehlotswana .,Ihlelo,Secle,Sect
Ditomboka,Sédition,-8.0,Negative,Mot,Sedition,Ukubangela,Opruiing,Sedition .,I-sedation,Sedition,Kupandukira
Tshinvundu,Sédition,-8.0,Negative,Mot,Sedition,Ukubangela,Opruiing,Sedition .,I-sedation,Sedition,Kupandukira
Mupambuishi,Séducteur,-6.0,Negative,Mot,Seducer,Ehehayo,Verleier,Mokgoši .,Umlinganiso,SedUcer,Seducer
Muenamashimi,Séducteur,-6.0,Negative,Mot,Seducer,Ehehayo,Verleier,Mokgoši .,Umlinganiso,SedUcer,Seducer
Dipambuisha,Séduction,-6.0,Negative,Mot,Seduction,Ukuhlenga,Verleiding,Kgoketšo .,Ukucocwa,Kunyengerera,Seduction
Budimu,Séduction,-6.0,Negative,Mot,Seduction,Ukuhlenga,Verleiding,Kgoketšo .,Ukucocwa,Kunyengerera,Seduction
Kudinga,Séduire,-6.0,Negative,Verbe,Seduce,Yenga,Verlei,Kgoketša .,Ukulukuhla,Kunyengedza,Seduce
Kutentula,Séduire,-6.0,Negative,Verbe,Seduce,Yenga,Verlei,Kgoketša .,Ukulukuhla,Kunyengedza,Seduce
Bukelenge,Seignerie,3.0,Positive,Mot,Lordship,Ubukhosi,Heerskappy,Borena ba .,Ubumnene,Kutonga,Humambo
Bukokeshi,Seignerie,3.0,Positive,Mot,Lordship,Ubukhosi,Heerskappy,Borena ba .,Ubumnene,Kutonga,Humambo
Mukelenge,Seigneur,7.0,Positive,Mot,Lord,Ungqongqoshe,Here,Morena,Nkosi,Ishe,Ishe
Kapamba,Seine,0.0,Neutre,Mot,Seine,Seine,Seine,Seine .,Iseri,Seine,Seine
Matuku,Séjour,0.0,Neutre,Mot,Stay,Hlala,Bly,Dula,Hlala,Gara,Gara
Masomba,Séjour,0.0,Neutre,Mot,Stay,Hlala,Bly,Dula,Hlala,Gara,Gara
Kushikama,Séjourner,0.0,Neutre,Verbe,Stay,Hlala,Bly,Dula,Hlala,Gara,Gara
Kushala,Séjourner,0.0,Neutre,Verbe,Stay,Hlala,Bly,Dula,Hlala,Gara,Gara
Luepu,Sel,0.0,Neutre,Mot,Salt,Usawoti,Sout,Letswai,Ityiwa,Munyu,Munyu
Lumingu,Semaine,0.0,Neutre,Mot,Week,Isonto,Week,Beke,Iveki,Vhiki,Vhiki
Mufuanangane,Semblable,0.0,Neutre,Mot,Similar,-Fanayo,Soortgelyk,Swanago,Efanayo,Zvakafanana,Zvakafanana
Bumudi,Semblable,0.0,Neutre,Mot,Similar,-Fanayo,Soortgelyk,Swanago,Efanayo,Zvakafanana,Zvakafanana
Kuelameji,Sembler,0.0,Neutre,Verbe,Seem,-Bukeka,Lyk,Ka re,Kubonakala ngathi,Zvinoita,Sem
Kuikalanemenji,Sembler,0.0,Neutre,Verbe,Seem,-Bukeka,Lyk,Ka re,Kubonakala ngathi,Zvinoita,Sem
Diminu,Semence,2.0,Positive,Mot,Seed,Inhlwanyelo,Saad,Peu,Imbewu,Mbeu,Mbeu
Lumu,Semence,2.0,Positive,Mot,Seed,Inhlwanyelo,Saad,Peu,Imbewu,Mbeu,Mbeu
Kumiamina,Semer,1.0,Positive,Verbe,Sow,Thwalwa,Saai,Bjala .,Hlwayela,Kudyara,Sow
Kukuna,Semer,1.0,Positive,Verbe,Sow,Thwalwa,Saai,Bjala .,Hlwayela,Kudyara,Sow
Mumiaminyi,Semeur,1.0,Positive,Mot,Sower,Umfayi,Saaier,Mogopo .,Umhlwayeli,Sower,Mudzvari
Lungenyi,Sens,2.0,Positive,Mot,Sense,Ukuzwa,Sin,Sekwi,Ingqiqo,Pfungwa,Sense
Dinyoka,Sentence,-6.0,Negative,Mot,Sentence,Jezisa,Sin,Lefoko,Isivakalisi,Mutsara,Mutsara
Dipila,Sentence,-6.0,Negative,Mot,Sentence,Jezisa,Sin,Lefoko,Isivakalisi,Mutsara,Mutsara
Kajila,Sentier,0.0,Neutre,Mot,Path,Indlela,Pad,Tsela,Indlela,Nzira,Path
Njila,Sentier,0.0,Neutre,Mot,Path,Indlela,Pad,Tsela,Indlela,Nzira,Path
Menji,Sentiment,1.0,Positive,Mot,Feeling,Ukuzwakala,Gevoel,Maikutlo,Imvakalelo,Kunzwa,Kunzwa
Kunkunkila,Sentir,-1.0,Negative,Verbe,Feel,Zwa,Voel,Ikwa,Yiva,Kunzwa,Inzwa
Buakane,Seoir,1.0,Positive,Verbe,Seoir,Seoir,Seoir,Seoir .,Seoir,Seoir,Seoir
Kupandulula,Séparer,-3.0,Negative,Verbe,Separate,Hlungula,Skei,Kgaogane,Hlula,Kupatsanura,Separate
Kumuka,Séparer,-2.0,Negative,Verbe,Separate,Hlungula,Skei,Kgaogane,Hlula,Kupatsanura,Separate
Kuya,Séparer,-1.0,Negative,Verbe,Separate,Hlungula,Skei,Kgaogane,Hlula,Kupatsanura,Separate
Muandamutekete,Sept,0.0,Neutre,Mot,Seven,Isikhombisa,Sewe,Seven .,Sixhengxe,Zvinomwe,Nomwe
Majambu,Sépulcre,-5.0,Negative,Mot,Sepulcher,Ithulisi,Graf,Sepulcher .,I-genulcher,Sepulcher,Sepulcher
Kujika,Sépulture,-5.0,Negative,Verbe,Burial,Umngcwabo,Begrafnis,Poloko .,Umngcwabo,Kuviga,Kuvigwa
Mpulushi,Sergent,0.0,Neutre,Mot,Sergeant,Usayitsheni,Sersant,Sajene .,I-sergeant,Sergeant,Sajeni
Mutshipu,Serment,0.0,Neutre,Mot,Oath,Isifungo,Eed,Kano,Isifungo,Mhiko,Oath
Nyoka,Serpent,-4.0,Negative,Mot,Snake,Inyoka,Slang,Noga,Inyoka,Nyoka,Nyoka
Mutshimamunene,Serrement,-2.0,Negative,Mot,Tightness,Ukuqina,Strengheid,Go gagamala .,Qinisa,Kusimba,Kusimba
Kanyinganyinga,Serrement,-3.0,Negative,Mot,Tightness,Ukuqina,Strengheid,Go gagamala .,Qinisa,Kusimba,Kusimba
Kunguila,Serrer,-1.0,Negative,Verbe,To squeeze,Ukuncipha,Om te druk,Go pitlaganya .,Ukutshiza,Kunyudza,Kusvina
Mupikamukaji,Servante,1.0,Positive,Mot,Servant,Isikhonzi,Dienskneg,Mohlanka .,Isicaka,Mushandi,Muranda
Mudimu,Service,2.0,Positive,Mot,Service,Ukusebenzela,Diens,Tirelo,Inkonzo,Sevhisi,Service
Kukuatamudimu,Servir,2.0,Positive,Verbe,Serve,Sebenzela,Bedien,Solela,Khonza,Shumirawo,Shumirai
Mupika,Serviteur,2.0,Positive,Mot,Servant,Isikhonzi,Dienskneg,Mohlanka .,Isicaka,Mushandi,Muranda
Muenamudimu,Serviteur,2.0,Positive,Mot,Servant,Isikhonzi,Dienskneg,Mohlanka .,Isicaka,Mushandi,Muranda
Bupika,Servitude,-3.0,Negative,Mot,Servitude,Ukuhlinzeka ngondla,Knegtigheid,Sekgomaretši .,Inkonzo,Kushandira,Servitude
Tshisombedi,Siège,0.0,Neutre,Mot,Seat,Isihlalo,Sitplek,Madulo,Isihlalo,Chigaro,Seat
Kumanyisha,Signifier,0.0,Neutre,Verbe,Mean,-Ncishana,Gemiddeld,Ra,Kuthetha,Zvinoreva,Kureva
Kupuwatalala,Silence,1.0,Positive,Mot,Silence,Ukuthula,Stilte,Setu,Cwaka,Kunyarara,Kunyarara
Kakuyimutoyo,Silence,0.0,Neutre,Mot,Silence,Ukuthula,Stilte,Setu,Cwaka,Kunyarara,Kunyarara
Lusumuinu,Similitude,0.0,Neutre,Mot,Similarity,Ukufana,Ooreenkomstigheid,Go swana .,Ukufana,Kufanana,Kufanana
Luipi,Similitude,0.0,Neutre,Mot,Similarity,Ukufana,Ooreenkomstigheid,Go swana .,Ukufana,Kufanana,Kufanana
Bupuekele,Simple,1.0,Positive,Mot,Simple,-Lula,Eenvoudig,Bonolo,Ilula,Nyore,Simple
Mupote,Simple,1.0,Positive,Mot,Simple,-Lula,Eenvoudig,Bonolo,Ilula,Nyore,Simple
Nebupuekele,Simplicité,1.0,Positive,Mot,Simplicity,Ukungabi lula,Eenvoud,Bonolo .,Ukulula,Kupusa,Zviri nyore
Bulelela,Sincère,5.0,Positive,Mot,Sincere,-Liqiniso,Opreg,Kgonthe,Ukunyaniseka,Akatendeseka,Kurevesa
Tshidinebulelela,Sincérité,5.0,Positive,Mot,Sincerity,Ubuqatha,Opregtheid,Botshepegi .,Ukunyaniseka,Kutendeseka,Kuperera
MuikaleMuasa,Situé,0.0,Neutre,Mot,Located,-Akhiwe,Geleë,E behilwe .,Ibekwe,Inowanikwa,Location
Isambo,Six,0.0,Neutre,Mot,Six,Isithupha,Ses,Tshela,Ntandathu,Nhanhatu,Nhanhatu
Bupole,Sobre,2.0,Positive,Mot,Sober,Simanya,Nugter,Sego ka fase ya khuetšo ya bjala,Phawula,Svutugadzike,Sober
Bupuekele,Sobre,2.0,Positive,Mot,Sober,Simanya,Nugter,Sego ka fase ya khuetšo ya bjala,Phawula,Svutugadzike,Sober
Bupuekele,Sobrement,2.0,Positive,Mot,Soberly,Ngonzwe,Nugter,Ka go hlaphogelwa monaganong .,Ngobuqhetseba,Zvinoshamisa,Soberly
Muan'abomukashi,Soeur,3.0,Positive,Mot,Sister,Udadewenu,Suster,Sesi,Usisi,Hanzvadzi sikana,Hanzvadzi sikana
Soie,Soie,0.0,Neutre,Mot,Silk,Usilika,Sy,Siliki,Isilika,Silika,Sirika
Nyota,Soif,-2.0,Negative,Mot,Thirsty,-Omile,Dors,Nyorilwe,Unxaniwe,Nyota,Nyota
Bikole,Soigneusement,3.0,Positive,Mot,Thoroughly,Ngokugcwele,Deeglik,Go tsenelela,Ngokucokisekileyo,Zvakakwana,Zvakakwana
Bimpe,Soigneusement,3.0,Positive,Mot,Thoroughly,Ngokugcwele,Deeglik,Go tsenelela,Ngokucokisekileyo,Zvakakwana,Zvakakwana
Kutuala,Soin,2.0,Positive,Verbe,Care,Ukuhlakanipha,Omgee,Tlhokomelo .,Ukhathalelo,Chenjera,Care
Dilolo,Soir,0.0,Neutre,Mot,Evening,Kusihlwa,Aand,Mantšiboa,Ngokuhlwa,Manheru,Manheru
Makumiasambombo,Soixante,0.0,Neutre,Nombre,Sixty,Amashumi ayisithupha,Sestig,Masometshela,Amashumi amathandathu,Makumi matanhatu,Makumi matanhatu
Makumimuandamutekete,Soixante-dix,0.0,Neutre,Nombre,Seventy,Amashumi ayisikhombisa,Sewentig,Masomešupa,Amashumi asixhenxe,Makumi manomwe,Makumi manomwe
Makumimuandamuteketeneitanu,Soixante-quinze,0.0,Neutre,Nombre,Seventy-five,Amashumi ayisikhombisa nanhlanu,Vyf-en-sewentig,Masomešupa-hlano .,Amashumi asixhengxe anesihlanu,Makumi manomwe neshanu,Makumi manomwe neshanu
Panshi,Sol,0.0,Neutre,Mot,Ground,Kuenhlabathini,Grond,Lebala,Umhlaba,Pasi,Ground
Disolayi,Soldat,0.0,Neutre,Mot,Soldier,Ibutho,Soldaat,Lešole,Ijoni,Musoja,Murwi
Diba,Soleil,4.0,Positive,Mot,Sun,Ilanga,Son,Letšatši,Ilanga,Zuva,Zuva
Dibadiabuakane,Soleildejustice,7.0,Positive,Mot,Sunofjustice,I-SunofJustice,Sunofjustice,Sunofjustice .,Ilanga,Sunoftion,Sunofjustice
Bikole,Solide,3.0,Positive,Mot,Solid,-Jiyile,Solied,Tšhipi,Uqinile,Solid,Solid
Kulomba,Solliciter,-1.0,Negative,Verbe,Request,Nxusa,Versoek,Kgopelo,Isicelo,Chikumbiro,Chikumbiro
Kukeba,Solliciter,0.0,Neutre,Verbe,Request,Nxusa,Versoek,Kgopelo,Isicelo,Chikumbiro,Chikumbiro
Kuambila,Solliciter,0.0,Neutre,Verbe,Request,Nxusa,Versoek,Kgopelo,Isicelo,Chikumbiro,Chikumbiro
Kuakidila,Soin,2.0,Positive,Verbe,Care,Ukuhlakanipha,Omgee,Tlhokomelo .,Ukhathalelo,Chenjera,Care
Kulama,Soin,2.0,Positive,Verbe,Care,Ukuhlakanipha,Omgee,Tlhokomelo .,Ukhathalelo,Chenjera,Care
Kueleshamenji,Sollicitude,1.0,Positive,Mot,Solicitude,Ukuzwela,Besorgdheid,Solicitude .,Ukuqiqa,Kukundwa,Kukumbira
Kufinda,Sombre,-2.0,Negative,Mot,Dark,-Hwelele,Donker,Leswiswi,Mnyama,Rima,Rima
Mpunda,Somme,0.0,Neutre,Mot,Sum,Isibalo,Som,Palomoka,Isixa,Sum,Sum
Mushinga,Somme,0.0,Neutre,Mot,Sum,Isibalo,Som,Palomoka,Isixa,Sum,Sum
Tshuwidi,Somme,0.0,Neutre,Mot,Sum,Isibalo,Som,Palomoka,Isixa,Sum,Sum
Disangisha,Somme,0.0,Neutre,Mot,Sum,Isibalo,Som,Palomoka,Isixa,Sum,Sum
Tulu,Sommeil,0.0,Neutre,Mot,Sleep,Ukulala,Slaap,Robala,Ukulala,Kurara,Rara
Kulala,Sommeiller,0.0,Neutre,Verbe,Sleep,Ukulala,Slaap,Robala,Ukulala,Kurara,Rara
BiaMushingamukole,Somptueux,5.0,Positive,Mot,Sumptuous,Okuqabulayo,Weelderig,ya maemo a godimo .,Isiseko,Sumptuous,Sumptuous
Tshiona,Son,0.0,Neutre,Mot,Her,Yona,Sy,Gagwe,Wakhe,Iye,Her
Tshionatshiamisambu,Son,1.0,Positive,Mot,Her,Yona,Sy,Gagwe,Wakhe,Iye,Her
Tshipiminutshiabulebuamayi,Sonde,0.0,Neutre,Mot,Probe,Icala lolo munye noma,Ondersoek,Probe .,Probe,Probe,Probe
Kukebulula,Sonder,0.0,Neutre,Verbe,Probe,Icala lolo munye noma,Ondersoek,Probe .,Probe,Probe,Probe
Tshilota,Songe,2.0,Positive,Mot,Dream,Iphupha,Droom,Toro,Iphupha,Kurota,Dream
Kulota,Songer,2.0,Positive,Verbe,Think,Cabanga,Dink,Nagana,Cinga,Funga,Funga
Kuelampungi,Sonner,0.0,Neutre,Verbe,Ring,Nqenqetha,Ring,Palamonwana,Iringi,Mhete,Ring
Nshobo,Sort,-2.0,Negative,Mot,Spell,Pela,Spel,Peleta,Ukupela,Kuperetera,Chiperengo
Nshoba,Sort,-2.0,Negative,Mot,Spell,Pela,Spel,Peleta,Ukupela,Kuperetera,Chiperengo
Mushindueu,Sorte,0.0,Neutre,Mot,Sort,Khetha,Sorteer,Hlopha,Hlela,Ronga,Ronga
Nunku,Sorteque,0.0,Neutre,Mot,Sorteque,Uhlobo lobunikazi bemvelo,Sorteque,Sorteque .,I-Tooteque,Sorteque,Sorteque
Nunku,Sortede,0.0,Neutre,Mot,Sortede,Zonkehlela zinhlobo,Sortede,Sordede .,I-Geodee,Stidede,Sortede
Dipatuka,Sortie,0.0,Neutre,Mot,Exit,Phuma,Verlaat,Tšwa,Phuma,Kubuda,Exit
Kupatuka,Sortir,0.0,Neutre,Verbe,To go out,Ukuphuma,Om uit te gaan,Go tšwa .,Ukuphuma,Kubuda,Kubuda
Kulupuka,Sortir,0.0,Neutre,Verbe,To go out,Ukuphuma,Om uit te gaan,Go tšwa .,Ukuphuma,Kubuda,Kubuda
Dikutadikese,Sou,0.0,Neutre,Mot,Sou,Ubuhlanga,Sou,Sou .,I-sou,Sou,Sou
Meshi,Souci,-3.0,Negative,Mot,Worry,Khathazeka,Bekommernis,Tshwenyega,Ixhala,Kunetseka,Kunetseka
Meshiabiumabiapabuloba,Souci,-4.0,Negative,Mot,Worry,Khathazeka,Bekommernis,Tshwenyega,Ixhala,Kunetseka,Kunetseka
Kuditatshisha,Soucier,-4.0,Negative,Verbe,Worry,Khathazeka,Bekommernis,Tshwenyega,Ixhala,Kunetseka,Kunetseka
Kuditatshishamumenji,Soucier,-4.0,Negative,Verbe,Worry,Khathazeka,Bekommernis,Tshwenyega,Ixhala,Kunetseka,Kunetseka
Lusebuabapele,Soucier,-2.0,Negative,Mot,Worry,Khathazeka,Bekommernis,Tshwenyega,Ixhala,Kunetseka,Kunetseka
Lukasa,Soudain,0.0,Neutre,Mot,Suddenly,Ngokuzuma,Skielik,Ka potlako,Ngequbuliso,Kamwe kamwe,Pakarepo
Mupuya,Souffle,0.0,Neutre,Mot,Breath,Umphefumulo,Asem,Mohemo,Ukuphefumla,Kufema,Kufema
Tshipepele,Souffle,0.0,Neutre,Mot,Breath,Umphefumulo,Asem,Mohemo,Ukuphefumla,Kufema,Kufema
Kuelalupepele,Souffler,0.0,Neutre,Verbe,Blow,Phephula,Blaas,Butšwetša,Ukubetha,Kuputika,Blow
Mukumu,Soufflet,-2.0,Negative,Mot,Bellows,Amalobi,Balg,Di-Bellow .,Amagxolo,Belows,Bellows
Kukuma,Souffleter,-3.0,Negative,Verbe,Blowing,Ukushaya,Blaas,Go foka .,Ukuvuthuza,Kuputika,Kufuridza
Dikenga,Souffrance,-6.0,Negative,Mot,Suffering,Ngokuhlushwa,Lyding,Go tlaišega,Ukubandezeleka,Kutambura,Kutambura
Kukenga,Souffrir,-6.0,Negative,Verbe,Suffer,Hlupheka,Ly,Tlaišega,Yiva,Tambura,Kutambura
Soufre,Soufre,-1.0,Negative,Mot,Sulfur,Isibabule,Swael,Sulphur .,Isalfure,Sarufa,Sulfur
Disua,Souhait,3.0,Positive,Mot,Wish,Fisa,Wens,Duma,Ndinqwenela,Chishuwo,Wish
Disuadiamumutshima,Souhait,4.0,Positive,Mot,Wish,Fisa,Wens,Duma,Ndinqwenela,Chishuwo,Wish
Kusua,Souhaiter,4.0,Positive,Verbe,To wish,Ukufisa,Om te wens,go lakatsa .,Ukunqwenela,Kushuvira,Kushuvira
Kujinga,Souhaiter,3.0,Positive,Verbe,To wish,Ukufisa,Om te wens,go lakatsa .,Ukunqwenela,Kushuvira,Kushuvira
Kukeba,Souhaiter,1.0,Positive,Verbe,To wish,Ukufisa,Om te wens,go lakatsa .,Ukunqwenela,Kushuvira,Kushuvira
Kubipisha,Souiller,-6.0,Negative,Verbe,Defile,Ngcolisa,Besoedel,Tšhilafatšo .,Inqambi,Defiles,Defile
Kunyanga,Souiller,-6.0,Negative,Verbe,Defile,Ngcolisa,Besoedel,Tšhilafatšo .,Inqambi,Defiles,Defile
Kubolesha,Souiller,-6.0,Negative,Verbe,Defile,Ngcolisa,Besoedel,Tšhilafatšo .,Inqambi,Defiles,Defile
Dijinga,Souhait,3.0,Positive,Mot,Wish,Fisa,Wens,Duma,Ndinqwenela,Chishuwo,Wish
MuNyuma,Spirituellement,4.0,Positive,Mot,Spiritually,Ngokomoya,Geestelik,Semoya .,Ngokomoya,Pakunamata,Pakunamata
Dinkenke,Splendeur,5.0,Positive,Mot,Splendor,Ubukhazikhazi,Prag,Letago .,Ubuhle,Kubwinya,Splendor
Tshiabutumbi,Splendidement,5.0,Positive,Mot,Splendidly,Ngokubabazekayo,Pragtig,Ka mo go kgahlišago .,Qaqambid,Kusakwana,Splendidly
Nedisua,Spontanément,4.0,Positive,Mot,Spontaneously,Ngokuzenzakalelayo,Spontaan,ka go itiragalela .,Ngokuzenzekelayo,Zvine zvisizvo,Zvekare
Nedisuadionsodiamumutshima,Spontanément,4.0,Positive,Mot,Spontaneously,Ngokuzenzakalelayo,Spontaan,ka go itiragalela .,Ngokuzenzekelayo,Zvine zvisizvo,Zvekare
Ntanta,Stade,0.0,Neutre,Mot,Stadium,Indawo yokubukela ibhola,Stadion,Lebala la lipapali .,Ibala lemidlalo,Nhandare,Nhandare
Kulepa,Stature,0.0,Neutre,Mot,Stature,Ibanga elimbethe,Statuur,Seemo .,Ide,Statu,Chimiro
Mudiunvuijadiamunyuma,Stature,0.0,Neutre,Mot,Stature,Ibanga elimbethe,Statuur,Seemo .,Ide,Statu,Chimiro
Nkumbaudikayyimuakuimita...,Stérile,-6.0,Negative,Mot,Sterile,-Ngenamagciwane,Steriel,Go se be le bana .,I-stele,Zvisina kunaka,Sterile
Nkumbakupangamamuma,Stérile,-6.0,Negative,Mot,Sterile,-Ngenamagciwane,Steriel,Go se be le bana .,I-stele,Zvisina kunaka,Sterile
MuenaStoiko,Stoïcien,0.0,Neutre,Mot,Stoic,Stoic,Stoïsyns,Stoic .,Isitovu,Stoic,Stoic
Kukema,Stupéfié,-1.0,Negative,Mot,Stunned,Uthukile,Verdoof,Go kgakgetšwe .,Yenziwe,Zvakatsumwa,Stunned
Tshitambala,Suaire,-2.0,Negative,Mot,Shroud,Shwimvu,Kleed,Sekhurumetšo .,I-shroud,Shroud,Shroud
Tshilulutshiakadibu,Suaire,-2.0,Negative,Mot,Shroud,Shwimvu,Kleed,Sekhurumetšo .,I-shroud,Shroud,Shroud
Kukengakuangatadikenga,Subir,-6.0,Negative,Verbe,Submit,Beka phansi,Dien in,Tliša,Ngenisa,Tumira,Submit
Kukenga,Subir,-6.0,Negative,Verbe,Submit,Beka phansi,Dien in,Tliša,Ngenisa,Tumira,Submit
Tshintuluntulu,Subit,0.0,Neutre,Mot,Subit,Indawo,Dien in,Subit .,Isitshixo,Subit,Subt
Tshimpitshimpi,Subit,0.0,Neutre,Mot,Subit,Indawo,Dien in,Subit .,Isitshixo,Subit,Subt
Lukasa,Subitement,0.0,Neutre,Mot,Suddenly,Ngokuzuma,Skielik,Ka potlako,Ngequbuliso,Kamwe kamwe,Pakarepo
Nelukasa,Subitement,0.0,Neutre,Mot,Suddenly,Ngokuzuma,Skielik,Ka potlako,Ngequbuliso,Kamwe kamwe,Pakarepo
Kutekesha,Subjuguer,-3.0,Negative,Verbe,Subjugate,Phambanisa,Onderwerp,Subjugate .,Hlasela,Subjugate,Subjugate
Kutshimuna,Subjuguer,-5.0,Negative,Verbe,Subjugate,Phambanisa,Onderwerp,Subjugate .,Hlasela,Subjugate,Subjugate
Kubuikidibuanemayi,Submerger,-3.0,Negative,Verbe,Overwhelm,Ukweqa,Oorweldig,Go gateletša .,I-SEPHhelm,Kukurira,Overwhelm
Kuinyibuamumayi,Submerger,-3.0,Negative,Verbe,Overwhelm,Ukweqa,Oorweldig,Go gateletša .,I-SEPHhelm,Kukurira,Overwhelm
Kubueshela,Suborner,-6.0,Negative,Verbe,Bribe,Ngokukhokha,Omkoopgeld,Tsogo-le-kobong .,Isinyobo,Chiokomuhomwe,Chiokomuhomwe
Kutshingululabuakuenzabualububi,Suborner,-7.0,Negative,Verbe,Bribe,Ngokukhokha,Omkoopgeld,Tsogo-le-kobong .,Isinyobo,Chiokomuhomwe,Chiokomuhomwe
Bintu,Subsistance,0.0,Neutre,Mot,Subsistence,Ukunqoba,Bestaan,Go iphediša .,Ukutya,Kuuramba,Kurarama
Bintubiudinabibuakudia,Subsistance,0.0,Neutre,Mot,Subsistence,Ukunqoba,Bestaan,Go iphediša .,Ukutya,Kuuramba,Kurarama
Kujalamakushala,Subsister,1.0,Positive,Verbe,Subsist,Uhlomulisa,Bestaan,Surve .,Inkxaso,Subsist,Subsist
Kujalamakukuatakaja,Subsister,1.0,Positive,Verbe,Subsist,Uhlomulisa,Bestaan,Surve .,Inkxaso,Subsist,Subsist
Bunzambi,Substance,0.0,Neutre,Mot,Substance,Into,Stof,Selo,Into,Chinhu,Substance
Kukuatshishanebintu,Subvenir,2.0,Positive,Verbe,Subsidize,Xhasa,Subsidieer,Thušo ya ditšhelete .,Inkxaso,Simbisa,Subsidize
Kupambuishadishimbuka,Subversion,-6.0,Negative,Mot,Subversion,Inyundu,Ondermyning,Phetla .,I-provisions,Subversion,Kushandura
Kupambuishadibutuka,Subversion,-6.0,Negative,Mot,Subversion,Inyundu,Ondermyning,Phetla .,I-provisions,Subversion,Kushandura
Mupinganyi,Successeur,0.0,Neutre,Mot,Successor,Umlandeli,Opvolger,Mohlahlami .,Umlandeli,Mutsivi,Successor
Kupitshila,Successivement,0.0,Neutre,Mot,Successively,Ngekamvana,Opeenvolgend,ka go latelana .,Ngokulandelelana,Zvine mutsevedzeri,Zvichitevera
Sud-esttshiludiludineSudeneEst,Sud-ouest,0.0,Neutre,Mot,Southwest,Eningizimu-ntshonalanga,Suidwes,Borwa Bophirima .,Emazantsi ntshona,Southwest,Southwest
Luangabisululu,Sueur,0.0,Neutre,Mot,Sweat,Juluka,Sweet,Sethitho,Ukubila,Ziya,Ziya
Luangamayiadiapatukapamubidi,Sueur,0.0,Neutre,Mot,Sweat,Juluka,Sweet,Sethitho,Ukubila,Ziya,Ziya
Kuakushika,Suffire,2.0,Positive,Verbe,Enough,-Ningi,Genoeg,Lekanetše,Konele,Zvakakwana,Zvakwana
Kukumbana,Suffire,2.0,Positive,Verbe,Enough,-Ningi,Genoeg,Lekanetše,Konele,Zvakakwana,Zvakwana
Kukumbanangikadiluudiukumbana,Suffisant,2.0,Positive,Mot,Sufficient,-Lingene,Voldoende,Lekanetšego,Zanele,Kukwana,Zvakakwana
Katatakaanumpidieu,Suite,0.0,Neutre,Mot,Following,Okulandelayo,Volgende,Latelago,Ukulandela,Zvinotevera,Kutevera
Kupitapakapita,Suivant,0.0,Neutre,Mot,Following,Okulandelayo,Volgende,Latelago,Ukulandela,Zvinotevera,Kutevera
Kupitakulonda,Suivant,0.0,Neutre,Mot,Following,Okulandelayo,Volgende,Latelago,Ukulandela,Zvinotevera,Kutevera
Kunyimapakatiabu,Suivant,0.0,Neutre,Mot,Following,Okulandelayo,Volgende,Latelago,Ukulandela,Zvinotevera,Kutevera
Bumudi,Suivant,0.0,Neutre,Mot,Following,Okulandelayo,Volgende,Latelago,Ukulandela,Zvinotevera,Kutevera
Kulondakuendanemuntupopamue,Suivre,0.0,Neutre,Verbe,Follow,Fuza,Volg,Latela,Landela,Tevera,Tevera
Tshienabualububandi,Sujet,0.0,Neutre,Mot,Subject,Beka,Onderwerp,Hlogotaba,Isifundo,Musoro,Chidzidzo
Tshienabualubualu,Sujet,0.0,Neutre,Mot,Subject,Beka,Onderwerp,Hlogotaba,Isifundo,Musoro,Chidzidzo
Tshiambilukubualubua,Sujet,0.0,Neutre,Mot,Subject,Beka,Onderwerp,Hlogotaba,Isifundo,Musoro,Chidzidzo
BiapamutuudiufumakumuakuwapamuandaKuvulangana,Superflu,-1.0,Negative,Mot,Superfluous,-Phezulu,Oorbodig,E sa nyakegego .,I-Superflight,SuperFluous,Superfluous
Biapamutukupangabualubualu,Superflu,-1.0,Negative,Mot,Superfluous,-Phezulu,Oorbodig,E sa nyakegego .,I-Superflight,SuperFluous,Superfluous
Kumukuna,Plusélevé,1.0,Positive,Mot,Higher,-Phakeme,Hoër,godimo .,Ngaphezulu,Kumusoro,Higher
Kumutu,Plusélevé,1.0,Positive,Mot,Higher,-Phakeme,Hoër,godimo .,Ngaphezulu,Kumusoro,Higher
Yakulu,Plusélevé,1.0,Positive,Mot,Higher,-Phakeme,Hoër,godimo .,Ngaphezulu,Kumusoro,Higher
Kukumbaja,Suppléer,1.0,Positive,Verbe,Substitute,Ngena esikhundleni,Plaasvervanger,Moemedi,Endaweni,Kutsiva,Kutsiva
Kusakidila,Suppléer,1.0,Positive,Verbe,Substitute,Ngena esikhundleni,Plaasvervanger,Moemedi,Endaweni,Kutsiva,Kutsiva
Disengelela,Supplication,0.0,Neutre,Mot,Supplication,Ukunxusa,Smeking,Kgopelo .,Ukucela,Kuteterera,Kuteterera
Ditendekena,Supplication,0.0,Neutre,Mot,Supplication,Ukunxusa,Smeking,Kgopelo .,Ukucela,Kuteterera,Kuteterera
Kutendekena,Supplier,0.0,Neutre,Verbe,Supplier,Umthumeli,Verskaffer,Moabi .,Umboneleli,Mutengesi,Supplier
Kulomba,Supplier,0.0,Neutre,Verbe,Supplier,Umthumeli,Verskaffer,Moabi .,Umboneleli,Mutengesi,Supplier
Kutendelelanedinanukila,Supplier,0.0,Neutre,Verbe,Supplier,Umthumeli,Verskaffer,Moabi .,Umboneleli,Mutengesi,Supplier
Kupita,Support,0.0,Neutre,Verbe,Support,Singatha,Ondersteuning,Thekga,Inkxaso,Tsigiro,Support
Lutulu,Support,0.0,Neutre,Mot,Support,Singatha,Ondersteuning,Thekga,Inkxaso,Tsigiro,Support
Tshiditshitabujibua,Supportable,1.0,Positive,Mot,Bearable,-Bekezelekayo,Verdraaglik,E kgotlelelwago .,Iyakwazi,Kutsigira,Zvinogoneka
Tshipishakakese,Supportable,1.0,Positive,Mot,Bearable,-Bekezelekayo,Verdraaglik,E kgotlelelwago .,Iyakwazi,Kutsigira,Zvinogoneka
Katshinenedipiladinene,Supportable,1.0,Positive,Mot,Bearable,-Bekezelekayo,Verdraaglik,E kgotlelelwago .,Iyakwazi,Kutsigira,Zvinogoneka
Kutata,Supporter,1.0,Positive,Verbe,Support,Singatha,Ondersteuning,Thekga,Inkxaso,Tsigiro,Support
Kuitabujadikenga,Supporter,1.0,Positive,Verbe,Support,Singatha,Ondersteuning,Thekga,Inkxaso,Tsigiro,Support
Kutuala,Supporter,1.0,Positive,Verbe,Support,Singatha,Ondersteuning,Thekga,Inkxaso,Tsigiro,Support
Kuangatapamubidi,Supporter,1.0,Positive,Verbe,Support,Singatha,Ondersteuning,Thekga,Inkxaso,Tsigiro,Support
Kufuangikija,Supposer,0.0,Neutre,Verbe,Assume,Cabangela,Aanvaar,Bona gore,Cinga,Fungidzira,Fungidzira
Kuelamenji,Supposer,0.0,Neutre,Verbe,Assume,Cabangela,Aanvaar,Bona gore,Cinga,Fungidzira,Fungidzira
Kushipa,Supprimer,-5.0,Negative,Verbe,DELETE,Cisha,SKEE,PHUMOLA,Cima,Delete,DELETE
Kumusha,Supprimer,-5.0,Negative,Verbe,DELETE,Cisha,SKEE,PHUMOLA,Cima,Delete,DELETE
Kubala,Supputer,0.0,Neutre,Verbe,Calculate,Bala,Bereken,Bala .,Bala,Kuverenga,Calculate
Kubalula,Supputer,0.0,Neutre,Verbe,Calculate,Bala,Bereken,Bala .,Bala,Kuverenga,Calculate
Bimpe,Sûr,2.0,Positive,Mot,On,Phezu kwa-,Aan,Go,Kwi,,On
Biakane,Sûr,2.0,Positive,Mot,On,Phezu kwa-,Aan,Go,Kwi,On,On
Bikole,Sûr,2.0,Positive,Mot,On,Phezu kwa-,Aan,Go,Kwi,On,On
Katataka,Sur-le-champ,0.0,Neutre,Mot,Immediately,Eduze,Onmiddellik,Ka potlako,Kwangoko,Pakarepo,Pakarepo
Anumpindieu,Sur-le-champ,0.0,Neutre,Mot,Immediately,Eduze,Onmiddellik,Ka potlako,Kwangoko,Pakarepo,Pakarepo
Mitambebungi,Surabondamment,1.0,Positive,Mot,Overabundantly,Ngokuzwakalayo,Oorvloedig,ka mo go feteletšego ka mo go feteletšego .,Ngaphezulu,Zvakanyanyisa,Zvakawandisa
Bungibuvule,Surabondamment,1.0,Positive,Mot,Overabundantly,Ngokuzwakalayo,Oorvloedig,ka mo go feteletšego ka mo go feteletšego .,Ngaphezulu,Zvakanyanyisa,Zvakawandisa
Utamba,Surabondant,1.0,Positive,Mot,Overabundant,-Banzi,Oorvloedig,Se se lego gona ka mo go feteletšego .,Ngaphezulu,Kuwedzera,Overabundant
Kupita,Surabondant,0.0,Neutre,Verbe,Overabundant,-Banzi,Oorvloedig,Se se lego gona ka mo go feteletšego .,Ngaphezulu,Kuwedzera,Overabundant
Kunemeshelabujitu,Surcharger,-3.0,Negative,Verbe,Overload,Thwalisa ngokweqile,Oorlading,Go imelwa go feta tekanyo .,Ngaphezulu,Kupfuurisa,Overload
Kutekelamuntubujitubunene,Surcharger,-3.0,Negative,Verbe,Overload,Thwalisa ngokweqile,Oorlading,Go imelwa go feta tekanyo .,Ngaphezulu,Kupfuurisa,Overload
Bimpemushindu,Sûrement,2.0,Positive,Mot,Certainly,Impela,Sekerlik,Ka nnete,Ngokuqinisekileyo,Zvirokwazvo,Zvirokwazvo
Bikole,Sûrement,2.0,Positive,Mot,Certainly,Impela,Sekerlik,Ka nnete,Ngokuqinisekileyo,Zvirokwazvo,Zvirokwazvo
Kabayimuakunyema,Sûrement,2.0,Positive,Mot,Certainly,Impela,Sekerlik,Ka nnete,Ngokuqinisekileyo,Zvirokwazvo,Zvirokwazvo
Ditalala,Sûreté,2.0,Positive,Mot,Safety,Ukuphepha,Veiligheid,Polokego,Ukhuseleko,Kuchengetedzwa,Safety
Bukubi,Sûreté,2.0,Positive,Mot,Safety,Ukuphepha,Veiligheid,Polokego,Ukhuseleko,Kuchengetedzwa,Safety
Kuledibua,Surgir,0.0,Neutre,Verbe,Arise,Sukuma,Staan op,Tsoga,Vuka,Simuka,Simuka
Kupatukila,Surgir,0.0,Neutre,Verbe,Arise,Sukuma,Staan op,Tsoga,Vuka,Simuka,Simuka
Kufumina,Surgir,0.0,Neutre,Verbe,Arise,Sukuma,Staan op,Tsoga,Vuka,Simuka,Simuka
Kutshimuna,Surmonter,2.0,Positive,Verbe,Overcome,Nqoba,Oorkom,Hlola,Boyiswe,Kukunda,Kunda
Kupita,Surmonter,2.0,Positive,Verbe,Overcome,Nqoba,Oorkom,Hlola,Boyiswe,Kukunda,Kunda
Kutentekadinadikuabu,SurMotmer,0.0,Neutre,Verbe,OnMotmer,Onmotmer,OnMotmer,Onmotmer .,I-Onmotmer,Onmotmer,OnMotmer
Kuinyikamuntudingadina,SurMotmer,0.0,Neutre,Verbe,OnMotmer,Onmotmer,OnMotmer,Onmotmer .,I-Onmotmer,Onmotmer,OnMotmer
Kutamba,Surpasser,2.0,Positive,Verbe,Surpass,Dlula,Oortref,Surpass .,Gqitha,Vanopfuura,Kupfuura
Kupita,Surpasser,2.0,Positive,Verbe,Surpass,Dlula,Oortref,Surpass .,Gqitha,Vanopfuura,Kupfuura
Kukuta,Surprendre,-2.0,Negative,Verbe,Surprise,Mangaza,Verrassing,Makatša,Ukumangala,Kushamisika,Kushamisika
Kupetamuntumudienzadiabualu,Surprendre,-2.0,Negative,Verbe,Surprise,Mangaza,Verrassing,Makatša,Ukumangala,Kushamisika,Kushamisika
Kupetamuntumubuteyi,Surprendre,-2.0,Negative,Verbe,Surprise,Mangaza,Verrassing,Makatša,Ukumangala,Kushamisika,Kushamisika
Kutamba,Surtout,1.0,Positive,Mot,Above all,Ngaphezu kwakho konke,Bo alles,Godimo ga tšohle .,Ngaphezu koko,Pamusoro pezvose,Pamusoro pazvose
Nangananga,Surtout,1.0,Positive,Mot,Above all,Ngaphezu kwakho konke,Bo alles,Godimo ga tšohle .,Ngaphezu koko,Pamusoro pezvose,Pamusoro pazvose
Butangidi,Surveillance,0.0,Neutre,Mot,Monitoring,Ukuqapha,Monitering,Go bea leihlo .,Ukubeka iliso,Kuongorora,Monitoring
Mudimuwamutangidi,Surveillance,0.0,Neutre,Mot,Monitoring,Ukuqapha,Monitering,Go bea leihlo .,Ukubeka iliso,Kuongorora,Monitoring
Mutangidi,Surveillant,0.0,Neutre,Mot,Supervisor,Umphathi,Toesighouer,Mookamedi,Isuphavayiza,Supervisor,Mutariri
Kutentekela,Surveiller,0.0,Neutre,Verbe,To watch,Uzobukela,Om te kyk,Go lebelela .,Ukubukela,Kutarisa,Kutarisa
Kutabala,Surveiller,0.0,Neutre,Verbe,To watch,Uzobukela,Om te kyk,Go lebelela .,Ukubukela,Kutarisa,Kutarisa
Kutangilabuabuimpe,Surveiller,0.0,Neutre,Verbe,To watch,Uzobukela,Om te kyk,Go lebelela .,Ukubukela,Kutarisa,Kutarisa
Kulua,Survenir,0.0,Neutre,Verbe,Occur,Vela,Voorkom,Hlaga,Zenzeka,Kuitika,Occur
Kufika,Survenir,0.0,Neutre,Verbe,Occur,Vela,Voorkom,Hlaga,Zenzeka,Kuitika,Occur
Kuluapabuipi,Survenir,0.0,Neutre,Verbe,Occur,Vela,Voorkom,Hlaga,Zenzeka,Kuitika,Occur
Kubisha,Susciter,-1.0,Negative,Verbe,Arouse,Hlela,Opwek,Dira tša go tsoša .,Vusa,Simudza,Kumutsa
Kuvuija,Susciter,-1.0,Negative,Verbe,Arouse,Hlela,Opwek,Dira tša go tsoša .,Vusa,Simudza,Kumutsa
Kuimanyika,Suspendre,-2.0,Negative,Verbe,Suspend,Hlehlisa,Opskort,Go emišwa .,Nqumamisa,Kumisa,Suspend
Kupangatshiakuenza,Suspendre,-2.0,Negative,Verbe,Suspend,Hlehlisa,Opskort,Go emišwa .,Nqumamisa,Kumisa,Suspend
Mioyokulu,Suspens,0.0,Neutre,Mot,Suspense,Ukuhlalela ovalweni,Spanning,Go se fele pelo .,Ukrokrela,Kusarudzika,Suspense
Kuindidisha,Suspens,0.0,Neutre,Verbe,Suspense,Ukuhlalela ovalweni,Spanning,Go se fele pelo .,Ukrokrela,Kusarudzika,Suspense
Kakuyikujikija,Suspens,0.0,Neutre,Verbe,Suspense,Ukuhlalela ovalweni,Spanning,Go se fele pelo .,Ukrokrela,Kusarudzika,Suspense
Sukomo,Sycomore,0.0,Neutre,Mot,Sycamore,Isikati,Sycamore,Sycamore .,Sycamore,Sycamore,Sycamore
Mushindumukuabuwamutshiwanfigi,Sycomore,0.0,Neutre,Mot,Sycamore,Isikati,Sycamore,Sycamore .,Sycamore,Sycamore,Sycamore
Muimpebuaditalajidiendedinene,Sycomore,0.0,Neutre,Mot,Sycamore,Isikati,Sycamore,Sycamore .,Sycamore,Sycamore,Sycamore
Udiukuamabimumabishadile,Sycomore,0.0,Neutre,Mot,Sycamore,Isikati,Sycamore,Sycamore .,Sycamore,Sycamore,Sycamore
Kabiyibiabungi,Sycomore,0.0,Neutre,Mot,Sycamore,Isikati,Sycamore,Sycamore .,Sycamore,Sycamore,Sycamore
Cyàkukèma,Super,7.0,Positive,Mot,Great,-Khulu,Groot,Kgolo,Kakhulu,Hukuru,Hukuru
Cyamanyaanù,Sale,-7.0,Negative,Mot,Dirty,-Ngcolile,Vuil,Ditqhila,Umdaka,Tsvina,Dirty
Cipepèla,Simple,1.0,Neutre,Mot,Simple,-Lula,Eenvoudig,Bonolo,Ilula,Nyore,Simple
Nkààya,Seul,0.0,Neutre,Mot,Alone,Dwa,Alleen,Noši,Yedwa,Ndega,Ndega
Nzùbu,Salle,0.0,Neutre,Mot,Room,Ikamelo,Kamer,Kamora,Igumbi,Kamuri,Room
Cyalu,Scène,0.0,Neutre,Mot,Scene,Isigcambazana,Toneel,Sefala,Imeko,Chiitiko,Scene
Ngikàdilù,Situation,0.0,Neutre,Mot,Situation,Isimo,Situasie,Seemo,Imeko,Mamiriro,Mamiriro ezvinhu
Yàyà,Sœur,4.0,Positive,Mot,Sister,Udadewenu,Suster,Sesi,Usisi,Hanzvadzi sikana,Hanzvadzi sikana
Diloòlù,Soirée,3.0,Positive,Mot,Evening,Kusihlwa,Aand,Mantšiboa,Ngokuhlwa,Manheru,Manheru
Mùshindù,Sorte,0.0,Neutre,Mot,Sort,Khetha,Sorteer,Hlopha,Hlela,Ronga,Ronga
Cyumvwilu,Sens,0.0,Neutre,Mot,Sense,Ukuzwa,Sin,Sekwi,Ingqiqo,Pfungwa,Sense
Lumvu,Sens,0.0,Neutre,Mot,Sense,Ukuzwa,Sin,Sekwi,Ingqiqo,Pfungwa,Sense
Lupàndu,Salut,5.0,Positive,Mot,Hi,Sibhabhanyo ngo,Hallo,Thobela,Mholo,Mhoro,Mhoro
Mwoyo,Salut,5.0,Positive,Mot,Hi,Sibhabhanyo ngo,Hallo,Thobela,Mholo,Mhoro,Mhoro
Mwoyi,Salut,5.0,Positive,Mot,Hi,Sibhabhanyo ngo,Hallo,Thobela,Mholo,Mhoro,Mhoro
Fwicifwici,Secret,0.0,Neutre,Mot,Secret,-Yimfihlo,Geheim,Sephiri,Imfihlo,Chakavanzika,Secret
Mukalenge,Seigneur,2.0,Positive,Nom,Lord,Ungqongqoshe,Here,Morena,Nkosi,Ishe,Ishe
Mukalenga,Seigneur,2.0,Positive,Nom,Lord,Ungqongqoshe,Here,Morena,Nkosi,Ishe,Ishe
Mulopò,Seigneur,2.0,Positive,Nom,Lord,Ungqongqoshe,Here,Morena,Nkosi,Ishe,Ishe
Mulopù,Seigneur,2.0,Positive,Nom,Lord,Ungqongqoshe,Here,Morena,Nkosi,Ishe,Ishe
Cimanyinu,Signe,0.0,Neutre,Symbole,Sign,Bhala,Teken,Leswao,Uphawu,Chiratidzo,Sign
Cileejilu,Signe,0.0,Neutre,Symbole,Sign,Bhala,Teken,Leswao,Uphawu,Chiratidzo,Sign
Kamanyinu,Signe,0.0,Neutre,Symbole,Sign,Bhala,Teken,Leswao,Uphawu,Chiratidzo,Sign
Lubàcì,Silence,0.0,Neutre,Qualité,Silence,Ukuthula,Stilte,Setu,Cwaka,Kunyarara,Kunyarara
Nyàkàtàà,Silence,0.0,Neutre,Qualité,Silence,Ukuthula,Stilte,Setu,Cwaka,Kunyarara,Kunyarara
Cyolòòlò,Soir,2.0,Positive,Temps,Evening,Kusihlwa,Aand,Mantšiboa,Ngokuhlwa,Manheru,Manheru
Cyolòòlù,Soir,2.0,Positive,Temps,Evening,Kusihlwa,Aand,Mantšiboa,Ngokuhlwa,Manheru,Manheru
Diloòlò,Soir,2.0,Positive,Temps,Evening,Kusihlwa,Aand,Mantšiboa,Ngokuhlwa,Manheru,Manheru
Diloòlù,Soir,2.0,Positive,Temps,Evening,Kusihlwa,Aand,Mantšiboa,Ngokuhlwa,Manheru,Manheru
Mulòòlò,Soir,2.0,Positive,Temps,Evening,Kusihlwa,Aand,Mantšiboa,Ngokuhlwa,Manheru,Manheru
Mulòòlù,Soir,2.0,Positive,Temps,Evening,Kusihlwa,Aand,Mantšiboa,Ngokuhlwa,Manheru,Manheru
Mùsùlaayì,Soldat,0.0,Neutre,Nom,Soldier,Ibutho,Soldaat,Lešole,Ijoni,Musoja,Murwi
Mumwemwe,Sourire,6.0,Positive,Mot,Smile,Ukumamatheka,Glimlag,Myemyela,Uncumo,Kunyemwerera,Smile
Mumwemwa,Sourire,6.0,Positive,Mot,Smile,Ukumamatheka,Glimlag,Myemyela,Uncumo,Kunyemwerera,Smile
Mwemunya,Sourire,6.0,Positive,Mot,Smile,Ukumamatheka,Glimlag,Myemyela,Uncumo,Kunyemwerera,Smile
Mwenya,Sourire,6.0,Positive,Mot,Smile,Ukumamatheka,Glimlag,Myemyela,Uncumo,Kunyemwerera,Smile
Bwalu,Sujet,0.0,Neutre,Mot,Subject,Beka,Onderwerp,Hlogotaba,Isifundo,Musoro,Chidzidzo
Cyenabwalu,Sujet,0.0,Neutre,Mot,Subject,Beka,Onderwerp,Hlogotaba,Isifundo,Musoro,Chidzidzo
Kubùnduka,Sauter,0.0,Neutre,Mot,Jump,Gxuma,Spring,Tshela,Xhuma,Kusvetuka,Jump
Kuvuma,Sauter,1.0,Neutre,Mot,Jump,Gxuma,Spring,Tshela,Xhuma,Kusvetuka,Jump
Kupàndisha,Sauver,7.0,Positive,Mot,Save,Hlenga,Stoor,Boloka,Gcina,Chengetedza,Sevha
Kusùngila,Sauver,7.0,Positive,Mot,Save,Hlenga,Stoor,Boloka,Gcina,Chengetedza,Sevha
Mukàndà,Savoir,5.0,Positive,Mot,Know,Bona,Weet,Tseba,Yazi,Ziva,Ziva
Manya,Savoir,5.0,Positive,Mot,Know,Bona,Weet,Tseba,Yazi,Ziva,Ziva
Nunka,Sentir,0.0,Neutre,Mot,Feel,Zwa,Voel,Ikwa,Yiva,Kunzwa,Inzwa
Umvwa,Sentir,0.0,Neutre,Mot,Feel,Zwa,Voel,Ikwa,Yiva,Kunzwa,Inzwa
Kukànda,Séparer,0.0,Neutre,Mot,Separate,Hlungula,Skei,Kgaogane,Hlula,Kupatsanura,Separate
Kulamuna,Séparer,0.0,Neutre,Mot,Separate,Hlungula,Skei,Kgaogane,Hlula,Kupatsanura,Separate
Kupandula,Séparer,0.0,Neutre,Mot,Separate,Hlungula,Skei,Kgaogane,Hlula,Kupatsanura,Separate
Kwaabulula,Séparer,0.0,Neutre,Mot,Separate,Hlungula,Skei,Kgaogane,Hlula,Kupatsanura,Separate
Kusùnga,Séparer,0.0,Neutre,Mot,Separate,Hlungula,Skei,Kgaogane,Hlula,Kupatsanura,Separate
Kubàmbakaja,Serrer,0.0,Neutre,Mot,To squeeze,Ukuncipha,Om te druk,Go pitlaganya .,Ukutshiza,Kunyudza,Kusvina
Kucìncimika,Serrer,0.0,Neutre,Mot,To squeeze,Ukuncipha,Om te druk,Go pitlaganya .,Ukutshiza,Kunyudza,Kusvina
Kupàlakaja,Serrer,0.0,Neutre,Mot,To squeeze,Ukuncipha,Om te druk,Go pitlaganya .,Ukutshiza,Kunyudza,Kusvina
Kutènga,Serrer,0.0,Neutre,Mot,To squeeze,Ukuncipha,Om te druk,Go pitlaganya .,Ukutshiza,Kunyudza,Kusvina
Kusadila,Servir,4.0,Positive,Mot,Serve,Sebenzela,Bedien,Solela,Khonza,Shumirawo,Shumirai
Lòpoka,Sortir,0.0,Neutre,Mot,To go out,Ukuphuma,Om uit te gaan,Go tšwa .,Ukuphuma,Kubuda,Kubuda
Lùpuka,Sortir,0.0,Neutre,Mot,To go out,Ukuphuma,Om uit te gaan,Go tšwa .,Ukuphuma,Kubuda,Kubuda
Còmpoka,Sortir,0.0,Neutre,Mot,To go out,Ukuphuma,Om uit te gaan,Go tšwa .,Ukuphuma,Kubuda,Kubuda
Dyòkola,Souffrir,-7.0,Negative,Mot,Suffer,Hlupheka,Ly,Tlaišega,Yiva,Tambura,Kutambura
Tàta,Souffrir,-7.0,Negative,Mot,Suffer,Hlupheka,Ly,Tlaišega,Yiva,Tambura,Kutambura
Suba,Souffrir,-7.0,Negative,Mot,Suffer,Hlupheka,Ly,Tlaišega,Yiva,Tambura,Kutambura
Nyòngomoka,Souffrir,-7.0,Negative,Mot,Suffer,Hlupheka,Ly,Tlaišega,Yiva,Tambura,Kutambura
Kènga,Souffrir,-7.0,Negative,Mot,Suffer,Hlupheka,Ly,Tlaišega,Yiva,Tambura,Kutambura
Londa,Suivre,0.0,Neutre,Mot,Follow,Fuza,Volg,Latela,Landela,Tevera,Tevera
Twàmunnyimà,Suivre,0.0,Neutre,Mot,Follow,Fuza,Volg,Latela,Landela,Tevera,Tevera
Munnyimà,Suivre,0.0,Neutre,Mot,Follow,Fuza,Volg,Latela,Landela,Tevera,Tevera
Cyongowaminanga,Janvier,0.0,Neutre,Mois,January,UJanuwari,Januarie,Janeware,EyoMqungu,Ndira,Ndira
Lwîshi,Février,0.0,Neutre,Mois,FEBRUARY,UFebhuwari,FEBRUARIE,FEPREWARE,EYOMDUMBA,KUKADZI,KUKADZI
Lwabanya,Mars,0.0,Neutre,Mois,March,Hamba,Maart,Matšhe,EyoKwindla,Kurume,Kurume
CisangaNkasu,Avril,0.0,Neutre,Mois,April,Epreli,April,Aprele,UTshazimpuzi,Kubvumbi,Kubvumbi
Lumùngùlù,Mai,0.0,Neutre,Mois,May,Mhlawumbe,Mei,Ka,UCanzibe,Chivabvu,Chivabvu
Kabalaashipu,Juin,0.0,Neutre,Mois,June,UJuni,Junie,June,Isilimela,Chikumi,Chikumi
Kashipu,Juillet,0.0,Neutre,Mois,July,UJulayi,Julie,Julae,EyeKhala,Chikunguru,Chikunguru
Cimungùwamashika,Août,0.0,Neutre,Mois,August,Agasti,Augustus,Agosetose,EyeThupha,Nyamavhuvhu,Nyamavhuvhu
Kabitende,Septembre,0.0,Neutre,Mois,September,USepthemba,September,Setemere,EyoMsintsi,Gunyana,Gunyana
Kasuamansesà,Octobre,0.0,Neutre,Mois,October,U-Okthoba,Oktober,Oktobere,EyeDwarha,Gumiguru,Gumiguru
Kasuabanga,Novembre,0.0,Neutre,Mois,November,UNovemba,November,Nofemere,EyeNkanga,Mbudzi,Mbudzi
Cisuamunene,Décembre,0.0,Neutre,Mois,December,UDisemba,Desember,Disemere,EtiMnga,Zvita,Zvita
Kabitenda,Septembre,0.0,Neutre,Mois,September,USepthemba,September,Setemere,EyoMsintsi,Gunyana,Gunyana
Siyânsà,Science,5.0,Positive,Mot,Science,Ulwazi lwezinto zemvelo,Wetenskap,Saentshe,Isayensi,Sayenzi,Sayenzi
Dimanya,Science,5.0,Positive,Mot,Science,Ulwazi lwezinto zemvelo,Wetenskap,Saentshe,Isayensi,Sayenzi,Sayenzi
Kunyanguka,S'abîmer,-3.0,Negative,Mot,Get damaged,Zilimele,Word beskadig,Get senyegile .,Yonakaliswa,Kukuvara,Kukuvadzwa
Kuwona,S'abîmer,-3.0,Negative,Mot,Get damaged,Zilimele,Word beskadig,Get senyegile .,Yonakaliswa,Kukuvara,Kukuvadzwa
Kwibidiljangananemwaba,S'Acclimater,1.0,Neutre,Mot,Acclimate,Canqa wokwenzeka,Akklimatiseer,Acclimate .,I-act,Acclimate,Acclimate
Kubidilangananemwaba,S'Acclimater,1.0,Neutre,Mot,Acclimate,Canqa wokwenzeka,Akklimatiseer,Acclimate .,I-act,Acclimate,Acclimate
Tshijidila,Sacré,5.0,Positive,Mot,Sacred,-Ngcwele,Heilig,Tšhogile,Ngcwele,Tsvene,Zvitsvene
Muakuidi,Sacrificateur,1.0,Neutre,Mot,Priest,Mpristi,Priester,Moruti,Umbingeleli,Mupristi,Muprista
Buakuidi,Sacrificature,1.0,Neutre,Mot,Sacrifice,Hlabela,Opoffering,Ba sehlabelo,Ukubingelela,Chibayiro,Chibayiro
Mulambu,Sacrifice,-1.0,Neutre,Mot,Sacrifice,Hlabela,Opoffering,Ba sehlabelo,Ukubingelela,Chibayiro,Chibayiro
Kulambula,Sacrifier,-1.0,Neutre,Mot,Sacrifice,Hlabela,Opoffering,Ba sehlabelo,Ukubingelela,Chibayiro,Chibayiro
Munyenganganyi,Sacrilège,-7.0,Negative,Mot,Sacrilege,Imakisiweyoyo,Heilige heiligmaking,Sacrilege .,Ukucheba,Slicerlege,Sacrilege
Musadoke,Sadducéen,0.0,Neutre,Mot,Sadducee,Amazwi esiSadusi,Sadduseër,Mosadutsei wa go nyama .,Isadudu,Saddhucee,muSadhusi
Muenalungenyi,Sage,7.0,Positive,Mot,Wise,-Hlakaniphile,Wys,Bohlale,Bubulumko,Kuchenjera,Akachenjera
Lungenyi,Sagesse,7.0,Positive,Mot,Wisdom,Ukuhlakanipha,Wysheid,Bohlale,Ubulumko,Uchenjeri,Uchenjeri
Buakane,Sain,6.0,Positive,Mot,Healthy,-Qinile,Gesond,Phelegile,Isempilweni,Hutano,Hutano
Watshijila,Saint,7.0,Positive,Mot,Saint,Usanti,Heilige,Mokgethwa .,Eng,Saint,Mutsvene
Tshijila,Saint,7.0,Positive,Mot,Saint,Usanti,Heilige,Mokgethwa .,Eng,Saint,Mutsvene
Tshijila,Saintement,7.0,Positive,Mot,Holy,'-Ngcwele,Heilig,Kgethwa .,Ngcwele,Mutsvene,Mutsvene
Tshijila,Sainteté,7.0,Positive,Mot,Holiness,Ubungcwele,Heiligheid,Bokgethwa .,Ubungcwele,Hutsvene,Utsvene
Kukuata,Saisir,0.0,Neutre,Mot,To input,Ukufaka,Om in te voer,go tsenya tsenyo .,Ukufaka,Kupinza,Kupinza
Tshitueluepu,Salé,-5.0,Negative,Mot,Dirty,-Ngcolile,Vuil,Ditqhila,Umdaka,Tsvina,Dirty
Bukoya,Saleté,-7.0,Negative,Mot,Dirt,Ukungcola,Vuil,Tšhila,Ubumdaka,Tsvina,Tsvina
Kulengeja,Sanctifier,5.0,Positive,Mot,Sanctify,Ngcwelisa,Heilig,Kgalemo ya go kgetha .,Ngcwalisa,Tsvenesa,Sactify
Kujidila,Sanctifier,5.0,Positive,Mot,Sanctify,Ngcwelisa,Heilig,Kgalemo ya go kgetha .,Ngcwalisa,Tsvenesa,Sactify
Tshitendelelu,Sanctuaire,4.0,Positive,Mot,Sanctuary,Isiphephelo,Heiligdom,Sekgethwa .,Ingcwele,SANDA,Sanctuary
Kufilamulubu,Rapporter,0.0,Neutre,Verbe,Report,Ukwenza umbiko,Rapporteer,Pego,Ingxelo,Chirevo,Report
Kufinda,Sombre,8.0,Positive,Verbe,Dark,-Hwelele,Donker,Leswiswi,Mnyama,Rima,Rima
KufindakuaNvula,Orage,3.0,Positive,Mot,Thunderstorm,Isiphepho,Donderstorm,Ledimo la go duma .,Indudumo,Kutinhira,Mabhanan'ana
Kufua,Mourir,4.0,Positive,Mot,Die,Shona,Sterf,Hlokofala,Ufe,Kufa,Die
Kufualuse,Apaiser,3.0,Positive,Mot,Soothe,Slothe,Kalmeer,Soothe .,Toothe,Soothe,Soothe
Kufuana,Ressembler,0.0,Neutre,Mot,Look like,Kufana ne,Lyk soos,Lebelela bjalo ka .,Ibonakala njenge,Fanana,Fanana
Kufuangikija,Supposer,0.0,Neutre,Mot,Assume,Cabangela,Aanvaar,Bona gore,Cinga,Fungidzira,Fungidzira
Kufuanyikija,Représenter,0.0,Neutre,Mot,Represent,Mela,Verteenwoordig,Emela,Zimele,Inomiririra,Represent
Kufuanyikila,Imagination,0.0,Neutre,Mot,Imagination,Okubunjwe inhliziyo,Verbeelding,Boikgopolelo .,Umbono,Kufungidzira,Kufungidzira
Kufubidisha,Sécher,0.0,Neutre,Mot,Dry,-Omile,Droog,Omile,Yomile,Kuoma,Dry
Kufubila,Flétrir,0.0,Neutre,Mot,Wither,Vutha,Verdor,M o o t r e r .,Buna,Vaoma,Wither
Kufuilangana,Interdire,0.0,Neutre,Mot,To forbid,Ukwenqabela,Om te verbied,Go thibela .,Ukunqanda,Kurambidza,Kurambidza
Kufuka,Créer,0.0,Neutre,Mot,Create,Dala,Skep,Hlama,Dala,Gadzira,Create
Kufuma,Revenir,0.0,Neutre,Mot,To come back,Ukubuya,Om terug te kom,go boa .,Ukubuya,Kudzoka,Kudzoka
Kufuna(bulobo),Déchaîner,0.0,Neutre,Mot,Unleash,Dela,Ontketen,Unleash .,Ungenise,Uleash,Unleash
Kufunafuna,Jactance,0.0,Neutre,Verbe,Jactance,Ukujena,Jaktance,Jactance .,Jackence,Jactance,Jactance
Kufunda,Prescrire,0.0,Neutre,Verbe,Prescribe,Khetha,Voorskryf,laela .,Nikezela,Nyora,Nyora
Kufunda,Rédiger,0.0,Neutre,Verbe,Write,Bhala,Skryf,Ngwala,Bhala,Nyora,Nyora
Kufunda,Inscrire,0.0,Neutre,Verbe,Register,Regista,Registreer,Ingwadiša,Irejista,Rejista,Register
Kufundapatshintutshikole(dibue…),Graver,0.0,Neutre,Verbe,Engrave,Ukuqopha ukudweba,Graveer,Engrave .,Ukuqhutywa,Engrave,Engrave
"Kufunda,kusangisha",Composer,0.0,Neutre,Verbe,Compose,Lahlela,Komponeer,Hlama .,Qamba,Nyora,Nyora
Kufundisha,Enregistrer,0.0,Neutre,Mot,Save,Hlenga,Stoor,Boloka,Gcina,Chengetedza,Sevha
Kufuta,Payer,0.0,Neutre,Verbe,Pay,Bhadala,Betaal,Lefa,Hlawula,Kubhadhara,Pay
Kufutadibanza,Dépenser,-2.0,Negative,Mot,Spend,Khipha,Spandeer,Ntšha tšhelete,Chitha,Shandisa,Shandisa
Kuiba,Dérober,7.0,Positive,Mot,Steal,Ntshontsha,Steel,Utswa,Ukuba,Kuba,Kuba
Kuibaka,Bâtir,-3.0,Negative,Verbe,Build,Akha,Bou,Aga,Yakha,Kuvaka,Vaka
kuibakulula,Réédifier,5.0,Positive,Mot,Re-edit,Hlela kabusha,Redigeer,hlophisa botjha .,Hlela kwakhona,Re-kugadzirisa,Re-edit
Kuidikija,Imiter,5.0,Positive,Mot,Imitate,Lingisa,Imiteer,Ekiša .,Xelisa,Tevedzera,Tevedzera
Kuidikisha,Départir,8.0,Positive,Mot,Leave,Shiya,Los,Tloga,Shiya,Zivisa,Siya
Kuikala,Exister,6.0,Positive,Mot,Exist,Hlala,Bestaan,Go ba gona,Zikhona,Kuvapo,Uripo
Kuikala(muakuwapamuanda),Être,6.0,Positive,Mot,Be,Yiba,Wees,Go ba,Yiba,Be,Iva
Kuikala(muaku),Être,0.0,Neutre,Mot,Be,Yiba,Wees,Go ba,Yiba,Be,Iva
Kuikala(mukumbane),Capable,0.0,Neutre,Mot,Able,-Kwazi,Bekwaam,Kgona,Uyakwazi,Kugona,Able
Kuikalamufue,Mort,-2.0,Negative,Mot,Dead,-Fileyo,Dood,Hlokofetše,Ufile,Akafa,Vakafa
Kuikalamunyokibue,Torturé,6.0,Positive,Mot,Torture,Nqamuleza,Marteling,Tlaiša,Intuthumbo,Kushungurudzwa,Kutambudza
Kuikalamusungudibuediambedi,Préordonner,0.0,Neutre,Mot,Preorder,Ngaphambi koku-oda,Voorafbestelling,Preorder .,I-ODA yangaphambili,Preorder,Preorder
Kuikalamutambibue,Vaincu,0.0,Neutre,Mot,Defeated,Kunqobile,Verslaan,E fentšwe .,Yoyisiwe,Kukundwa,Kukundwa
Kuikalamutshimunyi,Vainqueur,0.0,Neutre,Mot,Winner,Owinileyo,Wenner,Mofenyi .,Ophumeleleyo,Kuhwina,Winner
Kuikalane(bukokeshi),Disposer,7.0,Positive,Mot,Arrange,Hlela,Reël,Beakanya,Cwangcisa,Ronga,Ronga
Kuikalanebua,Devoir,7.0,positidf,Mot,Duty,Isibopho,Plig,Mošomo,Umsebenzi,Basa,Basa
Kuikalanedikima,Enhardir,0.0,Neutre,Mot,Embolden,Mbumba,Embolden,Sethunya sa go ba le sebete .,Embolden,Embolden,Embolden
KuikalaneMukawu,Envieux,0.0,Neutre,Mot,Envious,-Hawukelayo,Afgunstig,mona .,Onemona,Godo,Shanje
Kuikalanemusangu(netshikondo),Vaquer,-5.0,Negative,Mot,Vacation,Ikhefu,Vakansie,Maikhutšo,Iholide,Zororo,Zororo
Kuikalanentema,Attentif,-8.0,Negative,Mot,Attentive,-Qaphelisayo,Oplettend,HLOKOMELANG .,Imamela,Teerera,Attentive
Kuikalanetshikondo,Loisir,0.0,Neutre,adjetif,Leisure,Ukuzihlalela,Ontspanning,Boiketlo,Ukuzonwabisa,Kusununguka,Kutandara
Kuikalakukumubidi,Présence,6.0,Positive,Mot,Presence,Ukuba khona,Teenwoordigheid,Go ba gona,Ubukho,Kuvapo,Huvepo
Kuikalanemuoyo,Vivre,-1.0,Negative,Verbe,Live,Zwa,Leef,Phela,Phila,Rarama,Rarama
Kuikisha,Récréer,3.0,Positive,Mot,Recreate,Buyisela,Herskep,Bopa gape .,Phinda,Varaidzo,Recreate
Kuimana,Arrêter,4.0,Positive,Mot,Stop,Ima,Stop,Ema,Yeka,Mira,Mira
Kuimansha,Arracher,-2.0,négative,Mot,To tear out,Ukudiliza,Om uit te skeur,Go gagoga .,Ukuthoba,Kubvarura,Kubvarura
Kuimanyika,Suspendre,3.0,Positive,Mot,Suspend,Hlehlisa,Opskort,Go emišwa .,Nqumamisa,Kumisa,Suspend
Kuimanyikakutshilumbuluidi,Traduire,0.0,neutrre,Mot,Translate,Humusha,Vertaal,Fetolela,Guqula,Dudziro,Shandura
Kuimba,Chanter,0.0,Neutre,Mot,Sing,Cula,Sing,Opela,Cula,Imba,Imbai
Kuinamumayimanene,Noyer,0.0,Neutre,Mot,Walnut,Ziyadliwa,Okkerneut,Walnut .,I-walnut,Walnut,Walnut
Kuinama,Baisser,1.0,Positive,Mot,Lower,Shonisa,Laer,Fasana,Isezantsi,Kuderera,Lower
Kuindila,Attendre,4.0,Positive,Mot,To wait for,Ukulinda,Om voor te wag,go leta .,Ukulinda,Kumirira,Kumirira
Kuinjidila,Renfermer,3.0,Positive,Mot,Enclose,Buyela,Sluit in,Akaretša .,Faka,Enclose,Enclose
Kuinyika,Motmer,0.0,Neutre,Mot,Motmer,Umhumushi,Motmer,Motmer .,Umzobo,Motmer,Motmer
"Kuinyika(dina),kubikila",Appeler,-3.0,Negative,Mot,To call,Ukushayela ucingo,Om te bel,go bitša .,Ukubiza,Kufona,Kufona
Kuinyisha,Plonger,-3.0,Negative,Mot,Dive,Ziphonsa ngekhanda emanzini,Duik,Thinya,Dive,Dive,Dive
Kuipata;kumusha,Chasser,5.0,Positive,Mot,Hunt,Ukuzingela,Jag,Tsoma,Ukuzingela,Kuvhima,Hunt
Kuipatshila,Aborder,0.0,Neutre,Mot,To land,Ukufika Emhlabeni,Om te land,go kotama .,Emhlabeni,Kusvika pasi,Kudzika
Kuipila,Déchausser,3.0,Positive,Mot,Take off your shoes,Susa izicathulo zakho,Trek jou skoene uit,Tloša dieta tša gago .,Susa izihlangu zakho,Bvisa shangu dzako,Bvisa shangu dzako
Kuitabuatu,Ramer,2.0,Positive,Verbe,Row,Gwedla,Ry,Mothalo,Umqolo,Mutsara,Row
Kuitabuja,Accepter,3.0,Positive,Verbe,Accept,Amukela,Aanvaar,Amogela,Yamkela,Gamuchira,Gamuchira
Kuitabuja(bualu),Affirmer,-1.0,Negative,Verbe,Affirm,Nyanisa,Bevestig,Tiiša .,Qinisekisa,Simbisa,Bvisa
"Kuitabuja,kuangatakumudimu",Engager,3.0,Positive,Verbe,Engage,Sebenzisa iqhaza,Betrek,Beeletša,Ukuzibandakanya,Ita,Engage
Kuitabujibua,Acceptation,-2.0,Negative,Verbe,Acceptance,Ukwamukela,Aanvaarding,Kamogelo .,Ukwamkelwa,Kugamuchirwa,Kubvuma
Kuitabusha,Pernicieux,0.0,neuitre,Verbe,Pernicious,-Nonya,Verderflik,E senyago .,Enomsindo,Kuwirirana,Pernicious
Kuja,Danser,-1.0,Negative,Verbe,To dance,Ukudansa,Om te dans,go bina .,Ukudanisa,Kutamba,Kutamba
Kûja,Remplir,2.0,Positive,Verbe,Fill,Gcwalisa,Vul,Tlatša,Gcwalisa,Zadza,Zadza
Kujadika,Approuver,0.0,Neutre,Verbe,Approve,Vumela,Keur goed,Dumelela,Vuma,Bvumidza,Bvumira
Kujalama,Ferme,-1.0,Negative,Verbe,Farm,Ipulazi,Plaas,Polase,Ifama,Purazi,Farm
Kujana,Murmurer,2.0,Positive,Verbe,Whisper,Nyenyeza,Fluister,Hwenahwena,Whisper,Whisper,Zevezera
Kujanguluka,Tarder,-2.0,Negative,Verbe,Delay,Libazisa,Vertraag,Diega,Ukulibaziseka,Kunonoka,Kunonoka
Kujibika,boucher,0.0,Neutre,Mot,butcher,ukuhlaba inyama,slagter,Butcher ya nama .,umxheli,butcher,bhucha
Kujidila,Consacrer,-3.0,Negative,Mot,Dedicate,Nikela,Wyd toe,ineela .,Nikezela,Tsaurira,Dedicate
Kujika,Défaillir,0.0,Neutre,Mot,Fail,Phutha,Misluk,Palelwa,Usilele,Kutadza,Fail
Kujikija,Accomplir,0.0,Neutre,Mot,Accomplish,Feza,Voltooi,Fihlelela,Phumeza,Zadzisa,Pedzisa
Kujikuila,Ouvertement,0.0,Neutre,Mot,Openly,Ngokusobala,Openlik,pepeneneng .,Ngokuvulekileyo,Pachena,Pachena
Kujilakuabiakudia,Jeûner,0.0,Neutre,Mot,Fast,Sheshayo,Vinnig,Potlako,Ngokukhawuleza,Nekukurumidza,Fast
Kujima,Éteindre,5.0,Positive,Mot,Turn off,Vala,Skakel af,Tima .,Cima,Dzima,Dzima
Kujimija,Abolition,0.0,Neutre,Mot,Abolition,Ukuqedelana,Afskaffing,Go fedišwa .,Ukupheliswa,Kubviswa,Kubviswa
Kujimika,Perle,0.0,Neutre,Mot,Pearl,Amaphelisi,Pêrel,Perela .,Iperile,Pearl,Pearl
Kujimina,Effacer,0.0,Neutre,Mot,To erase,Ukusula,Om uit te vee,Go phumola .,Ukucima,Kudzima,Kudzima
Kujingila,Bander,0.0,Neutre,Mot,Get hard,Thola kanzima,Word hard,thata .,Yiba nzima,Tora Zvakaoma,Wana zvakaoma
Kujingila,Emmailloter,3.0,Positive,Mot,Swaddle,Swaddle,Swaddle,Swaddle .,Swaddle,SWADDLE,Swaddle
Kujinguluila,Expliquer,3.0,Positive,Mot,Explain,Chasisa,Verduidelik,Hlaloša,Chaza,Tsanangura,Tsanangura
Kujingulula,Discerner,0.0,Neutre,Mot,Discern,Hlola,Onderskei,Temogo .,Qaphela,Nzwisisa,nzwisisa
Kujula,Déraciner,0.0,Neutre,Mot,Uproot,Isiphepho,Ontwortel,Go tumolwa ka medu .,Ukuphosa,Kumutsa,Bvisa
Kujuladiyoyo,Contester,0.0,Neutre,Mot,Challenge,Cela,Uitdaging,Tlhotlo,Umngeni,DAMBUDZIKO,Dambudziko
"Kukama,kuma",Tarir,0.0,Neutre,Mot,Dry up,Yomile,Droog op,Omisa godimo .,Yomisiwe,Kuoma,Dry up
Kukanda,Bride,2.0,Positive,Verbe,Flange,I-flange,Flens,Flange .,Iflange,Flange,Flange
Kukanda(Kakuyi),Empêchement,0.0,Neutre,Mot,Prevention,Ukuvimbela,Voorkoming,Thibelo .,Ukuthintela,Kudzivirira,Kudzivirira
Kukandika,Enjoindre,-1.0,Negative,Mot,Enjoin,Isixumulo,Gee aan,enjoin .,Yayalela,Fungai,Enjoin
Kukanga,Fermer,1.0,positf,Mot,Close,Ngokuminyanisa,Maak toe,Tswalela,Vala,Vhara,Close
Kukangila,Enfermer,-2.0,Negative,Mot,Lock up,Ukukhiya,Sluit toe,Notlela godimo .,Tshixela,Kukiya,Kukiya
Kukanka,Frémir,0.0,Neutre,Mot,Shudder,Shukume,Ridder,Go thothomela .,Umthubi,Shudder,Shudder
Kukanyina,Menacer,-2.0,Negative,Mot,Threaten,Songela,Dreig,Tšhošetša,Songela,Kutyisidzira,Kutyisidzira
Kukeba,Chercher,0.0,Neutre,Mot,Seek,Khwathaza,Soek,Nyaka,Funa,Tsvaga,Tsvaga
Kukebanelukunukunu,Rechercher,0.0,Neutre,Mot,To research,Ukucwaninga,Om navorsing te doen,go dira nyakišišo .,Ukuqhuba,Kutsvagisa,Kutsvakurudza
Kukebulula,Sonder,0.0,Neutre,Mot,Probe,Icala lolo munye noma,Ondersoek,Probe .,Probe,Probe,Probe
Kukema,Ému,0.0,Neutre,Mot,Moved,Ethuse,Geskuif,Moved .,Ishukunyisiwe,Kutama,Asuduruka
Kukemesha,Étonner,0.0,Neutre,Mot,Astonish,Inyakakhelwane,Verbaas,E makatšago .,I-astonish,ASTONISH,Astonish
Kukenga,Souffrir,0.0,Neutre,Mot,Suffer,Hlupheka,Ly,Tlaišega,Yiva,Tambura,Kutambura
Kukenga(bikole),Cruellement,0.0,Neutre,Mot,Cruelly,-Nonya,Wreed,Ka sehlogo .,Ngenkani,Zvine hutsinye,Hutsinye
"Kukengela,kuikalabikengela",Falloir,0.0,Neutre,Mot,To need,Ukudinga,Om te benodig,go hloka .,Ukufuna,Kuda,Kuda
Kukengesha,Dévaster,0.0,Neutre,Mot,Devastate,Bhuqa,Verwoest,Senya sa go senya .,Chitha,Kuparadza,Devastate
Kukenka,Briller,-1.0,Negative,Mot,Shine,Khanya,Skyn,Phadima,Kukhanya,Penya,Shine
"Kukenka,kutema",Reluire,0.0,Neutre,Mot,Shine,Khanya,Skyn,Phadima,Kukhanya,Penya,Shine
Kukenkesha,Illuminer,0.0,Neutre,Mot,Illuminate,Khanyisa,Verlig,Sedile .,Khanyisa,Kuvhenekera,Illuminate
Kukepesha,Abréger,0.0,Neutre,Mot,Shorten,Nciphisa,Verkort,Khutsufatsa .,Mfutshane,Kupfupisa,Shorten
Kukina,Horreur,0.0,Neutre,Mot,Horror,Ukwesaba okukhulu,Gruwel,Poifo,Yorar,Zvinotyisa,Zvinotyisa
Kukina(kuikalanelukuna),Haïr,2.0,Positive,Mot,Hate,Ukuzonda,Haat,Hloya,Intiyo,Kuvenga,Ruvengo
Kukoka,Attirer,2.0,Positive,Mot,Attract,Khanga,Lok,Ba le maatlakgogedi,Tsala,Kukwezva,Attract
Kukoka,Tirer,0.0,Neutre,Mot,To pull,Ukudonsa,Om te trek,Go goga .,Ukutsala,Kudhonza,Kudhonza
Kukokela,Assujettir,2.0,Positive,Mot,Subject,Beka,Onderwerp,Hlogotaba,Isifundo,Musoro,Chidzidzo
Kukokesha,Alimenter,0.0,Neutre,Positive,Feed,Idili,Voer,Fepa,Yondla,Kudyisa,Feed
Kukolesha,Affermir,8.0,Positive,Verbe,Strengthen,Qinisa,Versterk,Matlafatsa .,Yomeleza,Simbisa,Simbisa
Kukolesha(mutshima),Endurcir,3.0,Positive,Mot,Harden,Qinisa,Verhard,thatafatsa .,Gold,Harden,Harden
Kukoleshakuamutshima,Courage,4.0,Positive,Mot,Courage,Isibindi,Moed,Mafolofolo,Isibindi,Ushingi,Courage
Kukomba,Balayer,3.0,Positive,Mot,Sweep,Shanela,Vee,Swiela,Ukutshayela,Kutsvaira,Tsvaira
Kukonka,Interroger,0.0,Neutre,Verbe,Ask,Buza,Vra,Kgopela,Buza,Bvunza,Bvunza
Kukonkangana,Entre-demander,0.0,Neutre,Verbe,Inter-ask,Inter-Buza,Inter-vra,Inter-kgopelang .,Ungene,Inter-bvunza,Inter-bvunza
Kukonya(binu),Ployer,0.0,Neutre,Verbe,Ploy,Amapulangwe,Ploeg,Leano la go ba le molao .,Ploy,Ploy,Ploy
Kukonyangaja,Tordre,0.0,Neutre,Verbe,Twist,Sontana,Draai,Sopha,Twist,Twist,Twist
Kukosa,Couper,0.0,Neutre,Verbe,Cut,Ukusika,Sny,Ripa,Sika,Cheka,Cheka
Kukosamutu,Décapiter,0.0,Neutre,Verbe,Decapitate,Khohlisa,Onthoof,Decapitate .,Isidingu,Kudengenyeka,Decapitate
Kukoyobuka,Dévoyer,0.0,Neutre,Verbe,Deflect,Delela,Deflekteer,Deflect .,Ukuthotywa,Deflect,Deflect
Kukuabu,Ailleurs,0.0,Neutre,Verbe,Elsewhere,Kwenye indawo,Elders,Felo go gongwe .,Kwenye indawo,Kumwe kunhu,Kumwewo
Kukuamba,Rapporter,0.0,Neutre,Article,Report,Ukwenza umbiko,Rapporteer,Pego,Ingxelo,Chirevo,Report
Kukuata,Imposer,0.0,Neutre,Verbe,Impose,Thela,afdwing,Lefiša,Faka,Kumanikidza,Kumanikidza
Kukuatamudimu,Administrer,0.0,Neutre,Verbe,Administer,Singatha,Administreer,Go laola .,Phatha,Maneja,Administrator
Kukuatshika,Enivrer,0.0,Neutre,Verbe,Intoxicate,Intombazanazazana,Bedwelm,Botaki .,Yiyo,Kudhira,Intoxicate
Kukuatshikane,Emparer,0.0,Neutre,Verbe,Seize,Qhwaga,Gryp,Golega,Bamba,Mubate,Seize
Kukuatshisha,Aider,0.0,Neutre,Verbe,Help,Usizo,Help,Thušo,Nceda,Rubatsiro,Help
Kukuatshisha(nebintu),Kukuatshisha,0.0,Neutre,Verbe,Kukuatshisha,Kukuatshisha,Kukuatshisha,Kukuatshisha .,I-Kukuatshisha,Kukuatshisha,Kukuatshisha
Kukuatshishakudidiunda,Contribueràl'avancement,0.0,Neutre,Mot,Contribute to advancement,Yiba nokuthuthuka,Dra by tot vooruitgang,Go tsenya letsogo go tšwelopele .,Igalelo kwinkqubela phambili,Batsira kufambira mberi,Batsira kufambiro mberi
Kukuba,Épargner,0.0,Neutre,Verbe,Save,Hlenga,Stoor,Boloka,Gcina,Chengetedza,Sevha
Kukudika,Pendre,-2.0,Negative,Mot,Hang,Zula,Hang,Ikgama,Hang,Hang,Hang
Kukudimuka,Convertir,7.0,Positive,Mot,Convert,Guqula,Skakel om,Fetoša,Guqula,Shandura,Shandura
Kukudimuna,Changer,-3.0,Negative,Mot,To change,Ukushintsha,Om te verander,go fetoga .,Ukutshintsha,Kuchinja,Kuchinja
Kukudimunakuamutshima,Conversion,5.0,Positive,Mot,Conversion,Ukuphenduka,Omskakeling,Phetolelo ya go sokologa .,Ukuguqulwa,Kutendeuka,Kutendeuka
Kukuila,Hommage,5.0,Positive,Mot,Tribute,Okuhlonipha,Huldeblyk,Tribute .,Irhafu,Mutero,Tribute
Kukukuila,Adorer,8.0,Positive,Mot,Worship,Dumisa,Aanbidding,Tumiša,Unqulo,Kunamata,Kunamata
Kukulakaja,Kukulakaja,6.0,Positive,Mot,Kukulakaja,Kukulakaja,Kukulakaja,Kukulakaja .,I-Kwenzeka,Kukura Ka,Kukurakaja
Kukuma,Châtier,6.0,Positive,Mot,Punish,Hlawulisa,Straf,Go otla .,Ukohlwaya,Kuranga,Ranga
Kukumadikasaku,Heurter,0.0,Neutre,Mot,Hit,Shaya,Tref,Betha,Hit,Rova,Hit
Kukumakumutshimutshiamakane,Crucifier,0.0,Neutre,Mot,Crucify,Mbethela,Kruisig,Go bapola .,Mbethelele,Kurovererwa,Murovererei
Kukumamutshima,Convoiter,-2.0,Negative,Verbe,Covet,Vala,Begeer,Kganyogo ya go kganyogwa .,Inkanuko,Kuchiva,Covet
Kukumbaja,Compléter,6.0,Positive,Mot,Complete,Feza,Voltooi,Feleletše,Gcwalisa,Zadzisa,Complete
"Kukumbaja,kuwuja",Abonder,0.0,Neutre,Mot,Abound,Ningi futhi,Oorvloedig,a atile .,Indand,Zvakawanda,Akawanda
Kukumbana,Suffisant,0.0,Neutre,Mot,Sufficient,-Lingene,Voldoende,Lekanetšego,Zanele,Kukwana,Zvakakwana
Kukumbanababungi,Multiplier,0.0,Neutre,Mot,Multiply,Andisa,Vermenigvuldig,atisa .,Phinda-phinda,Wedzera,Wanza
Kukumbanyina,Mériter,7.0,Positive,Mot,Deserve,Fanela,Verdien,Swanelwa ke,Kufanelekile,Zvakakodzera,Deserve
Kukuna,Planter,7.0,positidf,Mot,Plant,Tshala,Plant,Semela,Tyala,Chirimwa,Plant
Kukungija,Ramasser,0.0,Neutre,Mot,Pick up,Phakamisa,Tel op,Topa,Phakamisa,Nhonga,Nhonga
Kukungula,Rugir,0.0,Neutre,Mot,Roar,Bhosa,Gebrul,Go rora .,Roar,Roar,Roar
Kukuobamisha,Courber,-5.0,Negative,Mot,Bend,Gobisa,Buig,Koba,Gobe,Bend,Bend
Kukupa,Lancer,-8.0,Negative,Mot,Throw,Phonsa,Gooi,Foša,Phosa,Kukanda,Kanda
Kukupamutu,Hocher,0.0,Neutre,Mot,Nod,Nqekuzisa ikhanda,Knik,nod .,Nod,Nod,Nod
Kukupula,Essuyer,6.0,Positive,Mot,To wipe,Ukusula,Om af te vee,Go phumola .,Ukusula,Kupukuta,Kupukuta
Kukuta(kumeyi…),Surprendre,-1.0,Negative,Verbe,Surprise,Mangaza,Verrassing,Makatša,Ukumangala,Kushamisika,Kushamisika
Kukutshisha,Rassasier,3.0,Positive,Mot,Satisfy,Gculisa,Bevredig,Kgotsofatša,Yanelisa,Kugutsa,Satisfy
Kûla,"Emplir,Enfler",4.0,Positive,Mot,"Fill, Swell","Gcwalisa, ukuvuvukala","Vul, Swell","Tlatša, go ruruga .","Gcwalisa, dumba","Zadza, zvitsvage","Zadza, Zvimba"
Kuladiyibikole,Écrier,-2.0,négative,Mot,Write,Bhala,Skryf,Ngwala,Bhala,Nyora,Nyora
Kûlakuamusulu,Inondation,3.0,Positive,Mot,Flood,Isikhukhula,Vloed,Mafula,Umkhukula,Mafashama,Mafashamo
Kulaba,Embaumer,0.0,neutrre,Mot,Embalm,Insolo,Balsem,Setlolo sa go tlotša .,Imfazwe,Kusasika,Embalm
Kulabamanyi,Oindre,0.0,Neutre,Mot,Anoint,-Nela phansi,Salf,Tlotši ya go tlotša .,Ithambiso,Anoint,Anoint
Kulabula,Goûter,0.0,Neutre,Mot,To taste,Ukunambitha,Om te proe,Go latswa .,Ukungcamla,Kuravira,Kuravira
Kulaka,Lécher,1.0,Positive,Mot,Lick,Khotha,Lek,Latswa,Lick,Lick,Lick
Kulala,Coucher,4.0,Positive,Mot,To sleep,Ukulala,Om te slaap,Go robala .,Ukulala,Kurara,Kurara
Kuloka,Pleuvoir,3.0,Positive,Mot,Rain,Imvula,Reën,Pula,Imvula,Kunaya,Mvura
"Kulala,kuladika",Loger,0.0,Neutre,Mot,Accommodate,Hlalisa,Akkommodeer,Amohelang .,Hlala,Gadzirira,Accommodate
Kulama,Conservation,-3.0,Negative,Mot,Conservation,Ukongiwa,Bewaring,Pabalelotlhago,Ulondolozo,Kuchengetedza,Kuchengetedza
"Kulama,kushiya",Réserver,-3.0,Negative,Mot,To book,Ukubhuka,Om te bespreek,Go beakanya puku .,Ukubhuka,Kubhuku,Kubhuku
Kulamakaja,Unir,5.0,Positive,Mot,Unite,Bandakanya,Verenig,Kopanya .,Ndidibanise,Kubatana,Kubatana
Kulamakajibua,Participation,0.0,Neutre,Mot,Participation,Ukuhlanganyela,Deelname,Go tšea karolo .,Ukuthatha inxaxheba,Kutora chikamu,Kutora chikamu
Kulamata,Dépendre,3.0,Positive,Mot,Depend,Enqika,Hang af,Holofela,Kuxhomekeke,Zvinoenderana,Depend
Kulambuisha,Percevoir,2.0,Positive,Mot,Perceive,Qonda,Waarneem,Lemoga,Qaphela,Zvinonzwisisika,Perceive
Kulambula,Sacrifier,3.0,Positive,Mot,Sacrifice,Hlabela,Opoffering,Ba sehlabelo,Ukubingelela,Chibayiro,Chibayiro
Kulamikaditambadiamutshi,Enter,-1.0,Negative,Mot,Enter,Ngena,Voer in,Tsena,Ngena,Pinda,Enter
Kulaya,Ajourner,3.0,Positive,Mot,Adjourn,Hlehlisa,Verdaag,Go šuthiša nako .,I-adjord,Adjururur,Adjourn
Kulayidila,Excuser,-2.0,Negative,Mot,Excuse,Xolela,Ekskuus,Lebalela,Uxolo,Ruregerero,Kuregerera
Kule(udi),Éloigné,0.0,neuitre,Mot,Distant,-Buqamama,Veraf,Kgole .,Kude,Kureba,Kure
Kuledibua,Naissance,-1.0,Negative,Mot,Birth,Ukuzalwa,Geboorte,Matswalo .,Ukuzalwa,Kuzvarwa,Kuzvarwa
Kuledibuakuatshiakabidi,Naîtredenouveau,2.0,Positive,Mot,be born again,ukuzalwa kabusha,wedergebore word,Tswala gape .,ndizalwe ngokutsha,bereka patsva,kuzvarwa patsva
Kuleja,Indiquer,0.0,Neutre,Mot,Indicate,Khombisa,Dui aan,Laetša,Bonisa,Ratidza,Ratidza
Kulejatshilema,Reprocher,-1.0,Negative,Mot,To reproach,Ukuhlambalaza,Om te verwyt,go nyatša .,Ukugculelwa,Kushora,Kuzvidza
Kulekela,Abandon,2.0,Positive,Mot,Abandonment,Ukulahlwa,Verlating,Go Tloga .,Ukuyeka,Kusiiwa,Kusiiwa
Kulekelela,Acquitter,-2.0,Negative,Mot,Acknowledge,Vuma,Erken,Amogela,Vuma,Bvuma,Bvuma
Kulekelelamuntububi,Pardonner,0.0,Neutre,Mot,Forgive,Xolela,Vergewe,Lebalela,Xolela,Kanganwira,Regererai
Kulela,Accoucher,-3.0,Negative,Mot,Give birth,Zala,Geboorte gee,go belega .,Zala,Zvara,Zvara
Kulelelatshiakabidi,Régénérer,0.0,Neutre,Mot,Regenerate,Hlanganisa,Regenereer,Tsošološa .,Hlaziya kwakhona,Regenerate,Regenerate
Kulenduisha,Scandaliser,-1.0,Neutre,Mot,Scandalize,Ona,Skandaaliseer,Scandalize .,Hlamba,Nyadzisa,Scandalize
Kulenduka,Broncher,0.0,Neutre,Mot,Flinch,Umgqugquzo,Flinch,Flinch .,I-flinch,Flinch,Flinch
Kulenga,Toucher,0.0,Neutre,Mot,To touch,Ukuthinta,Om aan te raak,Go kgoma .,Ukuchukumisa,Kubata,Kubata
Kulengeja,Orner,5.0,Positive,Mot,Adorn,Hlabisa,Versier,Mokgabišo .,I-adorn,Shongedza,Adorn
,Perfidie,0.0,Neutre,Mot,Perfidy,Umphetho,Perfiditeit,Perfidy .,I-perfidy,Perfidy,Perfidy
Kulengeja,Sanctifier,0.0,Neutre,Mot,Sanctify,Ngcwelisa,Heilig,Kgalemo ya go kgetha .,Ngcwalisa,Tsvenesa,Sactify
Kulengejibua,Perfectionnement,0.0,Neutre,Mot,Improvement,Ukululama,Verbetering,Kaonafalo,Ukuphuculwa,Kuvandudza,Kuvandudza
Kulengulula,Négliger,0.0,Neutre,Mot,Neglect,Ukunganaki,Verwaarlosing,Hlokomologa,Ukungakhathalelwa,Kuregeredza,Kuregeredza
Kulepa,Stature,3.0,Positive,Mot,Stature,Ibanga elimbethe,Statuur,Seemo .,Ide,Statu,Chimiro
Kulepesha,Prolonger,3.0,Positive,Mot,Extend,Nweba,Verleng,Katološa,Yandisa,Wedzera,Wedzera
Kulesha,Présenter,0.0,Neutre,Mot,To present,Ukwethula,Om aan te bied,go tšweletša .,Ukuzisa,Kuti aripo,To present
Kuloba,Pêcher,0.0,Neutre,Mot,Sin,Ona,Sonde,Sebe .,Isono,Chivi,Chivi
Oleve,"Olive,Olivier",0.0,Neutre,Mot,"Olive,Olivier","Umnqumo, u-Olivier","Olyf, Olivier","Mohlware,Olivier .","I-Olive, Olive","Olive, Olivier","Olive, Olivier"
Omega=Z,Oméga,0.0,Neutre,Mot,Omega,Omega,Omega,Omega .,Omega,OMEGA,Omega
"Onso,bonso,bionso",Entier,2.0,Positive,Verbe,Entire,-Nke,Geheel,Ka kakaretšo,Iyonke,Zvese,Zvose
Ours,Ours,0.0,Neutre,Mot,Bear,Thwala,Beer,Rwala,Ibhere,Fani,Bere
Pabule,Distance,-1.0,Negative,Mot,Distance,Ibanga,Afstand,Monabo,Umgama,Chinhambwe,Distance
Padibaadi,Instantanément,1.0,positf,Mot,Instantly,Khona manje,Onmiddellik,Ka ponyo ya leihlo .,Kwangoko,Pakarepo,Pakarepo
Pakulela(Kutatshila),Enfantement,-2.0,Negative,Mot,Childbirth,Ukubeletha,Bevalling,Pelego ya go ba le ngwana .,Ukuzalwa komntwana,Kuberekwa,Kuberekwa
Pakuvuluka,Ressouvenir,0.0,Neutre,Mot,Remember,Khumbula,Onthou,Gopola,Khumbula,Rangarira,Rangarira
Pankaya,Particulier,-2.0,Negative,Mot,Particular,-Khethiweyo,Besonder,Itšego,Ngokukodwa,Kunyanya,Kunyanya
Pabuipi,Voisin,0.0,Neutre,Mot,Neighbor,Umakhelwane,Buurman,Moagišani,Ummelwane,Muvakidzani,Muvakidzani
Pabuipinemuaba,Environs,0.0,Neutre,Mot,Surroundings,Okuzungezile,Omgewing,Tikologo .,Indawo engqongileyo,Zvakakomberedza,Zvakapoteredza
Paladiso,Paradis,0.0,Neutre,Mot,Heaven,Ezulwini,Hemel,Legodimong,Izulu,Denga,Kudenga
"Pamue,popamue",Commun,0.0,Neutre,Mot,Common,-Jwayelekile,Algemeen,Tlwaelega,Eqhelekileyo,Zvakajairika,Common
Panshi(pabuloba),Sol,0.0,Neutre,Mot,Ground,Kuenhlabathini,Grond,Lebala,Umhlaba,Pasi,Ground
Panyima,Revers,0.0,Neutre,Mot,Reverse,Hlehla,Omgekeerde,Bušetša morago,Buyela umva,Dzosera,Reverse
Patoke,Franchise,0.0,Neutre,Mot,Franchise,Ingdoda yezinhlamvu,Franchise,Franchise .,I-franchise,Franchise,Franchise
Patshiatshiapakulu,Orientd'enhaut,0.0,Neutre,Mot,East from above,Empumalanga kusuka phezulu,Oos van bo af,Bohlabela go tšwa godimo .,Empuma ukusuka phezulu,Kumabvazuva kubva kumusoro,Kumabvazuva kubva kumusoro
Patupu,Vain,0.0,Neutre,Mot,Vain,-Yize,Tevergeefs,Lefeela .,Inkwenkwe,Hazvina basa,Vain
"Patupu(a),mapuekele",Vil,-1.0,Negative,Mot,Vile,-Limbile,Vielik,Sebopego .,Phosa,Vile,Vile
Patupu(tshona),Inutilement,0.0,Neutre,Mot,Unnecessarily,Ngokungadingekile,Onnodig,Go sa nyakege .,Ngokungeyomfuneko,Zvisina kukodzera,Zvisiri madikanwa
Pentekoste,Pentecôte,0.0,Neutre,Mot,Pentecost,Pentekosti,Pinkster,Pentekoste .,Ipentekosti,Pentekosti,Pentekosti
Pepi,Voisinage,0.0,Neutre,Mot,Neighborhood,Ubukhelwane,Buurt,Boagišani,Ebumelwaneni,Vavakidzani,Nharaunda
Python,Python,0.0,Neutre,Mot,Python,Python,Python,Python .,I-python,Python,Python
Sabatu,Sabbat,2.0,Positive,Mot,Sabbath,ISabatha,Sabbat,Sabatha .,ISabatha,Sabata,Sabata
Saphir,Saphir,2.0,Positive,Mot,Sapphire,ISapphire,Saffier,Safire .,Isafire,Safiro,Safiya
Sardoine,Sardius,0.0,Neutre,Mot,Sardius,Isimo esikhulu,Sardius,Sardius .,Sardius,Sadius,Sadhio
Sardony,Sardonix,2.0,Positive,Mot,Sardonix,Sardonix,Sardonix,Sardonix .,I-sardonix,Sardonix,Sardonix
Seole,Orge,0.0,Neutre,Mot,Barley,Ubhali,Gars,Garase,Irhasi,Bhari,Bhari
Soie(tshia),Soie,0.0,Neutre,Mot,Silk,Usilika,Sy,Siliki,Isilika,Silika,Sirika
Soufre,Soufre,4.0,Positive,Mot,Sulfur,Isibabule,Swael,Sulphur .,Isalfure,Sarufa,Sulfur
Sud-est,Sud-ouest,1.0,Positive,Mot,Southwest,Eningizimu-ntshonalanga,Suidwes,Borwa Bophirima .,Emazantsi ntshona,Southwest,Southwest
"Sude,mundamunya",Midi,0.0,Neutre,Mot,Noon,Imini,Middag,Mosegare,Emini,Masikati,Masikati
Sukamina,Mûrier,0.0,Neutre,Mot,Mulberry,Isilwane warberry,Moerbei,Mulberry .,Mulberry,Mulberry,Mulberry
Tshiapabuloba,Terrestre,1.0,Positive,Mot,Terrestrial,Umhlabathi,Terrestriële,Lefaseng la pele .,I-terrestral,Terrestrial,Zvenyika
Tshiapankatshi,Moitié,0.0,Negative,Mot,Half,Uhlangothi,Die helfte,Seripagare,Isiqingatha,Hafu,Hafu
Tshiapatupu,Déshonneur,-2.0,Negative,Mot,Dishonor,Ukuhlamba,Oneer,Go Hlomphollwa .,Ihlazo,Kushoora,Kusaremekedza
Tshiatshiendelele,Éternel,6.0,Positive,Mot,Eternal,-Ngapheliyo,Ewige,Sa feleng,Kanaphakade,Kusingaperi,Nokusingaperi
Tshiatshipendu,Injurieux,-8.0,Negative,Mot,Offensive,-Casulayo,Aanstootlik,Lehlapa,Kuyakhubekisa,Zvinogumbura,Zvinogumbura
Tshiatshitshiu,Peuple,0.0,Neutre,Mot,People,Abantu,Mense,Batho,Abantu,Vanhu,Vanhu
Tshiabungi,Immense,7.0,Positive,Mot,Immense,-Khulu kakhulu,Enorm,Kgolo kudu,Enkulu,Chikuru,Immense
Tshiadi,Poitrine,0.0,Neutre,Mot,Chest,Ibhokisi,Bors,Kgara,Isifuba,Chipfuva,Chest
Tshiakabidi,Double,4.0,Positive,Mot,Double,-Bili,Dubbel,Gabedi,Phinda kabini,Kaviri,Kaviri
TshiakaneTshiditshianyisha,Agréable,2.0,Positive,Mot,Pleasant,-Mtoti,Aangenaam,Thabišago,Mnandi,Zvinonakidza,Pleasant
TshiakaneTshiditshisankisha,Agréable,4.0,Positive,Mot,Pleasant,-Mtoti,Aangenaam,Thabišago,Mnandi,Zvinonakidza,Pleasant
Tshiakulakula,Conte,0.0,Neutre,Mot,Tale,Indaba,Verhaal,Tale .,Tale,Ngano,Tale
Tshiamutshiamitaku,Airain,1.0,Positive,Mot,Brass,Ithusi,Geelkoper,koporo .,Ubhedu,Ndarira,Brass
Tshiamua,Fer,0.0,Neutre,Mot,Iron,Insimbi yoku-ayina,Yster,Aene,Intsimbi,Simbi,Iron
Tshianana,Faussement,-3.0,Neutre,Mot,Falsely,Ngamanga,Valslik,ka maaka .,Ubuxoki,Nhema,Nhema
Tshianyishanyisha,Flatterie,-5.0,Negative,Mot,Flattery,-Tulall,Vleiery,Go reta ka go phaphatha .,Fihlatha,Flattery,Flattery
Tshianza,Main,2.0,Positive,Verbe,Hand,Isandla,Hand,Seatla,Isandla,Ruoko,Ruoko
Tshibanda,Descente,2.0,Positive,Mot,Descent,Isimo esizayo,Afkoms,Go theoga .,Umnqweno,Kudzidziswa,Descent
Tshibandilu,Degré,0.0,Neutre,Mot,Degree,Ibanga,Graad,Tikrii,Isidanga,Degree,Dhigirii
Tshibangidilu,Commencement,0.0,Neutre,Mot,Beginning,Ukuqala,Begin,Mathomong,Ukuqala,Kutanga,Kutanga
Tshibangu,Bâton,0.0,Neutre,Mot,Stick,Induku,Stok,Kgomarela,Intonga,Tsvimbo,Stick
Tshibelu,Cuisse,-2.0,Negative,Mot,Thigh,Ithanga,Bobeen,Serope,Ithanga,Chidya,Chidya
Tshibi,Mal,0.0,Neutre,Mot,Wrong,-Ngalungile,Verkeerd,Phošo,Ayilunganga,Zvakaipa,Zvakaipa
Tshibipe,Impur,-1.0,Negative,Mot,Impure,Ngcolisa,Onrein,Go se hlweke .,Ukungasebenzi,Kuremara,Kusachena
Tshibishi,Vert,-1.0,Negative,Mot,Green,-Yimpatho,Groen,Talamorogo,Luhlaza,Girinhi,Girinhi
Tshibobe,Maturité,0.0,Neutre,Mot,Maturity,Ukuvuthwa,Volwassenheid,Matšhurithi,Ukukhula,Kukura,Kukura
Tshibombu,Bourse,0.0,Neutre,Mot,Sotck exchange,SOTCK Exchange,Sotck ruil,Phapanyetsano ya Sotck .,Ukutshintshiselana nge-sotck,Sotck Exchange,Sotck exchange
Tshibueledi,Accès,0.0,Neutre,Mot,Access,Tholakala,Toegang,Fihlelela,Fikelela,Kupinda,Access
Tshibuikilu(tshiamushetewatshipungidi),Propitiatoire,1.0,Positive,Mot,Propitiatory,Okuphathelene nenkululeko,Versoenend,Poelano .,Propitiatory,Kurume,Propititory
Tshibuikilutshiapatshiadi,Cuirasse,1.0,Positive,Mot,Breastplate,Isihlanzi sesifuba,Borsplaat,Sephedi sa sefuba .,Isifuba,Chidzitiro,Chiputi chezamu
Tshibulula,Ouvert,1.0,Positive,Mot,Open,Vula,Maak oop,Bula,Vula,Vhura,Vhura
Tshibumba,Muraille,0.0,Neutre,Mot,Wall,Udonga,Muur,Leboto,Udonga,Wall,Wall
Tshibungubungu,Côte,0.0,Neutre,Mot,Side,Usebe,Kant,Lehlakore,Icala,Padivi,Side
Talala,Paisiblement,-3.0,Negative,Mot,Peacefully,Ngokuba khona,Vreedsaam,Ka khutšo .,Ngoxolo,Runyararo,Norugare
Tatu,Père,-3.0,Negative,Mot,Father,Uyihlo,Vader,Papa,Utata,Baba,Baba
Thuya,Thuya,-2.0,Negative,Mot,Thuja,Thuja,Thuja,Thuja .,Thuja,Thuja,Thuja
Topaze,Topaze,1.0,Positive,Mot,Topaz,Isihloko,Topaas,Topase .,Topaz,Topaz,Topazi
Tshakabidi,Nouveau,1.0,Positive,Mot,New,-Kwanamuhla,Nuut,Mpsha,Intsha,Nyowani,New
Tshabungibe,Abondamment,0.0,Neutre,Mot,Abundantly,Kakhulu,Oorvloedig,ka bontši .,Kakhulu,Zvakawanda,Zvakawanda
Tshakane(tshidi),Équitable,0.0,Neutre,Mot,Fair,-Hle,Regverdig,Lokilego,Ubulungisa,Zvakanaka,Fair
Tsheya,Caution,1.0,Positive,Mot,Deposit,Faka,Deposito,Tipositi,Idipozithi,Dhipoziti,Deposit
Tshiabademon,Diabolique,0.0,Neutre,Mot,Diabolical,Diabolical,Diabolies,Bodiabolo .,Dialocal,Dhiabolical,Dhiyabhorosi
Tshiabukelenge,Royal,0.0,Neutre,Mot,Royal,-Obukhosi,Koninklike,Bogoši .,IRoyal,Royal,Royal
Tshiabuowa,Terrible,0.0,Neutre,Mot,Terrible,-Sabisayo,Verskriklik,Mpe kudu,Yoyikeka,Zvinotyisa,Zvinotyisa
Tshiabutumbi,Splendidement,0.0,Neutre,Mot,Splendidly,Ngokubabazekayo,Pragtig,Ka mo go kgahlišago .,Qaqambid,Kusakwana,Splendidly
"Tshiadikumi,Kufilatshitupaatshi",Dîme,2.0,Positive,Mot,Dime,Indizo,Dime,Dime .,Dime,Dime,Dime
Tshiadimomena,Rouillé,1.0,Positive,Mot,Rust,Ukugqwala,Roes,Moruswi .,Rust,Ngura,Ngura
Tshiakale(muleji),Ancien,0.0,Neutre,Mot,Ancient,-Daladala,Antieke,Kgalekgale,Amandulo,Yekare,Ancient
Tshiakudia,Aliment,1.0,Positive,Mot,Food,Ukudla,Kos,Dijo,Ukutya,Chikafu,Zvokudya
Tshiakufunda,Tablette,1.0,Positive,Mot,Tablet,Iphilisi,Tablet,Letlapa la .,Ithebhulethi,Piritsi,Tablet
Tshiakuitaba,Acceptable,1.0,Positive,Mot,Acceptable,-Mukelekile,Aanvaarbaar,E amogelegago .,Yamkelekile,Zvinogamuchirika,Zvinogamuchirika
Tshiakunua,Breuvage,2.0,Positive,Mot,Beverage,Okokuphuza,Drank,Dinotagi,Isiselo,Chinwiwa,Chinwiwa
Tshiamudiulu,Céleste,0.0,Neutre,Mot,Celestial,-Bukeyela basezulwini,Hemelse,Legodimo la Legodimo .,Isibhakabhaka,Kudenga,Yekudenga
Tshiamutshisuku,Sauvage,-3.0,Negative,Mot,Savage,-Dlovulile,Wild,Sehlogo,Isavage,Savage,Savage
Tshiamubidi,Corporellement,1.0,Positive,Mot,Bodily,-Ngomzimba,Liggaamlik,Mmele wa mmele .,Emzimbeni,Mumuviri,Bodily
Tshiamuinshi(muabuloba),Infernal,-2.0,Negative,Mot,Infernal,I-infernal,Infernal,Infernal .,Intsholongwane,Infernal,Infernal
Tshianvita,Dépouille,2.0,Positive,Mot,Remains,Inqobe,Oorblyfsels,Mašaledi .,Idubile,Zvinoramba,Anosara
TshiaNyuma,Spirituel,0.0,Neutre,Mot,Spiritual,-Kwenhliziyo,Geestelik,Semoya .,Ngokomoya,Zvomweya,Zvemweya
TshiaNzambi,Divin,0.0,Neutre,Verbe,Divine,-Ngenaphezulu,Goddelike,Sa Modimo,Ubuthixo,Divine,Divine
Tshibungubungu,Rivage,-1.0,Negative,Mot,Shore,Ugu,Oewer,Lebopo,Unxweme,Mahombekombe,Shore
Tshibutshidi;tshintutshiamushingamukole,Trésor,0.0,Neutre,Mot,Treasure,Igugu,Skat,Lehumo,Ubuncwane,Pfuma,Pfuma
Tshibutshilu,Cellier,0.0,Neutre,Mot,Cellar,Sela,Kelder,Sellathekeng .,Celer,Cellar,Cellar
Tshidikapia,Bouillant,0.0,Neutre,Mot,Boiling,Bilisa,Kook,Go bela .,Ukubila,Kubheya,Kuvira
Tshidikatshiyimuakujingulula,Insondable,1.0,Positive,Mot,Unfathomable,-Ngenalo,Ondeurgrondelik,E sa kwešišegego .,Ayinakufikeleleka,Zvisina kujairika,Zvisinganzwisisike
TshidikatshiyiTshijiminaa,Impérissable,0.0,Neutre,Mot,Imperishable,Ukungabona lutho,Onverganklik,E sa senyegego .,I-inofrieble,Isingarobvu,Kusaparara
Tshidikatshiyitshijinguluka,Confus,2.0,Positive,Mot,Confused,Didekile,Verward,Hlakahlakane,Udidekile,Kuvhiringidzika,Kuvhiringika
Tshidikatshiyitshinyanguka,Incorruptible,-1.0,Negative,Mot,Incorruptible,-Nokulimala,Onkreukbaar,E sa senyeheng .,Okungenakona,Risingaori,Kusaora
Tshidikatshiyitshipetangananetshikuabu,Contraire,0.0,Neutre,Mot,Opposite,Bhekene,Oorkant,Lelatodi,Ngokuchaseneyo,Zvakatarisana,Opposite
"Tshidinebukole,",Valide,-2.0,Negative,Mot,Valid,-Lungile,Geldig,Makgonthe,Isebenza,Zvinoshanda,Inoshanda
Tshidinebulelela,Sincérité,-1.0,Negative,Mot,Sincerity,Ubuqatha,Opregtheid,Botshepegi .,Ukunyaniseka,Kutendeseka,Kuperera
Tshidinengikadiluwabukole,Endurcissement,1.0,Positive,Mot,Hardening,Ukuqina,Verharding,Go thatafala .,Ukuqina,Kuomesa,Kuomesa
Tshidipepi,Proche,2.0,Positive,Mot,Close,Ngokuminyanisa,Maak toe,Tswalela,Vala,Vhara,Close
Tshiditshabundu,Infâme,0.0,Neutre,Mot,Infamous,-Ngokwesabekayo,Berug,E tumile ka go tuma .,Inqabile,Infamous,Akashata
Tshiditshiabonso,Public,1.0,Positive,Mot,Audience,Abathameli,Gehoor,Batheeletši,Abaphulaphuli,Vateereri,Vateereri
Tshiditshiakuakaja,Traitable,0.0,Neutre,Mot,Treatable,Yelaphe,Behandelbaar,E ka alafšago .,Inyanga,Kurapwa,Zvinorapika
Tshiditshiatshijila,Magnifique,0.0,Neutre,Mot,Gorgeous,-Bucwazicwazi,Pragtig,Botse kudu,Mhle,Kunaka,Gorgeous
Tshiditshiatshilele,Naturel,0.0,Neutre,Mot,Natural,-Yimvelo,Natuurlik,Tlhago,Indalo,Zvakasikwa,Natural
Tshiditshiengelela,Lumineux,1.0,Positive,Mot,Bright,-Gqamile,Helder,Phadimago,Iqaqambile,Kupenya,Bright
Tshiditshikenka,Éclatant,-1.0,Negative,Mot,Brilliant,-Benyezelayo,Briljant,Bohlale,Iqaqambile,Brilliant,Brilliant
Tshiditshikongyangale,Tortu,2.0,Positive,Mot,Turtle,Ufudu lwasemanzini,Skilpad,Pshinyaleraga,Turtle,Turtle,Turtle
Tshiditshikulukulu,Vieux,-1.0,Negative,Mot,Old,-Dala,Oud,Kgale,Mdala,Chembere,Old
Tshiditshimpebe,Excellent,1.0,Positive,Mot,Excellent,-Hle kakhulu,Uitstekend,Gabotse kudu,Ngokugqwesileyo,Zvakanaka,Excellent
Tshiditshimueneka,Visible,2.0,Positive,Mot,Visible,Qavile,Sigbaar,Go bonagala .,Ibonakale,Inoonekwa,Visible
Tshiditshishalatshiendelele,Permettre,-2.0,Negative,Mot,Allow,Vumela,Laat toe,Dumelela,Vumela,Bvumidza,Bvumira
Tshiditshitabujibua,Supportable,0.0,Neutre,Mot,Bearable,-Bekezelekayo,Verdraaglik,E kgotlelelwago .,Iyakwazi,Kutsigira,Zvinogoneka
Tshiditshitupu,Vide,-3.0,Negative,Mot,Empty,-Ngahlali lutho,Leeg,Se nago selo,Ingenanto,Isina chinhu,Empty
Tshiditshiyanguka,Corruptible,0.0,Neutre,Mot,Corruptible,-Nesomana,Verganklik,E senyegilego .,Ingozi,Kuora,Huori
Tshidibuluenyi,Aneth,1.0,Positive,Mot,Dill,Diss,Dille,Dill .,Dill,Dill,Dill
Tshidikijilutshialubilu,Course,3.0,Positive,Mot,Race,Jaha,Ras,Morafe,Ugqatso,Race,Race
Tshidilu,Crèche,0.0,Neutre,Mot,Crib,Umkhombe,Krip,Crib .,Crib,Crib,Crib
Tshidimba,Gouvernail,2.0,Positive,Mot,Rudder,Isiqondiso sebhanoyi,Roer,Selemo sa leru la .,I-rudder,Ruzha,Rudder
Tshidime,Cultivateur,2.0,Positive,Mot,Farmer,Umninipulazi,Boer,Molemi,Umlimi,Murimi,Murimi
Tshidimu,"An,Année",-2.0,Negative,Mot,"Year,Year","Unyaka, unyaka","Jaar, Jaar","ngwaga,ngwaga .","Unyaka, unyaka","Gore, gore","Gore, Gore"
Tshidimutshiamashika,Hiver,0.0,Neutre,Mot,Winter,Ubusika,Winter,Marega,Ubusika,Chando,Chando
Tshidimutshiamayowa,Été,3.0,Positive,Mot,Summer,Ihlobo,Somer,Selemo,Ihlobo,Zhizha,Zhizha
Tshienabualu,Sujet,0.0,Neutre,Mot,Subject,Beka,Onderwerp,Hlogotaba,Isifundo,Musoro,Chidzidzo
Tshienalomo,Latin,1.0,Positive,Verbe,Latin,IsiLatini,Latyn,Selatine sa Selatine .,isiLatini,Ratini,Ratini
Tshiendelele,Éternellement,1.0,Positive,Mot,Eternally,Ngokunalo,Ewig,Ka mo go sa felego .,Ngonaphakade,Nekusingaperi,Nokusingaperi
Tshiendelu,Parvis,-1.0,Negative,Mot,Courtyard,Igceke,Binnehof,Lebala .,Intendelezo,Chivanze,Chivanze
Tshienzedi,Action,-2.0,Negative,Mot,Action,Ukwenza,Aksie,Kgato,Isenzo,Chiito,Chiito
"Tshienzedi,malu",Œuvre,0.0,Neutre,Mot,Artwork,Ubuciko,Kunswerk,Mošomo wa bokgabo .,Umsebenzi wobugcisa,Artwork,Artwork
Tshieya,Arrhes,0.0,Neutre,Mot,Deposit,Faka,Deposito,Tipositi,Idipozithi,Dhipoziti,Deposit
Tshifuafua,Mortel,0.0,Neutre,Mot,Mortal,-Phethe,Sterflike,Motho yo a hwago .,Umntu,Walm,Anofa
Tshifufu,Complot,0.0,Neutre,Mot,Conspiracy,Umbimbi,Sameswering,Go loga maanomabe .,Iyelenqe,Kurangana,Kurangana
Tshifukibua,Créature,0.0,Neutre,Mot,Creature,Isilwane,Skepsel,Sebopiwa .,Isidalwa,Chisikwa,Chisikwa
Tshifukibuatshipiatshipia,Nouvellecréation,0.0,Neutre,Mot,New creation,Indalo entsha,Nuwe skepping,Tlholo e Mpsha .,Indalo entsha,Chisiko chitsva,Chisikwa chitsva
Tshifulu,Casque,0.0,Neutre,Mot,Helmet,Umgqomo,Helm,Lekarapa,Isigcina-ntloko,Ngowani,Ngowani
Tshifulutshiabutumbi,Diadème,0.0,Neutre,Mot,Tiara,Tisana,Tiara,Tiara .,ITiara,Tiara,Tiara
Tshiji,Colère,0.0,Neutre,Mot,Anger,Intukuthelo,Woede,Pefelo,Umsindo,Kutsamwa,Hasha
Tshij,Fureur,0.0,Neutre,Mot,Fury,Isibhengubhengu,Woede,Kgalefo .,Ubushushu,Hasha,Fury
Tshijila,Pureté,1.0,Positive,Mot,Purity,Ubumsulwa,Reinheid,Go hlweka .,Ubunyulu,Kuchena,Kuchena
Tshijila,Saintement,0.0,Neutre,Mot,Holy,'-Ngcwele,Heilig,Kgethwa .,Ngcwele,Mutsvene,Mutsvene
Tshijila,Saint,0.0,Neutre,Mot,Saint,Usanti,Heilige,Mokgethwa .,Eng,Saint,Mutsvene
Tshikaminu,Pressoir,0.0,Neutre,Mot,Press,Gcinezela,Druk,Gatelela,Cinezela,Tinya,Press
Tshikanga,Cuit,0.0,Neutre,Mot,Cooked,Iphekwe,Gekook,E apeilwe .,Kuphekwe,Yakabikwa,Yakabikwa
Tshikankanyi,Talon,1.0,Positive,Mot,Heel,Isithende,Hak,Serethe .,Isithende,Chitsitsinho,Chitsitsinho
Tshikenakumona,Vision,1.0,Positive,Mot,Vision,Umbono,Visie,Ponelopele,Umbono,Chiratidzo,Chiratidzo
Tshikoleadi,Grave,-2.0,Negative,Mot,Severe,-Khulu,Ernstig,Šoro,Kakhulu,Zvakanyanya,Zvakaoma
Tshikololo,Corbeau,-2.0,Negative,Mot,Crow,Igwababa,Kraai,Legokobu,Crow,Crow,Gunguwo
Tshikololo,Aigle,-2.0,Negative,Mot,Eagle,Ukhozi,Arend,Ntšhu,Ukhozi,Eagle,Gondo
Tshikondo,Antérieurement,-1.0,Negative,Mot,Previously,Ngaphambilini,Voorheen,Peleng .,Ngaphambili,Pakutanga,Kare
Tshikondo,Moment,0.0,Neutre,Mot,Moment,Isikhashana,Oomblik,Nakwana,Umzuzu,Nguva,Moment
Tshikondoetshi,Actuel,1.0,Positive,Mot,Current,-Dlulayo,Huidige,Bjale,Okwangoku,Zvazvino,Current
Tshikondotshimpe,Opportun,0.0,Neutre,Mot,Timely,Ngesikhathi,Betyds,Nako .,Ngexesha elifanelekileyo,Nenguva,Panguva
Tshikote,Cumin,1.0,Positive,Mot,Cumin,Uhlobo lwensanzaka,Komyn,Kumine .,I-cumin,Cumin,Kumin
Tshikowelu,Vêtement,-2.0,Negative,Mot,Garment,Isigqoko,Kledingstuk,Seaparo sa .,Ingubo,Nguo,Nguo
Tshikoyeke,Immonde,-3.0,Negative,Mot,Filthy,Ngcolile kakhulu,Vieslik,Ditšhila,Ngcolile,Tsvina,Yakasviba
Tshikumbane,AssezUtile,-3.0,Negative,Mot,QuiteUseful,-Buze,Redelik Nuttig,E tloga e le e nago le mohola .,Ngethu,Zvinoshandisa,QuiteUseful
"Tshikumbane,tshiûja",Complet,2.0,Positive,Mot,Complete,Feza,Voltooi,Feleletše,Gcwalisa,Zadzisa,Complete
Tshikusu,Ver,2.0,Positive,Mot,Worm,Impethu,Wurm,Seboko,Umbungu,Honye,Worm
Tshikutu(tshiakapia),Fournaise,2.0,Positive,Mot,Furnace,Imbuthuma,Oond,Sebjana sa go fiša .,Isithando somlilo,Choto,Furnace
"Tshikutu,tshipukatshiamitshi",Buisson,2.0,Positive,Mot,Bush,Ihlathi,Bush,Sethokgwa,Ityholo,Bush,Bush
Tshilambuidi,Recette,2.0,Positive,Mot,Recipe,Indlela yokwenza into ethize efana nokupheka,Resep,Motswako,Iresiphi,Recipe,Recipe
Tshile,Long,0.0,Neutre,Mot,Long,-De,Lank,Telele,Ixesha elide,Refu,Kureba
Tshilejelu,Exemple,0.0,Neutre,Mot,Example,Isibonelo,Voorbeeld,Mohlala,Umzekelo,Muenzaniso,Muenzaniso
Tshilele,Coutume,0.0,Neutre,Mot,Custom,Umkhuba,Pasgemaak,Tlwaelo,Isiko,Tsika,Custom
"Tshilele,tshibidilu",Habitude,0.0,Neutre,Mot,Habit,Isiko,Gewoonte,Setlwaedi,Umkhwa,Tsika,Habit
Tshilelela,Réel,-1.0,Negative,Mot,Real,-Liqiniso,Regtig,Makgonthe,Okwenyani,Chaiko,Chaiyo
Tshilelela,Antitype,0.0,Neutre,Mot,Antitype,Ukuwobelana,Antitipe,Antitype .,Antifity,Fananidze,Antitype
Tshilema,Défaut,0.0,Neutre,Mot,Default,Phutha,Verstek,Hlokomologa,Ukungagqibeki,Default,Default
Tshilenduishi,Scandale,-5.0,Negative,Mot,Scandal,Amapeketwane,Skandaal,Mahlabisadihlong .,Isikrelemnqa,Nyonganiso,Scandal
Tshileshelu,Formule,0.0,Neutre,Mot,Formula,Uhlobo,Formule,Formula .,Ifomula,Formula,Formula
Tshilobeshi,Proie,0.0,Neutre,Mot,Prey,Inyamazane edliwayo,Prooi,Sebolawa,Ixhoba,Pwanya,Prey
Tshilongo,Fleur,0.0,Neutre,Mot,Flower,Umqhakazo,Blom,Letšoba,Intyatyambo,Ruva,Ruva
Tshilota,Songe,0.0,Neutre,Mot,Dream,Iphupha,Droom,Toro,Iphupha,Kurota,Dream
Tshilotalota,Extase,0.0,Neutre,Mot,Ecstasy,Enyanyayo,Ekstase,Ekgola .,Ecstasy,Ecstasy,Ecstasy
Tshilulu,Bande,0.0,Neutre,Mot,Band,Isibopho,Band,Lepanta,Band,Bhendi,Band
Biapamutu,Superflu,1.0,Positive,Mot,Superfluous,-Phezulu,Oorbodig,E sa nyakegego .,I-Superflight,SuperFluous,Superfluous
Biakadiyenabibualu,Indigence,1.0,Positive,Mot,Destitution,Indawo,Behoeftigheid,Go hloka .,Ihlwempu,Kupera,Urombo
Biakane,Bienséan,1.0,Positive,Mot,Biensean,Ibhayentshi,Biensean,Binsean .,Biensean,Biensean,Biensean
Biakulakula,Babil,-3.0,Negative,Mot,Babil,Babele,Babil,Babil .,I-babil,Babil,Bhabhil
Biakunyibuabibishi,Verdure,-3.0,Negative,Mot,Greenery,Uluhlaza okotshani,Groen,Botala bja .,Reenery,Greenery,Greenery
Biata,Couchette,0.0,Neutre,Mot,Berth,Bhogwazayo,Berth,berth .,Intsimbi,Berth,Berth
Bibelu,Jambe,0.0,Neutre,Mot,Leg,Umlenze,Been,Leoto,Umlenze,Gumbo,Gumbo
Bibidi,"Couple,Paire",8.0,Positive,Mot,"Couple,Pair","Izithandani, umbhangqwana","Paartjie, Paartjie","Banyalani,pair .","Isibini, isibini","Vaviri, vaviri","Vakaroorana, Vaviri"
Bidibimuenekakumesu,Vue,5.0,Positive,Mot,View,Ukubona,Uitsig,Bogela,Jonga,Tarisa,View
Bidibisasa,Chaume,-5.0,Negative,Mot,Thatch,Lowo,Grasdak,Thatch .,Chok,Thatch,Thatch
Bidikabiyimuakuambibua,Inexprimable,0.0,Neutre,Mot,Inexpressible,-Nganakwa,Onuitspreeklik,E sa hlaloseheng .,Ayibonakali,Zvisingaite,Zvisingatauriki
Bidikabiyinemuoyo,Inanimé,2.09090909090909,Positive,Mot,Inanimate,-Ngaphezulu,Lewendig,Se se sa phelego .,I-intenger,Inaniamate,Upenyu
Bidimuakujimina,Incertitude,2.27272727272727,Positive,Mot,Uncertainty,Ukungaqiniseki,Onsekerheid,Go se kgonthišege .,Ukungaqiniseki,Kusagadzikana,Kusava nechokwadi
Bidimuakuzakajibua,Muable,2.45454545454545,Positive,Mot,Changeable,Phendukayo,Veranderbaar,E fetogago .,Iyatshintsha,Chinoshanduka,Changeable
Bidia,Agapes,2.63636363636363,Negative,Mot,Agapes,Ama-agapes,Agapes,Agapes .,I-Agapes,Agapes,Agapes
Bidiabiadibanji,Banquet,2.81818181818182,Negative,Mot,Banquet,Idili,Banket,Monyanya .,Isidlo,Mabiko,Banquet
BidiabiaMukelenge,Cène,3.0,Neutre,Mot,Last Supper,Isidlo sakusihlwa sokugcina,Laaste Avondmaal,Selalelo sa Mafelelo .,Ukugqibela kwesidlo sangokuhlwa,Yekupedzisira Chirairo,Kudya Kwemanheru Kwokupedzisira
Bidiabidikabiyineluevene,Painsanslevain,0.0,Neutre,Mot,Unleavened bread,Isinkwa Esingenamvubelo,Ongesuurde brood,Borotho bjo bo sa omelwago .,Isonka esingenagwele,Chingwa chisina kuviriswa,chingwa chisina mbiriso
"Bidimu,wabidimu…",Âge,3.36363636363636,Positive,Mot,Age,Iminyaka,Ouderdom,Mengwaga,Iminyaka,Zera,Age
Bielelu,Instrument,3.54545454545454,Positive,Mot,Instrument,Into yokwenza utho,Instrument,Sedirišwa,Isixhobo,Chiridzwa,Chimbo
Biensheshi,Soupçon,3.72727272727273,Negative,Mot,Suspicion,Ukusola,Verdagmakery,Dipelaelo .,Ukukrokrela,Kufungidzira,Kunyumwa
Bienzebununku,Autrement,3.90909090909091,Neutre,Mot,Otherwise,Ngaphandle kwalokho,Andersins,Go sego fao,Ngenye indlela,Neimwe nzira,Zvikasadaro
Bienzedi,Fait,4.09090909090909,Positive,Mot,Do,Enza,Doen,Dira,Yenza,Ita,Do
Bienzedi,Conduite,4.27272727272727,Positive,Mot,Conduct,Hola,Gedrag,Maitshwaro,Indlela yokuziphatha,Maitiro,Kufambisa
Bijitu,Fardeau,4.45454545454545,Negative,Mot,Burden,Thwalisa umthwalo osindayo,Las,Morwalo,Umthwalo,Mutoro,Mutoro
Bikole,Amèrement,4.63636363636363,Positive,Mot,Bitterly,-Babayo,Bitter,ka go baba .,Ngokukrakra,Zvinoshungurudza,Zvinovava
Bikole,Horriblement,2.0,Negative,Mot,Horribly,-Khosicanu,Verskriklik,ka tsela e tšhošago .,Kakhulu,Zvinotyisa,Zvinotyisa
Bikole,Vertement,0.0,Neutre,Mot,Greenly,-Mbangile,Groen,ka botala .,Luhlaza,Girini,Greenly
"Bikole,bimpe",Soigneusement,0.0,Neutre,Mot,Thoroughly,Ngokugcwele,Deeglik,Go tsenelela,Ngokucokisekileyo,Zvakakwana,Zvakakwana
Bikondobiakashalakunyima,Autrefois,5.36363636363636,Positive,Mot,Formerly,Kuqala,Voorheen,Pele e be e le .,Ngaphambili,Zvaimboita,Kare
Bikuata,Prise,5.54545454545454,Positive,Mot,Socket,Inkotho,Sok,Soketeng .,Isokisi,Socket,Socket
Bilamba,Habit,5.72727272727273,Positive,Mot,Clothing,Okokugqoka,Kleredrag,Diaparo .,Impahla,Zvipfeko,Zvipfeko
Bilamulamu,Écaille,-8.0,Negative,Mot,Scale,Ukukala izinga,Skaal,Sekala,Isikali,Chiyero,Scale
Bilengele,Bienséance,6.09090909090909,Positive,Mot,Propriety,Propright,Behoorlikheid,Go ba le mohola .,Ubushushu,Propriety,Kufanira
Bilengele,Décent,2.0,Negative,Mot,Decent,-Hloniphekile,Ordentlik,Lokilego,Isidima,Tsvarakadenga,Decent
Bilondeshele,Relativement,6.45454545454545,Positive,Mot,Relatively,Hlobene,Relatief,Go ba le .,Ngokulinganayo,Zvakasiyana,Zvikati
Bilongo,Lis,6.63636363636363,Negative,Mot,Read,Funda,Lees,Bala,Funda,Verenga,Verenga
Bilongolola,Prêt,6.81818181818182,Positive,Mot,Ready,-Lungiselwe,Gereed,Itokišitše,Ilungele,Kugadzirira,Ready
Bilulu,Agrès,6.0,Positive,Mot,Apparatus,Amalungiselelo,Apparaat,Sedirišwa sa go dira .,Izixhobo,Zvishandiso,Apparatus
Bilungakajabimpe,Ajustéensemble,3.0,Positive,Mot,Adjustedtogether,Kulungiswe ngokuphelele,Saam aangepas,AdjutedTogether .,Iyonke,Yakagadziridzwa,Kugadziriswa pamwe chete
Bimane,Interdit,-1.0,Positive,Mot,Forbidden,-Nqatshelwe,Verbode,Lebaletšwe,Inqatshelwe,Kurambidzwa,Kurambidzwa
Bimpe,Bien,7.54545454545454,Positive,Mot,GOOD,Kuhle ngokuncomekayo,GOED,GABOTSE,KULUNGILE,KUGONA,KUGONA
Bimpe,Clair,7.72727272727273,Negative,Mot,Clear,-Cwebile,Duidelik,Tloša,Cacisa,Bvisa,Zvakajeka
Bimpe,Sûrement,0.0,Neutre,Mot,Certainly,Impela,Sekerlik,Ka nnete,Ngokuqinisekileyo,Zvirokwazvo,Zvirokwazvo
"Bimpe,nekalolo",Diligemment,5.0,Positive,Mot,Diligently,-Nenkani,Ywerig,Ka mafolofolo .,Ngenkuthalo,Kushingairira,Nokushingaira
Bimunyi,Lanterne,4.0,Positive,Mot,Lantern,Isiswevu,Lantern,Lebone .,I-lanne,Mararamiro,Lantern
Binamanya,Pourvuque,8.45454545454545,Positive,Mot,Provided,-Sebenzisa,Verskaf,Neetšego,Kubonelelwe,Zvakapihwa,Provided
Bingikalantshiyingenza,Malgrémoi,3.0,Positive,Mot,Despite myself,Naphezu kwami,Ten spyte van myself,Go sa šetšwe nna ka noši .,Ngaphandle kwam,Pasinei neni,Zvisinei neni
Bintu,Subsistance,5.0,Positive,Mot,Subsistence,Ukunqoba,Bestaan,Go iphediša .,Ukutya,Kuuramba,Kurarama
Bintu,Cargaison,-3.0,Negative,Mot,Cargo,Impahla ethwelwe umkhumbi,Vrag,Merwalo .,Umthwalo,Kutakura zvinhu,Cargo
Bintubiabungenda,Marchandise,0.0,Neutre,Mot,Merchandise,Impahla ethengisa,Handelsware,Dithoto tša go rekiša .,Intengiso,Kutengesa,Merchandise
Bintubiabululu,Fiel,0.0,Positive,Mot,Gall,Ing gang,Gall,Gall .,Inyongo,Gall,Gall
Bintubiamupuyamuimpe,Aromates,-1.0,Negative,Mot,Herbs,Amakhakhasi,Kruie,mešunkwane .,Amayeza,Herbs,Herbs
Bintubimanshakudiala,Ordure,-5.0,Negative,Mot,Garbage,Udoti,Vullis,Thogorogo,Inkunkuma,Marara,Marara
Binunubibidi,Deuxmille,0.0,Neutre,Nombre,Deuxmille,Deuxmille,Deuxmille,Deuxmille .,Deuxmille,Deuxmille,Deuxmille
Binunubinayi,Quatremille,9.90909090909091,Positive,Nombre,Quatremille,Quatremille,Quatremille,Quatremille .,IQuatmille,Quatmille,Quatremille
Binunubisatu,Troismille,9.90909090909091,Positive,Nombre,Troismille,I-troismlle,Troismille,T r o m i m i m l e l l e .,I-tromassille,Troismille,Troismille
Binunubitanu,Cinqmille,9.90909090909091,Positive,Nombre,Five thousand,Izinkulungwane Eziyisihlanu,Vyfduisend,Dikete tše hlano .,Amawaka amahlanu,Zviuru zvishanu,Zviuru zvishanu
Binunudikumi,Dixmille,9.90909090909091,Positive,Nombre,Ten thousand,Izinkulungwane eziyishumi,Tienduisend,Dikete tše lesome,Amawaka alishumi,Zviuru gumi,Zviuru gumi
Binunudikuminebibidi,Douzemille,9.90909090909091,Positive,Nombre,Twelve thousand,Ishumi nambili,Twaalfduisend,dikete tše lesomepedi tše dikete tše lesomepedi .,Ishumi elinambini lamawaka,Zviuru gumi nembiri,Zviuru gumi nezviviri
Binunumakumiabidi,Vingtmille,9.90909090909091,Positive,Nombre,Twenty thousand,Izinkulungwane ezingamashumi amabili,Twintigduisend,Dikete tše Masomepedi .,Amashumi amabini amawaka,Zviuru makumi maviri,Zviuru makumi maviri
Binunumakumiabidinebisatu,Vingt-troismille,9.90909090909091,Positive,Nombre,Twenty-three thousand,Izinkulungwane ezingamashumi amabili nantathu,Drie-en-twintigduisend,Dikete tše masomepedi-tharo .,Amashumi amabini anesithathu amawaka,Zviuru makumi maviri nezvitatu,zviuru makumi maviri nezvitatu
"Bipendu,kupenda",Outrage,11.3636363636364,Positive,Mot,Contempt,Ukudelela,Minagting,Lenyatšo,Ukudelela,Kuzvidza,Kuzvidza
Bipia,Tresse,11.5454545454546,Positive,Mot,Braided,-Ted,Gevleg,E logagantšwe .,Krazula,Yakagadzirirwa,Yakarukwa
Bipikilu,Bath,-5.0,Negative,Mot,Bath,Ukugeza,Bad,Go hlapa,Ibhafu,Kugeza,Bath
Bipusu,Gousse,0.0,Neutre,Mot,Pod,Upombolo,Peul,Pod .,Ipod,Pod,Pod
Bisabata,Sandale,2.0,Negative,Mot,Sandal,Isicathulo esivulekile,Sandaal,Setlhako sa Setlhako .,Imbadada,Shangu,Sandal
Bisaka,Corbeille,5.0,Positive,Mot,Basket,Ubhasikidi,Mandjie,Seroto .,Ibhasikithi,Tswanda,Basket
Bisambusambu,Tabernacle,4.0,Positive,Mot,Tabernacle,Itabernale,Tabernakel,Taberenakele .,Umnquba,Tabhenekeri,Tabhenakeri
Bishilangane,Contrairement,5.0,Negative,Mot,Contrary to,Ngokuphikisana nayo,In teenstelling met,go fapana le go .,Ngokuchasene,Zvinopesana,Contrary to
Bishimikidi,Fondement,3.0,Positive,Mot,Foundation,Isisusa,Stigting,Motheo,Isiseko,NYAYA,Foundation
Bisonji,Larme,0.0,Neutre,Mot,Tear,Ukudabula,Skeur,Gagola,Iinyembezi,Misodzi,Tear
Bisonsa,Foin,2.0,Neutre,Mot,Hay,Utshani oboile sebusikiwe,Hooi,Hay .,Hay,Hay,Hay
Bisote,Balle,4.0,Positive,Mot,Ball,Ibhola,Bal,Kgwele,Ibhola,Bhora,Bhora
Bitambe,Amplement,4.0,Positive,Mot,Ample,-Khulu,Voldoende,Se se lekanego .,Iphehle,Zvakakwana,Ample
Bitapikidi,Bourbier,-3.0,Negative,Mot,Quagmire,I-Quagmire,Moeras,Quagmire .,Quagmire,Quagmire,Quagmire
Bitekete,Défaillant,0.0,Neutre,Mot,Defaulter,Isiphenzana,Defaulter,Motho yo a sa lefelego .,Chaza,Defaulter,Default
Bitulubitulu,Exactement,8.0,Positive,Mot,Exactly,Ngokuyikho du,Presies,Thwii,Ngokuchanekileyo,Chaizvo,Ndizvozvo
Bituntuku,Reins,-3.0,Negative,Mot,Kidneys,Izinsolo,Niere,Dipshio .,Izintso,Itsvo,Itsvo
Bitupabiabungi,Reprises,5.0,Positive,Mot,Repeats,Iyaphinda,Herhaal,Dipheta .,Ukuphindaphinda,Kudzokorora,Inodzokorora
Bitupabiamubidi,Membre,4.0,Positive,Mot,Member,Ilungu,Lid,Leloko .,Ilungu,Nhengo,Member
Biuma,Bien-être,0.0,Neutre,Mot,Well-being,Inhlala-kahle,Welstand,Bophelo bjo bobotse .,Impilo-ntle,Zvakanaka,Hupenyu hwakanaka
Bizakalazakala,Raboteux,-9.0,Negative,Mot,Rugged,-Enziwe,Robuust,E makgwakgwa .,Rugged,Kukanda,Rugged
Bouwa,Peut-être,0.0,Neutre,Mot,Maybe,Kungenzeka,Miskien,Mohlomongwe,Ingayiyo,Pamwe,Pamwe
Bu,Guisede,5.0,Positive,Mot,Guisede,Geele,Guisede,Guisede .,Gudlelee,Guekita,Guisede
Bu,Environ,5.0,Positive,Mot,Approximately,Cishu,Ongeveer,E ka bago,Malunga,Dzinenge,Anenge
BuMubidi,Corporel,5.0,Positive,Mot,Corporal,Ukhoporali,Korporaal,Mokoporale .,Inkampani,Corpis,Corporal
Bumudi,Suivant,5.0,Positive,Mot,Following,Okulandelayo,Volgende,Latelago,Ukulandela,Zvinotevera,Kutevera
Bumuntu,Naturellement,5.0,Positive,Mot,Naturally,Ngokwendabuko,Natuurlik,Ka tlhago .,Ngokwemvelo,Zvakasikwa,Sezvingatarisirwa
Buabualu,Moyen,5.0,Positive,Mot,AVERAGE,-Vamile,GEMIDDELDE,MAGARENG,Umndilili,Pakati,AVERAGE
BuaBualu,Cause,5.0,Positive,Mot,Cause,Dala,Oorsaak,Hlola,Unobangela,Chikonzero,Chikonzero
Buabualuebu,Pourquoi,5.0,Positive,Mot,For what,Kwani,Vir wat,bakeng sa eng .,Yantoni,Yechii,Yechii
Buakukema,Merveilleux,8.0,Positive,Mot,Wonderful,-Mangalisayo,Wonderlik,Makatšago,Kuyamangalisa,Zvinoshamisa,Wonderful
Buamuandaeu,Exprès,0.0,Neutre,Mot,On purpose,Ngenjongo,Met opset,ka boomo .,Ngenjongo,Nechinangwa,Nechinangwa
Buapabuabu,Extraordinaire,7.0,Positive,Mot,Extraordinary,Mangalisayo,Buitengewoon,Fetišišago,Engaqhelekanga,Zvinoshamisa,Extraordinary
Buakane,Justice,4.0,Positive,Mot,Justice,Ubulungiswa,Geregtigheid,Toka,Ubulungisa,Kururamisira,Justice
Buakane,Seoir,-6.0,Negative,Mot,Seoir,Seoir,Seoir,Seoir .,Seoir,Seoir,Seoir
Buakuidi,Sacrificature,0.0,Neutre,Mot,Sacrifice,Hlabela,Opoffering,Ba sehlabelo,Ukubingelela,Chibayiro,Chibayiro
Bualu,Crime,-1.0,Negative,Mot,Crime,Ubugebengu,Misdaad,Bosenyi,Ulwaphulo-mthetho,Mhosva,Mhosva
Bualu,Cause,5.0,Positive,Mot,Cause,Dala,Oorsaak,Hlola,Unobangela,Chikonzero,Chikonzero
Bualubua,Effet,5.0,Positive,Mot,Effect,Umphumela,Effek,Seabe,Isiphumo,Maitiro,Mhedzisiro
Bualubuakukema,Prodige,4.0,Positive,Mot,Prodigy,Indawo okuphuma ezweni,Wonderkind,Prodigy .,Prodigy,Prodigy,Prodigy
Bualubukole,Difficilement,5.0,Positive,Mot,With difficulty,Ngobunzima,Met moeite,Ka bothata .,Ngobunzima,Nekuomerwa,Nekuomerwa
Bualubusokoka,Mystère,6.0,Positive,Mot,Mystery,Imfihlakalo,Misterie,Semaka,Imfihlakalo,Chakavanzika,Chakavanzika
Bualubusokokabuabupidia,Mystèred'iniquité,6.0,Positive,Mot,Mystery of iniquity,Imfihlakalo Yobubi,Verborgenheid van ongeregtigheid,Sephiri sa bokgopo .,Imfihlakalo yobutshinga,Chakavanzika chezvakaipa,Chakavanzika chekusarurama
"Bualu,muanda",Nouvelle,4.0,Positive,Mot,New,-Kwanamuhla,Nuut,Mpsha,Intsha,Nyowani,New
Buana,Enfance,4.0,Positive,Mot,Childhood,Ubuntwana,Kinderjare,Bobjana,Ebuntwaneni,Huhu,Uduku
Buangabuakulabakumesu,Collyre,4.0,Positive,Mot,Eye drops,I-Eye Drop,Oogdruppels,Marotholi a Mahlo .,Iliso lamehlo,Ziso rinodonha,Madonhwe emaziso
Buatu,Nacelle,2.0,Negative,Mot,Carrycot,Ephathekayo,Drabed,Carrycot .,I-carcot,Denda,Carrycot
Buatubukese,Chaloupe,0.0,Neutre,Mot,Boat,Isikebhe,Boot,Seketswana,Isikhephe,Chikepe,Boat
Buatu;mushete,Arche,1.0,Positive,Mot,Ark,UmkhumbiWE,Ark,Areka .,Umkhombe,Areka,Areka
Buatu.,Barque,1.0,Positive,Mot,Boat,Isikebhe,Boot,Seketswana,Isikhephe,Chikepe,Boat
Bubandi,Accusation,1.0,Positive,Mot,Charge,Khokhisa,Laai,Lefiša,Intlawulo,Mhosva,Charge
Bubanjibuabungi,Opulence,1.0,Negative,Mot,Opulence,Ukubizela,Weelderigheid,Opulence .,I-optilence,Opulence,Opulence
Bubi,Iniquité,-1.0,Negative,Mot,Iniquity,Ububi obukhona,Ongeregtigheid,Bokgopo .,Ubugwenxa,Zvakaipa,Kusarurama
Budibuakane,Convenir,3.0,Positive,Verbe,Agree,Vumelana,Stem saam,Dumela,Vuma,Bvumirana,Bvuma
Budibuimpe,Convenable,5.0,Positive,Mot,Suitable,-Fanele,Geskik,Maswanedi,Kufanelekile,Yakakodzera,Inokodzera
Budibuitabujibua,Indulgence,2.0,Positive,Mot,Indulgence,Okuzindulelayo,Genot,Go ikgotsofatša .,I-Inbulgetion,Kuzvisarudzira,Indulgence
Adikamakama,Inconvenance,2.0,Positive,Mot,Impropriety,Ukweqa noma,Onbehoorlikheid,Go se swanelege .,Ayilunganga,Zvinyoreso,Kusafanira
ADinanga,Aimable,6.0,Positive,Mot,Kind,-Nomusa,Soort,Mohuta,Uhlobo,Mutsa,Kind
Akuitabushisha,Persuasion,2.0,Positive,Mot,Persuasion,Ukuncenga,Oorreding,Kgodišo .,Ukweyisela,Kunyengetedza,Kunyengetedza
Akukema,Étrange,9.0,Positive,Mot,Odd,-Ngajwayelekile,Vreemd,Makatšago,Engaqhelekanga,Zvisinganzwisisike,Odd
Apabuawu,Exceptionnel,9.0,Positive,Mot,Exceptional,-Ngavamile,Uitsonderlik,Se se kgethegilego .,Ekhethekileyo,Zvakasiyana,Exceptional
Apatupu,Vain,5.0,Positive,Mot,Vain,-Yize,Tevergeefs,Lefeela .,Inkwenkwe,Hazvina basa,Vain
Atshianana,Oiseux,-3.0,Negative,Mot,Birds,Izinyoni,Voëls,Dinonyana .,Iintaka,Shiri,Shiri
Absinthe,Absinthe,-3.0,Negative,Mot,Absinthe,Absinthe,Absint,Absinthe .,I-absinthe,Absinther,Absinthe
AdiaTshiprofete,Prophétique,5.0,Positive,Mot,Prophetic,-Profethi,Profeties,Seporofeto sa boporofeta .,Isiprofetho,Kuporofita,Zvechiporofita
Adiakuatshisha,Profitable,5.0,Positive,Mot,Profitable,-Sizayo,Winsgewend,E na le poelo .,Inzuzo,Zvinobatsira,Inobatsira
"Adiashima(meyi,mayisha)",Artificieux,5.0,Positive,Mot,Artful,Ubunye Ubukhali,Kunstig,Botaki .,Ubugcisa,Art,Artful
Alléluia,Alléluia,8.0,Positive,Mot,Alleluia,Alleluia,Halleluja,Alleluia .,Alleluia,Allelaia,Alleluya!
Alo,Aloès,-3.0,Negative,Mot,Aloe,I-aloe,Aalwyn,Aloe .,Aloe,Aloe,Aloe
Alpha,Alpha,8.0,Positive,Mot,Alpha,UFakaziyeli,Alfa,Alpha .,Alpha,Alfa,Alpha
Amen,Amen,8.0,Positive,Mot,Amen,Amen,Amen,Amen .,Amen,Ameni,Ameni
Améthyste,Améthyste,-6.0,Positive,Mot,Amethyst,Amethyst,Ametis,Amethyst .,I-ameTotiste,Amethyst,Amethyst
Andi,Fonds,9.0,Positive,Mot,Funds,Izimali,Fondse,Ditšhelete .,Imali,Mari,Funds
Anu,Excepté,5.0,Positive,Verbe,Except,Kuphela,Behalwe,Ntle le,Ngaphandle,Kunze,Kunze
Anupinapu,Immédiatement,5.0,Positive,Mot,Immediately,Eduze,Onmiddellik,Ka potlako,Kwangoko,Pakarepo,Pakarepo
Anutuabatukesetuditshale,Presque,5.0,Positive,Mot,Almost,Pheshe,Amper,Nyakile,Phantse,Dzinenge,Kunenge
"Anu,misanguyonso,",Toutefois,4.0,Positive,Mot,However,Nokho,Egter,Le ge go le bjalo,Nangona kunjalo,Zvisinei,Zvisinei
Apa,Présent,4.0,Positive,Mot,Here,Lapha,Hier,Mo,Apha,Pano,Here
Apapabuloba,Ici-bas,5.0,Positive,Mot,Down here,Phansi lapha,Hier onder,Tlase mo .,Apha,Zasi apa,Pasi apa
Arène,Arène,-3.0,Negative,Mot,Arena,Inkundla,Arena,Arena .,I-arena,Arena,Arena
Argent,Argent,8.0,Positive,Mot,Money,Imali,Geld,Tšhelete,Imali,Mari,Mari
Dî,Parole,6.0,Positive,Mot,Word,Uhlamvu lwegama,Woord,Lentšu,Igama,Izwi,Shoko
Diabalume,Droit,9.0,Positive,Mot,Right,Ngakwesokudla,Reg,Nepagetše,Kunene,Rudyi,Rudyi
Diabananebana,Fraternel,8.0,Positive,Mot,Fraternal,Imbangi,Broederlik,borwarre .,Ubuthathaka,Zvekunamata,Hama
Diamuditumba,Angulaire,-3.0,Negative,Mot,Angular,-Ngularle,Hoekig,Angular .,I-angular,Kurongeka,Angular
Dia,Dominical,0.0,Neutre,Verbe,Dominical,-Ngaphambili,Dominical,Dominical .,I-dumical,Dominical,Dominical
Diabulu,Diable,-6.0,Negative,Mot,Devil,Onakele,Duiwel,Diabolo,UMtyholi,Dhiabhori,Dhiyabhorosi
"Diabulu,demon",Démon,-6.0,Negative,Mot,Demon,Idimoni,Demoon,Letimone,Idemon,Dhimoni,Dhimoni
Diakane,Favorable,9.0,Positive,Mot,Favorable,Vumelanayo,Gunstig,E kgahlišago .,Kufanelekileyo,Zvakanaka,Favorable
Diakane,Commode,3.0,Positive,Mot,Convenient,-Seduze,Gerieflik,Loketšego,Ilula,Nyore,Convenient
"Diakane,buimpe",Digne,3.0,Positive,Mot,Worthy,-Fanele,Waardig,Nago le mohola,Kufanelekile,Yakakodzera,Zvakakodzera
Diambedi,D’abord,8.0,Positive,Mot,First of all,Okokuqala nje,Eerstens,Pele ga tšohle .,Okokuqala,Kutanga kwazvose,Kutanga kwazvose
Diandamuna,Réponse,9.0,Positive,Mot,Answer,Impendulo,Antwoord,Karabo,Impendulo,Mhinduro,Pindura
Diapa,Épaule,2.0,Positive,Mot,Shoulder,Igxalaba,Skouer,Legetla,Igxalaba,Pfudzi,Shoulder
Diba,Heure,9.0,Positive,Mot,Hour,Ihora,Uur,Iri,Yure,Awa,Awa
Diba,Soleil,8.0,Positive,Mot,Sun,Ilanga,Son,Letšatši,Ilanga,Zuva,Zuva
Dibaadi,Aussitôt,5.0,Positive,Mot,Right away,Khona manje,Dadelik,Gateetee .,Ngoku nangoku,Ipapo,Ipapo
Dibadiabuakane,Soleildejustice,4.0,Positive,Mot,Sunofjustice,I-SunofJustice,Sunofjustice,Sunofjustice .,Ilanga,Sunoftion,Sunofjustice
Dibadikese,Instant,6.0,Positive,Mot,Instant,Khona manje,Kits,Gatee,Kwangoko,Pakarepo,Instant
Dibaka,Mariage,9.0,Positive,Mot,Marriage,Ukugana,Huwelik,Lenyalo,Umtshato,Kuroora,Kuroorana
Dibala,Lecture,6.0,Positive,Mot,Reading,Ukufunda,Lees,Go bala,Ukufunda,Kuverenga,Kuverenga
Dibanza,Dette,9.0,Positive,Mot,Debt,Isikweletu,Skuld,Sekoloto,Ityala,Chikwereti,Chikwereti
Dibaya,Planche,4.0,Positive,Mot,Plank,Iplank,Plank,Lepolanka .,Iplanga,Plank,Plank
Dibeji,Feuille,5.0,Positive,Mot,Leaf,Ikhasi,Blaar,Lehlare,Amagqabi,Mashizha,Leaf
Dibela,Discipliner,3.0,Positive,Mot,Discipline,Imfundiso yokulalela,Dissipline,Kgalema,Uqeqesho,Kurangwa,Kuranga
Dibidi(dituku),Deuxième,7.0,Positive,Mot,Second,-Lekayo,Tweedens,Motsotswana,Isibini,Chepiri,Chepiri
Dibikakulufu,Résurrection,6.0,Positive,Mot,Resurrection,Ukubusa,Opstanding,Tsogo .,Uvuko,Kumuka,Kumuka kuvakafa
Dibikidibua,Vocation,5.0,Positive,Mot,Vocation,Ubizo,Roeping,Pitso ya .,Umsebenzi,Basa,Vocation
Dibikila,Appel,5.0,Positive,Verbe,Call,Memeza,Bel,Bitša,Umnxeba,Kufona,Call
Dibingishibua,Justification,5.0,Positive,Mot,Justification,Ukuthethelela isizathu esizwakalayo,Regverdiging,Go lokafatšwa .,Ukuzithethelela,Kururamisa,Kururamisa
Diboko,Bras,4.0,Positive,Verbe,Arm,Hlomisa,Arm,Letsogo,Ingalo,Ruoko,Arm
Dibue,Caillou,3.0,Positive,Verbe,Pebble,Imbokojwana,Klippie,Pebble .,I-pebble,Pebble,hurungudo
Dibueamushingamukole,Permanent,2.0,Positive,Verbe,Permanent,-Ngenakuguqulwa,Permanent,Ruri,Isigxina,Zvachose,Permanent
Dibuediamuditumba,Pierre(caused'achoppement),5.0,Positive,Verbe,Peter (cause of stumbling),UPeter (imbangela yokukhubeka),Petrus (oorsaak van struikeling),Petro (sebaki sa go kgopša) .,UPeter (unobangela wokukhubeka),Peter (chikonzero chekugumburwa),Peter (chikonzero chekugumburwa)
Dibuediatshilenduishi,Piété,4.0,Positive,Mot,Piety,Ukuphuthakaleka,Vroomheid,Borapedi bja borapedi .,Proity,Pity,Kunamata Mwari
Dibuedinene,Meule,2.0,Positive,Mot,Grindstone,Ukugaya,Slypsteen,Lefsika la go šila .,I-Grindstone,Grindstone,Grindstone
"Dibuedinene,lubuebue",Roc,0.0,Neutre,Mot,Rock,Itshe elikhulu,Rots,Letlapa,Iliwa,Dombo,Dombo
Dibueditoketô,Cristal,4.0,Positive,Mot,Crystal,Itshe elikhanya okwengilazi,Kristal,kristale .,Ikristali,Crystal,Crystal
Dibuejibua,Introduction,8.0,Positive,Mot,Introduction,Ukuqalisa,Inleiding,Matseno,Intshayelelo,Nhanganyaya,Nhanganyaya
Dibuela,Entrée,5.0,Positive,Mot,Entrance,Ukungena,Ingang,Mojako,Ukungena,Kupinda,Entrance
Dibuelakana(malumabuelakane),Désordre,2.0,Positive,Mot,Mess,Nyakanyekisa,Gemors,Bošaedi,Ukungcola,Nyonganiso,Mess
Dibuenekakumesu,Extérieurement,4.0,Positive,Mot,Externally,Ngaphesheya,Ekstern,Ka ntle .,Ngaphandle,Kunze,Kunze
Dibuikidila,Pardon,8.0,Positive,Mot,Pardon,Xolela,Verskoon,Tshwarelo,Uxolelo,Kuregerera,Pardon
Dibuikidila(mulambuwa),Propitiation,3.0,Positive,Mot,Propitiation,Isazisa,Versoening,Poelano .,Ukuveliswa,Kuperekedza,Propitiation
Dibulu,Masse,5.0,Positive,Mot,Mass,Okuninginingi,Mis,Boima,Ubunzima,Misa,Misa
Dibuluibua,Révélation,5.1047619047619,Positive,Mot,Revelation,Ukwazisa,Openbaring,Kutollo .,ISityhilelo,Zvakazarurwa,Zvakazarurwa
Dibungama,"Défait,Regret",5.25119047619047,Positive,Mot,"Defeated, Regret","Ahluliwe, asole","Verslaan, spyt","Go fenywa, go itshola .","Yoyisiwe, ukuzisola","Kukundwa, kuzvidemba","Kukundwa, Zvidemba"
Dibungi,Nuage,5.39761904761904,Positive,Mot,Cloud,Amafu,Wolk,Leru,Ilifu,Gore,Cloud
Dibungibungi,Vapeur,5.54404761904761,Positive,Mot,Steam,Isitimu,Stoom,Phišo,I-steam,Steam,Steam
Dibutuka,Désolation,5.69047619047619,Positive,Mot,Desolation,Ukuncithakalo,Verlatenheid,Lešope .,Phanzisiwe,Dongo,Kuparadza
Didiadiadisanka,Festin,5.83690476190476,Positive,Mot,Feast,Idili,Fees,Monyanya,Umthendeleko,Mabiko,Mabiko
Didianjila,Avance,5.98333333333333,Positive,Mot,Advance,Sondela,Bevorder,Gatetšego pele,Phambili,Kufambira mberi,Advance
Didianjilakukosabualumumutshima,Préférence,6.1297619047619,Positive,Mot,Preference,Ukuqoka,Voorkeur,Kgetho,Ukukhetha,Kuda,Preference
Didianjilakumanya,Préconnaissance,6.27619047619047,Positive,Mot,Precognition,Ukuhlukanisela izinhlanga,Voorkennis,Go lemoga pele ga nako .,Ukuqonda,Precognitionition,Precognition
Didibingisha,Excuse,6.42261904761904,Positive,Mot,Excuse,Xolela,Ekskuus,Lebalela,Uxolo,Ruregerero,Kuregerera
Dididishi,Fenêtre,0.0,Neutre,Mot,Window,Iwindi,Venster,Lefasetere,Iwindow,Hwindo,Hwindo
Didikanda,Tempérance,6.71547619047619,Positive,Mot,Temperance,Ukugxila,Matigheid,Go itshwara ka tlase ga tekanyo .,Ushushu,Kuzvidzora,Kuzvidzora
"Didimuisha,dilongesha,kalasa",Discipline,6.86190476190476,Positive,Mot,Discipline,Imfundiso yokulalela,Dissipline,Kgalema,Uqeqesho,Kurangwa,Kuranga
Didinga,Fraude,7.00833333333333,Positive,Mot,Fraud,Ubuwanqa,Bedrog,Bomenetša,Ubuqhetseba,Kubiridzira,Chitsotsi
Didisankisha,Satisfaction,7.1547619047619,Positive,Mot,Satisfaction,Ukugculiseka,Tevredenheid,Kgotsofalo,Ulwaneliseko,Kugutsikana,Kugutsikana
Didisua;diambu,Orgueil,7.30119047619047,Positive,Mot,Pride,Ukuziqhenya,Trots,Boitumelo,Ikratshi,Kudada,Kuzvikudza
Didiunda,Croissance,7.44761904761904,Positive,Mot,Growth,Ukundlondlobala,Groei,Kgolo,Ukukhula,Kukura,Kukura
Didiundisha,Avancement,7.59404761904761,Positive,Mot,Advancement,Ukuqhubekela phambili,Vooruitgang,Kgatelopele .,Ukuqhubela phambili,Kufambira Mberi,Kufambira mberi
Dieba,Aiguillon,-3.0,Neutre,Mot,Sting,Tinyela,Steek,Loma,Ukubetha,Kuruma,Kuruma
Diedibuadiamanyi,Onction,3.0,Positive,Mot,Anointing,Ukugcotshwa,Salwing,Tlotšo .,Ukuthanjiswa,Kuzodza,Kuzodzwa
Dienza,Opérant,4.0,Positive,Mot,Operator,Osebenzayo,Operator,Modiriši .,Umqhubi,Operator,Operator
Dienzejadiadipambuka,Énergied'erreur,-6.0,Negative,Mot,Error energy,Amandla ephutha,Fout energie,Energy ya phošo .,Impazamo yamandla,Kukanganisa simba,Simba rekukanganisa
Dienzejibuakubukole,Contrainte,0.0,Positive,Mot,Constraint,Ingxabano,Beperking,Thibelo .,Isithintelo,Kumanikidza,Constraint
Difikadiamunda,Courroux,5.0,Positive,Mot,Wrath,Ukuthukusana,Toorn,Kgalefo,Ingqumbo,Kutsamwa,Hasha
Difikishamunda,Irritation,7.0,Positive,Mot,Irritation,Ukucunula,Irritasie,Go hlohlona .,Ukucaphukisa,Kutsamwiswa,Irritation
Difu,Estomac,5.0,Positive,Mot,Stomach,Isisu,Maag,Dimpa,Isisu,Dumbu,Dumbu
Difuma,Lance,5.0,Positive,Mot,Spear,Izala,Spies,Lerumo la lerumo .,Umkhonto,Pfumo,Pfumo
Difutu,Dépens,5.0,Positive,Mot,Costs,Izindleko,Kostes,Ditshenyagalelo .,Iindleko,Mari,Mariro
Dikenga,Tribulation,5.0,Positive,Mot,Tribulation,Usizi,Verdrukking,Matshwenyego .,Imbandezelo,Kutambudzika,Kutambudzika
Dikenga,Détresse,-1.0,Negative,Mot,Distress,Usizi,Nood,Kgakanego,Uxinzelelo,Kutambudzika,Kushungurudzika
Dikengadiabintu,Privation,5.0,Positive,Mot,Deprivation,Ukwehliswa,Ontneming,Go hloka .,Ukuthotywa,Kunyimwa,Kunyimwa
Dikengeshibua,Oppression,5.0,Positive,Mot,Oppression,Ukuhlupheka,Onderdrukking,Kgatelelo .,Ingcinezelo,Kudzvinyirira,Kudzvinyirirwa
Dikenke,Éclat,5.0,Positive,Mot,Glow,Nkemuzela,Gloei,Phadima,Qaphela,Kupenya,Kupenya
Dikima,Assurance,5.0,Positive,Mot,Insurance,Umshwalense,Versekering,Inšorentshe,I-inshurensi,Inishuwarenzi,Inishuwarenzi
Dikisha,Repos,5.0,Positive,Mot,Rest,Thulisa,Rus,Khutša,Phumla,Zorora,Zorora
Dikolesha,Exercer,5.0,Positive,Mot,Exercise,Vocavoca,Oefen,Itšhidulla,Umthambo,Kurovedza muviri,Exercise
Dikonka,Question,5.0,Positive,Mot,Question,Buza,Vraag,Potšišo,Umbuzo,Mubvunzo,Mubvunzo
Dikuatshisha,Contribution,5.0,Positive,Mot,Contribution,Isethulo,Bydrae,Seabe,Igalelo,Mupiro,Mupiro
Dikuatshishangana,Fournissement,5.0,Positive,Mot,Supply,Phakela,Voorsiening,Kabo,Ukubonelela,Goverwa,Supply
Dikudimuka,Variation,5.0,Positive,Mot,Variation,Ukuphenduka,Variasie,Phapano .,Umahluko,Kusiyana,Variation
Dikudimuna,Changement,5.0,Positive,Mot,Change,Phendula,Verander,Phetogo,Utshintsho,Shanduko,Change
Dikudimunadiamutshima,Repentance,5.0,Positive,Verbe,Repentance,Ukuphenduka,Bekering,tshokologo .,Inguquko,Kupfidza,Kupfidza
Dikumadiamutshimabipetamunjilamibi,Avided'ungainhonteux,5.0,Positive,Mot,Hungry for shameful gain,Elambile ngenzuzo eyihlazo,Honger vir skandelike wins,Tlala ya go hwetša poelo e hlabišago dihlong .,Balambile ukufumana inzuzo yeentloni,Nzara yekuwana nyadzi kuwana,Nzara yepfuma inonyadzisa
Dikumadiamutshimakubiuma,Avarice,5.0,Positive,Mot,Avarice,Iphazazela,Gierigheid,Avarice .,I-avarice,Avarice,Avarice
Dikumbana,Accomplissement,4.0,Positive,Mot,Accomplishment,Ubungcweti,Prestasie,Phihlelelo .,Impumelelo,Kuita,Kubudirira
Dikumi,Dix,10.0,Positive,Nombre,Ten,Ishumi,Tien,Lesome,Shumi,Gumi,Gumi
Dikuminebinayi,Quatorze,8.0,Positive,Nombre,Fourteen,Ishumi nane,Veertien,Lesomenne,Shumi elinane,Gumi neina,Gumi neina
Dikumineibidi,Douze,8.0,Positive,Nombre,Twelve,Ishumi nambili,Twaalf,Lesomepedi,Shumi elinambini,Gumi nembiri,Gumi nembiri
Dikumineitanu,Quinze,8.0,Positive,Nombre,Fifteen,Ishumi nanhlanu,Vyftien,Lesomehlano,Shumi elinantlanu,Gumi neshanu,Gumi neshanu
Dikuminemuandamukulu,Dix-huit,6.0,Positive,Nombre,Eighteen,Ishumi nesishayagalombili,Agtien,Lesomeseswai,Shumi elinesibhozo,Gumi nesere,Gumi nesere
Dikumineumue,"Onze,Onzième",6.0,Positive,Nombre,"Eleven,Eleventh","Eleven, Eleventh","Elf, elfde","Lesometee,lesometee .","Ishumi elinanye, ishumi elinanye","Eleven, wegumi nemumwe","Eleven, Eleventh"
Dikunji,Colonne,6.0,Positive,Mot,Column,Insika,Kolom,Kholomo,Ikholamu,Column,Column
Dikunyibua,Implanté,6.0,Positive,Mot,Implanted,-Yisimukisa,Ingeplant,E tsentšwe .,Ifakwe,Yakamiswa,Kudyarwa
Dikunza,Roux,6.0,Positive,mm,Redhead,-Bhebhe kahle,Rooikop,Moriri o mohwibidu .,Redhead,Redhead,Redhead
Dikuta,Monnaie,6.0,Positive,Mot,Cash,Ukheshi,Kontant,Kheše,Imali,Mari,Cash
Dikutadikese,Sou,6.0,Positive,Mot,Sou,Ubuhlanga,Sou,Sou .,I-sou,Sou,Sou
Diledibuakuatshiakabidi,Régénération,6.0,Positive,Mot,Regeneration,Ukunyusa kabusha,Herlewing,Go tswalwa gape .,Ukuvuselelwa kwakhona,Kuzvidzora,Kuberekwa patsva
Dilejadiamampa,Propositionsdespains,2.0,Positive,Mot,Bread suggestions,Iziphakamiso zesinkwa,Broodvoorstelle,Ditšhišinyo tša Borotho .,Iingcebiso zesonka,Mazano eChingwa,Mazano echingwa
Dilejatshilema,Reproche,8.0,Positive,Mot,Reproach,Ngqonhlamvu,Verwyt,kgobošo .,Ingcikivo,Kuzvidza,Kuzvidzwa
"Dilelela,tshiditshiakueyemenyibua",Certain,6.0,Positive,Mot,Certain,-Azi kahle,Seker,Dingwe,Ezithile,Vamwe,Chokwadi
Dilengeja,Purification,5.0,Positive,Mot,Purification,Ukuhlambululela,Suiwering,Tlhokomelo ya .,Ukucocwa,Kucheneswa,Kucheneswa
Dilengejibua,Perfection,5.0,Positive,Mot,Perfection,Ukuphelela du,Perfeksie,Phethego .,Ukugqibelela,Kukwana,Kukwana
Dilengesha,Parure,5.0,Positive,Mot,Adornment,Ukuhlobisa,Versiering,Mokgabišo .,Uhombiso,Kushongedza,Kushongedza
Dileta,Lettre,5.0,Positive,Mot,Letter,Uhlamvu lokulandelana kwamagama,Brief,Lengwalo,Ileta,Tsamba,Tsamba
Diloba,Pêche,5.0,Positive,Mot,Fishing,Ukufakaza,Visvang,Go rea dihlapi .,Ukuloba,Kubata hove,Kubata hove
Dilobo,Port,5.0,Positive,Mot,Port,Itheku,Port,Phote,Izibuko,Port,Port
Dilolo,Soir,5.0,Positive,Mot,Evening,Kusihlwa,Aand,Mantšiboa,Ngokuhlwa,Manheru,Manheru
Dilomba,Demande,7.0,Positive,Mot,Request,Nxusa,Versoek,Kgopelo,Isicelo,Chikumbiro,Chikumbiro
Dilondololadiandelanganyi,Généalogie,7.0,Positive,Mot,Genealogy,Kohluzo,Genealogie,Leloko la leloko .,Umlibo,Genealogy,Genealogy
Dilonga,Bassin,5.0,Positive,Mot,Basin,Indishi,Wasbak,Beisine .,I-basin,Bhesin,Basin
Dilonga(dialabale),Plat,5.0,Positive,Mot,Flat,Caba,Plat,Folete,Iflethi,Flat,Flat
Dilongesha,Enseignement,5.0,Positive,Verbe,Education,Imfundo,Onderwys,Thuto,Imfundo,Dzidzo,Dzidzo
Dilongolola,Préparation,4.0,Positive,Verbe,Preparation,Amalungiselelo,Voorbereiding,Boitokišo,Ukulungiselela,Kugadzirira,Kugadzirira
Dilua,Arrivée,1.0,Positive,Mot,Arrival,Ukufika,Aankoms,Go fihla,Ukufika,Kusvika,Kusvika
Diluangana,Lutte,2.0,Positive,Mot,Struggle,Umshikashika,Stryd,Katana,Umzabalazo,Kurwira,Kutamburira
Dilubakana,Embarras,3.0,Positive,Verbe,Embarrassment,Ukuphoxeka,Verleentheid,Go hlabja ke dihlong .,Iintloni,Kunyara,Kunyara
Dilulama,Droiture,4.0,Positive,Verbe,Righteousness,Ukulunga,Geregtigheid,Go loka .,Ubulungisa,Kururama,Kururama
Dilumbuluisha,Jugement,1.0,Positive,Mot,Judgement,Isahlulelo,Oordeel,Kahlolo .,Umgwebo,Kutongwa,Kutonga
Dima,Argile,2.0,Positive,Mot,Clay,Ubumba,Klei,Letsopa,Udongwe,Ivhu,Clay
"Dimanya,lungenyi",Connaissance,2.85714285714286,Positive,Mot,Awareness,Ukuzwa,Bewustheid,Temogo,Ukwazisa,Kuziva,Kuziva
Dimanyisha,Information,3.0,Positive,Mot,Information,Ulwazi,Inligting,Tshedimošo,Ulwazi,Ruzivo,Information
Dimiamina,Aspersion,3.14285714285715,Positive,Mot,Aspersion,Ukudabula,Aspersie,Aspersion .,I-appersion,Sabashi,Aspersion
Diminu,Semence,3.28571428571429,Positive,Mot,Seed,Inhlwanyelo,Saad,Peu,Imbewu,Mbeu,Mbeu
Dimoma,Rouille,3.42857142857143,Positive,Mot,Rust,Ukugqwala,Roes,Moruswi .,Rust,Ngura,Ngura
Dimueneka,Apparition,3.57142857142857,Positive,Mot,Appearance,Ukubonakala,Voorkoms,Ponagalo,Imbonakalo,Chitarisiko,Chitarisiko
Dimuenesha,Démonstration,3.71428571428572,Positive,Mot,Demonstration,Isibonakaliso,Demonstrasie,Pontšo .,Umboniso,Kuratidzira,Kuratidzira
Dina,Fos,3.85714285714286,Positive,Mot,Fos,Ukuphambuza,Fos,FOS .,Fos,Fos,Fos
Dinadiamayi,Fontaine,4.0,Positive,Mot,Fountain,Isisuko,Fontein,Sediba .,Umthombo,Tsime,Tsime
Dinanga,Amour,4.14285714285715,Positive,Mot,Love,Thanda,Liefde,Lerato,Uthando,Rudo,Rudo
Dinanga,Affection,4.28571428571429,Positive,Mot,Affection,Uthando,Geneentheid,Lerato,Uthando,Rudo,Rudo
Dinanukila,Persévérer,4.42857142857143,Positive,Mot,Persevere,Phikelela,Volhard,Kgotlelelo .,Zingise,Kutsungirira,Shingirira
Dinda,Matin,4.57142857142857,Positive,Mot,Morning,Ekuseni,Oggend,Mesong,Ntseni,Mangwanani,Mangwanani
Dinda,Pointdujour,4.71428571428572,Positive,Mot,Pointdujour,Inkani,Pointdujour,Ntlha ya Dujour .,I-PORTUKURE,Pointdujour,Pointdujour
Dinemekela,Révérence,4.85714285714286,Positive,Mot,Reverence,Ukuhlonipha,Eerbied,Tlhompho .,Intlonipho,Kuremekedza,Kuremekedza
Dinowa,Moisson,5.14285714285715,Positive,Mot,Harvest,Okuvuniweyo,Oes,Buna,Ukuvuna,Gohwo,Kukohwa
Dinu,Dent,5.28571428571429,Positive,Mot,Tooth,Izinyo,Tand,Leino,Izinyo,Zino,Zino
Dinua,Boire,5.42857142857143,Positive,Mot,Drink,Phuza,Drink,Nwa,Isiselo,Kunwa,Inwai
Dinunganyi,Rumeur,5.57142857142857,Positive,Mot,Rumor,Inzwabethi,Gerugte,Mabarebare .,Rumor,Runyerekupe,Runyerekupe
Dinungu,Jointure,5.71428571428572,Positive,Mot,Join,Xhuma,Sluit aan,Kopanya,Joyina,Join,Join
"Dinvuenkenya,Lupuishi",Poussière,5.85714285714286,Positive,Mot,Dust,Uthuli,Stof,Lerole,Uthuli,Guruva,Guruva
Dinyanguka,Corruption,6.0,Positive,Mot,Corruption,Ukonakala,Korrupsie,Bomenetša .,Urhwaphilizo,Uori,Huori
Dinyangukadiamoyo,Dissolution,6.14285714285715,Positive,Mot,Dissolution,Ukucacisa,Ontbinding,Go phatlalatšwa .,Ukutshitshiswa,Kupaza,Dissolution
Dinyanguta,Avarie,6.28571428571429,Positive,Mot,Damage,Umonakalo,Skade,Tshenyo,Umonakalo,Kukuvara,Kukuvadza
Dinyoka,Sentence,6.42857142857143,Positive,Mot,Sentence,Jezisa,Sin,Lefoko,Isivakalisi,Mutsara,Mutsara
Dinyunguluka,Tour,6.57142857142857,Positive,Mot,Round,-Yingiliza,Ronde,Sediko,Jikelezo,Kutenderera,Round
Diondoka,Profond,6.71428571428572,Positive,Mot,Deep,-Julile,Diep,Tlase,Nzulu,Zvakadzika,Deep
Dipadialuse,Dondegrâce,4.0,Positive,Mot,Dondegrace,I-donderace,Dondegrace,Dondegrace .,Dondergracce,Donendegrce,Dondegrace
Dipambuisha,Séduction,4.0,Positive,Mot,Seduction,Ukuhlenga,Verleiding,Kgoketšo .,Ukucocwa,Kunyengerera,Seduction
Dipambuka,Égarement,4.0,Positive,Mot,Astrayment,Okokugwemakaza,Dwaling,Go aroša .,Ukuphazamiseka,Kutsauka,Kurasika
Dipandulula,Division,4.0,Positive,Mot,Division,Isabelo,Afdeling,karohano .,Ukwahlula,Kupatsanura,Division
Dipangadiakudikanda,Incontinence,4.0,Positive,Mot,Incontinence,Ukungabaza,Inkontinensie,Go se kgone go itshwara .,Ukungakhathali,Kusakwana,Incontinence
Dipangadikuatshisha,Inutilité,4.0,Positive,Mot,Uselessness,Ukungabi nalusizo,Nutteloosheid,Go hloka mohola .,Ukungasebenzi,Usashande,Kusabatsira
Dipangadinyanguka,Incorruptibilité,4.0,Positive,Mot,Incorruptibility,Ukulimaza ingozi,Onkreukbaarheid,Go se senyege .,Ukungakwazi,Kusoraka,Kusaora
Dipangadija,"Opinion,Propos",4.0,Positive,Mot,"Opinion, Comment","Umbono, ubeke amazwana","Opinie, kommentaar","Kgopolo, Tlhaloso .","Uluvo, izimvo","Maonero, kutaura","Maonero, Comment"
Dipatuka,Sortie,4.0,Positive,Mot,Exit,Phuma,Verlaat,Tšwa,Phuma,Kubuda,Exit
Dipeta,Acquisition,4.0,Positive,Mot,Acquisition,Okutholakele,Verkryging,Phihlelelo,Ukufunyanwa,Kutora,Kuwana
Dipetu,IgMotinie,4.0,Negative,Mot,IgMotinie,Igmotinie,IgMotinie,Igmotinie .,Igmotinie,Igmotinie,IgMotinie
Dipikula,Délivrance,0.0,Neutre,Mot,Deliverance,Ukukhululwa,Bevryding,Tokollo .,Ukuhlangulwa,Kununurwa,Kununurwa
Dipila,Condamnation,4.0,Positive,Mot,Conviction,Isigwebo,Oortuiging,Go bonwa molato .,Ukuqiniseka,Kutendiswa,Kutendiswa
"Dipingana,dipingaja",Retour,4.0,Positive,Mot,Back,-Dlulile,Terug,Morago,Umva,Kumashure,Back
Dipita,Victoire,4.0,Positive,Mot,Victory,Ukwahlula,Oorwinning,Phenyo .,Uloyiso,Kukunda,Kukunda
Dipumbisha,Obstacle,4.0,Positive,Mot,Obstacle,Isiphazamiso,Hindernis,Lepheko,Umqobo,Chipinganidzo,Chipingamupinyi
Dipumbishibua,Absence,4.0,Positive,Mot,Absence,Ukungabibikho,Afwesigheid,Se be gona,Ukungabikho,Kusavapo,Kusavapo
Dipungadiyi,Consentementmutuel,4.0,Positive,Mot,Mutualconsent,Mutalconsent,Wedersydse instemming,MutualConcent .,I-mutialscont,Mutualconsent,Mutualconsent
Dipungi,Fatigue,4.0,Positive,Mot,Fatigue,Ukudinwa,Moegheid,Lapile kudu,Ukudinwa,Kupera simba,Kuneta
Dipuyakana,Respiration,4.0,Positive,Mot,Breathing,Ukuphefumula,Asemhaling,Go hema .,Ukuphefumla,Kufema,Kufema
Disakidila,Gratitude,4.0,Positive,Mot,Gratitude,Ukubonga,Dankbaarheid,Tebogo,Umbulelo,Kutenda,Kutenda
Disalayi,Satellite,4.0,Positive,Mot,Satellite,Imvoko,Satelliet,Sathalaete .,Isatellite,Satellite,Satellite
Disalayidilamidiatshitudilu,Préfetduprétoire,4.0,Positive,Mot,Prefect of the praetorium,Prefect of the praetorium,Prefek van die pretorium,Prefect ya praetorium .,Phinda umphambili wePlayetotium,Fungidziro yeiyo praetorium,Prefect wepraetorium
Disama,Maladie,4.0,Positive,Mot,Disease,Isifo,Siekte,Bolwetši,Isifo,Chirwere,Chirwere
Disamadiamashiapatuka,Flux,4.0,Positive,Mot,Flow,Thuntululeka,Vloei,Elela,Ukuhamba,Kuyerera,Flow
Disamadiamubidikapia,Fièvre,4.0,Positive,Mot,Fever,Imfiva,Koors,Letadi,Ifiva,Kupindwa nechando,Kupindwa nechando
Disambakana,Rencontre,4.0,Positive,Mot,Encounter,Hlangana,Ontmoeting,Gahlana,Ukudibana,Kusangana,Kusangana
Disambi,Consolation,4.0,Positive,Mot,Consolation,Iduta,Troos,Khomotšo .,Intsomi,Nyaradzo,Nyaradzo
Disangisha,Rassemblement,4.0,Positive,Mot,Gathering,Idili,Byeenkoms,Kopano,Ukuqokelela,Kuungana,Kuunganidza
Disangishadiabintu,Collecte,4.0,Positive,Mot,Collection,Izinto ezibuthelwe ndawonye,Versameling,Kgoboketšo,Ingqokelela,Unganidzo,Collection
Disanka,Béatitude,4.0,Positive,Mot,Bliss,Ubumnandi,Geluk,Boiketlo,Bliss,Bliss,Bliss
Disanka,Heureux,4.0,Positive,Mot,Happy,-Eneme,Gelukkig,Thabile,Bonwabile,Kufara,Happy
Disanka,Joyeusement,4.0,Positive,Mot,Joyfully,-Nengelo,Vreugdevol,ka lethabo .,Ngovuyo,Nomufaro,Nomufaro
Disankadiamuoyo,Volupté,4.0,Positive,Mot,Voluptuousness,Ukuzinikela,Welwillendheid,Go ba le ditho tša ka ntle .,Ukuzivocavoca,Kutsiva,Voluptuousness
Disankadinene,Transport,4.0,Positive,Mot,Transportation,Ukuthutha,Vervoer,Thomelo ka senamelwa,Ukuthutha,Zvekufambisa,Transportation
Disele,Roseau,4.0,Positive,Mot,Reed,Umnyathi,Riet,Reed .,Ingcongolo,Reed,Reed
Disengelela,Supplication,5.0,Positive,Mot,Supplication,Ukunxusa,Smeking,Kgopelo .,Ukucela,Kuteterera,Kuteterera
Dishima,Mensonge,5.0,Negative,Mot,Lie,Ginqika,Lieg,Maaka,Ubuxoki,Kunyepa,Nhema
Dishimbuka,Ruine,4.0,Negative,Mot,Ruin,Ingqile incithakalikayo,Ruïne,Senya,Ukonakala,Kukuparadza,Ruin
Dishiya,Rive,0.0,Neutre,Mot,Shore,Ugu,Oewer,Lebopo,Unxweme,Mahombekombe,Shore
Disombuela,Vengeance,5.0,Positive,Mot,Revenge,Ukuphindisela,Wraak,Itefeletša,Ukuziphindezela,Kutsiva,Kutsiva
Disoso,Déchirure,4.0,Positive,Mot,Tear,Ukudabula,Skeur,Gagola,Iinyembezi,Misodzi,Tear
Disu,Œil,4.0,Positive,Mot,Eye,Ihlo,Oog,Leihlo,Iliso,Ziso,Ziso
Disu,Trou,5.0,Positive,Mot,Hole,Umgodi,Gat,Lešoba,Umngxunya,Gomba,Hole
Disua,Souhait,5.0,Positive,Mot,Wish,Fisa,Wens,Duma,Ndinqwenela,Chishuwo,Wish
Disua,Volonté,4.77272727272727,Positive,Mot,Will,Isifiso,Sal,Tla,Iya,Kuda,Will
Disumakaja,Grincement,4.81468531468532,Positive,Mot,Squeak,Ntswininiza,Piep,Squeak .,Squeak,Svina,Squeak
Disuminyina,Activité,4.85664335664336,Positive,Mot,Activity,Ukukhuthala,Aktiwiteit,Mošomo,Umsebenzi,Chiitiko,Chiitiko
Disungula,Choix,4.8986013986014,Positive,Mot,Choice,Ukukhetha,Keuse,Kgetho,Ukhetho,Sarudzo,Sarudzo
Disunsula,Détail,4.94055944055944,Positive,Mot,Detail,Umniningwane,Detail,Ka botlalo,Iinkcukacha,Ruzivo,Detail
Ditabala,Recouvrement,4.98251748251748,Positive,Mot,Recovery,Ukululama,Herstel,Kutollo,Ukubuyisela kwimeko yesiqhelo,Kupora,Kupora
Ditabuja,Réception,5.02447552447553,Positive,Mot,Reception,Ihhovisi elamukela izivakashi ehhotela,Ontvangs,Boamogelabaeng,Ukwamkelwa,Kugamuchira,Reception
Ditabuja,Foi,5.06643356643357,Positive,Mot,Faith,Ukholo,Geloof,Tumelo,Ukholo,Kutenda,Kutenda
Ditabujadikese,Petitefoi,5.10839160839161,Positive,Mot,Littlefaith,Kancane,Kleingeloof,NUTHUTHUTHUTH .,Incinci,Littlefaith,Littlefaith
Ditabujija,Perte,5.15034965034965,Positive,Mot,Loss,Ukulahlekelwa,Verlies,Tahlegelo,Ilahleko,Kurasikirwa,Kurasikirwa
Ditalala,Tranquillité,5.19230769230769,Positive,Mot,Tranquility,Ukuthula,Rustigheid,Khutšo .,Ukuzola,Kugadzikana,Kugadzikana
Ditama,Joue,5.23426573426573,Positive,Mot,Plays,Idlala,Toneelstukke,Dipapadi tša go bapala .,Imidlalo,Anotamba,Mitambo
Ditamba,Avantage,4.0,Positive,Mot,Advantage,Imbuyiselo,Voordeel,Mohola,Inzuzo,Mukana,Advantage
Ditambadiamutshi,Sarment,4.0,Positive,Mot,Sarment,Ubuhlanya,Sarment,Sarment .,Isiphazamiso,Sarment,Sarment
Ditamba,Triomphe,3.0,Positive,Mot,Triumph,Ngokunqoba,Triomf,Triumph .,Uloyiso,Kukunda,Kukunda
Ditangila,Visitation,3.0,Positive,Mot,Visitation,Ukuhanjelwa,Besoek,Ketelo .,Ukutyelelwa,Kushanya,Visitation
Ditapuluka,Intrigue,3.0,Positive,Mot,Plot,Isakhiwo sendaba,Plot,Maanomabe,Iyelenqe,Zano,Plot
Ditapulula,Différence,3.0,Positive,Mot,Difference,Umahluko,Verskil,Phapano,Umahluko,Mutsauko,Musiyano
Ditatshisha,Importunité,4.0,Positive,Mot,Importunity,Ukwelulwa kwabahli,Belangrikheid,Go reka ka ntle ga go se be le mohola .,Ukungenisa,Kuparadza,Kukosha
Ditekemena,Espérance,4.0,Positive,Mot,Hope,Ithemba,Hoop,Kholofelo,Ithemba,Tariro,Hope
Ditendelela,Culte,4.0,Positive,Mot,Worship,Dumisa,Aanbidding,Tumiša,Unqulo,Kunamata,Kunamata
Ditengula,Circoncision,5.0,Positive,Mot,Circumcision,Ukusoka,Besnydenis,Lebollo .,Ulwaluko,Kudzingiswa,Kudzingiswa
"Ditengula,divula",Dépouillement,5.0,Positive,Verbe,Counting,Ukubalwa,Tel,Go bala .,Ukubala,Kuverenga,Kuverenga
Ditentekeshadiabianza,Impositiondesmains,5.0,Positive,Mot,Laying on of hands,Ukulala izandla,Handoplegging,Go robala godimo ga diatla .,Ukulala kwezandla,Kuisa maoko,Kuturika maoko
Diteta,Épreuve,5.0,Positive,Mot,Test,Ukuzama,Toets,Leka,Vavanyo,Bvunzo,Test
Ditokadikole,Blancheur,4.0,Positive,Mot,Whiteness,Ubumsulwa,Witheid,Bosweu .,Imhlophe,White,Kuchena
Ditomboka,Sédition,5.0,Positive,Mot,Sedition,Ukubangela,Opruiing,Sedition .,I-sedation,Sedition,Kupandukira
Ditombokela,Apostasie,4.0,Positive,Mot,Apostasy,Ukuphuza kakhulu,Afvalligheid,Bohlanogi .,Uwexuko,Kuramba kutenda,Kuramba kutenda
"Ditonda,dikula",Confession,4.0,Positive,Verbe,Confession,Ukuvuma,Belydenis,Boipolelo .,Uvumo,Kureurura,Kureurura
Ditontolola,Contradiction,4.0,Positive,Mot,Contradiction,Ukuphikisa,Teenstrydigheid,Kganetšano .,Ukuphikisana,Kupokana,Contradiction
Ditshina,Persécuter,0.0,Negative,Mot,Persecute,Nqamuleza,Vervolg,Tlaišo .,Thumela,Tambudza,Tambudzai
Ditshiu,Oreille,0.0,Neutre,Mot,Ear,Indlebe,Oor,Tsebe,Indlebe,Nzeve,Nzeve
Ditu,Forêt,4.0,Positive,Mot,Forest,Ihlathi,Bos,Lešoka,Ihlathi,Sango,Sango
Ditua,Tranchant,4.0,Positive,Mot,Sharp,-Bukhali,Skerp,Bogale,Bukhali,Kupinza,Sharp
Dituamikemu,Gémissement,0.0,Neutre,Mot,Groan,Ukugquma,Kreun,Go lla ga go lla .,Nchu,Kugomera,Groan
Dituaya,Tablier,0.0,Negative,Mot,Apron,Iphinifa,Voorskoot,Apron .,I-apron,Apron,Apron
Dituayi,Mouchoir,0.0,Negative,Mot,Handkerchief,Ihengeshi,Sakdoek,Sakatuku .,I-handkerchief,Ruoko,Handkerchief
Ditubula,Pénétrant,5.0,Neutre,Mot,Penetrating,Ukungeniswa,Indringend,Go tsenelela .,Ukungena,Kupinda,Inopinza
Dituku,Jour,5.0,Neutre,Mot,Day,Usuku,Dag,Letšatši,Usuku,Zuva,Zuva
DitukudiaDiledibua,Anniversairedenaissance,5.0,Positive,Mot,Birthday,Usuku lokuzalwa,Verjaarsdag,Letšatši la matswalo,Usuku lokuzalwa,Bhavhdhe,Bhavhdhe
Ditukudiadisanka,Fête,5.0,Positive,Mot,Party,Inhlangano,Partytjie,Mokgatlo,Itheko,Party,Party
DitukudiaMukelenge,JourduSeigneur,4.0,Negative,Mot,DayoftheLord,I-DayoOfseOlord,Dag van die Here,DayofTheMorena .,I-DayOfTeLord,DayfitHothord,Zuva raIshe
Ditumbisha,Louange,0.0,Neutre,Mot,Praise,Dumisa,Lofprysing,Tumiša,Indumiso,Rumbidzo,Rumbidzai
Ditumikila,Obéissance,4.0,Positive,Mot,Obedience,Ukuzwa,Gehoorsaamheid,Go kwa .,Ukuthobela,Kuteerera,Kuteerera
Ditupakana,Ignorance,0.0,Neutre,Mot,Ignorance,Ukungazi,Onkunde,Go hloka tsebo .,Ukungazi,Kusaziva,Kusaziva
Ditutu,Nuée,0.0,Neutre,Mot,Cloud,Amafu,Wolk,Leru,Ilifu,Gore,Cloud
Diulu,Ciel,5.0,Positive,Mot,Sky,Isibhakabhaka,Hemel,Lefaufau,Isibhakabhaka,Denga,Sky
Diumusha,Enlèvement,4.0,Negative,Mot,Kidnapping,Ukuthwala,Ontvoering,Go thopša ga batho .,Ukuthintela,Kupamba,Kidnapping
Diumushamuditungadiabantukuyanabumuditungadikuabu,Transportation,0.0,Neutre,Mot,Transportation,Ukuthutha,Vervoer,Thomelo ka senamelwa,Ukuthutha,Zvekufambisa,Transportation
Diunvuika,Retentissant,5.0,Neutre,Mot,Resounding,-Ndumisa,Dawerend,Go a kwagala .,Ukubuyela,Kutendeuka,Resounding
Divulangana,Débordement,6.0,Positive,Mot,Overflow,Phuphuma,Oorloop,Go tlala .,Iphezulu,Kufashukira,Kufashukira
Divuluka,Souvenir,4.0,Positive,Mot,Memory,Ukukhumbula,Geheue,Kgopolo,Imemori,Ndangariro,Memory
Divundulula,Mouvement,5.0,Positive,Mot,Movement,Ukuzamazama,Beweging,Mosepelo,Intshukumo,Kufamba,Movement
Diya,Départ,4.0,Neutre,Mot,Departure,Ukuhamba,Vertrek,Go tloga,Ukumka,Kuenda,Kusimuka
Diyi,Commission,4.0,Positive,Mot,Commission,Amandla okwenza,Kommissie,Khomišene,Ikhomishini,Commission,Komisheni
Diyi,Message,5.0,Positive,Mot,Message,Izwi elithunyelweyo,Boodskap,Molaetša,Umyalezo,Meseji,Mharidzo
Diyidimue,Accord,5.0,Positive,Mot,Agreement,Isivumelwano,Ooreenkoms,Tumelelano,Isivumelwano,Chibvumirano,Chibvumirano
Diyisha,Instruction,6.0,Positive,Mot,Instruction,Ukufundisa,Instruksie,Thuto .,Umyalelo,Kuraira,Instruction
Diyisha,Doctrine,0.0,Neutre,Mot,Doctrine,Imfundiso,Leerstelling,Thuto .,Imfundiso,Dzidziso,Dzidziso
Diyoyi,Clameur,0.0,Neutre,Mot,Clamor,Umkhumbi wakhomba,Gerrie,Go hlalefetša .,I-Clamor,Kupopota,Clamour
Diyoyo,Crierie,0.0,Neutre,Mot,Criery,Imfihlo,Huil,Sediere .,Ceriry,Cramer,Kuchema
Diyoyo,Confusion,5.0,Positive,Mot,Confusion,Isidididi,Verwarring,Tlhakatlhakano,Ukudideka,Nyonganiso,Kuvhiringidzika
Diyu,Œuf,5.0,Positive,Mot,Egg,Iqanda,Eier,Lee,Iqanda,Zai,Zai
mushindu,categorie,8.0,Positive,Mot,category,uhlobo,kategorie,legoro,udidi,chikamu,category
dishindike,catégorique,9.0,Positive,Mot,categorical,-qanjululekile,kategories,Go ba le legoro .,ubungakanani,zvakarongedzwa,categorical
kushindika,categoriquement,7.0,Positive,Mot,categorically,ngokwezigaba,kategories,Ka go lebanya ka go lebanya .,ngokwenqanaba,zvakaringana,categorically
kubenga,refuser,0.0,Neutre,Mot,refuse,ala,weier,gana,inyikima,ramba,kuramba
nzubu,cathédrale,4.0,Positive,Mot,cathedral,enesihlalo somBhishoshi,katedraal,Cathedral .,ikati,Cathedral,cathedral
katolike,catholiscisme,3.0,Neutre,Mot,Catholicism,UbuKatolika,Katolisisme,Bokatholika .,UbuKatolika,Katurike,ChiKaturike
ekleziyawabantubonso,catholicité,0.0,Neutre,Mot,catholicity,Mocatority,katolisiteit,Bokatholika .,UbuKatolika,Katholic,chikatorike
mukatolike,catholique,3.0,Positive,Mot,Catholic,IKhatholika,Katoliek,Katholika .,AmaKatolika,Katurike,Katorike
bulondeshile,catholiquement,0.0,Neutre,Mot,catholic,iKhatholika,katoliek,Katholika .,amaKatolika,Katurike,katorike
musokoko,catimini,0.0,Neutre,Mot,on the sly,ku-sly,op die slinkse manier,Ka Sly .,kwi-sly,pane sly,pamunyengeri
takanangana,cauchemar,0.0,Neutre,Mot,nightmare,iphupho elesabisayo,nagmerrie,segateledi,ubusuku,Nightmare,hope dzinotyisa
mukila/tshipepe,caudal,6.0,Positive,Mot,caudal,caudal,stert,Caudal .,i-caudal,caudal,caudal
mubela,cauris,5.0,Positive,Mot,cowries,Ama-Cowries,koekies,Dikgomo tša go swana le dikgomo .,iinkomo,mombe,cowries
kenzela,causal,5.0,Positive,Mot,causal,isengele,oorsaaklike,Sebaki .,i-causal,causal,causal
dienzeja,causatif,0.0,Negative,Mot,causative,-selanayo,veroorsakende,Sebaki .,icawe,causative,causative
muji,cause,-5.0,Negative,Mot,cause,dala,oorsaak,hlola,unobangela,chikonzero,chikonzero
kuyukila,causer,8.0,Positive,Mot,cause,dala,oorsaak,hlola,unobangela,chikonzero,chikonzero
diyuki,causerie,7.0,Positive,Mot,chat,ukuxoxa,gesels,boledišana,incoko,chat,chat
kayuki,causette,2.0,Neutre,Mot,chat,ukuxoxa,gesels,boledišana,incoko,chat,chat
mpiompia,causeur,6.0,Positive,Mot,conversationalist,oxoxa ngokuxoxa,gespreksgenoot,Motho yo a nago le poledišano .,Ingxoxo,Convertationalist,conversationalist
di-osha,caustique,7.0,Positive,Mot,caustic,caostic,bytend,Caustic .,i-caustic,caustic,caustic
mbabi,cauteleux,5.0,Positive,Mot,cautelous,-nobuthuzi,versigtig,Cauelous .,umkhethe,cautous,cauteous
tshiamu,cautere,4.0,Positive,Mot,cautery,I-CAUTELY,versorging,Go tšhuma .,cautery,cautery,cautery
kuosha,cauteriser,0.0,Neutre,Mot,cauterize,nqaba,cauteriseer,Cauterize .,i-theuter,tautentize,cauterize
tshieya,caution,-6.0,Negative,Mot,deposit,faka,deposito,tipositi,idipozithi,dhipoziti,deposit
kufila,cautionner,6.0,Positive,Mot,endorse,loba igama emuva kwesheke,onderskryf,Endorse .,i-enderse,endorse,endorse
tshisumbu,cavalcade,8.0,Positive,Mot,cavalcade,cavalcade,kavalkade,Cavalcade .,cavavade,cavalcade,cavalcade
basola/babandi,cavalerie,-5.0,Negative,Mot,cavalry,amasosha agibeleyo,kavallerie,Madira a go namela dipere .,amahashe,vatasvi,vatasvi vemabhiza
mubandi,cavalier,6.0,Positive,Mot,rider,umgibeli,ruiter,Mopalami .,rider,mutyairi,mutasvi
tshikamakama,cavalierement,9.0,Positive,Mot,cavalier,iphoyisa,kavalier,Cavalier .,cavalier,cavalier,cavalier
buina,cave,8.0,Positive,Mot,cellar,sela,kelder,Sellathekeng .,celer,cellar,cellar
ngomba,caveau,7.0,Positive,Verbe,vault,indlu eyisisefo esikhulu,kluis,Vault .,i-vault,Vault,vault
kutonkona,caver,5.0,Positive,Mot,cave,umhume,grot,lewa,umqolomba,bako,bako
lubinga,caverne,6.0,Positive,Mot,cave,umhume,grot,lewa,umqolomba,bako,bako
nyongolo,caverneux,8.0,Positive,Mot,cavernous,-qhuba ngasobala,grotagtige,Cavernous .,i-cavernous,kuravings,cavernous
mpoko,cavite,9.0,Positive,Mot,cavity,imbobo,holte,Lešoba la go ba le lešoba .,i-cavity,cavity,mhango
etshi,ceci,7.0,Positive,Mot,this,leli,hierdie,se,le,izvi,izvi
bufufu,cecite,0.0,Neutre,Mot,blindness,ubumpumputhe,blindheid,Bofofu .,ubumfama,kupofumiswa,upofu
kulekelela,ceder,0.0,Neutre,Mot,to sell,ukuthengisa,te verkoop,go rekiša .,ukuthengisa,kutengesa,kutengesa
kanyoka,cedukke,-4.0,Negative,Mot,cedukke,cedukke,cedukke,Cedukke .,i-cderkke,CEDUKKE,cedukke
kujinga,ceindre,0.0,Neutre,Mot,gird,bhince,gordel,Gird .,gin,Gadzira,bhande
mukaba,ceinture,-3.0,Negative,Mot,belt,isibhamba,gordel,lepanta,ibhanti,Bhandi,bhandi
tshimono,hanche,-8.0,Negative,Mot,hip,inqulu,heup,noka,hip,hip,hip
kuvuadika,ceinturer,-7.0,Negative,Mot,belt,isibhamba,gordel,lepanta,ibhanti,Bhandi,bhandi
mukaba,ceinturon,-6.0,Negative,Mot,belt,isibhamba,gordel,lepanta,ibhanti,Bhandi,bhandi
atshio,cela,4.0,Positive,Mot,that,leyo,dit,gore,loo nto,izvo,kuti
tshiatshia,éloigné,0.0,Neutre,Mot,distant,-buqamama,ver,Kgole .,kude,kureba,kure
difuka,célébrant,5.0,Positive,Mot,celebrant,gumela,celebrant,Mokete wa go keteka .,umbhiyozo,calbrant,mupembereri
kutumbe,célébre,7.0,Positive,Mot,famous,-dumile,beroemd,tumile,idume,ane mukurumbira,mukurumbira
kutumbisha,célébrer,9.0,Positive,Mot,celebrate,gubha,vier,keteka,bhiyozela,pemberera,celebrate
katumbi,célébrité,-6.0,Negative,Mot,celebrity,ubizo,celebrity,Motho wa go tuma .,Udumo,mukurumbira,mukurumbira
kusokoka,celer,-7.0,Negative,Mot,celer,isinye noma noma,seler,Celer .,umntu ocelalwayo,celer,celer
lubilu,célérité,-5.0,Negative,Mot,celerity,isibeletho,spoedigheid,Go Clelerity .,ubuntu,celerity,celerity
mudiulu,céleste,-7.0,Negative,Mot,celestial,-bukeyela basezulwini,hemelse,Legodimo la Legodimo .,isibhakabhaka,Kudenga,zvekudenga
bujike,célibat,-6.0,Negative,Mot,celibacy,ubumpohlo,selibaat,Go se nyale .,i-celikelelacy,celibacy,kusaroora
mujike,célibataire,8.0,Positive,Mot,Single,-Nye zwi,Enkellopend,Tee,Tshatile,Single,Single
mulami,céllérier,0.0,Neutre,Mot,cellar,sela,kelder,Sellathekeng .,celer,cellar,cellar
tshilaminu,cellier,4.0,Positive,Mot,cellar,sela,kelder,Sellathekeng .,celer,cellar,cellar
kabambalu,cellule,6.0,Positive,Mot,cell,iseli,sel,sele,iseli,Sero,sero
ewu,celui,-8.0,Negative,Mot,the one,Iyona yodwa,die een,E tee .,eyona,iyo,uyo
ewu,celle,9.0,Positive,Mot,that,leyo,dit,gore,loo nto,izvo,kuti
aba,ceux,-9.0,Negative,Mot,those,lezo,dié,bao,ezo,izvo,avo
aba,celles,5.0,Positive,Mot,those,lezo,dié,bao,ezo,izvo,avo
mema,moi,9.0,Positive,Mot,Me,Mina,Ek,Nna,Mna,Ini,Me
butu,cendre,-6.0,Negative,Mot,ash,umlotha,as,molora,i-ash,ash,ash
kushidisha,calciner,-4.0,Negative,Mot,calcine,uhlobo lwekhashi,kalsien,Calcine .,ulawulo,Calcine,calcine
tshiabutu,cendrier,6.0,Positive,Mot,ashtray,isitsha somlotha kagwayi,asbakkie,Ashtray .,i-ashtray,ashtray,ashtray
didia,cène,-5.0,Negative,Mot,supper,ukudla kwakusihlwa,aandete,difihlolo,isidlo sangokuhlwa,kudya kwemanheru,chirairo
mudiambike,cénobite,4.0,Positive,Mot,cenobite,isizwe,senobie,Cenobite .,i-cenobite,CENOBITE,cenobite
lukitaluibaka,cénotaphe,8.0,Positive,Mot,cenotaph,cenotaph,senotaaf,Cenotaph .,I-Cetaff,cenotaph,cenotaph
manya,censé,0.0,Neutre,Mot,supposed,-catshalwa,veronderstel,swanetše,icingelwe,zvinofungidzirwa,zvakafanira
mutaludi,censeur,0.0,Neutre,Mot,censor,Cencer,sensor,Mohlahlobi wa Ditlhaloso .,censor,Censor,censor
didiwula/diteta,censure,-8.0,Negative,Mot,censorship,ukucwaninga,sensuur,Go hlahloba dipuku tša go hlahloba .,UCREDRORT,censorship,censorship
kuteta,censurer,-3.0,Negative,Mot,censor,Cencer,sensor,Mohlahlobi wa Ditlhaloso .,censor,Censor,censor
lukama,cent,-5.0,Negative,Mot,hundred,ikhulu,honderd,lekgolo,ikhulu,zana,zana
lukama,centaine,5.0,Positive,Mot,hundred,ikhulu,honderd,lekgolo,ikhulu,zana,zana
mubuabua,chacal,8.0,Positive,Mot,jackal,ugwasi,jakkals,Jackal .,jackal,jacal,jackal
muntuyonso,chacun,0.0,Neutre,Mot,each,sisinye,elk,nngwe le e nngwe,nganye,imwe neimwe,chimwe nechimwe
dibungama,chagrin,4.0,Positive,Mot,grief,ubuhlungu,hartseer,bohloko,usizi,Kusuwa,kusuwa
mutoyi,chahut,9.0,Positive,Mot,ruckus,Ruckus,rumoer,Ruckus .,ruccus,ruckus,ruckus
kusalakaja,chahuter,7.0,Positive,Mot,heckle,heckle,hekel,Heckle .,Huckle,heckle,heckle
lukanu,chaine,8.0,Positive,Mot,chain,uhide,ketting,tšhaene,itsheyini,Chain,cheni
kuelekeja,chainer,7.0,Positive,Mot,chain,uhide,ketting,tšhaene,itsheyini,Chain,cheni
kakanu,chainette,6.0,Positive,Mot,chain,uhide,ketting,tšhaene,itsheyini,Chain,cheni
lukanu,chainon,0.0,Neutre,Mot,link,ulungu lokuthile,skakel,amanya,ikhonkco,chinongedzo,link
munyinyi,chair,8.0,Positive,Mot,flesh,umzimba,vlees,nama,inyama,nyama,nyama
ntoyi,chaire,-8.0,Negative,Mot,pulpit,indawo yokuma uma umuntu eshumayela,preekstoel,Sefala .,ipulpiti,pulpit,papurupiti
nkuasa,chaise,-9.0,Negative,Mot,chair,isihlalo,stoel,setulo,isitulo,chigaro,chair
muenjiwankuasa,chaisier,0.0,Neutre,Mot,chair,isihlalo,stoel,setulo,isitulo,chigaro,chair
musumbi,chaland,0.0,Neutre,Mot,barge,isikebhe esinesinqe esibanzi sokuthwala impahla,bak,Barge .,i-barge,barge,barge
muanzankongolo,chalcide,-8.0,Negative,Mot,chalcid,i-chalcid,kalk,KHALCID .,i-chalcid,chibatri,chalcid
kazubu,chalet,-6.0,Negative,Mot,cottage,indlwana ikotishi,huisie,kotase,i-cottage,imba yekutandarira,cottage
luya,chaleur,0.0,Neutre,Mot,heat,ukushisa,hitte,phišo,ubushushu,kupisa,kupisa
kusuminyina,chaleureusement,-3.0,Negative,Mot,warmly,ngemfudumalo,warm,ka borutho .,ngokufudumeleyo,hushamwari,noushamwari
disuminyina,chaleureux,6.0,Positive,Mot,warm,-fudumele,warm,ruthela,kushushu,kudziya,warm
mitshi,chalit,7.0,Positive,Mot,bedstead,embhedeni,ledikant,Bedstead ya malao .,ibhedi,BEDSTEAD,bedstead
buatu,chaloupe,-5.0,Negative,Mot,boat,isikebhe,boot,seketswana,isikhephe,chikepe,chikepe
lushiba,chalumeau,7.0,Positive,Verbe,blowtorch,Blowtorch,blaasvlam,Sethunya sa go foka .,i-blocloctch,Blowtorch,blowtorch
kapamba,chalut,6.0,Positive,Mot,trawl,trawl,treil,Trawl .,trawl,trawl,trawl
kutanda,chamailler,0.0,Neutre,Mot,bicker,ubhilibheli,kibbel,Bicker .,ibhayisekile,bicker,bicker
bilengejilu,chamarrer,5.0,Positive,Mot,brighten up,khanyisa phezulu,ophelder,Kganya godimo .,khanyisa,batidza,kupenya
kondakond,chambard,6.0,Positive,Mot,upheaval,-phuthumayo,omwenteling,Phapano ya godimo .,i-upheaval,UpHeaval,mhirizhonga
tshibambalu,chambre,9.0,Positive,Mot,bedroom,igumbi,slaapkamer,borobalelo,igumbi lokulala,imba yekurara,imba yekurara
kazubu,chambrette,-3.0,Negative,Mot,bedroom,igumbi,slaapkamer,borobalelo,igumbi lokulala,imba yekurara,imba yekurara
kamelo,chameau,-7.0,Negative,Mot,camel,ikameli,kameel,Kamela .,inkamela,ngamera,ngamera
musakiwatumelo,chamelier,8.0,Positive,Mot,camel driver,Umshayeli Wekamela,kameelbestuurder,Mootledi wa Kamela .,Umqhubi weCamel,Camel Driver,mutyairi wengamera
kamelokakaji,chamelle,0.0,Neutre,Mot,camel,ikameli,kameel,Kamela .,inkamela,ngamera,ngamera
budimi,champ,7.0,Positive,Mot,field,idlelo,veld,tšhemo,intsimi,munda,munda
budimi,champetre,4.0,Positive,Mot,country,izwe,land,naga,ilizwe,nyika,nyika
buowa,champignon,9.0,Positive,Mot,mushroom,ikhowe,sampioen,tlokwane,imashurumi,mushwa,howa
tshilobo/tshilumbayi,champion,6.0,Positive,Mot,champion,ingqwele,kampioen,Mofenyi wa mmolai .,intshatsheli,Champion,shasha
bidimulukama,centenaire,-6.0,Negative,Mot,centenary,-esenti lemikhulu,eeufees,Lekgolo la Mengwaga .,intlangano-mali,Centenary,zana
bidimulukama,centennal,0.0,Neutre,Mot,centennial,-ngaphakathi kakhulu,eeufees,Lekgolo la mengwaga .,I-Centennial,Centennial,zana remakore
bitupalukama,centiseimal,-5.0,Negative,Mot,centiseimal,centisemal,sentiseimaal,CentiseImal .,i-ceritieimal,centiseimal,centiseimal
tshialukamatshia,centiare,9.0,Positive,Mot,centiare,centilisare,centiare,Centiare .,dantiiare,Centiare,centiare
tshialukama,centième,8.0,Positive,Mot,hundredth,abakhulumile yini,honderdste,Lekgolo la .,ikhulu,zana,yezana
pankatshi,central,0.0,Neutre,Mot,central,-phakathi impela,sentraal,Bogare bja Bogare .,embindini,pakati,nechepakati
disangisha,centralisation,-6.0,Negative,Mot,centralization,ukufakwa kwamaphakathi,sentralisasie,Go tsenywa bogareng .,umbindiso,Centragation,centralization
kusangisha,centraliser,7.0,Positive,Mot,centralize,hlanganisa ndawonye,sentraliseer,Go tsenya bogareng .,bize,Concing,centralize
nkatshi,centre,-5.0,Negative,Mot,center,indawo yangaphakathi impela,sentrum,bogareng,iziko,pakati,centre
kutekapankatshi,centrer,6.0,Positive,Mot,center,indawo yangaphakathi impela,sentrum,bogareng,iziko,pakati,centre
pankatshi,centrifuge,-8.0,Negative,Mot,centrifugal,centrifugal,sentrifugale,Centrifugal .,I-centrifugal,Centrifugal,centrifugal
bekapankatshi,centripète,-9.0,Negative,Mot,centripetal,centripetal,sentripetaal,Centripetal .,Menti,centratel,centripetal
misangulukama,centuple,8.0,Positive,Mot,hundredfold,amakhulukhulu,honderdvoudig,Lekgolo la go menagana .,ikhulu,zana,zvakapetwa kazana
kuvudijamisangulukama,centupler,-6.0,Negative,Mot,hundredfold,amakhulukhulu,honderdvoudig,Lekgolo la go menagana .,ikhulu,zana,zvakapetwa kazana
fumu,centurion,-8.0,Negative,Verbe,centurion,inqwaba,hoofman oor honderd,Centurion .,ikhulu,Centurion,mukuru wezana
musthiwamvinyo,cep,0.0,Neutre,Mot,vine,isithombe esithandelayo,wingerdstok,Morara .,umdiliya,muzambiringa,muzambiringa
pinapo,cependant,0.0,Neutre,Mot,However,Nokho,Egter,Le ge go le bjalo,Nangona kunjalo,Zvisinei,Zvisinei
disamadiamutu,cephalée,-3.0,Negative,Mot,headache,ukuphathwa yikhanda,hoofpyn,hlogo e opago,intloko ebuhlungu,kutemwa nemusoro,musoro
bintubiadibumba,céramique,-6.0,Negative,Mot,ceramic,-ezitsha zobumba,keramiek,Ceramic .,i-ceramic,ceramic,ceramic
mufimbiwabiadibumba,céramiste,0.0,Neutre,Mot,ceramist,umthambo wezimbuphezi,keramiker,Mo-Ceramist .,i-ceram,ceramist,ceramist
mulamiwatshikisu,céerbère,0.0,Neutre,Mot,ceerberus,ceerberus,cerberus,Ceerberus .,iCeerbes,ceerberus,ceerberus
tshitangu,cerceau,5.0,Positive,Mot,hoop,ihashana,hoepel,Hoop .,hoop,hoop,hoop
tshijengu,cercle,4.0,Positive,Mot,circle,zungeza,sirkel,sediko,isangqa,denderedzwa,denderedzwa
kuasatshitangu,cercler,6.0,Positive,Mot,circle,zungeza,sirkel,sediko,isangqa,denderedzwa,denderedzwa
mushete,cerceuil,8.0,Positive,Mot,coffin,ibhokisi lokungcwaba,kis,Lekese .,ibhokisi,bhokisi,bhokisi
ntete,céréale,9.0,Positive,Mot,cereal,inhlamvu kakolweni nezinye ezinjalo,graan,serele,i-cereal,zviyo,zviyo
lungenyi,cérébral,9.0,Positive,Mot,cerebral,i-cerebral,serebrale,Bjoko .,i-cerebral,cerebral,cerebral
nseremonyiya,cérémonie,8.0,Positive,Mot,ceremony,umkhosi,seremonie,moletlo,umsitho,mhemberero,mhemberero
bukalangabupite,cérémonieux,-7.0,Negative,Mot,ceremonious,-nothando,seremonieel,Moletlo .,amandla okukhula,mhemberero,mhemberero
ngulungu,cerf,0.0,Neutre,Mot,deer,izidubhu,takbokke,tshepe,inyamakazi,nondo,nondo
kunyungulukila,cerner,9.0,Positive,Mot,to surround,ukuzungeza,omring,Go dikologa .,ukujikeleza,kutenderedza,kukomberedza
bushuwa,certain,6.0,Positive,Mot,certain,-azi kahle,seker,dingwe,ezithile,vamwe,chokwadi
bulelela,certainement,4.0,Positive,Mot,certainly,impela,beslis,ka nnete,ngokuqinisekileyo,zvirokwazvo,zvirokwazvo
bulelela,certes,5.0,Positive,Mot,certainly,impela,beslis,ka nnete,ngokuqinisekileyo,zvirokwazvo,zvirokwazvo
mukandawatshijadiku,certificat,-4.0,Negative,Mot,certificate,isitifiketi,sertifikaat,setifikeiti,isatifiketi,chitupa,chitupa
kushindika,certifier,6.0,Positive,Mot,certify,qinisa,sertifiseer,Netefatša .,qinisekisa,certify,certify
bulelelabushidame,certitude,4.0,Positive,Mot,certainty,iqiniso,sekerheid,bonnete bja .,ukuqiniseka,chokwadi,chokwadi
tumyituamatshio,cérumen,0.0,Neutre,Mot,cerumen,okuhlwempula,cerumen,Cerumen .,i-curumen,cerumen,cerumen
mbonko,cerveau,5.0,Positive,Mot,brain,ingqondo,brein,bjoko,Ingqondo,uropi,brain
buongobukese,cervelet,6.0,Positive,Mot,cerebellum,cerebellum,serebellum,Cerebellum .,i-cerebellum,Cerebellum,cerebellum
buongo/mbonko,cervelle,7.0,Positive,Mot,brain,ingqondo,brein,bjoko,Ingqondo,uropi,brain
nshingu,cervical,8.0,Positive,Mot,cervical,umcebile,servikale,Molomo wa popelo .,isibeleko,cervical,cervical
ebi,ces,6.0,Positive,Mot,these,lezi,hierdie,tše,ezi,izvi,izvi
dilekela,cessation,-5.0,Negative,Mot,cessation,ukunqatshelwa,staking,Go kgaotša ga .,ukuphela,cessation,cessation
ndekelu,cesse,-6.0,Negative,Mot,cease,phela,ophou,emiša,pheka,Regedza,cease
kulekela,cesser,-8.0,Negative,Mot,cease,phela,ophou,emiša,pheka,Regedza,cease
dilekela/kuleka,cession,0.0,Neutre,Mot,transfer,dlulisela,oordrag,fetišetša,tshintshela,Chinjana,transfer
buenakuambane,c'est-à-dire,8.0,Positive,Mot,that's to say,lokho kusho,dis te sê,Ke go re .,Oko kukuthi,ndiko kuti,ndiko kutaura
dikosa,césure,9.0,Positive,Mot,hyphenation,hyphenation,koppeltekens,Hyphenation .,I-Hypheetion,hyphenation,hyphenation
mushipawantkuja,cétace,7.0,Positive,Mot,cetacean,I-CETACEAN,walvisvoël,Cetacean .,I-Cetacean,Cetengesaan,cetacean
muenadikasa,chancard,0.0,Neutre,Mot,chance,ithuba,kans,sebaka,ithuba,mukana,mukana
dimemba,chance,4.0,Positive,Mot,chance,ithuba,kans,sebaka,ithuba,mukana,mukana
tutbile/tekakane,chancelant,0.0,Neutre,Mot,faltering,ukudoba,wankelend,Go thekesela .,tywina,kuderera,kupera simba
kulenduka,chanceler,0.0,Neutre,Mot,stagger,bhiyazela,wankel,Go thekesela .,stagger,kudzedzereka,kudzedzereka
disakadimpe,chanceux,4.0,Positive,Mot,lucky,-nenhlanhla,gelukkig,mahlatse,ngethamsanqa,rombo rakanaka,rombo rakanaka
kukuata,chancir,0.0,Neutre,Mot,change,phendula,verander,phetogo,utshintsho,Shanduko,shanduko
mupila,chandail,0.0,Neutre,Mot,sweater,ijezi,trui,swetha,sweatshi,sweatre,juzi
dilambula,chandeleur,0.0,Neutre,Mot,Candlemas,Iphoyisa,Kersfees,Di- candlema .,Candles,Candlemas,Makenduru
tshiamutshiatundeya,chandelier,6.0,Positive,Mot,candlestick,ikhandlela,kandelaar,Kerese ya go swara kerese .,Isikhandlela,chigadziko,chigadziko chemwenje
kandeya,chandelle,5.0,Positive,Mot,candle,ikhandlela,kers,Kerese .,ikhandlela,kenduru,kenduru
dishintakaja,change,5.0,Positive,Mot,exchange,shintshisana,ruil,phetošo,tshintshiselana,kuchinjana,exchange
muakuandamuna,changeabke,-4.0,Negative,Mot,changeabke,I-Changeabke,verander,Changeabke .,utshintsholeki,ChangeABKA,changeabke
ngandamunuinu,changement,-5.0,Negative,Mot,change,phendula,verander,phetogo,utshintsho,Shanduko,shanduko
kushituka,changer,8.0,Positive,Mot,to change,ukushintsha,te verander,go fetoga .,ukutshintsha,kuchinja,kuchinja
mushitakaji,changeur,7.0,Positive,Mot,changer,umguquguquli,wisselaar,Mofetoledi .,umtshintshi,Changer,change
musambo,chanson,2.0,Neutre,Mot,song,iculo,liedjie,koša,ingoma,Rwiyo,rwiyo
kasambo,chansonnette,6.0,Positive,Mot,ditty,cuitro,ditty,Ditty .,ditty,ditty,ditty
kuimba,chansonner,7.0,Positive,Mot,sing,cula,sing,opela,cula,imba,sing
muenjiwankuasa,chansonnier,5.0,Positive,Mot,singer,umculi,sanger,moopedi,imvumi,muimbi,muimbi
ngimbilu,chant,4.0,Positive,Mot,singing,ukucula,sing,Go opela .,ukucula,kuimba,kuimba
dikalu/ditempu,char,0.0,Neutre,Mot,tank,ithange,tenk,Tanka ya .,itanki,tangi,tank
tshiakulakula,charabia,-6.0,Negative,Mot,gibberish,gibberish,brabbeltaal,Gibberish .,I-Gibberish,gibberish,gibberish
nshinga/dijimbu,charade,6.0,Positive,Mot,charade,chawa,charade,Charade .,charade,charade,charade
mulonda,charançon,8.0,Positive,Mot,weevil,-shobi,kalander,Weevil .,ewe,weevil,weevil
makala,charbon,-5.0,Negative,Mot,coal,amalahle,steenkool,malahla,amalahle,marasha,marasha
tshimbilutshiamabueamakala,charbonnage,6.0,Positive,Mot,coal mining,Imayini yamalahle,steenkoolmynbou,Meepo ya malahla .,Imigodi yamalahle,Coal Mining,kuchera marasha
munyinyimuboza,charcuterie,9.0,Positive,Mot,cold cuts,ukusikeka okubandayo,kouevleis,Dikotwana tša go tonya .,Ukuncipha kubandayo,kutonhora kucheka,chando chekucheka
mupanyiwamunyinyiwangulube,charcutier,8.0,Positive,Mot,butcher,ukuhlaba inyama,slagter,Butcher ya nama .,umxheli,butcher,bhucha
mungonga,chardon,7.0,Positive,Verbe,thistle,thi Tistle,distel,Thistle .,nje,thtle,rukato
bujitu,charge,5.0,Positive,Mot,charge,khokhisa,hef,lefiša,intlawulo,mhosva,charge
mukenji,chargé,6.0,Positive,Mot,charge,khokhisa,hef,lefiša,intlawulo,mhosva,charge
ditentekabujitu,chargement,8.0,Positive,Mot,loading,ethwebula,laai,Go Laetša .,ukulayisha,kurodha,loading
kuambika,charger,9.0,Positive,Mot,load,thwala,laai,morwalo,umthwalo,mutoro,load
muambiki,chargeur,7.0,Positive,Mot,charger,ijatshi,laaier,Charger .,itshaja,charger,charger
dikalu/ditempu,chariot,0.0,Neutre,Mot,cart,ingqukumbane,karretjie,Koloyana ya .,inqwelo,ngoro,ngoro
tshipedi,charisme,0.0,Neutre,Mot,charisma,i-charism,charisma,Charisma .,charsma,Charisma,charisma
bulela,charitable,-4.0,Negative,Mot,charitable,-nosizo,liefdadigheid,Botho ba botho .,isisa,chibatsira,charitable
neluse,charitablement,0.0,Neutre,Mot,charitably,ngokunakwa,liefdadigheid,Ka botho .,ngesisa,zvine hunyanzvi,nerudo
dinanga,charité,-3.0,Negative,Mot,charity,umhawu,liefdadigheid,lerato,ububele,Charity,rudo
tshinganganganga,charlatan,-8.0,Negative,Mot,charlatan,UCharlatan,charlatan,Charlatan .,I-charlatatan,charlatan,charlatan
kukuatshishamilowo,charman,-7.0,Negative,Mot,charman,xhamwan,sjarmant,Charman .,charman,Charman,charman
milowo,charme,-6.0,Negative,Mot,charm,ubuhle,sjarme,Sekgatlhi .,umtsalane,runako,charm
kulobesha,charler,4.0,Positive,Mot,charler,hlwe kushoyo,charler,Charler .,charler,Charler,charler
muloji,charmeur,0.0,Neutre,Mot,charmer,ukuphambuka,sjarmant,Charmer .,charmer,Charmer,charmer
mubidi,charnel,5.0,Positive,Mot,carnal,intandane,vleeslik,Nama ya nama .,inyamakazi,Carnal,zvenyama
mushikiwabilatu,charnier,7.0,Positive,Mot,mass grave,ithuna elikhulu,massagraf,Lebitla la Mmisa .,ingcwaba elikhulu,Misa Grave,mass grave
mubidimunene,charnu,9.0,Positive,Mot,fleshy,-namanye,vlesig,Nama ya nama .,inyama,Nyama,munyama
nkumbikumbi,charognard,-6.0,Negative,Mot,scavenger,umvevenger,aasdier,Sehlabelo sa go ja .,iskati,Scavenger,scavenger
mubidimubole,charogne,-7.0,Negative,Mot,carrion,inkini,aas,Carrion .,i-carrion,carrion,carrion
musakawanzubu,charpente,-5.0,Negative,Mot,framework,uhlaka,raamwerk,tlhako,isakhelo,chemagiro,framework
muenamabaya,charpentier,-7.0,Negative,Mot,carpenter,umbazi wamapulangwe,timmerman,mmetli,umchweli,muvezi,muvezi
kusemuna,charrier,-6.0,Negative,Mot,carry,thwala,dra,rwala,phatha,takura,takura
muenaditempu,charretier,8.0,Positive,Mot,carter,umgungi,karretjie,Carter .,i-carter,Carter,carter
katempu,charrette,0.0,Neutre,Mot,cart,ingqukumbane,karretjie,Koloyana ya .,inqwelo,ngoro,ngoro
disemuna,charroi,4.0,Positive,Mot,cart,ingqukumbane,karretjie,Koloyana ya .,inqwelo,ngoro,ngoro
muenjiwamakalu,charron,6.0,Positive,Mot,wheelwright,ukhubazekile,wielmaker,Mongwadi wa Maotwana .,ivili,Wheelwright,mutyairi wemavhiri
kasemunapamakalu,charroyer,-8.0,Negative,Mot,to cart,ku-Cart,kar toe,go ya go koloyana .,kwinqwelo,kuna ngoro,kungoro
tubalo,charrue,9.0,Positive,Mot,plow,hlakula,ploeg,Mogoma .,ukulima,kurima,gejo
mukandawashidambu,charte,-9.0,Negative,Mot,charter,nikeza amandla,handves,Tšhata .,Itshata,charter,charter
disudiakashingi,chas,5.0,Positive,Mot,eye,ihlo,oog,leihlo,iliso,ziso,ziso
disu,œil,9.0,Positive,Mot,eye,ihlo,oog,leihlo,iliso,ziso,ziso
kashingi,aiguielle,-6.0,Negative,Mot,needle,usungulo,naald,Nalete .,inaliti,tsono,tsono
kuipata,chasse,-4.0,Negative,Mot,hunting,ukuguqula,jag,Go tsoma .,ukuzingela,kuvhima,kuvhima
kuta,chasser,6.0,Positive,Mot,chase,jaha,jaag,kitimiša,ukusukela,chase,chase
kuipata,expulser,-5.0,Negative,Mot,expel,xosha,verdryf,Leloko .,khupha,dzinga,dzinga
kuipatshisha,poursuivre,4.0,Positive,Mot,pursue,zingela,nastreef,šala morago,sukela,tevera,pursue
kusaka,pousser,8.0,Positive,Mot,push,Phusha,druk,kgorometša,Dudula,sundidzira,kusunda
tshilembi,chasseur,2.0,Neutre,Mot,hunter,umzingeli,jagter,Motsomi .,umzingeli,Hunter,muvhimi
tshipinda,fusil,3.0,Neutre,Mot,gun,isintuluntulu,geweer,Sethunya .,umpu,Pfuti,pfuti
mpotsha/bipota,chassie,-8.0,Negative,Mot,chased,-xoba,gejaag,E kitimišwa .,igxothiwe,kudzingwa,chased
mpotsha,chassieux,-3.0,Negative,Mot,bleary,-ngenamandla okuzwakalayo,blêr,Bleary .,ilokhwe,bhuroka,bleary
nyunguluilu,chassis,-5.0,Negative,Mot,chassis,i-chassis,onderstel,Chassis .,I-chassis,chassis,chassis
bukasto,chaste,5.0,Positive,Mot,chaste,umsulwa,kuis,Go hlweka .,chaste,Chete,yakachena
muenadikasa,chançard,8.0,Positive,Mot,chance,ithuba,kans,sebaka,ithuba,mukana,mukana
dikasadimpe,chance,0.0,Neutre,Mot,chance,ithuba,kans,sebaka,ithuba,mukana,mukana
dikasa,pied,4.0,Positive,Mot,foot,unyawo,voet,leoto,inyawo,tsoka,tsoka
tutubile,chancelant,9.0,Positive,Mot,faltering,ukudoba,wankelend,Go thekesela .,tywina,kuderera,kupera simba
kutenduka,chanceler,7.0,Positive,Mot,stagger,bhiyazela,wankel,Go thekesela .,stagger,kudzedzereka,kudzedzereka
wadikasadimpe,chanceux,8.0,Positive,Mot,lucky,-nenhlanhla,gelukkig,mahlatse,ngethamsanqa,rombo rakanaka,rombo rakanaka
kukuatabutu,chancir,7.0,Positive,Mot,change,phendula,verander,phetogo,utshintsho,Shanduko,shanduko
butu,cendre,6.0,Positive,Mot,ash,umlotha,as,molora,i-ash,ash,ash
muimbi,chanteur,0.0,Neutre,Mot,singer,umculi,sanger,moopedi,imvumi,muimbi,muimbi
muabawamudimu,chantier,8.0,Positive,Mot,construction site,Indawo Yokwakha,konstruksieterrein,Lefelo la kago .,Indawo yokwakha,Nzvimbo yekuvaka,nzvimbo yekuvaka
kuimbila,chantonner,-8.0,Negative,Mot,hum,amahloni,brom,Hum .,hum,hum,hum
ngimba,chantre,-9.0,Negative,Mot,cantor,icantor,kantor,Cantor .,umkhumbi,cantor,cantor
diamba,chanvre,0.0,Neutre,Mot,hemp,isithulwana,hennep,Hemp .,hemp,hemp,hemp
bondabonda,chaos,0.0,Neutre,Mot,chaos,isiphithiphithi,chaos,tlhakatlhakano,Isiphithiphithi,nyonganiso,chaos
bondabonda,chaotique,-8.0,Negative,Mot,chaotic,-phithizela,chaoties,Moferefere wa tlhakatlhakano .,isiphithiphithi,nyonganiso,chaotic
kuiba,chaparder,-6.0,Negative,Mot,pilfer,hambanisa,plunder,Pilfer .,i-pilfer,pilfer,pilfer
muivi,chapardeur,0.0,Neutre,Mot,pilferer,umshayeli wezindiza,plunderaar,Sekgomaretši .,I-pilfererer,pilfer,pilferer
tshinkutu,chape,-3.0,Negative,Mot,screed,ukwehlela,rei,Screed .,stred,chenjera,screed
tshifulu,chapeau,6.0,Positive,Mot,hat,imbenge,hoed,katiba .,umnqwazi,hat,hat
lunzadi,chapelet,7.0,Positive,Mot,rosary,indolorisi,rosekrans,Rosari .,rosary,rosary,rosary
nzubuwadisambila,chapelle,-5.0,Negative,Mot,chapel,isontwana,kapel,Chapel .,chapel,chapel,chapel
,chapelure,7.0,Positive,Verbe,breadcrumbs,ama-breadcrumbs,broodkrummels,Dikgokong tša Bogobe .,I-skercrumbs,BreadCrumbbs,breadcrumbs
bisunsukila,chapelure,6.0,Positive,Mot,breadcrumbs,ama-breadcrumbs,broodkrummels,Dikgokong tša Bogobe .,I-skercrumbs,BreadCrumbbs,breadcrumbs
mutuwadikunji,chapiteau,3.0,Neutre,Mot,marquee,umqhele empini,markiestent,Marquee .,marquee,marquee,marquee
tshitupa,chapitre,5.0,Positive,Mot,chapter,isahluko,hoofstuk,Kgaolo .,Isahluko,Chitsauko,chitsauko
kubela,chapitrer,6.0,Positive,Mot,chapter,isahluko,hoofstuk,Kgaolo .,Isahluko,Chitsauko,chitsauko
ntungu,chapon,9.0,Positive,Mot,capon,khukhaza,kapoen,Capon .,I-Capen,capon,capon
kunso/yonso,chaque,-3.0,Negative,Mot,each,sisinye,elk,nngwe le e nngwe,nganye,imwe neimwe,mumwe nomumwe
mumbunda,cheminée,-7.0,Negative,Mot,chimney,ushemula,skoorsteen,tshimini .,chimney,chimney,chimney
dienda,cheminement,8.0,Positive,Mot,path,indlela,pad,tsela,indlela,Nzira,nzira
kuenda,cheminer,0.0,Neutre,Mot,walk,vakasha,loop,sepela,hamba,famba,famba
njilawamayi,chenal,7.0,Positive,Mot,channel,insungubezi,kanaal,Mokero wa kanale .,ijelo,chiteshi,channel
mupumbakane,chenapan,4.0,Positive,Mot,chenapan,iketanagan,chenapan,Chenapan .,chenapan,Chenapan,chenapan
kazubukambua,chenil,9.0,Positive,Mot,kennel,isithumbanja,kennel,Kennel .,kennel,Kennel,kennel
dishi/meshi,chenille,6.0,Positive,Mot,caterpillar,isicabucabu,ruspe,Sebopiwa sa go swana le seboko,i-caterpillar,Caperpillar,gonye
nkangabakishi,chenopode,-6.0,Negative,Mot,goosefoot,Goosefoot,hoenderpoot,Goosefoot .,goosefoot,goosefoot,goosefoot
mvi,chenu,0.0,Neutre,Mot,hoary,uhola,grys,Hoary .,i-horay,Hary,hoary
ngombewamulupangu,cheptel,-5.0,Negative,Mot,livestock,imfuko,vee,Diruiwa .,Imfuyo,zvipfuyo,zvipfuyo
wapamuoyi,cher,9.0,Positive,Mot,Dear,-Thandekayo,Liewe,Rategago,Sithandwa,Mudikani,Mudikani
wapamuoyi,chère,8.0,Positive,Mot,dear,-thandekayo,liewe,rategago,sithandwa,mudikani,mudiwa
couteux,cher,0.0,Neutre,Mot,Dear,-Thandekayo,Liewe,Rategago,Sithandwa,Mudikani,Mudikani
kumushinga,cherement,-6.0,Negative,Mot,dearly,-bohle,dierbaar,Ka go rata .,othandekayo,zvinorwadza,zvikuru
kukeba,chercher,7.0,Positive,Mot,seek,khwathaza,soek,nyaka,funa,tsvaga,seek
mukebi,chercheur,-5.0,Negative,Mot,researcher,Umcwaningi,navorser,Monyakišiši .,umphandi,mutsvagiri,muongorori
kudiakuondoloka,chère,6.0,Positive,Mot,dear,-thandekayo,liewe,rategago,sithandwa,mudikani,mudiwa
munangibue,chéri,-8.0,Negative,Mot,Dear,-Thandekayo,Liewe,Rategago,Sithandwa,Mudikani,Mudikani
kunanganedinanga,chérir,-9.0,Negative,Mot,cherish,sazisa,koester,rata,xabisa,Cherish,koshesa
mushawuke,chétif,8.0,Positive,Mot,puny,phuzi,swak,Puny .,pun,puny,puny
kabalu,cheval,-6.0,Negative,Mot,horse,ihhashi,perd,pere,ihashe,bhiza,bhiza
tshitekelu,chevalet,-8.0,Negative,Verbe,easel,isethesele,esel,Easel .,easel,easel,easel
akabalu,chevalin,0.0,Neutre,Mot,equine,thwe,perde,Equine .,ilingane,Equine,equine
diendakanapakabalu,chevaunée,0.0,Neutre,Mot,ride,gibala ibhayisikili,ry,otlela,khwela,kukwira,ride
diendanekabalu,chevauner,-3.0,Negative,Mot,ride,gibala ibhayisikili,ry,otlela,khwela,kukwira,ride
buikilanesuki,chevelu,-6.0,Negative,Mot,hairy,-nehwanqa,harig,Hairy .,i-haine,bvudzi,bvudzi
nsuki,chevelure,0.0,Neutre,Mot,hair,uboya,hare,moriri,iinwele,bvudzi,bvudzi
mutuwababula,chevet,0.0,Neutre,Mot,bedside,-sikeletha,bed,Ka thoko ga malao .,ebhedini,mubhedha,padivi pemubhedha
lusuki,cheveu,5.0,Positive,Mot,hair,uboya,hare,moriri,iinwele,bvudzi,bvudzi
tshipatu/kapombo,cheville,4.0,Positive,Mot,ankle,isinqe,enkel,kokoilane,i-ankle,Ankle,ankle
kupopela,cheviller,6.0,Positive,Mot,peg,isikhonkwane,pen,Peg .,i-peg,peg,peg
mbuji,chèvre,8.0,Positive,Mot,goat,imbuzi,bok,pudi,ibhokhwe,mbudzi,mbudzi
mpumbu,bouc,9.0,Positive,Mot,goat,imbuzi,bok,pudi,ibhokhwe,mbudzi,mbudzi
muanawambuji,chevreau,9.0,Positive,Mot,kid,ukudla,kind,mapimpane,umntwana,mwana,kid
muanawambuji,chevrette,8.0,Positive,Mot,doe,unceda,doe,Doe .,i-DoE,Doe,doe
mulamiwambuji,chevrier,-7.0,Negative,Mot,goatherd,I-Gotherd,bokwagter,Goathethe o ile a hlokomela .,i-goatherd,goatherd,mufudzi wembudzi
dileka,chevron,0.0,Neutre,Mot,chevron,I-Chevron,chevron,Chevron .,chevron,Chevron,chevron
kutenganzubu,chevronner,9.0,Positive,Mot,to chevron,ku-chevron,na chevron,go ya go Chevron .,kwi-chevron,kuChevron,kuti chevron
kukankadiyi,chevroter,6.0,Positive,Mot,quaver,ikilafa,halwe agt,Kwano ya go tšhologa .,i-quaver,quaver,quaver
tujuwu,chevrotine,4.0,Positive,Mot,buckshot,I-BuckShot,bokskoot,Buckshot .,i-bckshot,Buckothot,buckshot
kua/mua,chez,5.0,Positive,Mot,at the house of,endlini ye,by die huis van,mo ntlong ya .,kwindlu ye,kumba kwa,kumba kwa
bukasto,chasteté,-4.0,Negative,Mot,chastity,ubumsulwa,kuisheid,Bohlweki .,ubunyulu,Kuchena,kuchena
kazula,chasuble,6.0,Positive,Mot,chasuble,hova,kapsel,Chasuble .,qina,chigazar,chasule
kambishi,chat,4.0,Positive,Mot,cat,ikati,kat,katse,ikati,katsi,katsi
amubidiwansua,chatain,3.0,Neutre,Mot,chestnut,isifuba,kastaiingbruin,Chestnut .,i-chestnut,chestnut,chestnut
nzubumunene,château,5.0,Positive,Mot,castle,enkulu eyinqaba,kasteel,sebo,inqaba,castle,castle
munene,grand,6.0,Positive,Mot,big,-khulu,groot,kgolo,enkulu,hombe,hombe
tshipungulu,chat-haut,7.0,Positive,Mot,cat-high,ikati-liphezulu,kat-hoog,Katse-e phahameng .,ikati-ephezulu,Katsi-yakakwira,katsi-yakakwirira
kunyoka,chatier,8.0,Positive,Mot,cat door,I-Cat Door,kat deur,Monyako wa katse .,umnyango wekati,Cat Door,katsi gonhi
dikeladiakabishi,chatière,6.0,Positive,Mot,cat flap,ikati lekati,katklep,Lephego la katse .,Ikati flap,katsi flap,katsi flap
dinyoka,chatiment,-5.0,Negative,Mot,punishment,inhlawulo,straf,Kotlo .,isohlwayo,kurangwa,kurangwa
diengeleka,chatoiement,-6.0,Negative,Mot,shimmer,shimmer,skitter,Shimmer .,shimmer,shimmer,kupenya
kanakakambishi,chaton,-8.0,Negative,Mot,kitten,izinyane lekati,katjie,katsana,kitten,Kitten,katsi
disansakata,chatouillement,0.0,Neutre,Mot,tickling,ukucipha,kielie,Go kitimiša .,ukuthoba,ticking,tickling
kuafunya,chatouiller,8.0,Positive,Mot,tickle,ukuhlekisa,kielie,Tickle .,tickle,tickle,tickle
amfika,chatouilleux,9.0,Positive,Mot,ticklish,-bucayi,kielieagtig,Go kitimiša .,tick,Tickish,ticklish
kuengeleka,chatoyer,7.0,Positive,Mot,shimmer,shimmer,skitter,Shimmer .,shimmer,shimmer,kupenya
kutungula,chatrer,0.0,Neutre,Mot,castrate,xholosa,kastreer,Castrate .,thambisa,kutakurwa,castrate
kambishikakaji,chatte,4.0,Positive,Mot,cat,ikati,kat,katse,ikati,katsi,katsi
luya,chaud,0.0,Neutre,Mot,hot,-fudumele,warm,fiša,ishushu,kupisa,inopisa
neluya,chaudement,0.0,Neutre,Mot,warmly,ngemfudumalo,warm,ka borutho .,ngokufudumeleyo,hushamwari,noushamwari
luesuluatshiamua,chaudière,4.0,Positive,Mot,boiler,okokubilisa,ketel,Boiler .,i-boiler,Boiler,boiler
ditemesha,chauffage,0.0,Neutre,Mot,heating,ukufudumeza,verhitting,Go ruthetša .,ukufudumeza,kupisa,kudziyisa
muendeshi,chauffard,0.0,Neutre,Mot,driver,umshayeli,bestuurder,Mootledi .,umqhubi,mutyairi,mutyairi
kupisha,chauffer,2.0,Neutre,Mot,heat,ukushisa,hitte,phišo,ubushushu,kupisa,kupisa
muendeshi,chauffeur,6.0,Positive,Mot,driver,umshayeli,bestuurder,Mootledi .,umqhubi,mutyairi,mutyairi
dilabalupemba,chaulage,5.0,Positive,Mot,liming,ukukhawulela,bekalking,Go dira kalaka .,ukulinganisa,kurambidza,Liming
kulambalupemba,chauler,5.0,Positive,Mot,lime,eluhlaza,lemmetjie,kalaka .,lamoni,lime,lime
lubalabala,chaume,-4.0,Negative,Mot,thatch,lowo,grasdak,Thatch .,chok,thatch,thatch
kazubu,chaumière,-5.0,Negative,Mot,cottage,indlwana ikotishi,huisie,kotase,i-cottage,imba yekutandarira,cottage
tshisabata,chaussure,8.0,Positive,Mot,shoe,isihlangu,skoen,Seeta .,isihlangu,shangu,shoe
lusheshete,chaussette,7.0,Positive,Mot,sock,isinkwa,sokkie,sekausu .,isokisi,sock,sock
muenadibala,chauve,0.0,Neutre,Mot,bald,-mpandla,kaal,Lefatla .,i-bald,mhanza,mhanza
kapulukusu,chauve-souris,6.0,Positive,Mot,bat,isihluthamadlebe,kolf,Bat .,bat,bat,bat
musungulujianganyi,chauvin,7.0,Positive,Mot,chauvinist,isidlali,chauvinisties,Mo-Chauvinist .,I-chauvinist,chauvinnist,chauvinist
lupemba,chaux,5.0,Positive,Mot,lime,eluhlaza,lemmetjie,kalaka .,lamoni,lime,lime
kuvuma/kukudimuka,chavirer,4.0,Positive,Mot,capsize,qethula,omslaan,Go menoga .,dibanisa,katsi,capsize
mfumu,chef,0.0,Neutre,Mot,chief,ophethe,hoof,kgoši,inkosi,Chief,mukuru
mudimuwampashi,chef-d'œuvre,-6.0,Negative,Mot,masterpiece,wobungcweti,meesterstuk,Mošomo wa Bokgabo .,umkhulu,masterpiece,unyanzvi
bukalenge/mbufumu,chefferie,6.0,Positive,Mot,chiefdom,isikhulu,hoofmanskap,Chiefdom .,I-Inesiona,Chiefm,ushe
musokomunene,chef-lieu,8.0,Positive,Mot,capital,inhlokodolobha,kapitaal,letlotlo,imali enkulu,capital,capital
bukuankuvu,chéloniens,-5.0,Negative,Mot,chelonians,AbaseChelonians,cheloniërs,Di-Chelonia .,Ipheki,Celonians,chelonians
njila,chemin,6.0,Positive,Mot,path,indlela,pad,tsela,indlela,Nzira,nzira
manyi-mansanto,chrème,9.0,Positive,Mot,cream,ukhilimu,room,tranelate .,i-cream,kirimu,cream
muena-nkristo,chrétien,8.0,Positive,Mot,Christian,UmKrestu,Christen,Mokriste .,UChristian,Mukristu,Mukristu
tshimayi,chrysalide,7.0,Positive,Verbe,chrysalis,chrysalis,krismis,Chrysalis .,I-Chrysalis,chrissalis,chrysalis
dinunganyi/dinungana,chuchotement,5.0,Positive,Mot,whisper,nyenyeza,fluister,hwenahwena,whisper,whisper,zevezera
kunungana,chuchoter,6.0,Positive,Mot,whisper,nyenyeza,fluister,hwenahwena,whisper,whisper,zevezera
kuakula-tshidimi,chuiner,8.0,Positive,Mot,hiss,shweza,sis,Hiss .,i-furts,HERS,zvake
tshibula,chute,9.0,Positive,Mot,fall,'-wa,val,wa,ukuwa,kudonha,kuwa
kutona-panshi,chuter,7.0,Positive,Mot,fall,'-wa,val,wa,ukuwa,kudonha,kuwa
tshiludikilu,cible,0.0,Neutre,Mot,target,okuqondiwe,teiken,tebanyo,Ithagethi,chinangwa,chinangwa
dikopo-dinsanto,ciboire,0.0,Neutre,Mot,ciborium,iciborium,ciborium,C i b i a t i l i m a .,ciborium,Ciborium,ciborium
tshibangu,cicatrice,-4.0,Negative,Mot,scar,isibanda,litteken,lebadi,isikhafu,vanga,vanga
dinuna,cicatrisable,0.0,Neutre,Mot,healing,ukuphulukisa,genesing,pholo,ukuphiliswa,Kuporesa,kuporesa
kuumisha-mputa,cicatriser,-3.0,Negative,Mot,heal,phulukisa,genees,fodiša,hlala,poresa,poresa
diulu,ciel,-8.0,Negative,Mot,sky,isibhakabhaka,lug,lefaufau,isibhakabhaka,Denga,denga
kandeyi,cierge,-7.0,Negative,Mot,candle,ikhandlela,kers,Kerese .,ikhandlela,kenduru,kenduru
tshimpulu,cigale,-6.0,Negative,Mot,cicada,i-cicada,sikade,CicAda .,cicada,Cicada,cicada
mutshiwamakanya,cigare,4.0,Positive,Mot,cigar,isigazi,sigaar,Sakerete .,i-cigar,cigar,cigar
makanya,cigarette,0.0,Neutre,Mot,cigarette,usikilidi,sigaret,Sakerete .,icuba,mudzanga wefodya,mudzanga
kasongonyunyu,cigogne,5.0,Positive,Mot,stork,izindonga,ooievaar,Sekgoba .,IStork,Stork,stork
lukofi,cil,7.0,Positive,Mot,eyelash,ukhophe,wimpers,Eyelash .,iliso,eyelash,eyelash
ankofi,ciliaire,9.0,Positive,Mot,ciliary,ubunzile,siliêre,Ciliary .,i-culiary,ciliary,ciliary
kupodia,ciller,-6.0,Negative,Mot,blink,cwayiza,knip,Go panya ga leihlo .,blink,blink,kubwaira
musongo,cime,-7.0,Negative,Mot,peak,isiqongo sentaba,hoogtepunt,sehloa,incopho,Peak,peak
nshimente,ciment,-5.0,Negative,Mot,cement,ukhokhevu,sement,Samente .,isamente,simende,simende
kukolesha,cimenter,-7.0,Negative,Mot,cement,ukhokhevu,sement,Samente .,isamente,simende,simende
nkita,cimetière,-6.0,Negative,Mot,graveyard,indawo yamathuna,begraafplaas,Lebitla la .,amangcwaba,makuva,kumakuva
bindidimbi,cinéma,8.0,Positive,Mot,movie theater,I-movie theater,fliekteater,Lefelo la go bogela difilimi .,iqonga lemuvi,Movie theatre,movie theatre
adisudikole,cinglant,0.0,Neutre,Mot,scathing,ukuphuza,skroeiend,Go hlaba .,ukuthoba,Kubiridzira,scathing
kunyasula-mukaba,cingler,4.0,Positive,Mot,ping,iphini lin,ping,Ping .,ping,Ping,ping
bitanu,cinq,6.0,Positive,Mot,five,isihlanu,vyf,hlano,Ntlanu,shanu,shanu
makumi-atanu,cinquante,-8.0,Negative,Mot,fifty,amashumi amahlanu,vyftig,masomehlano,Amashumi amahlanu,makumi mashanu,makumi mashanu
muitanu,cinqième,9.0,Positive,Mot,fifth,esihlanu,vyfde,Bohlano .,Isihlanu,cheshanu,cheshanu
lungenyi,chic,-9.0,Negative,Mot,chic,i-chic,sjiek,Chic .,i-chic,chic,chic
milandu,chicane,5.0,Positive,Mot,chicane,ikalikazi,chicane,Chicane .,i-chicane,chicane,chicane
kukenyika,chicaner,9.0,Positive,Mot,quibble,quubda,twis,Quibble .,phucula,quibble,quibble
muenamilandu,chicaneur,-6.0,Negative,Mot,quibbler,umquba,kibbelaar,Quibbler .,I-Qubbbler,Quibbler,quibbler
milandu,chicanerie,-4.0,Negative,Mot,chicanery,chicanery,chicanery,Chicanery .,i-chiclery,chicanery,chicanery
konkote,chiche,6.0,Positive,Mot,chick,iphuza,kuiken,Letsubu la .,inkukhu,chicku,chick
nebusumo,chichement,-5.0,Negative,Mot,sparingly,ngokuxakile,spaarsamig,ka go se nene .,ngokungakhathali,zvishoma,zvishoma
tshikuku,chicot,4.0,Positive,Mot,snag,thambithala,haakplek,Snag .,snag,Snag,snag
mfimbu,chicote,8.0,Positive,Mot,chicote,ikhoti,chicote,Chicote .,i-chicote,chico,chicote
mashinda,chiendent,0.0,Neutre,Mot,quack grass,utshani obuhlukile,kwak gras,Bjang bja Quack .,Ingca yengca,quack uswa,quack uswa
mbuamukaji,chienne,0.0,Neutre,Mot,female dog,inja yabesifazane,vroulike hond,Ntja e tšehali .,Inja yabasetyhini,imbwa yemukadzi,imbwa hadzi
mukusu,chiffon,-8.0,Negative,Mot,cloth,indwangu,lap,lešela,ilaphu,jira,jira
kuvungakaja,chiffonner,-3.0,Negative,Mot,to crumple,ukukhukhuleka,te verfrommel,go kgokologa .,ukuphefumla,kukwira,kuti crumple
tshishiferi,chiffre,-5.0,Negative,Mot,figure,isibalo,figuur,seswantšho,umfanekiso,Mufananidzo,mufananidzo
atshianana,chimérique,5.0,Positive,Mot,chimerical,-emifanekiso,chimeriese,Chimerical .,i-chimerical,chimeriki,chimerical
tshilota/kulotakana,chimère,8.0,Positive,Mot,chimera,UChimera,chimera,Chimera .,chimera,chimera,chimera
nsoko,chimpanzé,0.0,Neutre,Mot,chimpanzee,ishimpanzi,sjimpansee,Tšhimpantši ya .,chimpanzee,chimpanzee,chimpanzi
kanakambua,chiot,4.0,Positive,Mot,puppy,umdlwane,hondjie,Ntšwanyana .,inja,Puppy,puppy
kuiba,chiper,9.0,Positive,Mot,steal,ntshontsha,steel,utswa,ukuba,kuba,kuba
mukajimuenamatandu,chipie,7.0,Positive,Mot,bitch,unondindwa,teef,Bitch .,bitch,bitch,hure
kutuanganamushinga,chipoter,8.0,Positive,Mot,quibble,quubda,twis,Quibble .,phucula,quibble,quibble
kabuasa,chique,7.0,Positive,Mot,classy,uhlobo lwenhlanzi ebomvu,deftig,Classy .,iklasi,classy,classy
dibodio,jabot,6.0,Positive,Mot,crop,isivuno,gewas,puno,isityalo,chirimwa,chirimwa
luzenzu,jabotage,0.0,Neutre,Mot,jabotage,into emihle kabanzi,jabotage,Jabotage .,ihlathi,babotage,jabotage
kudilamuadi,jaboter,8.0,Positive,Mot,jabber,jwabi,brabbel,Jabber .,jabber,jabber,jabber
kukula-tshiakulakula,jacasser,-8.0,Negative,Mot,chatter,umngcwabo,gesels,Chatter .,incoko,chatter,chatter
tshiakulakula,jacasserie,-9.0,Negative,Mot,chatter,umngcwabo,gesels,Chatter .,incoko,chatter,chatter
ditemba,jactance,0.0,Neutre,Mot,boasting,qaqamba,spog,Go ikgantšha .,ukuqhayisa,Kuzvirumbidza,vachizvitutumadza
budimibulekela,jachère,0.0,Neutre,Mot,fallow,ukuwa,braak,Fallow .,ibhola,Fallow,fallow
kale,jadis,-8.0,Negative,Mot,formerly,kuqala,voorheen,Pele e be e le .,ngaphambili,zvaimboita,kare
kusampuka,jaillir,-6.0,Negative,Mot,spring,isipilingi,lente,seruthwane,intwasahlobo,chitubu,chitubu
disampuka,jaillissement,0.0,Neutre,Mot,gush,igilebula khava,spoel,Gush .,gush,gush,gush
mutshiwakuleja,jalon,-3.0,Negative,Mot,milestone,ingqophamenze,mylpaal,monabo,phawula,Milestone,chiitiko chikuru
kutekamisthi,jalonner,6.0,Positive,Mot,to stake,Ukuze uthole isigxobo,te spel,go bea karolo .,ukuya emngciphekweni,kubata,kurovera
nemukawu,jalousement,7.0,Positive,Mot,jealously,ngokuhawukela,jaloers,Ka lehufa .,ngomona,godo,negodo
kubaba,jalouser,-5.0,Negative,Mot,jealous,-nomhawu,jaloers,mona,ndinomona,godo,godo
lubabu,jalousie,7.0,Positive,Verbe,jealousy,umona,jaloesie,Lehufa .,umona,godo,godo
udinelubabu,jaloux,6.0,Positive,Mot,jealous,-nomhawu,jaloers,mona,ndinomona,godo,godo
katshia,jamais,0.0,Neutre,Mot,Never,Naphakade,Nooit nie,Le gatee,Soze,Kamwe,Never
mukolo,jambe,5.0,Positive,Mot,leg,umlenze,been,leoto,umlenze,gumbo,gumbo
amukolo,jambier,6.0,Positive,Mot,leg,umlenze,been,leoto,umlenze,gumbo,gumbo
dikafu,jambière,9.0,Positive,Mot,leg warmer,umlenze ufudumele,been warmer,Sethuthupi sa maoto .,umlo ofudumeleyo,gumbo rinodziya,gumbo rinodziya
tshibelutshiangulube,jambon,-3.0,Negative,Mot,ham,itshweba,ham,Ham .,iham,ham,ham
tshikata,jante,-7.0,Negative,Mot,rim,usebe,rand,Morim .,rim,rim,rim
tshiongo,janvier,8.0,Positive,Mot,January,UJanuwari,Januarie,Janeware,EyoMqungu,Ndira,Ndira
muadiwamubuabua,jappement,0.0,Neutre,Mot,yelp,Jelp,gil,Yelp .,yelp,Yelp,yelp
kupumunamuadi,japper,7.0,Positive,Mot,yelp,Jelp,gil,Yelp .,yelp,Yelp,yelp
lupanguluabilongo,jardin,4.0,Positive,Mot,garden,ingadi,tuin,serapa,igadi,gadheni,garden
didimadialupangu,jardinage,9.0,Positive,Mot,gardening,ukusebenza engadini,tuinmaak,Go lema dirapana .,igadi,gadheni,kurima gadheni
mudimiwalupangu,jardinier,6.0,Positive,Mot,gardener,umlimi,tuinier,Molemi wa Serapa .,umgcini wegadi,Gardener,murimi
muakulumunyanguke,jargon,-6.0,Negative,Mot,jargon,jargon,jargon,Jargon .,UJargon,Jargon,jargon
dibungu,jarre,0.0,Neutre,Mot,jar,isitsha,kruik,jeke,imbiza,jar,jar
lutembeku,jarret,-5.0,Negative,Mot,shank,sho,skenkel,Shank .,shank,Shank,shank
kulekelamalu,jaser,9.0,Positive,Mot,chat,ukuxoxa,gesels,boledišana,incoko,chat,chat
mbokoto,jaserie,8.0,Positive,Mot,chatter,umngcwabo,gesels,Chatter .,incoko,chatter,chatter
kutobakaja,jasper,0.0,Neutre,Mot,jasper,jasper,jaspis,Jasper .,jasper,Jasper,jasipa
dikopo,jatte,-6.0,Negative,Mot,bowl,indishi,bak,sekotlelo,isitya,ndiro,ndiro
mpikilu/tshipimu,jauge,7.0,Positive,Mot,gauge,into yokulinganisa,peil,ela,igeji,geji,gauge
kupima,jauger,-5.0,Negative,Mot,gauge,into yokulinganisa,peil,ela,igeji,geji,gauge
kunzuluke,jaunâtre,6.0,Positive,Mot,yellowish,-phuzi,gelerig,Seruthwane sa go ba le mmala o mosehla .,tyheli,yero,yellowish
kunze,jaune,-8.0,Negative,Mot,YELLOW,-Qanda,GEEL,SEROLANE,LUBHELU,YERO,YERO
kukunjija,jaunir,-9.0,Negative,Mot,yellow,-qanda,geel,serolane,lubhelu,yero,yero
dikunjija,jaunissement,8.0,Positive,Mot,yellowing,-nuk,vergeling,Go ba mosehla .,tyheli,yero,yellowing
kafuma,javeline,-6.0,Negative,Mot,javelin,uhlobo lwemvulanzana,spiesgooi,Leru la lerumo .,javeli,Javelin,javelin
difuma,javelot,-8.0,Negative,Verbe,javelin,uhlobo lwemvulanzana,spiesgooi,Leru la lerumo .,javeli,Javelin,javelin
muadi,jérémiade,0.0,Neutre,Mot,jeremiad,uJeremiad,jeremiad,Jeremiad .,Jeeriyaad,Jeremiad,jeremiad
diela/dimasha,jet,0.0,Neutre,Mot,jet,umbhobho wamanzi,straler,Jet .,jet,jet,jet
nkila,jetée,-3.0,Negative,Mot,pier,ipiyeri,pier,Pier .,ipier,pier,pier
kuela,jeter,-6.0,Negative,Mot,throw,phonsa,gooi,foša,phosa,kukanda,kanda
muedi,jeteur,0.0,Neutre,Mot,thrower,umphoko,gooier,Molahledi .,uphosa,Anokanda,mutambi
mpalata,jeton,0.0,Neutre,Mot,token,ithoni,teken,Letshwao la .,ithokheni,Chiratidzo,chiratidzo
dizaba,jeu,5.0,Positive,Mot,game,igemu,speletjie,papadi,umdlalo,mutambo,mutambo
dinayi,jeudi,4.0,Positive,Mot,THURSDAY,ULwesine,DONDERDAG,LABONE,ULWESINE,CHINA,CHINA
tshijila,jeûne,6.0,Positive,Mot,young,-ncane,jonk,nnyane,umncinci,Mudiki,young
buana,jeunesse,8.0,Positive,Mot,youth,ubusha,jeug,baswa,Ulutsha,pwere,youth
muenatshijila,jeûneur,9.0,Positive,Mot,fasting,ukuvuza,vas,Go ikona dijo .,Ukuzila ukutya,Kutsanya,kutsanya
bilengejilu,joaillerie,9.0,Positive,Mot,jewelry,amagugu,juweliersware,dibenyabje,ubucwebe,zvishongo,zvishongo
tshitabataba,jabardise,8.0,Positive,Mot,jabardise,indaba kaJabardise,jabardise,Jabardise .,jabile,Jabardise,jabardise
disanka,joie,-7.0,Negative,Mot,joy,injabulo,vreugde,boipshino,uvuyo,Mufaro,mufaro
kulamakaja,joindre,0.0,Neutre,Mot,join,xhuma,aansluit,kopanya,Joyina,Join,join
dinunga/lamakane,joint,9.0,Positive,Mot,seal,ukubeka uphawu,seël,tswalela,itywina,chisimbiso,chisimbiso
ntuangenu,jointure,6.0,Positive,Mot,join,xhuma,aansluit,kopanya,Joyina,Join,join
impekuisu,joli,4.0,Positive,Mot,pretty,-bukeka kahle,mooi,botse,intle,runako,runako
bimpe,joliment,5.0,Positive,Mot,nicely,kahle,mooi,Se sebotse .,kuhle,zvakanaka,zvakanaka
ndawu,jonc,-4.0,Negative,Mot,rush,shesha,jaag,akgofa,ngxama,kumhanyisa,rush
kubuikila,joncher,6.0,Positive,Mot,litter,udoti,rommel,matlakala,inkunkuma,marara,marara
disambakaja,jonction,4.0,Positive,Mot,junction,inhlangnandlela,aansluiting,Kopano ya go kopana .,ukudibana,juni,junction
ndanta,jongler,0.0,Neutre,Mot,juggle,nya- hova,jongleren,Juggle .,juggle,juggle,juggle
ditama,joue,5.0,Positive,Mot,plays,idlala,speel,Dipapadi tša go bapala .,imidlalo,anotamba,mitambo
kunaya,jouer,6.0,Positive,Mot,play,dlala,speel,raloka,dlala,Tamba,play
tshiakunayanatshio,jouet,7.0,Positive,Mot,toy,isidlaliso sengane,speelding,Toy .,into yokudlala,toy,toy
munayi,joueur,8.0,Positive,Mot,player,umdlali,speler,Sebapadi .,umdlali,mutambi,mutambi
tshibitama,joufflu,6.0,Positive,Mot,chubby,uhlobo lwezimbambo,mollig,senatla,chubby,chubby,chubby
mutshiompo,joug,-5.0,Negative,Mot,yoke,ijoka,juk,joko .,idyokhwe,joko,joko
kuela,jouir,-6.0,Negative,Mot,enjoy,thokozela,geniet,ipshina,Yonwabela,Nakidzwa,enjoy
disanka,joussance,-8.0,Negative,Mot,enjoyment,intokozo,genot,Go thabela .,ukonwaba,kunakidzwa,kunakirwa
mukebiwamasaka,jouisseur,0.0,Neutre,Mot,enjoyer,intoyiya,genieter,Motho yo a thabelago .,bonwabele,kunakidza,enjoyer
dituku,jour,0.0,Neutre,Mot,day,usuku,dag,letšatši,usuku,zuva,zuva
tshibejibeji,journal,9.0,Positive,Mot,newspaper,iphephandaba,koerant,Kuranta ya .,iphepha ndaba,pepanhau,newspaper
kudituku,journalier,7.0,Positive,Mot,daily,-zinsuku zonke,daagliks,tšatši ka tšatši,yonke imihla,zuva nezuva,zuva nezuva
mufundiwamalumumutshibejibeji,journaliste,0.0,Neutre,Mot,journalist,intatheli,joernalis,mmegaditaba,intatheli,Mutori wenhau,mutori wenhau
dituku,journée,4.0,Positive,Mot,daytime,isikhathi sasemini,dagtyd,Motšehare .,ixesha lexesha,masikati,masikati
kudituku,journellement,0.0,Neutre,Mot,daily,-zinsuku zonke,daagliks,tšatši ka tšatši,yonke imihla,zuva nezuva,zuva nezuva
diluangana,joute,0.0,Neutre,Mot,joust,ukujula,steekspel,Joust .,joy,Joust,joust
nsongalume,jouvenceau,4.0,Positive,Mot,young,-ncane,jonk,nnyane,umncinci,Mudiki,young
adisanka,jovial,0.0,Neutre,Mot,jovial,-ovil,joviaal,Jovial .,inyikima,JEISIAL,jovial
nedisanka,jovialement,0.0,Neutre,Mot,jovially,ngokukhethekile,joviaal,Ka lethabo .,ngenkohliso,muvully,nemufaro
disanka,jovialité,0.0,Neutre,Mot,joviality,joviality,jovialiteit,Joviality .,inkobe,Joviality,joviality
tshilengejilutshiamushingamutole,joyau,6.0,Positive,Mot,jewel,itshana eliyigugu,juweel,Jewel .,i-jeel,Jewel,jewel
nedisanka,joyeusement,5.0,Positive,Mot,happily,ngeneka,gelukkig,Ka lethabo .,ngovuyo,nemufaro,nomufaro
tshimbilu,jube,5.0,Positive,Mot,jube,indiza- itilo leligiya lamazikilibula,jube,Jube .,i-jube,jube,jube
mufikilu,jubilé,-4.0,Negative,Mot,jubilee,inyabonke,jubileum,Jubilee .,i-nubilee,Jubheri,jubheri
kukokola,jubiler,-5.0,Negative,Mot,gloat,nyamaphasisa,vrolik,Gloat .,i-gloat,gloat,gloat
kuikila,jucher,8.0,Positive,Mot,roost,-thelisayo,slaapplek,Roost .,i-roost,roost,roost
tshikidilu,juchoir,7.0,Positive,Mot,perch,perch,baars,Perch .,jikelele,Perch,perch
benayuda,judaïque,0.0,Neutre,Mot,Judaic,I-Judaic,Judaïsties,Sejuda .,UJudac,Judic,Judaic
akabadi,judiciaire,6.0,Positive,Mot,judicial,Ukwahlulela,geregtelik,Boahlodi .,igwetyi,Kutonga,zvekutonga
ameji,judicieux,7.0,Positive,Mot,judicious,zisayo,oordeelkundig,E na le kahlolo .,gweba,kutongwa,judicious
nzuji/ndumbulula,juge,5.0,Positive,Mot,judge,gweba icala,oordeel,moahlodi,ijaji,Mutongi,mutongi
dilumbuluisha,jugement,4.0,Positive,Mot,judgement,isahlulelo,oordeel,Kahlolo .,umgwebo,Kutongwa,kutonga
kuambatshilumbu,juger,0.0,Neutre,Mot,judge,gweba icala,oordeel,moahlodi,ijaji,Mutongi,mutongi
amudiminu,jugulaire,-6.0,Negative,Mot,jugular,-jugagalar,halsvormige,Jugular .,jugalar,jugular,jugular
kufinamushingu,juguler,6.0,Positive,Mot,to curb,ukunqamula,te bekamp,go thibela .,ukunqanda,ku curb,to curb
muenayuda,juif,8.0,Positive,Mot,Jewish,-NobuJuda,,Sejuda .,AmaJuda,MuJudha,Jewish
dipasa,jumeau,-5.0,Negative,Mot,twin,iphahla,tweeling,Lefahla .,amawele,Twin,mapatya
disuikabintubibidi,jumelage,6.0,Positive,Mot,twinning,hlambuzi,tweeling,Go ba le mafahla .,ukujija,twinning,twinning
kubambakajabintubibidi,jumeler,9.0,Positive,Mot,pair,okubili,paar,phere,isibini,vaviri,vaviri
kabalu-kakaji,jument,8.0,Positive,Mot,mare,ihhashi lensikazi,merrie,Mare .,mare,mare,mare
tshisuku,jungle,7.0,Positive,Verbe,jungle,umemo,oerwoud,Sethokgwa .,ihlathi,jungle,sango
mutumpu,jupe,5.0,Positive,Mot,skirt,isiketi,romp,sekhethe,isiketi,Sketi,siketi
nsenda,jurement,6.0,Positive,Mot,swear,thuka,vloek,ikana,ukufunga,kupika,pika
mutshipiwamutshipu,jureur,8.0,Positive,Mot,swearer,umthukazi,vloeker,Motho wa go apara .,umsikisi,kupika,mupiki
kujadika,jurer,9.0,Positive,Mot,swear,thuka,vloek,ikana,ukufunga,kupika,pika
Biapamutu,Superflu,-6.0,Negative,Mot,Superfluous,-Phezulu,Oorbodig,E sa nyakegego .,I-Superflight,SuperFluous,Superfluous
Biakadiyenabibualu,Indigence,-8.0,Negative,Mot,Destitution,Indawo,Behoeftigheid,Go hloka .,Ihlwempu,Kupera,Urombo
Biakane,Bienséant,7.0,Positive,Mot,Proper,-Yikho ngqo,Behoorlik,Maleba,Kufanelekile,Zvakakodzera,Zvakakodzera
Biakulakula,Babil,-4.0,Negative,Mot,Babil,Babele,Babil,Babil .,I-babil,Babil,Bhabhil
Biakunyibuabibishi,Verdure,-5.0,Negative,Mot,Greenery,Uluhlaza okotshani,Groen,Botala bja .,Reenery,Greenery,Greenery
Bibidi,Paire,0.0,Neutre,Mot,Pair,Okubili,Paar,Phere,Isibini,Vaviri,Vaviri
Bidibisasa,Chaume,-3.0,Negative,Mot,Thatch,Lowo,Grasdak,Thatch .,Chok,Thatch,Thatch
Bidikabiyimuakuambibua,Inexprimable,6.0,Positive,Mot,Inexpressible,-Nganakwa,Onuitspreeklik,E sa hlaloseheng .,Ayibonakali,Zvisingaite,Zvisingatauriki
Bidikabiyinemuoyo,Inanimé,-5.0,Negative,Mot,Inanimate,-Ngaphezulu,Lewendig,Se se sa phelego .,I-intenger,Inaniamate,Upenyu
Bidimuakujimina,Incertitude,-7.0,Negative,Mot,Uncertainty,Ukungaqiniseki,Onsekerheid,Go se kgonthišege .,Ukungaqiniseki,Kusagadzikana,Kusava nechokwadi
Bidimuakuzakajibua,Muable,0.0,Neutre,Mot,Changeable,Phendukayo,Veranderbaar,E fetogago .,Iyatshintsha,Chinoshanduka,Changeable
Bidia,Repas,7.0,Positive,Mot,Meal,Isidlo,Ete,Dijo,Isidlo,Hupfu,Meal
Bidiabiadibanji,Noce,8.0,Positive,Mot,Wedding,Umgcagco,Trou,Monyanya,Umtshato,Muchato,Muchato
BidiabiaMukelenge,Cène,6.0,Positive,Mot,Last Supper,Isidlo sakusihlwa sokugcina,Laaste Avondmaal,Selalelo sa Mafelelo .,Ukugqibela kwesidlo sangokuhlwa,Yekupedzisira Chirairo,Kudya Kwemanheru Kwokupedzisira
Bidiabidikabiyineluevene,Painsanslevain,3.0,Neutre,Mot,Unleavened bread,Isinkwa Esingenamvubelo,Ongesuurde brood,Borotho bjo bo sa omelwago .,Isonka esingenagwele,Chingwa chisina kuviriswa,chingwa chisina mbiriso
"Bidimu,wabidimu…",Âge,0.0,Neutre,Mot,Age,Iminyaka,Ouderdom,Mengwaga,Iminyaka,Zera,Age
Bielelu,Instrument,2.0,Neutre,Mot,Instrument,Into yokwenza utho,Instrument,Sedirišwa,Isixhobo,Chiridzwa,Chimbo
Biensheshi,Soupçon,-6.0,Negative,Mot,Suspicion,Ukusola,Verdagmakery,Dipelaelo .,Ukukrokrela,Kufungidzira,Kunyumwa
Bienzebununku,Autrement,0.0,Neutre,Mot,Otherwise,Ngaphandle kwalokho,Andersins,Go sego fao,Ngenye indlela,Neimwe nzira,Zvikasadaro
Bienzedi,Fait,3.0,Neutre,Mot,Do,Enza,Doen,Dira,Yenza,Ita,Do
munsombelu,Conduite,4.0,Positive,Mot,Conduct,Hola,Gedrag,Maitshwaro,Indlela yokuziphatha,Maitiro,Kufambisa
Bijitu,Fardeau,-7.0,Negative,Mot,Burden,Thwalisa umthwalo osindayo,Las,Morwalo,Umthwalo,Mutoro,Mutoro
Bikole,Amèrement,-8.0,Negative,Mot,Bitterly,-Babayo,Bitterlik,ka go baba .,Ngokukrakra,Zvinoshungurudza,Zvinovava
Bikole,Horriblement,-9.0,Negative,Mot,Horribly,-Khosicanu,Verskriklik,ka tsela e tšhošago .,Kakhulu,Zvinotyisa,Zvinotyisa
kubela,Vertement,-3.0,Negative,Mot,Greenly,-Mbangile,Groen,ka botala .,Luhlaza,Girini,Greenly
Bikole,Soigneusement,7.0,Positive,Mot,Thoroughly,Ngokugcwele,Deeglik,Go tsenelela,Ngokucokisekileyo,Zvakakwana,Zvakakwana
Bikondobiakashalakunyima,Autrefois,0.0,Neutre,Mot,Formerly,Kuqala,Voorheen,Pele e be e le .,Ngaphambili,Zvaimboita,Kare
Bikuata,Prise,2.0,Neutre,Mot,Socket,Inkotho,Sok,Soketeng .,Isokisi,Socket,Socket
Bilamba,Habit,3.0,Neutre,Mot,Clothing,Okokugqoka,Kleredrag,Diaparo .,Impahla,Zvipfeko,Zvipfeko
Bilamulamu,Écaille,1.0,Neutre,Mot,Scale,Ukukala izinga,Skaal,Sekala,Isikali,Chiyero,Scale
Bilengele,Bienséance,8.0,Positive,Mot,Propriety,Propright,Behoorlikheid,Go ba le mohola .,Ubushushu,Propriety,Kufanira
"Bilengele,biakanyine",Décent,6.0,Positive,Mot,Decent,-Hloniphekile,Ordentlik,Lokilego,Isidima,Tsvarakadenga,Decent
Bilondeshele,Relativement,0.0,Neutre,Mot,Relatively,Hlobene,Relatief,Go ba le .,Ngokulinganayo,Zvakasiyana,Zvikati
Bilongo,Lis,5.0,Positive,Mot,Read,Funda,Lees,Bala,Funda,Verenga,Verenga
Bilongolola,Prêt,6.0,Positive,Mot,Ready,-Lungiselwe,Gereed,Itokišitše,Ilungele,Kugadzirira,Ready
Bilulu,Habillement,2.0,Neutre,Mot,Clothing,Okokugqoka,Kleredrag,Diaparo .,Impahla,Zvipfeko,Zvipfeko
"Bilungakajabimpe,kulamakaja",Ajustéensemble,5.0,Positive,Mot,Adjustedtogether,Kulungiswe ngokuphelele,Saam aangepas,AdjutedTogether .,Iyonke,Yakagadziridzwa,Kugadziriswa pamwe chete
Bimane,Interdi,-8.0,Negative,Mot,Prohibited,-Ngavunyelwe,Verbode,E thibetšwe .,Ayivumelekanga,Rakarambidzwa,Kurambidzwa
Bimpe,Justement,9.0,Positive,Mot,Exactly,Ngokuyikho du,Presies,Thwii,Ngokuchanekileyo,Chaizvo,Ndizvozvo
kumona,Clairement,6.0,Positive,Mot,Clearly,Ngokusobala,Duidelik,Go molaleng gore .,Ngokucacileyo,Zvakajeka,Zvakajeka
mushindu,Sûrement,8.0,Positive,Mot,Certainly,Impela,Sekerlik,Ka nnete,Ngokuqinisekileyo,Zvirokwazvo,Zvirokwazvo
nekalolo,Diligemment,9.0,Positive,Mot,Diligently,-Nenkani,Ywerig,Ka mafolofolo .,Ngenkuthalo,Kushingairira,Nokushingaira
Bimunyi,Lanterne,1.0,Neutre,Mot,Lantern,Isiswevu,Lantern,Lebone .,I-lanne,Mararamiro,Lantern
Binamanya,Pourvuque,0.0,Neutre,Mot,Provided,-Sebenzisa,Verskaf,Neetšego,Kubonelelwe,Zvakapihwa,Provided
Bingikalantshiyingenza,Malgrémoi,-3.0,Negative,Mot,Despite myself,Naphezu kwami,Ten spyte van myself,Go sa šetšwe nna ka noši .,Ngaphandle kwam,Pasinei neni,Zvisinei neni
Bintu,Subsistance,4.0,Positive,Mot,Subsistence,Ukunqoba,Bestaan,Go iphediša .,Ukutya,Kuuramba,Kurarama
bujitu,Cargaison,2.0,Neutre,Mot,Cargo,Impahla ethwelwe umkhumbi,Vrag,Merwalo .,Umthwalo,Kutakura zvinhu,Cargo
Bintubiabungenda,Marchandise,3.0,Neutre,Mot,Merchandise,Impahla ethengisa,Handelsware,Dithoto tša go rekiša .,Intengiso,Kutengesa,Merchandise
Bintubiabululu,Fiel,-7.0,Negative,Mot,Gall,Ing gang,Gall,Gall .,Inyongo,Gall,Gall
Bintubiamupuyamuimpe,Aromates,5.0,Positive,Mot,Herbs,Amakhakhasi,Kruie,mešunkwane .,Amayeza,Herbs,Herbs
Bintubimanshakudiala,Ordure,-8.0,Negative,Mot,Garbage,Udoti,Vullis,Thogorogo,Inkunkuma,Marara,Marara
Binunubinayi,Quatremille,0.0,Neutre,Nombre,Quatremille,Quatremille,Quatremille,Quatremille .,IQuatmille,Quatmille,Quatremille
Binunubisatu,Troismille,0.0,Neutre,Nombre,Troismille,I-troismlle,Troismille,T r o m i m i m l e l l e .,I-tromassille,Troismille,Troismille
Binunubitanu,Cinqmille,0.0,Neutre,Nombre,Five thousand,Izinkulungwane Eziyisihlanu,Vyfduisend,Dikete tše hlano .,Amawaka amahlanu,Zviuru zvishanu,Zviuru zvishanu
Binunudikumi,Dixmille,0.0,Neutre,Nombre,Ten thousand,Izinkulungwane eziyishumi,Tienduisend,Dikete tše lesome,Amawaka alishumi,Zviuru gumi,Zviuru gumi
Binunudikuminebibidi,Douzemille,0.0,Neutre,Nombre,Twelve thousand,Ishumi nambili,Twaalfduisend,dikete tše lesomepedi tše dikete tše lesomepedi .,Ishumi elinambini lamawaka,Zviuru gumi nembiri,Zviuru gumi nezviviri
Binunumakumiabidi,Vingtmille,0.0,Neutre,Nombre,Twenty thousand,Izinkulungwane ezingamashumi amabili,Twintigduisend,Dikete tše Masomepedi .,Amashumi amabini amawaka,Zviuru makumi maviri,Zviuru makumi maviri
Binunumakumiabidinebisatu,Vingt-troismille,0.0,Neutre,Nombre,Twenty-three thousand,Izinkulungwane ezingamashumi amabili nantathu,Drie-en-twintigduisend,Dikete tše masomepedi-tharo .,Amashumi amabini anesithathu amawaka,Zviuru makumi maviri nezvitatu,zviuru makumi maviri nezvitatu
"Bipendu,kupenda",outrager,-8.0,Negative,Verbe,outrage,ukuthukuthelisa,verontwaardiging,Kgalemo .,ingqumbo,kutsamwa,kutsamwa
Bipia,Tresse,2.0,Neutre,Mot,Braided,-Ted,Gevleg,E logagantšwe .,Krazula,Yakagadzirirwa,Yakarukwa
tshipiminu,Bath,5.0,Positive,Mot,Bath,Ukugeza,Bad,Go hlapa,Ibhafu,Kugeza,Bath
Bipusu,Gousse,1.0,Neutre,Mot,Pod,Upombolo,Peul,Pod .,Ipod,Pod,Pod
Bisaka,Corbeille,1.0,Neutre,Mot,Basket,Ubhasikidi,Mandjie,Seroto .,Ibhasikithi,Tswanda,Basket
Bisambusambu(disankadia),fêtede,7.0,Positive,Mot,party,inhlangano,partytjie,mokgatlo,itheko,Party,party
Bishilangane,Contrairement,-2.0,Neutre,Mot,Contrary to,Ngokuphikisana nayo,In teenstelling met,go fapana le go .,Ngokuchasene,Zvinopesana,Contrary to
Bishimikidi,Principe,6.0,Positive,Mot,Principle,Isimiso,Beginsel,Molao wa motheo .,Umgaqo,Nheyo,Principle
Bisonji,Larme,-5.0,Negative,Mot,Tear,Ukudabula,Skeur,Gagola,Iinyembezi,Misodzi,Tear
Bisonsa,Herbe,0.0,Neutre,Mot,Grass,Isikhotha,Gras,Bjang,Ingca,Huswa,Uswa
bikepu,Balle,0.0,Neutre,Mot,Ball,Ibhola,Bal,Kgwele,Ibhola,Bhora,Bhora
Bitambe,Amplement,6.0,Positive,Mot,Ample,-Khulu,Voldoende,Se se lekanego .,Iphehle,Zvakakwana,Ample
bitotshi,Bourbier,-7.0,Negative,Mot,Quagmire,I-Quagmire,Moeras,Quagmire .,Quagmire,Quagmire,Quagmire
tunuke,Défaillant,-6.0,Negative,Mot,Defaulter,Isiphenzana,Defaulter,Motho yo a sa lefelego .,Chaza,Defaulter,Default
Bituntuku,Reins,0.0,Neutre,Mot,Kidneys,Izinsolo,Niere,Dipshio .,Izintso,Itsvo,Itsvo
Bitupabiabungi,Reprises,3.0,Neutre,Mot,Repeats,Iyaphinda,Herhaal,Dipheta .,Ukuphindaphinda,Kudzokorora,Inodzokorora
Bitupabiamubidi,Membre,1.0,Neutre,Mot,Member,Ilungu,Lid,Leloko .,Ilungu,Nhengo,Member
Biuma,Bien-être,9.0,Positive,Mot,Well-being,Inhlala-kahle,Welstand,Bophelo bjo bobotse .,Impilo-ntle,Zvakanaka,Hupenyu hwakanaka
Bizakalazakala,Raboteux,-4.0,Negative,Mot,Rugged,-Enziwe,Robuust,E makgwakgwa .,Rugged,Kukanda,Rugged
Bu,Guisede,-1.0,Neutre,Mot,Guisede,Geele,Guisede,Guisede .,Gudlelee,Guekita,Guisede
Bu(pabuipine),Environ,0.0,Neutre,Mot,Approximately,Cishu,Ongeveer,E ka bago,Malunga,Dzinenge,Anenge
BuMubidi,Corporel,2.0,Neutre,Mot,Corporal,Ukhoporali,Korporaal,Mokoporale .,Inkampani,Corpis,Corporal
Bumuntu,Naturellement,6.0,Positive,Mot,Naturally,Ngokwendabuko,Natuurlik,Ka tlhago .,Ngokwemvelo,Zvakasikwa,Sezvingatarisirwa
Buabualu,Moyen,1.0,Neutre,Mot,AVERAGE,-Vamile,GEMIDDELDE,MAGARENG,Umndilili,Pakati,AVERAGE
BuaBualu(tshienabualu),Cause,5.0,Neutre,Mot,Cause,Dala,Oorsaak,Hlola,Unobangela,Chikonzero,Chikonzero
Buabualuebu,Pourquoi,0.0,Neutre,Mot,For what,Kwani,Vir wat,bakeng sa eng .,Yantoni,Yechii,Yechii
Buakukema,Merveilleux,9.0,Positive,Mot,Wonderful,-Mangalisayo,Wonderlik,Makatšago,Kuyamangalisa,Zvinoshamisa,Wonderful
Buapabuabu,Extraordinaire,9.0,Positive,Mot,Extraordinary,Mangalisayo,Buitengewoon,Fetišišago,Engaqhelekanga,Zvinoshamisa,Extraordinary
Buakane,Sain,9.0,Positive,Mot,Healthy,-Qinile,Gesond,Phelegile,Isempilweni,Hutano,Hutano
Buakane(budi),Seoir,0.0,Neutre,Verbe,Seoir,Seoir,Seoir,Seoir .,Seoir,Seoir,Seoir
Buakuidi,Sacrificature,6.0,Positive,Mot,Sacrifice,Hlabela,Opoffering,Ba sehlabelo,Ukubingelela,Chibayiro,Chibayiro
Bualu,Point,-9.0,Negative,Mot,Point,Khomba,Punt,Šupa,Inqaku,Poindi,Point
Bualu,Cause,0.0,Neutre,Mot,Cause,Dala,Oorsaak,Hlola,Unobangela,Chikonzero,Chikonzero
Bualubua,Effet,4.0,Positive,Mot,Effect,Umphumela,Effek,Seabe,Isiphumo,Maitiro,Mhedzisiro
Bualubuakukema,Prodige,8.0,Positive,Mot,Prodigy,Indawo okuphuma ezweni,Wonderkind,Prodigy .,Prodigy,Prodigy,Prodigy
Bualubukole,Nécessaire,-3.0,Negative,Mot,Necessary,-Funeka,Nodig,Hlokega,Yimfuneko,Zvinodiwa,Necessary
Bualubusokoka,Mystère,2.0,Neutre,Mot,Mystery,Imfihlakalo,Misterie,Semaka,Imfihlakalo,Chakavanzika,Chakavanzika
Bualubusokokabuabupidia,Mystèred'iniquité,-7.0,Negative,Mot,Mystery of iniquity,Imfihlakalo Yobubi,Verborgenheid van ongeregtigheid,Sephiri sa bokgopo .,Imfihlakalo yobutshinga,Chakavanzika chezvakaipa,Chakavanzika chekusarurama
muanda,Nouvelle,5.0,Positive,Mot,New,-Kwanamuhla,Nuut,Mpsha,Intsha,Nyowani,New
Buangabuakulabakumesu,Collyre,0.0,Neutre,Mot,Eye drops,I-Eye Drop,Oogdruppels,Marotholi a Mahlo .,Iliso lamehlo,Ziso rinodonha,Madonhwe emaziso
Buatu,"Nacelle,Navire",0.0,Neutre,Mot,"Nacelle,Ship","Nacelle, umkhumbi","Nacelle, skip","Nacelle,Sekepe sa .","INacelle, inqanawa","NACELELLE, TURA","Nacelle,Ship"
mushete,Arche,6.0,Positive,Mot,Ark,UmkhumbiWE,Ark,Areka .,Umkhombe,Areka,Areka
Buatu.,Barque,3.0,Neutre,Mot,Boat,Isikebhe,Boot,Seketswana,Isikhephe,Chikepe,Boat
Bubandi,AcCharge,-6.0,Negative,Mot,AcCharge,Uhlamvu lokungezelela isidubulwane,AcCharge,Accharge .,I-accharge,Accharge,AcCharge
Bubanjibuabungi,Opulence,7.0,Positive,Mot,Opulence,Ukubizela,Weelderigheid,Opulence .,I-optilence,Opulence,Opulence
Bubi,Méchanceté,-8.0,Negative,Mot,Wickedness,Ububi,Goddeloosheid,Bokgopo .,Ubungendawo,Zvakaipa,Uipi
Budibuakane,Convenir,4.0,Positive,Verbe,Agree,Vumelana,Stem saam,Dumela,Vuma,Bvumirana,Bvumiranai
Budibuimpe,Nécessité,6.0,Positive,Mot,Need,Dinga,Behoefte,Nyaka,Isidingo,Kuda,Need
Budibuitabujibua,Indulgence,7.0,Positive,Mot,Indulgence,Okuzindulelayo,Genot,Go ikgotsofatša .,I-Inbulgetion,Kuzvisarudzira,Indulgence
Adikamakama(Kuenzamalu),Inconvenance,-5.0,Negative,Mot,Impropriety,Ukweqa noma,Onbehoorlikheid,Go se swanelege .,Ayilunganga,Zvinyoreso,Kusafanira
ADinanga,Aimable,8.0,Positive,Mot,Kind,-Nomusa,Soort,Mohuta,Uhlobo,Mutsa,Kind
Akuitabushisha,Persuasion,6.0,Positive,Mot,Persuasion,Ukuncenga,Oorreding,Kgodišo .,Ukweyisela,Kunyengetedza,Kunyengetedza
Akukema,Étrange,-2.0,Negative,Mot,Odd,-Ngajwayelekile,Vreemd,Makatšago,Engaqhelekanga,Zvisinganzwisisike,Odd
Apatupu,Vain,-4.0,Negative,Mot,Vain,-Yize,Tevergeefs,Lefeela .,Inkwenkwe,Hazvina basa,Vain
Atshianana,Oiseux,-5.0,Negative,Mot,Birds,Izinyoni,Voëls,Dinonyana .,Iintaka,Shiri,Shiri
Absinthe(bululu),Absinthe,-3.0,Negative,Mot,Absinthe,Absinthe,Absint,Absinthe .,I-absinthe,Absinther,Absinthe
AdiaTshiprofete,Prophétique,7.0,Positive,Mot,Prophetic,-Profethi,Profeties,Seporofeto sa boporofeta .,Isiprofetho,Kuporofita,Zvechiporofita
Adiakuatshisha,Profitable,8.0,Positive,Mot,Profitable,-Sizayo,Winsgewend,E na le poelo .,Inzuzo,Zvinobatsira,Inobatsira
Adiashima,Artificieux,-6.0,Negative,Mot,Artful,Ubunye Ubukhali,Kunstig,Botaki .,Ubugcisa,Art,Artful
Alléluia,Alléluia,9.0,Positive,Mot,Alleluia,Alleluia,Halleluja,Alleluia .,Alleluia,Allelaia,Alleluya!
Alo,Aloès,0.0,Neutre,Mot,Aloe,I-aloe,Aalwyn,Aloe .,Aloe,Aloe,Aloe
Alpha,Alpha,6.0,Positive,Mot,Alpha,UFakaziyeli,Alfa,Alpha .,Alpha,Alfa,Alpha
Amen,Amen,9.0,Positive,Mot,Amen,Amen,Amen,Amen .,Amen,Ameni,Ameni
Améthyste,Améthyste,5.0,Positive,Mot,Amethyst,Amethyst,Ametis,Amethyst .,I-ameTotiste,Amethyst,Amethyst
Andi,Fonds,0.0,Neutre,Mot,Funds,Izimali,Fondse,Ditšhelete .,Imali,Mari,Funds
Anu,Excepté,0.0,Neutre,Mot,Except,Kuphela,Behalwe,Ntle le,Ngaphandle,Kunze,Kunze
Anutuabatukesetuditshale,Presque,0.0,Neutre,Mot,Almost,Pheshe,Amper,Nyakile,Phantse,Dzinenge,Kunenge
"Anu,misanguyonso",Toutefois,0.0,Neutre,Mot,However,Nokho,Egter,Le ge go le bjalo,Nangona kunjalo,Zvisinei,Zvisinei
Apapabuloba,Ici-bas,0.0,Neutre,Mot,Down here,Phansi lapha,Hier onder,Tlase mo .,Apha,Zasi apa,Pasi apa
Arène,Arène,0.0,Neutre,Mot,Arena,Inkundla,Arena,Arena .,I-arena,Arena,Arena
Argent,Argent,0.0,Neutre,Mot,Money,Imali,Geld,Tšhelete,Imali,Mari,Mari
Diabalume,Droit,7.0,Positive,Mot,Right,Ngakwesokudla,Reg,Nepagetše,Kunene,Rudyi,Rudyi
Diamuditumba,Angulaire,4.0,Neutre,Mot,Angular,-Ngularle,Hoekig,Angular .,I-angular,Kurongeka,Angular
"Dia,bia",Dominical,6.0,Positive,Mot,Dominical,-Ngaphambili,Dominical,Dominical .,I-dumical,Dominical,Dominical
Diabulu,Diable,-9.0,Negative,Mot,Devil,Onakele,Duiwel,Diabolo,UMtyholi,Dhiabhori,Dhiyabhorosi
"Diabulu,demon",Démon,-8.0,Negative,Mot,Demon,Idimoni,Demoon,Letimone,Idemon,Dhimoni,Dhimoni
Diakane,Favorable,7.0,Positive,Mot,Favorable,Vumelanayo,Gunstig,E kgahlišago .,Kufanelekileyo,Zvakanaka,Favorable
Diakane,Commode,-3.0,Negative,Mot,Convenient,-Seduze,Gerieflik,Loketšego,Ilula,Nyore,Convenient
"Diakane,buimpe",Digne,8.0,Positive,Mot,Worthy,-Fanele,Waardig,Nago le mohola,Kufanelekile,Yakakodzera,Zvakakodzera
Diambedi,Précédent,0.0,Neutre,Mot,Previous,-Kwakuqala,Vorige,Peleng,Ngaphambili,Yapfuura,Previous
Diandamuna,Réponse,5.0,Positive,Mot,Answer,Impendulo,Antwoord,Karabo,Impendulo,Mhinduro,Pindura
Diapa,Épaule,2.0,Neutre,Mot,Shoulder,Igxalaba,Skouer,Legetla,Igxalaba,Pfudzi,Shoulder
Diba,Soleil,6.0,Positive,Mot,Sun,Ilanga,Son,Letšatši,Ilanga,Zuva,Zuva
Dibaadi,Aussitôt,0.0,Neutre,Mot,Right away,Khona manje,Dadelik,Gateetee .,Ngoku nangoku,Ipapo,Ipapo
Dibadiabuakane,Soleildejustice,8.0,Positive,Mot,Sunofjustice,I-SunofJustice,Sunofjustice,Sunofjustice .,Ilanga,Sunoftion,Sunofjustice
Dibadikese,Isubstantif,3.0,Neutre,Mot,Inoun,Isibobi,Inoun,Inoun .,Inoun,Inoun,Inoun
Dibaka,Mariage,7.0,Positive,Mot,Marriage,Ukugana,Huwelik,Lenyalo,Umtshato,Kuroora,Kuroorana
Dibala,Lecture,5.0,Positive,Mot,Reading,Ukufunda,Lees,Go bala,Ukufunda,Kuverenga,Kuverenga
Dibanza,"Dette,Dû",-6.0,Negative,Mot,"Debt, Due","Isikweletu, kufanele","Skuld, Verskuldig","Sekoloto, se se swanetšego .","Ityala, ngenxa","Chikwereti, chakakodzera","Chikwereti, Zvakakodzera"
Dibaya,Planche,2.0,Neutre,Mot,Plank,Iplank,Plank,Lepolanka .,Iplanga,Plank,Plank
Dibeji,"Feuille,Papier",3.0,Neutre,Mot,"Sheet,Paper","Ishidi, iphepha","Blad, papier","Letlakala,pampiri .","Iphepha, iphepha","Pepa, pepa","Sheet, Pepa"
Dibela,Discipliner,4.0,Positive,Verbe,Discipline,Imfundiso yokulalela,Dissipline,Kgalema,Uqeqesho,Kurangwa,Kuranga
Dibidi(dituku),Deuxième,0.0,Neutre,Mot,Second,-Lekayo,Tweedens,Motsotswana,Isibini,Chepiri,Chepiri
Dibikakulufu,Résurrection,9.0,Positive,Mot,Resurrection,Ukubusa,Opstanding,Tsogo .,Uvuko,Kumuka,Kumuka kuvakafa
Dibikidibua,Vocation,7.0,Positive,Mot,Vocation,Ubizo,Roeping,Pitso ya .,Umsebenzi,Basa,Vocation
Dibikila,Appel,6.0,Positive,Mot,Call,Memeza,Bel,Bitša,Umnxeba,Kufona,Call
Dibingishibua,Justification,8.0,Positive,Mot,Justification,Ukuthethelela isizathu esizwakalayo,Regverdiging,Go lokafatšwa .,Ukuzithethelela,Kururamisa,Kururamisa
Diboko,Bras,2.0,Neutre,Mot,Arm,Hlomisa,Arm,Letsogo,Ingalo,Ruoko,Arm
Dibue,Maîtressepierreducoin,0.0,Neutre,Mot,Mistresspierreducoin,Misstrspierreducoin,Meesterespierreducoin,Mmolemo o MogoloPierReducain .,I-Midsprespierdduin,Mistresspierredereducoin,Mistresspierreducoin
Dibueamushingamukole,Permanent,4.0,Positive,Mot,Permanent,-Ngenakuguqulwa,Permanent,Ruri,Isigxina,Zvachose,Permanent
Dibuediamuditumba,caused'achoppement,-7.0,Negative,Mot,caused stumbling,kubangele ukukhubeka,struikeling veroorsaak het,Go bakilwe ke kgopišo .,ibangela ukukhubeka,yakakonzerwa kugumburwa,zvakakonzera kugumburwa
Dibuediatshilenduishi,Piété,8.0,Positive,Mot,Piety,Ukuphuthakaleka,Vroomheid,Borapedi bja borapedi .,Proity,Pity,Kunamata Mwari
Dibuedinene,Meule,0.0,Neutre,Mot,Grindstone,Ukugaya,Slypsteen,Lefsika la go šila .,I-Grindstone,Grindstone,Grindstone
"Dibuedinene,lubuebue",Roc,5.0,Positive,Mot,Rock,Itshe elikhulu,Rots,Letlapa,Iliwa,Dombo,Dombo
Dibueditoketô,Cristal,6.0,Positive,Mot,Crystal,Itshe elikhanya okwengilazi,Kristal,kristale .,Ikristali,Crystal,Crystal
Dibuejibua,Introduction,4.0,Positive,Mot,Introduction,Ukuqalisa,Inleiding,Matseno,Intshayelelo,Nhanganyaya,Nhanganyaya
Dibuela,Entrée,0.0,Neutre,Mot,Entrance,Ukungena,Ingang,Mojako,Ukungena,Kupinda,Entrance
Dibuelakana(malumabuelakane),Désordre,-8.0,Negative,Mot,Mess,Nyakanyekisa,Gemors,Bošaedi,Ukungcola,Nyonganiso,Mess
Dibuenekakumesu,Extérieurement,0.0,Neutre,Mot,Externally,Ngaphesheya,Ekstern,Ka ntle .,Ngaphandle,Kunze,Kunze
Dibuikidila,Pardon,9.0,Positive,Mot,Pardon,Xolela,Verskoon,Tshwarelo,Uxolelo,Kuregerera,Pardon
Dibuikidila(mulambuwa),Propitiation,8.0,Positive,Mot,Propitiation,Isazisa,Versoening,Poelano .,Ukuveliswa,Kuperekedza,Propitiation
Dibulu,Masse,0.0,Neutre,Mot,Mass,Okuninginingi,Mis,Boima,Ubunzima,Misa,Misa
Dibuluibua,Révélation,9.0,Positive,Mot,Revelation,Ukwazisa,Openbaring,Kutollo .,ISityhilelo,Zvakazarurwa,Zvakazarurwa
Dibungama,"Défait,Regret",-6.0,Negative,Mot,"Defeated, Regret","Ahluliwe, asole","Verslaan, spyt","Go fenywa, go itshola .","Yoyisiwe, ukuzisola","Kukundwa, kuzvidemba","Kukundwa, Zvidemba"
Dibungi,Nuage,0.0,Neutre,Mot,Cloud,Amafu,Wolk,Leru,Ilifu,Gore,Cloud
Dibungibungi,Vapeur,0.0,Neutre,Mot,Steam,Isitimu,Stoom,Phišo,I-steam,Steam,Steam
Dibutuka,Destruction,-9.0,Negative,Mot,Destruction,Isibhicongo,Vernietiging,Tshenyo,Intshabalalo,Kuparadzwa,Kuparadza
Didiadiadisanka,Festin,8.0,Positive,Mot,Feast,Idili,Fees,Monyanya,Umthendeleko,Mabiko,Mabiko
Didianjila,Avance,5.0,Positive,Mot,Advance,Sondela,Bevorder,Gatetšego pele,Phambili,Kufambira mberi,Advance
Didianjilakukosabualumumutshima,Préférence,6.0,Positive,Mot,Preference,Ukuqoka,Voorkeur,Kgetho,Ukukhetha,Kuda,Preference
Didianjilakumanya,Préconnaissance,7.0,Positive,Mot,Precognition,Ukuhlukanisela izinhlanga,Voorkennis,Go lemoga pele ga nako .,Ukuqonda,Precognitionition,Precognition
Didibingisha,Excuse,4.0,Positive,Mot,Excuse,Xolela,Ekskuus,Lebalela,Uxolo,Ruregerero,Kuregerera
Didikanda,Tempérance,8.0,Positive,Mot,Temperance,Ukugxila,Matigheid,Go itshwara ka tlase ga tekanyo .,Ushushu,Kuzvidzora,Kuzvidzora
kalasa,Discipline,6.0,Positive,Mot,Discipline,Imfundiso yokulalela,Dissipline,Kgalema,Uqeqesho,Kurangwa,Kuranga
Didinga,Fraude,-8.0,Negative,Mot,Fraud,Ubuwanqa,Bedrog,Bomenetša,Ubuqhetseba,Kubiridzira,Chitsotsi
Didisankisha,Satisfaction,8.0,Positive,Mot,Satisfaction,Ukugculiseka,Tevredenheid,Kgotsofalo,Ulwaneliseko,Kugutsikana,Kugutsikana
Didisua;diambu,Orgueil,-7.0,Negative,Mot,Pride,Ukuziqhenya,Trots,Boitumelo,Ikratshi,Kudada,Kuzvikudza
Didiunda,Progrès,7.0,Positive,Mot,Progress,Ukuqhubeka,Vordering,Kgatelopele,Inkqubela,Kufambira mberi,Kufambira mberi
Didiundisha,Édification,6.0,Positive,Mot,Edification,Ukuqinisa,Opbou,Go aga .,Ukwenziwa,Kugadziriswa,Kuvaka
Dieba,Épine,-3.0,Negative,Mot,Spiked,Ubutheliwe,Spits,Spiked .,I-spiked,Spiked,Spiked
Diedibuadiamanyi,Onction,7.0,Positive,Mot,Anointing,Ukugcotshwa,Salwing,Tlotšo .,Ukuthanjiswa,Kuzodza,Kuzodzwa
Dienza,Opérant,5.0,Positive,Mot,Operator,Osebenzayo,Operator,Modiriši .,Umqhubi,Operator,Operator
Dienzejibuakubukole,Contrainte,-7.0,Negative,Mot,Constraint,Ingxabano,Beperking,Thibelo .,Isithintelo,Kumanikidza,Constraint
Difikadiamunda,Indignation,-8.0,Negative,Mot,Indignation,Ukucula,Verontwaardiging,Kganyogo ya go galefa .,Ukucaphuka,Kutsamwa,Kutsamwa
Difikishamunda,Irritation,-6.0,Negative,Mot,Irritation,Ukucunula,Irritasie,Go hlohlona .,Ukucaphukisa,Kutsamwiswa,Irritation
Difu,"Estomac,Matrice",0.0,Neutre,Mot,"Stomach,Womb","Isisu, isibeletho","Maag, baarmoeder","Mala,popelo ya popelo .","Isisu, isibeleko","Dumbu, chibereko","Dumbu,Mudumbu"
Difuma,Lance,1.0,Neutre,Mot,Spear,Izala,Spies,Lerumo la lerumo .,Umkhonto,Pfumo,Pfumo
Difutu,Rémunération,0.0,Neutre,Mot,Remuneration,Ukuzotshalaliswa,Vergoeding,Moputso .,Umvuzo,Kubhadhara,Mubayiro
Dikenga,Tribulation,-8.0,Negative,Mot,Tribulation,Usizi,Verdrukking,Matshwenyego .,Imbandezelo,Kutambudzika,Kutambudzika
Dikenga,Détresse,-9.0,Negative,Mot,Distress,Usizi,Nood,Kgakanego,Uxinzelelo,Kutambudzika,Kushungurudzika
Dikengadiabintu,Privation,-7.0,Negative,Mot,Deprivation,Ukwehliswa,Ontneming,Go hloka .,Ukuthotywa,Kunyimwa,Kunyimwa
Dikengeshibua,Oppression,-8.0,Negative,Mot,Oppression,Ukuhlupheka,Onderdrukking,Kgatelelo .,Ingcinezelo,Kudzvinyirira,Kudzvinyirirwa
Dikenke,Éclat,6.0,Positive,Mot,Glow,Nkemuzela,Gloei,Phadima,Qaphela,Kupenya,Kupenya
Dikima,Assurance,8.0,Positive,Mot,Insurance,Umshwalense,Versekering,Inšorentshe,I-inshurensi,Inishuwarenzi,Inishuwarenzi
Dikisha,Repos,9.0,Positive,Mot,Rest,Thulisa,Rus,Khutša,Phumla,Zorora,Zorora
Dikolesha,Exhortation,4.0,Positive,Verbe,Exhortation,Isikhuthazo,Vermaning,Kgothatšo .,Isibongozo,Kurudziro,Kurudziro
Dikonka,Question,0.0,Neutre,Mot,Question,Buza,Vraag,Potšišo,Umbuzo,Mubvunzo,Mubvunzo
Dikuatshishangana,Utilité,4.0,Positive,Mot,Utility,Umkhuba,Nut,Thušo,Isixhobo,Zvinoshandiswa,Utility
Dikudimuka,Variation,0.0,Neutre,Mot,Variation,Ukuphenduka,Variasie,Phapano .,Umahluko,Kusiyana,Variation
Dikudimuna,Changement,0.0,Neutre,Mot,Change,Phendula,Verander,Phetogo,Utshintsho,Shanduko,Change
Dikudimunadiamutshima,Repentance,8.0,Positive,Mot,Repentance,Ukuphenduka,Bekering,tshokologo .,Inguquko,Kupfidza,Kupfidza
Dikumadiamutshimabipetamunjilamibi,Avided'ungainhonteux,-6.0,Negative,Mot,Hungry for shameful gain,Elambile ngenzuzo eyihlazo,Honger vir skandelike wins,Tlala ya go hwetša poelo e hlabišago dihlong .,Balambile ukufumana inzuzo yeentloni,Nzara yekuwana nyadzi kuwana,Nzara yepfuma inonyadzisa
Dikumadiamutshimakubiuma,Avarice,-7.0,Negative,Mot,Avarice,Iphazazela,Gierigheid,Avarice .,I-avarice,Avarice,Avarice
Dikumbana,Accomplissement,9.0,Positive,Mot,Accomplishment,Ubungcweti,Prestasie,Phihlelelo .,Impumelelo,Kuita,Kubudirira
Dikumineumue,Onzième,0.0,Neutre,Mot,Eleventh,Ishumi nanye,Elfde,Lesometee .,Ishumi elinanye,Chegumi neimwe,Chegumi neimwe
Dikunji,Colonne,2.0,Neutre,Mot,Column,Insika,Kolom,Kholomo,Ikholamu,Column,Column
Dikunyibua,Implanté,4.0,Positive,Mot,Implanted,-Yisimukisa,Ingeplant,E tsentšwe .,Ifakwe,Yakamiswa,Kudyarwa
Dikunza,Roux,0.0,Neutre,Mot,Redhead,-Bhebhe kahle,Rooikop,Moriri o mohwibidu .,Redhead,Redhead,Redhead
Dikuta,Monnaie,0.0,Neutre,Mot,Cash,Ukheshi,Kontant,Kheše,Imali,Mari,Cash
Dikutadikese,Sou,2.0,Neutre,Mot,Sou,Ubuhlanga,Sou,Sou .,I-sou,Sou,Sou
Diledibuakuatshiakabidi,Régénération,9.0,Positive,Mot,Regeneration,Ukunyusa kabusha,Herlewing,Go tswalwa gape .,Ukuvuselelwa kwakhona,Kuzvidzora,Kuberekwa patsva
Dilejadiamampa,Propositionsdespains,6.0,Positive,Mot,Bread suggestions,Iziphakamiso zesinkwa,Broodvoorstelle,Ditšhišinyo tša Borotho .,Iingcebiso zesonka,Mazano eChingwa,Mazano echingwa
Dilejatshilema,Reproche,-6.0,Negative,Mot,Reproach,Ngqonhlamvu,Verwyt,kgobošo .,Ingcikivo,Kuzvidza,Kuzvidzwa
"Dilelela,tshiditshiakueyemenyibua",Certain,5.0,Positive,Mot,Certain,-Azi kahle,Seker,Dingwe,Ezithile,Vamwe,Chokwadi
Dilengeja,Purification,8.0,Positive,Mot,Purification,Ukuhlambululela,Suiwering,Tlhokomelo ya .,Ukucocwa,Kucheneswa,Kucheneswa
Dilengejibua,Perfection,9.0,Positive,Mot,Perfection,Ukuphelela du,Perfeksie,Phethego .,Ukugqibelela,Kukwana,Kukwana
Dilengesha,Parure,7.0,Positive,Mot,Adornment,Ukuhlobisa,Versiering,Mokgabišo .,Uhombiso,Kushongedza,Kushongedza
Dileta,Lettre,3.0,Neutre,Mot,Letter,Uhlamvu lokulandelana kwamagama,Brief,Lengwalo,Ileta,Tsamba,Tsamba
Diloba,Pêche,4.0,Positive,Mot,Fishing,Ukufakaza,Visvang,Go rea dihlapi .,Ukuloba,Kubata hove,Kubata hove
Dilobo,Port,0.0,Neutre,Mot,Port,Itheku,Port,Phote,Izibuko,Port,Port
Dilomba,Requête,0.0,Positive,Mot,Request,Nxusa,Versoek,Kgopelo,Isicelo,Chikumbiro,Chikumbiro
Dilondololadiandelanganyi,Généalogie,0.0,Neutre,Mot,Genealogy,Kohluzo,Genealogie,Leloko la leloko .,Umlibo,Genealogy,Genealogy
Dilonga,Bassin,0.0,Neutre,Mot,Basin,Indishi,Wasbak,Beisine .,I-basin,Bhesin,Basin
Dilonga(dialabale),Plat,0.0,Neutre,Mot,Flat,Caba,Plat,Folete,Iflethi,Flat,Flat
Dilongesha,Enseignement,6.0,Positive,Mot,Education,Imfundo,Onderwys,Thuto,Imfundo,Dzidzo,Dzidzo
Dilongolola,Redressement,5.0,Positive,Mot,Recovery,Ukululama,Herstel,Kutollo,Ukubuyisela kwimeko yesiqhelo,Kupora,Kupora
Dilua,Venue,5.0,Positive,Mot,Coming,Ukuza,Kom,Tlago,Ukuza,Kuuya,Kuuya
Diluangana,Lutte,-4.0,Negative,Mot,Struggle,Umshikashika,Stryd,Katana,Umzabalazo,Kurwira,Kutamburira
Dilubakana,Embarras(êtredansl'),-5.0,Negative,Mot,Embarrassment(being in),Amahloni (ukuba ngaphakathi),Verleentheid (om in te wees),dihlong(go ba ka gare) .,Ihlazo (ukuba liphakathi),Kunyara (kuve mu),Kunyara (kuva mukati)
Dilulama,Droiture,8.0,Positive,Mot,Righteousness,Ukulunga,Geregtigheid,Go loka .,Ubulungisa,Kururama,Kururama
Dilumbuluisha,Jugement,7.0,Positive,Mot,Judgement,Isahlulelo,Oordeel,Kahlolo .,Umgwebo,Kutongwa,Kutonga
Dima,Argile,0.0,Neutre,Mot,Clay,Ubumba,Klei,Letsopa,Udongwe,Ivhu,Clay
Dimanya,Savoir,6.0,Positive,Mot,Know,Bona,Weet,Tseba,Yazi,Ziva,Ziva
"Dimanya,lungenyi",Connaissance,7.0,Positive,Mot,Awareness,Ukuzwa,Bewustheid,Temogo,Ukwazisa,Kuziva,Kuziva
Dimanyisha,Information,5.0,Positive,Mot,Information,Ulwazi,Inligting,Tshedimošo,Ulwazi,Ruzivo,Information
Dimiamina,Aspersion,4.0,Positive,Mot,Aspersion,Ukudabula,Aspersie,Aspersion .,I-appersion,Sabashi,Aspersion
Diminu,Semence,0.0,Neutre,Mot,Seed,Inhlwanyelo,Saad,Peu,Imbewu,Mbeu,Mbeu
Dimoma,Rouille,-6.0,Negative,Mot,Rust,Ukugqwala,Roes,Moruswi .,Rust,Ngura,Ngura
Dimueneka,Manifestation,6.0,Positive,Mot,Demonstration,Isibonakaliso,Demonstrasie,Pontšo .,Umboniso,Kuratidzira,Kuratidzira
Dimuenesha,Démonstration,8.0,Positive,Mot,Demonstration,Isibonakaliso,Demonstrasie,Pontšo .,Umboniso,Kuratidzira,Kuratidzira
Tshina,Puits,-5.0,Negative,Mot,Well,Ngakho,Wel,Gabotse,Kuhle,Zvakanaka,Zvakanaka
Dinadiamayi,Fontaine,6.0,Positive,Mot,Fountain,Isisuko,Fontein,Sediba .,Umthombo,Tsime,Tsime
Dinanga,Amour,9.0,Positive,Mot,Love,Thanda,Liefde,Lerato,Uthando,Rudo,Rudo
"Dinanga,Kusua(kuimpe)(1)",Affection,8.0,Positive,Mot,Affection,Uthando,Geneentheid,Lerato,Uthando,Rudo,Rudo
Dinanukila,Persévérer,7.0,Positive,Verbe,Persevere,Phikelela,Volhard,Kgotlelelo .,Zingise,Kutsungirira,Shingirira
Dinda,Matin,5.0,Positive,Mot,Morning,Ekuseni,Oggend,Mesong,Ntseni,Mangwanani,Mangwanani
Dinda,Pointdujour,6.0,Positive,Mot,Pointdujour,Inkani,Pointdujour,Ntlha ya Dujour .,I-PORTUKURE,Pointdujour,Pointdujour
Dinemekela,Révérence,8.0,Positive,Mot,Reverence,Ukuhlonipha,Eerbied,Tlhompho .,Intlonipho,Kuremekedza,Kuremekedza
Dinkenke,Splendeur,9.0,Positive,Mot,Splendor,Ubukhazikhazi,Prag,Letago .,Ubuhle,Kubwinya,Splendor
Dinowa,Moisson,7.0,Positive,Mot,Harvest,Okuvuniweyo,Oes,Buna,Ukuvuna,Gohwo,Kukohwa
Dinu,Dent,0.0,Neutre,Mot,Tooth,Izinyo,Tand,Leino,Izinyo,Zino,Zino
Dinua,Boire,0.0,Neutre,Mot,Drink,Phuza,Drink,Nwa,Isiselo,Kunwa,Inwai
Dinunganyi,Ruse,-4.0,Negative,Mot,Cunning,Ubuqiyi,Slinks,Bohlale,Ubuqili,Cunning,Cunning
Dinungu,Jointure,0.0,Neutre,Mot,Join,Xhuma,Sluit aan,Kopanya,Joyina,Join,Join
"Dinvuenkenya,Lupuishi",Poussière,-3.0,Negative,Mot,Dust,Uthuli,Stof,Lerole,Uthuli,Guruva,Guruva
Dinyanguka,Corruption,-8.0,Negative,Mot,Corruption,Ukonakala,Korrupsie,Bomenetša .,Urhwaphilizo,Uori,Huori
Dinyangukadiamoyo,Dissolution,-7.0,Negative,Mot,Dissolution,Ukucacisa,Ontbinding,Go phatlalatšwa .,Ukutshitshiswa,Kupaza,Dissolution
Dinyanguta,Avarie,-6.0,Negative,Mot,Damage,Umonakalo,Skade,Tshenyo,Umonakalo,Kukuvara,Kukuvadza
Dinyoka,Sentence,4.0,Positive,Mot,Sentence,Jezisa,Sin,Lefoko,Isivakalisi,Mutsara,Mutsara
Dinyunguluka,Tour,0.0,Neutre,Mot,Round,-Yingiliza,Ronde,Sediko,Jikelezo,Kutenderera,Round
Diondoka,Profond,5.0,Positive,Mot,Deep,-Julile,Diep,Tlase,Nzulu,Zvakadzika,Deep
Dipa,Présent,7.0,Positive,Mot,Here,Lapha,Hier,Mo,Apha,Pano,Here
Dipadialuse,Dondegrâce,9.0,Positive,Mot,Dondegrace,I-donderace,Dondegrace,Dondegrace .,Dondergracce,Donendegrce,Dondegrace
Dipambuka,Erreur,-7.0,Negative,Mot,Error,Ukuphambeka,Fout,Phošo,Impazamo,Kukanganisa,Error
Dipandulula,Division,-5.0,Negative,Mot,Division,Isabelo,Afdeling,karohano .,Ukwahlula,Kupatsanura,Division
Dipangadiakudikanda,Incontinence,-7.0,Negative,Mot,Incontinence,Ukungabaza,Inkontinensie,Go se kgone go itshwara .,Ukungakhathali,Kusakwana,Incontinence
Dipangadikuatshisha,Inutilité,-6.0,Negative,Mot,Uselessness,Ukungabi nalusizo,Nutteloosheid,Go hloka mohola .,Ukungasebenzi,Usashande,Kusabatsira
Dipangadinyanguka,Incorruptibilité,8.0,Positive,Mot,Incorruptibility,Ukulimaza ingozi,Onkreukbaarheid,Go se senyege .,Ukungakwazi,Kusoraka,Kusaora
Dipangadija,Propos,0.0,Neutre,Mot,About,Maqondana,Oor,Mabapi le,Malunga,Nezve,About
Dipeta,Acquisition,6.0,Positive,Mot,Acquisition,Okutholakele,Verkryging,Phihlelelo,Ukufunyanwa,Kutora,Kuwana
Dipetu,Mépris,-8.0,Negative,Mot,Contempt,Ukudelela,Minagting,Lenyatšo,Ukudelela,Kuzvidza,Kuzvidza
Dipikula,Délivrance,9.0,Positive,Mot,Deliverance,Ukukhululwa,Bevryding,Tokollo .,Ukuhlangulwa,Kununurwa,Kununurwa
Dipila,Condamnation,-9.0,Negative,Mot,Conviction,Isigwebo,Oortuiging,Go bonwa molato .,Ukuqiniseka,Kutendiswa,Kutendiswa
"Dipingana,dipingaja",Retour,5.0,Positive,Mot,Back,-Dlulile,Terug,Morago,Umva,Kumashure,Back
Dipita(bukole),Victoire,9.0,Positive,Mot,Victory,Ukwahlula,Oorwinning,Phenyo .,Uloyiso,Kukunda,Kukunda
Dipumbisha,Obstacle,-6.0,Negative,Mot,Obstacle,Isiphazamiso,Hindernis,Lepheko,Umqobo,Chipinganidzo,Chipingamupinyi
Dipumbishibua,Absence,-4.0,Negative,Mot,Absence,Ukungabibikho,Afwesigheid,Se be gona,Ukungabikho,Kusavapo,Kusavapo
Dipungadiyi,Consentementmutuel,6.0,Positive,Mot,Mutualconsent,Mutalconsent,Wedersydse instemming,MutualConcent .,I-mutialscont,Mutualconsent,Mutualconsent
Dipungi,Fatigue,-5.0,Negative,Mot,Fatigue,Ukudinwa,Moegheid,Lapile kudu,Ukudinwa,Kupera simba,Kuneta
Disakidila,Gratitude,8.0,Positive,Mot,Gratitude,Ukubonga,Dankbaarheid,Tebogo,Umbulelo,Kutenda,Kutenda
Disalayidilamidiatshitudilu,Préfetduprétoire,0.0,Neutre,Mot,Prefect of the praetorium,Prefect of the praetorium,Prefek van die pretorium,Prefect ya praetorium .,Phinda umphambili wePlayetotium,Fungidziro yeiyo praetorium,Prefect wepraetorium
Disama,Maladie,-8.0,Negative,Mot,Disease,Isifo,Siekte,Bolwetši,Isifo,Chirwere,Chirwere
Disamadiamashiapatuka,Flux,-3.0,Negative,Mot,Flow,Thuntululeka,Vloei,Elela,Ukuhamba,Kuyerera,Flow
Disamadiamubidikapia,Fièvre,-5.0,Negative,Mot,Fever,Imfiva,Koors,Letadi,Ifiva,Kupindwa nechando,Kupindwa nechando
Disambakana,Rencontre,5.0,Positive,Mot,Encounter,Hlangana,Ontmoeting,Gahlana,Ukudibana,Kusangana,Kusangana
Disambi,Consolation,8.0,Positive,Mot,Consolation,Iduta,Troos,Khomotšo .,Intsomi,Nyaradzo,Nyaradzo
Disangisha,Rassemblement,0.0,Neutre,Mot,Gathering,Idili,Byeenkoms,Kopano,Ukuqokelela,Kuungana,Kuunganidza
Disanka,Bonheur,9.0,Positive,Mot,Happiness,Injabulo,Geluk,Lethabo,Ulonwabo,Mufaro,Mufaro
Disanka(diadijidiladiantempelo),Dédicace,7.0,Positive,Mot,Dedication,Ukunikela,Toewyding,Kabelo,Ukunikezelwa,Kuzvitsaurira,Kuzvitsaurira
Disanka(ne),Joyeusement,8.0,Positive,Mot,Joyfully,-Nengelo,Vreugdevol,ka lethabo .,Ngovuyo,Nomufaro,Nomufaro
Disankadiamuoyo,Volupté,7.0,Positive,Mot,Voluptuousness,Ukuzinikela,Welwillendheid,Go ba le ditho tša ka ntle .,Ukuzivocavoca,Kutsiva,Voluptuousness
Disankadinene(ne),Transport,6.0,Positive,Mot,Transportation,Ukuthutha,Vervoer,Thomelo ka senamelwa,Ukuthutha,Zvekufambisa,Transportation
Disele,Roseau,0.0,Neutre,Mot,Reed,Umnyathi,Riet,Reed .,Ingcongolo,Reed,Reed
Disengelela;ditendekena,Supplication,8.0,Positive,Mot,Supplication,Ukunxusa,Smeking,Kgopelo .,Ukucela,Kuteterera,Kuteterera
Dishima,Mensonge,-8.0,Negative,Mot,Lie,Ginqika,Lieg,Maaka,Ubuxoki,Kunyepa,Nhema
Dishimbuka,Ruine,-9.0,Negative,Mot,Ruin,Ingqile incithakalikayo,Ruïne,Senya,Ukonakala,Kukuparadza,Ruin
Disolayi,Soldat,2.0,Neutre,Mot,Soldier,Ibutho,Soldaat,Lešole,Ijoni,Musoja,Murwi
Disombuela,Vengeance,-8.0,Negative,Mot,Revenge,Ukuphindisela,Wraak,Itefeletša,Ukuziphindezela,Kutsiva,Kutsiva
Disoso,Déchirure,-6.0,Negative,Mot,Tear,Ukudabula,Skeur,Gagola,Iinyembezi,Misodzi,Tear
Disu,Œil,0.0,Neutre,Mot,Eye,Ihlo,Oog,Leihlo,Iliso,Ziso,Ziso
Disu(disoso),Trou,-3.0,Negative,Mot,Hole,Umgodi,Gat,Lešoba,Umngxunya,Gomba,Hole
Disua,Souhait,6.0,Positive,Mot,Wish,Fisa,Wens,Duma,Ndinqwenela,Chishuwo,Wish
Disua,Volonté,7.0,Positive,Mot,Will,Isifiso,Sal,Tla,Iya,Kuda,Will
Disumakaja,Grincement,-5.0,Negative,Mot,Squeak,Ntswininiza,Piep,Squeak .,Squeak,Svina,Squeak
Disuminyina,Diligence,7.0,Positive,Verbe,Diligence,Inkuthalo,Vlytigheid,Boithabišo .,Ukukhuthala,Kushingairira,Kushingaira
Disungula,Choix,6.0,Positive,Mot,Choice,Ukukhetha,Keuse,Kgetho,Ukhetho,Sarudzo,Sarudzo
Disunsula(tshintu),Détail,0.0,Neutre,Mot,Detail,Umniningwane,Detail,Ka botlalo,Iinkcukacha,Ruzivo,Detail
Ditabala(mesu),Recouvrement,5.0,Positive,Mot,Recovery,Ukululama,Herstel,Kutollo,Ukubuyisela kwimeko yesiqhelo,Kupora,Kupora
Ditabuja,Réception,6.0,Positive,Mot,Reception,Ihhovisi elamukela izivakashi ehhotela,Ontvangs,Boamogelabaeng,Ukwamkelwa,Kugamuchira,Reception
Ditabuja(ditabujadiabuenakilisto),Fo,9.0,Positive,Mot,Fo,Faka,Fo,F o .,Fo,Fo,Fo
Ditabujadikese,Petitefoi,-3.0,Negative,Mot,Littlefaith,Kancane,Kleingeloof,NUTHUTHUTHUTH .,Incinci,Littlefaith,Littlefaith
Ditabujija,Perte,-7.0,Negative,Mot,Loss,Ukulahlekelwa,Verlies,Tahlegelo,Ilahleko,Kurasikirwa,Kurasikirwa
Ditalala,Paix,8.0,Positive,Mot,Peace,Ukuthula,Vrede,Khutšo,Uxolo,Runyararo,Rugare
Ditama,Joue,0.0,Neutre,Mot,Plays,Idlala,Toneelstukke,Dipapadi tša go bapala .,Imidlalo,Anotamba,Mitambo
Ditamba,Branche,7.0,Positive,Mot,Branch,Igatsha,Tak,Lekala,Isebe,Bazi,Bazi
"Ditamba,ditshimuna(kulombolamu)",Triomphe,9.0,Positive,Mot,Triumph,Ngokunqoba,Triomf,Triumph .,Uloyiso,Kukunda,Kukunda
Ditangila(dilua),Visitation,6.0,Positive,Mot,Visitation,Ukuhanjelwa,Besoek,Ketelo .,Ukutyelelwa,Kushanya,Visitation
Ditapuluka,Intrigue,-6.0,Negative,Mot,Plot,Isakhiwo sendaba,Plot,Maanomabe,Iyelenqe,Zano,Plot
Ditapulula,Différence,0.0,Neutre,Mot,Difference,Umahluko,Verskil,Phapano,Umahluko,Mutsauko,Musiyano
Ditatshisha,Importunité,-5.0,Negative,Mot,Importunity,Ukwelulwa kwabahli,Belangrikheid,Go reka ka ntle ga go se be le mohola .,Ukungenisa,Kuparadza,Kukosha
Ditekemena,Espérance,9.0,Positive,Mot,Hope,Ithemba,Hoop,Kholofelo,Ithemba,Tariro,Hope
Ditendelela,Culte,8.0,Positive,Mot,Worship,Dumisa,Aanbidding,Tumiša,Unqulo,Kunamata,Kunamata
Ditengula,Circoncision,0.0,Neutre,Mot,Circumcision,Ukusoka,Besnydenis,Lebollo .,Ulwaluko,Kudzingiswa,Kudzingiswa
"Ditengula,divula",Dépouillement,-6.0,Negative,Mot,Counting,Ukubalwa,Tel,Go bala .,Ukubala,Kuverenga,Kuverenga
Ditentekeshadiabianza,Impositiondesmains,7.0,Positive,Mot,Laying on of hands,Ukulala izandla,Handoplegging,Go robala godimo ga diatla .,Ukulala kwezandla,Kuisa maoko,Kuturika maoko
Diteta,Épreuve,-5.0,Negative,Mot,Test,Ukuzama,Toets,Leka,Vavanyo,Bvunzo,Test
Ditokadikole,Blancheur,6.0,Positive,Mot,Whiteness,Ubumsulwa,Witheid,Bosweu .,Imhlophe,White,Kuchena
Ditombokela(Nzambi),Apostasie,-9.0,Negative,Mot,Apostasy,Ukuphuza kakhulu,Afvalligheid,Bohlanogi .,Uwexuko,Kuramba kutenda,Kuramba kutenda
"Ditonda,dikula",Confession,8.0,Positive,Mot,Confession,Ukuvuma,Belydenis,Boipolelo .,Uvumo,Kureurura,Kureurura
Ditontolola,Contradiction,-6.0,Negative,Mot,Contradiction,Ukuphikisa,Teenstrydigheid,Kganetšano .,Ukuphikisana,Kupokana,Contradiction
Ditshina,Persécuter,-8.0,Negative,Verbe,Persecute,Nqamuleza,Vervolg,Tlaišo .,Thumela,Tambudza,Tambudzai
Ditu,Forêt,0.0,Neutre,Mot,Forest,Ihlathi,Bos,Lešoka,Ihlathi,Sango,Sango
Ditua(diamuelewanvita),Tranchant,-3.0,Negative,Mot,Sharp,-Bukhali,Skerp,Bogale,Bukhali,Kupinza,Sharp
Dituamikemu,Gémissement,-6.0,Negative,Mot,Groan,Ukugquma,Kreun,Go lla ga go lla .,Nchu,Kugomera,Groan
Dituaya,Tablier,0.0,Neutre,Mot,Apron,Iphinifa,Voorskoot,Apron .,I-apron,Apron,Apron
Dituayi,Mouchoir,0.0,Neutre,Mot,Handkerchief,Ihengeshi,Sakdoek,Sakatuku .,I-handkerchief,Ruoko,Handkerchief
Ditubula,Pénétrant,5.0,Positive,Mot,Penetrating,Ukungeniswa,Indringend,Go tsenelela .,Ukungena,Kupinda,Inopinza
Dituku,"Jour,Journée",4.0,Positive,Mot,"Day,Day","Usuku, usuku","Dag, dag","Letšatši,Letšatši la Letšatši .","Usuku, usuku","Zuva, zuva","Zuva, Zuva"
DitukudiaDiledibua,Anniversairedenaissance,6.0,Positive,Mot,Birthday,Usuku lokuzalwa,Verjaarsdag,Letšatši la matswalo,Usuku lokuzalwa,Bhavhdhe,Bhavhdhe
Ditukudiadisanka,Fête,8.0,Positive,Mot,Party,Inhlangano,Partytjie,Mokgatlo,Itheko,Party,Party
DitukudiaMukelenge,JourduSeigneur,9.0,Positive,Mot,DayoftheLord,I-DayoOfseOlord,Dag van die Here,DayofTheMorena .,I-DayOfTeLord,DayfitHothord,Zuva raIshe
Ditumbisha,Louange,9.0,Positive,Mot,Praise,Dumisa,Lofprysing,Tumiša,Indumiso,Rumbidzo,Rumbidzai
Ditumikila,Soumission,8.0,Positive,Mot,Submission,Ukuthobela,Voorlegging,Boikokobetšo,Inguquko,Kuzviisa pasi,Submission
Ditupakana,Ignorance,-7.0,Negative,Mot,Ignorance,Ukungazi,Onkunde,Go hloka tsebo .,Ukungazi,Kusaziva,Kusaziva
Diulu,Ciel,9.0,Positive,Mot,Sky,Isibhakabhaka,Hemel,Lefaufau,Isibhakabhaka,Denga,Sky
Diumusha,Enlèvement,6.0,Positive,Mot,Kidnapping,Ukuthwala,Ontvoering,Go thopša ga batho .,Ukuthintela,Kupamba,Kidnapping
Diumushamuditungadiabantukuyanabumuditungadikuabu,Transportation,4.0,Positive,Mot,Transportation,Ukuthutha,Vervoer,Thomelo ka senamelwa,Ukuthutha,Zvekufambisa,Transportation
Diunvuika,Retentissant,5.0,Positive,Mot,Resounding,-Ndumisa,Dawerend,Go a kwagala .,Ukubuyela,Kutendeuka,Resounding
Divulangana,Débordement,-4.0,Negative,Mot,Overflow,Phuphuma,Oorloop,Go tlala .,Iphezulu,Kufashukira,Kufashukira
Divuluka,Souvenir,6.0,Positive,Mot,Memory,Ukukhumbula,Geheue,Kgopolo,Imemori,Ndangariro,Memory
Divundulula,Mouvement,4.0,Positive,Mot,Movement,Ukuzamazama,Beweging,Mosepelo,Intshukumo,Kufamba,Movement
Diya,Départ,0.0,Neutre,Mot,Departure,Ukuhamba,Vertrek,Go tloga,Ukumka,Kuenda,Kusimuka
Diyi,Voix,5.0,Positive,Mot,Voice,Iphimbo,Stem,Lentšu,Ilizwi,Izwi,Voice
Diyi(diunvua),Message,6.0,Positive,Mot,Message,Izwi elithunyelweyo,Boodskap,Molaetša,Umyalezo,Meseji,Mharidzo
Diyidimue,Accord,7.0,Positive,Mot,Agreement,Isivumelwano,Ooreenkoms,Tumelelano,Isivumelwano,Chibvumirano,Chibvumirano
Diyisha,Prédication,8.0,Positive,Mot,Preaching,Ukushumayela,Prediking,Go rera .,Ukushumayela,Kuparidza,Kuparidza
Diyisha(meyi),Doctrine,6.0,Positive,Mot,Doctrine,Imfundiso,Leerstelling,Thuto .,Imfundiso,Dzidziso,Dzidziso
Diyoyi,Clameur,-5.0,Negative,Mot,Clamor,Umkhumbi wakhomba,Gerrie,Go hlalefetša .,I-Clamor,Kupopota,Clamour
Diyoyo,rouble,-6.0,Negative,Mot,ruble,iceble,roebel,Ruble .,iruble,rubu,Ruble
Disumpakana,Confusion,-8.0,Negative,Mot,Confusion,Isidididi,Verwarring,Tlhakatlhakano,Ukudideka,Nyonganiso,Kuvhiringidzika
Diyu,Œuf,0.0,Neutre,Mot,Egg,Iqanda,Eier,Lee,Iqanda,Zai,Zai
Tshilulu,Voile,0.0,Neutre,Mot,Veil,Iveyili,Sluier,Seširo .,Isigqubuthelo,Chifukidzo,Chifukidziro
Tshilulutshialinetshitoke,Linceul,-5.0,Negative,Mot,Shroud,Shwimvu,Kleed,Sekhurumetšo .,I-shroud,Shroud,Shroud
Tshilumbu,Procès,-6.0,Negative,Mot,Trial,Ukuqulwa,Verhoor,Teko,Ulingo,Kutongwa,Muedzo
Tshilumbuluidi,SaTribunal,0.0,Neutre,Mot,SaTribunal,Isinanazelo,SaTribunaal,Satribunal .,I-SATRIUSAL,Satribunal,SaTribunal
TshimanuTshitokesha,Paroiblanchie,-3.0,Negative,Mot,Wallwashed,I-WALLWASHERE,Muur gewas,Go hlatswiwa ka lebota .,I-Wallwashed,Wallwashed,Washedshed
Tshimanyibue,Apparent,0.0,Neutre,Mot,Apparent,-Bonakele,Klaarblyklik,Bonagalago,Kubonakala,Zviri pachena,Zviri pachena
Tshimanyinu,Preuve,4.0,Positive,Mot,Evidence,Ubufakazi,Bewyse,Bohlatse,Ubungqina,Uchapupu,Uchapupu
Tshimanyishilu(ne),Marqué,0.0,Neutre,Mot,Brand,Phawula,Handelsmerk,Leswao,Uphawu,Brand,Brand
Tshimenga,Province,0.0,Neutre,Mot,Province,Ingxenye yezwe,Provinsie,Profense,Iphondo,Province,Province
"Tshimenga,Musoko",Ville,5.0,Positive,Mot,City,Idolobha,Stad,Toropokgolo,Isixeko,Guta,Guta
Tshimpe,Agréé,7.0,Positive,Mot,Approved,-Vunyelwe,Goedgekeur,Dumeletšwe,Ivunyiwe,Yakatenderwa,Yakatenderwa
Tshimuanyi,Dispersion,-4.0,Negative,Mot,Dispersion,Ukuhlakazeka,Verspreiding,Go phatlalatšwa .,Ukusasazeka,Kupararira,Kupararira
Tshimuenenu,Apparence,0.0,Neutre,Mot,Appearance,Ukubonakala,Voorkoms,Ponagalo,Imbonakalo,Chitarisiko,Chitarisiko
Tshimuma,Fruit,6.0,Positive,Mot,Fruit,Isithelo,Vrugte,Seenywa,Iziqhamo,Michero,Fruit
Tshimunyi,Flambeau,5.0,Positive,Mot,Torch,Isihlonti,Fakkel,Torch .,Itotshi,Torch,Torch
Tshinayi,Quart,0.0,Neutre,Mot,Quarter,Iqhezu elilodwa,Kwartaal,Kotara,Ikota,Quarter,Quarter
Tshindelele,Perplexité,-5.0,Negative,Mot,Perplexity,Ukucabanga,Verwarring,Go gakanega .,Ndixakekile,Kukanganisa,Kuvhiringidzika
Tshinefuke,Précieux,8.0,Positive,Mot,Precious,-Nqabile,Kosbaar,Ya bohlokwa,Ixabisekile,Yakakosha,Precious
Tshinema,Pesant,-3.0,Negative,Mot,Weighing,Isisindo,Weeg,Go ba le boima bja mmele .,Ubunzima,Kurema,Weighing
Tshinene,Large,0.0,Neutre,Mot,Wide,-Banzi,Wyd,Phara,Banzi,Wide,Wide
"Tshinene,tshitumbe(tshia)",Grandement,6.0,Positive,Mot,Greatly,Kakhulu,Baie,Se segolo kudu .,Kakhulu,Zvekare,Zvikuru
Tshinfuanyi,Copie,2.0,Neutre,Mot,Copy,Kopisha,Kopieer,Khopi .,Ikopi,Kopi,Copy
Tshinfuanyikiji,Type,3.0,Neutre,Mot,Kind,-Nomusa,Soort,Mohuta,Uhlobo,Mutsa,Kind
Tshinfuanyikiji(Eb.1.3),Empreinte,5.0,Positive,Mot,Footprint,Umaka wonyawo enhlabathini,Voetspoor,Kgato ya maoto .,Inyawo,Tsoka,Footprint
Tshinfuanyikishi,Image,6.0,Positive,Mot,Picture,Isithombe,Prentjie,Seswantšho,Umfanekiso,Mufananidzo,Mufananidzo
Tshinfuanyikishi,Ressemblance,7.0,Positive,Mot,Resemblance,Inswebu,Ooreenkomstigheid,Go swana .,Ukufana,Kufanana,Resemblance
Tshinfyanyi,Conforme,6.0,Positive,Mot,Compliant,-Vumelayo,Voldoen,Se se sepelelanago le sona .,Uthobela,Kuenderana,Zvinoenderana
Tshinkonya(tshiamayi),Baie,0.0,Neutre,Mot,Bay,Itheku,Baai,Khunwana,Bay,Bay,Bay
Tshintu,Objet,0.0,Neutre,Mot,Object,Nqaba,Voorwerp,Selo,Into,Chinhu,Object
Tshintutshia(tshidimuntumupete),Possession,5.0,Positive,Mot,Possession,Ukuba nempahla,Besit,Go ba le,Ubunini,Kuva,Possession
Tshintutshialuse,Aumône,7.0,Positive,Mot,Alms,Izipho,Aalmoes,Dimpho tša Ditšhegofatšo .,Ii-alms,Alms,Alms
Tshintutshianvita,Arme,0.0,Neutre,Mot,Armed,-Hlomile,Gewapen,O hlometše ka dibetša .,Ixhobile,Zvombo,Armed
Tshintutshinyenga,Choseextorquée,-6.0,Negative,Mot,Thingextorted,I-Thimexctorty,Ding afgepers,ThingExtorted .,Into yento,Chinhu,Thingextorted
"Tshintu,Tshienabualu",Affaire,0.0,Neutre,Mot,Affair,Indaba,Affair,Kamano,Ukuthandana,Kudanana,Affair
Tshintuluntulu,Subit,-4.0,Negative,Mot,Subit,Indawo,Dien in,Subit .,Isitshixo,Subit,Subt
Tshinu,Genou,2.0,Neutre,Mot,Knee,Idolo,Knie,Khuru,Idolo,Ibvi,Knee
Tshinunu,Mille,0.0,Neutre,Nombre,Thousand,Inkulungwane,Duisend,Sekete,Iwaka,Zviuru,Chiuru
Tshinyangu,Dissipation,-7.0,Negative,Mot,Dissipation,Ukuhlakazeka,Dissipasie,Dissipation .,Ukungasebenzi,Kupaza,Dissipation
Tshinyenga(munvita),Butin,4.0,Positive,Mot,Booty,Butha,Buit,Booty .,I-booty,Booty,Booty
Tshioshelutshiamanananshi,Encensoir,6.0,Positive,Mot,Censer,Umcengeli,Warmpan,Dibapadi tša Ditšoantšo .,Intsholongwane,Censer,Censer
"Tshioshelu,tshishipelu",Autel,7.0,Positive,Mot,Altar,Ilathi,Altaar,aletare .,Isibingelelo,Atari,Altar
Tshiota,Famille,8.0,Positive,Mot,Family,Umndeni,Familie,Lapa,Usapho,Mhuri,Mhuri
Tshipambuke,Désordonné,-6.0,Negative,Mot,Messy,-Nembayo,Morsig,Hlakahlakane,Ukungcola,Messy,Messy
"Tshipanza,tshivuadi",Vaisseau,0.0,Neutre,Mot,Vessel,Umkhumbi,Vaartuig,Sekepe,Inqanawa,Mudziyo,Vessel
Tshipaputshialubilu,Lice,0.0,Neutre,Mot,Lice,Inkomba,Luise,Dinta .,Iintwala,Nzizi,Inda
Tshipebua,Dépôt,4.0,Positive,Mot,Deposit,Faka,Deposito,Tipositi,Idipozithi,Dhipoziti,Deposit
Tshipela,Désert,-3.0,Negative,Mot,Desert,Hlamuka,Woestyn,Leganata,Intlango,Renje,Desert
Tshipendu,Injure,-8.0,Negative,Mot,Insult,Eyisa,Belediging,Maroga,Ukuthuka,Kutuka,Kutuka
Tshipepeletshikone,Tempête,-6.0,Negative,Mot,Storm,Isivunguvungu,Storm,Ledimo,Isaqhwithi,Dutu,Dutu
Tshipepudi,Van,0.0,Neutre,Mot,Van,Imoto eyisigadla,Van,Van .,Van,Van,Van
Tshipese,Morceau,2.0,Neutre,Mot,Piece,Isiqephu,Stuk,Karolo,Isiqwenga,Chidimbu,Piece
Tshipia,Neuf,0.0,Neutre,Nombre,Nine,Isishiyagalolunye,Nege,Senyane,Thoba,Pfumbamwe,Pfumbamwe
Tshipiminu,Balance,0.0,Neutre,Mot,Balance,Ukuzimelela,Balans,Palantshe,Ibhalansi,Balance,Balance
Tshipiminutshiabujitu,Livre,4.0,Positive,Mot,Book,Ibhuku,Boek,Puku,Incwadi,Bhuku,Book
Tshipiminutshiabulebuamayi,Sonde,2.0,Neutre,Mot,Probe,Icala lolo munye noma,Ondersoek,Probe .,Probe,Probe,Probe
Tshipimu,Proportion,5.0,Positive,Mot,Proportion,Ukulinganisa,Proporsie,Karolo ya .,Umlinganiso,Chikamu,Proportion
Tshipungidi,Alliance,8.0,Positive,Mot,Alliance,Isivumelwano sokubambisana,Alliansie,Selekane sa .,Umanyano,Alliance,Mubatanidzwa
Tshipupu,Tourbillon,-5.0,Negative,Mot,Whirlwind,Shirlwind,Warrelwind,Ledimo la ledimo .,I-whirlwind,Chimbudzi,Chamupupuri
Walumulunene,Fameux,6.0,Positive,Mot,Famous,-Dumile,Beroemd,Tumile,Idume,Ane mukurumbira,Famous
WaLuse,Miséricordieux,9.0,Positive,Mot,Merciful,Isihe,Genadig,Kgaugelo ya go ba le kgaugelo .,Inceba,Ngoni,Ane ngoni
Wamabue,Rocailleux,-4.0,Negative,Mot,Rocky,Namatshe,Rotsagtig,Lefika la lefika .,I-rocky,Dombo,Rocky
Wamuandamukulu,Huitième,0.0,Neutre,Numéral,Eighth,-Sishayagalombili,Agtste,Boseswai .,Isibhozo,Chesere,Chesere
WaMubidi,Charnel,-6.0,Negative,Mot,Carnal,Intandane,Vleeslik,Nama ya nama .,Inyamakazi,Carnal,Carnal
WaNzambi(mudimu),Religieux,8.0,Positive,Mot,Religious,-Kholiwe,Godsdienstig,Ya sedumedi,Inkolo,Chitendero,Zvechitendero
Watshijila,Pur,9.0,Positive,Mot,Pure,-Nalutho,Suiwer,Hlwekile,Icocekile,Yakachena,Pure
Watshijila,Saint,9.0,Positive,Mot,Saint,Usanti,Heilige,Mokgethwa .,Eng,Saint,Mutsvene
Watshitema,Neuvième,0.0,Neutre,Numéral,Ninth,Okwesishiyagalolunye,Negende,Senyane .,Isithoba,Chepfumbamwe,Chepfumbamwe
Wende,Propre,6.0,Positive,Mot,Own,Yami,Eie,Rua,Eyakho,Ndega,Own
Weste,Occident,0.0,Neutre,Mot,West,Intshonalanga,Wes,Bophirima .,Entshona,Kumadokero,West
Tulu,Sommeil,4.0,Positive,Mot,Sleep,Ukulala,Slaap,Robala,Ukulala,Kurara,Rara
Tumumanvinyo,Raisin,0.0,Neutre,Mot,Grapes,Amagilebhisi,Druiwe,Diterebe,Iidiliya,Mazambiringa,Mazambiringa
Tunvi,Fumier,-7.0,Negative,Mot,Manure,Ubulongwe,Mis,Manyoro .,Umgquba,Manyowa,Mupfudze
Tupamba,Filets,2.0,Neutre,Mot,Nets,Inshiya,Nette,Maloka a .,Iminatha,Nets,Mambure
Tuseka,Moquerie,5.0,Positive,Mot,Mockery,Inkalo,Bespotting,Kgegeo .,Ukugculela,Kuseka,Chiseko
UdiKamama(mukaji),Vierge,8.0,Positive,Mot,Virgin,Intombi egcweleyo,Maagd,Kgarebe,Intombi,Mhandara,Mhandara
Udikawuyiukumbana,Indignement,-7.0,Negative,Mot,Indignantly,Ngokunukayo,Verontwaardig,Ka go galefa .,Ngentlonelo,Nehasha,Nehasha
Udikayidisakidila,Ingrat,-8.0,Negative,Mot,Ungrateful,-Ngabongi,Ondankbaar,Go se be le tebogo .,Ngokungathandabuzekiyo,Vasingaongi,Vasingaongi
Udikayimuakanangane,Indigne,-7.0,Negative,Mot,Unworthy,-Ngafanele,Onwaardig,Ga e swanelwe ke .,Ayifanelekanga,Zvisina kukodzera,Vasina kufanira
Udikayimubingishibue,Inexcusable,-9.0,Negative,Mot,Inexcusable,Akunakuqhathaniswa,Onverskoonbaar,E sa lebalelwego .,Ngokungakhathali,Zvisingagoneke,Hazvina pembedzo
Udikayimujame,Inexpérimenté,-6.0,Negative,Mot,Inexperienced,Ongenalwazi,Onervare,E se na phihlelo .,Engenamava,Vasina ruzivo,Kusaziva
Udikayimumanyemukanda,Illettré,-8.0,Negative,Mot,Illiterate,-Ngakwazi ukufunda,Ongeletterd,Go bala le go ngwala yo a sa tsebego go bala le go ngwala .,Ukungafundi,Vasingadzoreki,Kusagona kuverenga
Udikayimushindame,Incertaindanssespensées,-5.0,Negative,Mot,Uncertain in his thoughts,Ungaqinisekile emcabangweni wakhe,Onseker in sy gedagtes,go se kgonthišege menaganong ya gagwe .,Engaqinisekanga kwiingcamango zakhe,Zvisina chokwadi mupfungwa dzake,Haana chokwadi mupfungwa dzake
Udikayimutengula,Incirconcision,-7.0,Negative,Mot,Uncircumcision,-Ngasokile,Onbesnydenis,Go se bolotše .,Ukungaluki,Kusadzingiswa,Kusadzingiswa
Udikayinebualu,Innocent,8.0,Positive,Mot,Innocent,-Msulwa,Onskuldig,Hloka molato,Umsulwa,Asina mhosva,Innocent
Udikayineditekemenakabidi,Désespérer,-8.0,Negative,Verbe,To despair,Ukuphelelwa yithemba,Om te wanhoop,Go itlhoboga .,Ukuphelelwa lithemba,Kupererwa,Kupererwa
Udikayinekudikanda,Incontinent,-6.0,Negative,Mot,Incontinent,-Ngavumelani,Inkontinent,Go se kgone go itshwara .,Ukungasebenzi,Zvisingagone,Incontinent
Udimudifile,Adonné,-4.0,Negative,Mot,Gave,Unikele,Het gegee,File,Unike,Akapa,Akapa
Udimuelamulawu,Maudit,-9.0,Negative,Mot,Cursed,Kuqalekisiwe,Vervloek,E rogilwe .,Iqalekisiwe,Akatukwa,Akatukwa
Udimuenamukoso,Médisant,-7.0,Negative,Mot,Backbiting,-Bhekabule emuva,Agtergrond,Go backbiting .,Ukubuyisela umva,Kudzosera,Kuchera
Udimuitaje,Croyant,8.0,Positive,Mot,Believer,Okhwalwayo,Gelowige,Modumedi .,Ikholwa,Mutendi,Mutendi
Udimupambuke,Perverti,-8.0,Negative,Mot,Perverted,Kuhlanekezelwe,Perverse,E kgopamego .,Igqwethekile,Kutsveneswa,Yakatsveyamiswa
Udimusungula,Élu,9.0,Positive,Mot,Elected,Ekhethwe,Uitverkies,E kgethilwe .,Bonyulwe,Vakasarudzwa,Akasarudzwa
Udinebundu,Honteux,-6.0,Negative,Mot,Ashamed,-Jabhile,Skaam,Jewa ke dihlong,Zineentloni,Kunyara,Kunyara
Udinebuowa,Timide,-4.0,Negative,Mot,Shy,-Esabayo,Skaam,Dihlong,Ntloni,Kunyara,Nyarai
Udinebupole,Paisible,8.0,Positive,Mot,Peaceful,-Thulile,Vreedsaam,Ka khutšo,Uxolo,Rugare,Runyararo
Udinedisakidila,Reconnaître,9.0,Positive,Mot,Recognize,Khumbula,Herken,Lemoga,Qaphela,Ziva,Ziva
Udinedisanka,Bienheureux,9.0,Positive,Mot,Blessed,-Busisekile,Geseënd,Šegofaditšwe,Usikelelekile,Wakakomborerwa,Blessed
Udinelukukaluabiuma,Cupide,-7.0,Negative,Mot,Greedy,-Hahile,Gierig,Go timana,Ukubawa,Makaro,Kukara
Udinelukunukunu,Zélé,8.0,Positive,Mot,Zealous,Shisela,Ywerig,E fišegago .,Ngenzondelelo,Vanoshingairira,Anoshingaira
Udinelulamatu,Fidèle,9.0,Positive,Mot,Faithful,-Thembekile,Getrou,Botega,Ithembekile,Kutendeka,Akatendeka
Udinelumulunene,Distingué,7.0,Positive,Mot,Distinguished,Dilicaged,Uitsonderlik,E hlomphega .,Ukwahlula-hlula,Kusiyaniswa,Distinguished
Udinelutulu,Patient,8.0,Positive,Mot,Patient,-Nesineke,Geduldig,Molwetši,Isigulana,Murwere,Mwoyo murefu
Udinemanyi,Gras,0.0,Neutre,Mot,Fat,Amafutha,Vet,Lekhura,Amanqatha,Mafuta,Mafuta
Udinemunana,Hydropique,-6.0,Negative,Mot,Dropsical,Kwehla,Druppies,Dropsical .,Istriptical,Kudonha,Dropsical
Udinemuoyo,Vivant,9.0,Positive,Mot,Alive,-Zwayo,Lewendig,Phela,Uyaphila,Vapenyu,Alive
Udipabuipi(nemuntu),Voisin,6.0,Positive,Mot,Neighbor,Umakhelwane,Buurman,Moagišani,Ummelwane,Muvakidzani,Muvakidzani
Udiudisuila,Volontaire,8.0,Positive,Mot,Voluntary,-Ngokuzinikela,Vrywillig,Boithaopo .,Ngokuzithandela,Nokuzvidira,Voluntary
"Udiukenga,utata.",Affligé,-7.0,Negative,Mot,Distressed,-Nobuhlungu,Benoud,O tlamegile .,Ixinezelekile,Kushungurudzika,Kushungurudzika
Udiulamatshijila,Continent,7.0,Positive,Mot,Continent,Izwekazi,Kontinent,Kontinente,Ilizwekazi,Continent,Continent
UdiulondantedeleluwabuenaYuda,Prosélyte,6.0,Positive,Mot,Proselyte,Umguquki,Proseliet,Proselyte .,I-Proslyte,Kutendeukira,Mutendeuki
Udiupita(malubukole),Victorieux,9.0,Positive,Mot,Victorious,-Nqobha,Oorwinnend,Mofenyi .,Uloyiso,Kukunda,Anokunda
Udiusama,Infirme,-8.0,Negative,Mot,Crippled,Kukhubazekile,Kreupel,Go golofala .,Kuqhubekile,Zvirema,Chirema
Udiusanka,Joyeux,9.0,Positive,Mot,Happy,-Eneme,Gelukkig,Thabile,Bonwabile,Kufara,Happy
Udiuzakala,Tremblant,-6.0,Negative,Mot,Trembling,-Bheshekayo,Bewend,Go thothomela .,Ukungcangcazela,Kudedera,Kudedera
Udiwenzabibi,Inconvenante,-7.0,Negative,Mot,Unseemly,Empeleni empeleni,Onbehoorlik,ka mo go sa swanelago .,Ngokungafanelekanga,Zvisingaonekwe,Zvisina kufanira
Ufuafua,Mourant,-8.0,Negative,Mot,Dying,Okokufa,Sterf,Go hwa,Ukufa,Kufa,Kufa
Ukungula,Rugissant,-5.0,Negative,Mot,Roaring,Bhosa,Gebrul,Go rora .,Ukugquma,Kuhukura,Kudzvova
Umuepele,Unique,8.0,Positive,Mot,Unique,-Hlukile,Uniek,Moswananoši,Eyahlukileyo,Akasiyana,Unique
Unakila,Persévérant,9.0,Positive,Mot,Persevering,Wabaphakelayo,Volhardend,Go phegelela .,Ukunyamezela,Kutsungirira,Kushingirira
Utamba,Surabondant,8.0,Positive,Mot,Overabundant,-Banzi,Oorvloedig,Se se lego gona ka mo go feteletšego .,Ngaphezulu,Kuwedzera,Overabundant
Utema,Ardent,7.0,Positive,Mot,Ardent,-Ngecebo,Vurig,Ardent .,Inqaku,Akajaira,Adent
Utema(kapia),Brûlant,6.0,Positive,Mot,Burning,-Vulayo,Brandende,Go fiša .,Ukutshisa,Kupisa,Kusvirwa
UtshianaWamuishibua,Nourrisson,5.0,Positive,Mot,Infant,Usana,Baba,Lesea,Usana,Mucheche,Mucheche
Utshidikamama,Chaste,9.0,Positive,Mot,Chaste,Umsulwa,Kuis,Go hlweka .,Chaste,Chete,Chaste
Tshisaka,Panier,0.0,Neutre,Mot,Basket,Ubhasikidi,Mandjie,Seroto .,Ibhasikithi,Tswanda,Basket
Tshisalu,Marché,0.0,Neutre,Mot,Walk,Vakasha,Loop,Sepela,Hamba,Famba,Fambai
Tshisamba,Tribu,5.0,Positive,Mot,Tribe,Isizwana,Stam,Morafe .,Isizwe,Dzinza,Tribe
Tshisanga,Ile,0.0,Neutre,Mot,Island,Isiqhingi,Eiland,Sehlakahlaka,Isiqithi,Island,Island
Tshisangisha,Mélange,0.0,Neutre,Mot,Blend,Xubanisa,Meng,Tswakanya,Dibanisa,Sanganisa,Blend
Tshisanji,Harpe,6.0,Positive,Mot,Harp,Uhado,Harp,HARP .,Ihadi,Harp,Harp
Tshisatutshiapa,Tiers,0.0,Neutre,Mot,Third party,Ilungu langaphandle,Derde party,Motho wa boraro .,Iqela lesithathu,Wechitatu bato,Wechitatu bato
Tshiseba,Cuir,0.0,Neutre,Mot,Leather,Isikhumba esishukiweyo,Leer,Mokgopa,Ulusu,Ganda,Leather
Tshisebatshiakufundila,"Parchemin,Peau",0.0,Neutre,Mot,"Parchment,Hide","Isikhumba, fihla","Perkament, versteek","Letlalo la letlalo,Patago .","Isikhumba, fihla","Parment, kuvanza","Parchment,Hide"
Tshisenesha,Uni,6.0,Positive,Mot,United,-Hlangene,Verenigde,United .,Umanyani,United,United
Tshishi,Teigne,-6.0,Negative,Mot,Ringworm,Inhloso,Ringwurm,Seboko sa Ringworm .,Ringworm,Ringurm,Zvirwere
Tshishiki,Entièrement,7.0,Positive,Mot,Entirely,Konke,Heeltemal,ka botlalo .,Ngokupheleleyo,Zvachose,Zvakakwana
Tshishikulatshimuenembomboinayinebinunubinayi,Centquarante-quatremille,0.0,Neutre,Nombre,One hundred and forty-four thousand,Izinkulungwane eziyikhulu namashumi amane nane,Honderd vier en veertig duisend,Dikete tše lekgolo le masomenne-nne .,Ikhulu elinamashumi amane anesine lamawaka,Zana nemakumi mana nevana zviuru,Zviuru zana namakumi mana nezvina
Tshishima,Miraculeux,9.0,Positive,Mot,Miraculous,Ngokuyisimangaliso,Wonderbaarlik,Mohlolo .,Ummangaliso,Zvinoshamisa,Chishamiso
Tshishimikidi,Soutien,8.0,Positive,Mot,Support,Singatha,Ondersteuning,Thekga,Inkxaso,Tsigiro,Support
Tshishindame,Immobile,4.0,Positive,Mot,Immobile,Indlovumula,Onbeweeglik,Go se šikinyege .,Imoto,Marou,Immobile
Tshishipelu,Boucherie,-8.0,Negative,Mot,Butcher's shop,Isitolo se-Butcher's,Slaghuis,Lebenkele la Butcher .,Ivenkile ye-butcher,Chitoro chebhotera,Chitoro chebhucha
Tshisombedi,Siège,3.0,Neutre,Mot,Seat,Isihlalo,Sitplek,Madulo,Isihlalo,Chigaro,Seat
Tshisonga,Chardon,-5.0,Negative,Mot,Thistle,Thi Tistle,Distel,Thistle .,Nje,Thtle,Thistle
"Tshisuikidi,nkanu",Lien,4.0,Positive,Mot,Link,Ulungu lokuthile,Skakel,Amanya,Ikhonkco,Chinongedzo,Link
Tshisumbu,Compagnie,0.0,Neutre,Mot,Company,Iviyo,Maatskappy,Khamphani,Inkampani,Kambani,Company
Tshisumbu(tshiabanayi),Bande,0.0,Neutre,Mot,Band,Isibopho,Band,Lepanta,Band,Bhendi,Band
Tshisumbutshiabantu,Attroupement,-4.0,Negative,Mot,Gathering,Idili,Byeenkoms,Kopano,Ukuqokelela,Kuungana,Kuunganidza
Tshisumbutshiabenanvita,Armée,6.0,Positive,Mot,Army,Impi,Weermag,Sešole,Umkhosi,Mauto,Mauto
Tshisumbutshiamasalayi,Cohorte,5.0,Positive,Mot,Cohort,Cohort,Kohort,Sehlopha sa sehlopha .,Cohort,Cohort,Cohort
Tshisumbutshianyama,Troupeau,0.0,Neutre,Mot,Herd,Idanzi,Kudde,Mohlape,Umhlambi,Herd,Herd
Tshisumbutshienenetshiabantu,Populace,-5.0,Negative,Mot,Populace,Ukuphindisa,,Baagi .,Abantu abaninzi,Populace,Populace
Tshitadi(kulambula),Tribut,4.0,Positive,Mot,Tribute,Okuhlonipha,Huldeblyk,Tribute .,Irhafu,Mutero,Tribute
Tshitakutshiabuatu,Poupe,0.0,Neutre,Mot,Stern,-Zithiba,Stern,Selemo sa ka morago .,Rhabaxa,STERS,Stern
Tshitalale,Doux,8.0,Positive,Mot,Soft,-Potozelayo,Sag,Boleta,Ithambile,Nyoro,Soft
Tshitambala,Suaire,-6.0,Negative,Mot,Shroud,Shwimvu,Kleed,Sekhurumetšo .,I-shroud,Shroud,Shroud
Tshitambebuimpe,Meilleur,9.0,Positive,Mot,Best,-Hle kakhulu,Beste,Kaonekaone,Eyona ilungileyo,Zvakanakisa,Best
Tshitangidilu,Théâtre,5.0,Positive,Mot,Theater,Ithiyeta,Teater,Theatre .,Ithiyetha,Theatre,Theater
Tshitapitapi,Onguent,7.0,Positive,Mot,Ointment,Okokugcobisa umzimba,Salf,Setlolo .,Ioyile,Oiri,Mafuta
Tshitekelutshiamakasa,Marchepied,4.0,Positive,Mot,Footboard,Ibhodi,Voetbord,Letlapa la maoto .,Ikhibhodi,Tsoka,Footboard
Tshitekelutshiaminda,Chandelier,6.0,Positive,Mot,Candlestick,Ikhandlela,Kandelaar,Kerese ya go swara kerese .,Isikhandlela,Chigadziko,Chigadziko chemwenje
Tshitema,Brillant,8.0,Positive,Mot,Bright,-Gqamile,Helder,Phadimago,Iqaqambile,Kupenya,Bright
Tshitendelelu,Sanctuaire,9.0,Positive,Mot,Sanctuary,Isiphephelo,Heiligdom,Sekgethwa .,Ingcwele,SANDA,Sanctuary
Tshitoke,Blanc,7.0,Positive,Mot,White,Okumhlophe,Wit,Tšhweu,Mhlophe,Chena,Chena
Tshitoketoke,Livide,-6.0,Negative,Mot,Livid,-Bubhegqayela,Lewendig,Livid .,Icacile,Lidvid,Livid
Tshitotshi,Boue,-7.0,Negative,Mot,Mud,Ibishi,Modder,Leraga,Udaka,Matope,Madhaka
Tshitshiu,Dureté,-5.0,Negative,Mot,Hardness,Ubunzima,Hardheid,Go thatafala .,Ubunzima,Kuomesa,Kuoma
Tshitua(mueleanyikele),Tranchant,-4.0,Negative,Mot,Sharp,-Bukhali,Skerp,Bogale,Bukhali,Kupinza,Sharp
Tshituadilutshiatshitalu,Bière,0.0,Neutre,Mot,Beer,Ubhiya,Bier,Piri,Ibhiya,Doro,Doro
Tshitudilu,Camp,0.0,Neutre,Mot,Camp,Khempa,Kamp,Kampo ya .,Inkampu,Musasa,Camp
Tshitue(tshiamua),Aigu,5.0,Positive,Mot,Acute,-Hlabayo,Akute,Bogale,Ubuhlungu,Acute,Acute
Tshituilu,Aire,0.0,Neutre,Mot,Area,Indawo,Gebied,Tikologo,Indawo,Nharaunda,Area
Tshitupatshipi,Bientôt,4.0,Positive,Mot,Soon,Ngokushesha,Binnekort,Ka pela,Kungekudala,Munguva pfupi,Nenguva isipi
Tshiula,Grenouille,0.0,Neutre,Mot,Frog,Iselesele,Padda,Segwagwa,Isele,Chura,Datya
Tshiûle,Plein,6.0,Positive,Mot,Full,-Gcwele,Vol,Tletše,Igcwele,Izere,Full
Tshiunvuika,Intelligible,7.0,Positive,Mot,Intelligible,-Sobala,Verstaanbaar,E kwešišegago .,Kuyacaca,Zvinonzwisisika,Inonzwisisika
Tshiuyuya,Tiède,-3.0,Negative,Mot,Lukewarm,Lukewarm,Louwarm,Bofofu .,Dadawarm,Kudziya,Kudziya
Tshivulangane,Varié,5.0,Positive,Mot,Varied,-Nhlobonhlobo,Gevarieerd,E fapa-fapana .,Eyahlukileyo,Dzakasiyana siyana,Varied
Tshivulukidi,Mémoire,6.0,Positive,Mot,Memory,Ukukhumbula,Geheue,Kgopolo,Imemori,Ndangariro,Memory
Tshiyole,Famine,-8.0,Negative,Mot,Famine,Indlala,Hongersnood,Tlala,Indlala,Nzara,Nzara
Tshume,Sec,-4.0,Negative,Mot,Dry,-Omile,Droog,Omile,Yomile,Kuoma,Dry
Tshuwidi,Plénitude,8.0,Positive,Mot,Fullness,Ukugcwele,Volheid,Go tlala .,Ukugcwala,Kuzara,Kuzara
Tsilulutshipuekele,Costumedécent,7.0,Positive,Mot,Decent suit,I-HORTENT Suit,Ordentlike pak,Sutu e hlomphehang .,Isuti efanelekileyo,Sutu yakanaka,Decent suit
Tsjiji,Rage,-7.0,Negative,Mot,Rage,Intukuthelo esabisayo,Woede,Pefelo,Ingqumbo,Kutsamwa,Rage
Tujila,Ruelle,0.0,Neutre,Mot,Alley,Umhubhe,Steeg,Alley .,I-alley,Alley,Alley
Tshidime,Cultivateur,5.0,Positive,Mot,Farmer,Umninipulazi,Boer,Molemi,Umlimi,Murimi,Murimi
Tshidimu,Année,0.0,Neutre,Mot,Year,Unyaka,Jaar,Ngwaga,Unyaka,Gore,Gore
Tshidimutshiamayowa,Été,5.0,Positive,Mot,Summer,Ihlobo,Somer,Selemo,Ihlobo,Zhizha,Zhizha
Tshienalomo,Latin,0.0,Neutre,Mot,Latin,IsiLatini,Latyn,Selatine sa Selatine .,isiLatini,Ratini,Ratini
Tshiendelele,AJamais,9.0,Positive,Mot,ANever,Aver,Nooit,A n o r t o n g .,Abhuti,Hanhose,ANever
Tshiendelu,Parvis,4.0,Positive,Mot,Courtyard,Igceke,Binnehof,Lebala .,Intendelezo,Chivanze,Chivanze
Tshienzedi,Action,6.0,Positive,Mot,Action,Ukwenza,Aksie,Kgato,Isenzo,Chiito,Chiito
"Tshienzedi,malu",Œuvre,7.0,Positive,Mot,Artwork,Ubuciko,Kunswerk,Mošomo wa bokgabo .,Umsebenzi wobugcisa,Artwork,Artwork
Tshieya,Garant,5.0,Positive,Mot,Guarantor,Umphathi,Borg,Motiisetso .,Isiqinisekiso,Guarantor,Guarantor
Tshifuafua,Mortel,-6.0,Negative,Mot,Mortal,-Phethe,Sterflike,Motho yo a hwago .,Umntu,Walm,Anofa
Tshifufu,Complot,-7.0,Negative,Mot,Conspiracy,Umbimbi,Sameswering,Go loga maanomabe .,Iyelenqe,Kurangana,Kurangana
Tshifukibua,Créature,6.0,Positive,Mot,Creature,Isilwane,Skepsel,Sebopiwa .,Isidalwa,Chisikwa,Chisikwa
Tshifukibuatshipiatshipia,Nouvellecréation,8.0,Positive,Mot,New creation,Indalo entsha,Nuwe skepping,Tlholo e Mpsha .,Indalo entsha,Chisiko chitsva,Chisikwa chitsva
Tshifulu,Casque,4.0,Positive,Mot,Helmet,Umgqomo,Helm,Lekarapa,Isigcina-ntloko,Ngowani,Ngowani
Tshifulutshiabutumbi,Diadème,7.0,Positive,Mot,Tiara,Tisana,Tiara,Tiara .,ITiara,Tiara,Tiara
Tshiji,Colère,-7.0,Negative,Mot,Anger,Intukuthelo,Woede,Pefelo,Umsindo,Kutsamwa,Hasha
Tshiji,Colère,-6.0,Negative,Mot,Anger,Intukuthelo,Woede,Pefelo,Umsindo,Kutsamwa,Hasha
Tshiji(tshikole),Fureur,-8.0,Negative,Mot,Fury,Isibhengubhengu,Woede,Kgalefo .,Ubushushu,Hasha,Fury
Tshijidila,Sacré,9.0,Positive,Mot,Sacred,-Ngcwele,Heilig,Tšhogile,Ngcwele,Tsvene,Zvitsvene
Tshijila,Sainteté,9.0,Positive,Mot,Holiness,Ubungcwele,Heiligheid,Bokgethwa .,Ubungcwele,Hutsvene,Utsvene
Tshijila(mu),Saintement,8.0,Positive,Mot,Holy,'-Ngcwele,Heilig,Kgethwa .,Ngcwele,Mutsvene,Mutsvene
Tshijila(wa),Saint,9.0,Positive,Mot,Saint,Usanti,Heilige,Mokgethwa .,Eng,Saint,Mutsvene
Tshikankanyi,Talon,0.0,Neutre,Mot,Heel,Isithende,Hak,Serethe .,Isithende,Chitsitsinho,Chitsitsinho
Tshikenakumona,Vision,8.0,Positive,Mot,Vision,Umbono,Visie,Ponelopele,Umbono,Chiratidzo,Chiratidzo
"Tshikoleadi,tshidi",Grave,-4.0,Negative,Mot,Severe,-Khulu,Ernstig,Šoro,Kakhulu,Zvakanyanya,Zvakaoma
Tshikololo,Corbeau,0.0,Neutre,Mot,Crow,Igwababa,Kraai,Legokobu,Crow,Crow,Gunguwo
Tshikololo;Mukanku,Aigle,5.0,Positive,Mot,Eagle,Ukhozi,Arend,Ntšhu,Ukhozi,Eagle,Gondo
Tshikondo,Antérieurement,3.0,Neutre,Mot,Previously,Ngaphambilini,Voorheen,Peleng .,Ngaphambili,Pakutanga,Kare
Tshikondo,Moment,5.0,Positive,Mot,Moment,Isikhashana,Oomblik,Nakwana,Umzuzu,Nguva,Moment
Tshikondoetshi,Actuel,6.0,Positive,Mot,Current,-Dlulayo,Huidige,Bjale,Okwangoku,Zvazvino,Current
Tshikondotshimpe,Opportun,7.0,Positive,Mot,Timely,Ngesikhathi,Betyds,Nako .,Ngexesha elifanelekileyo,Nenguva,Panguva
Tshikote,Cumin,0.0,Neutre,Mot,Cumin,Uhlobo lwensanzaka,Komyn,Kumine .,I-cumin,Cumin,Kumin
Tshikowelu,Vêtement,4.0,Positive,Mot,Garment,Isigqoko,Kledingstuk,Seaparo sa .,Ingubo,Nguo,Nguo
Tshikoyeke,Immonde,-8.0,Negative,Mot,Filthy,Ngcolile kakhulu,Vieslik,Ditšhila,Ngcolile,Tsvina,Yakasviba
Tshikumbane,AssezUtile,5.0,Positive,Mot,QuiteUseful,-Buze,Redelik Nuttig,E tloga e le e nago le mohola .,Ngethu,Zvinoshandisa,QuiteUseful
"Tshikumbane,tshiûja",Complet,8.0,Positive,Mot,Complete,Feza,Voltooi,Feleletše,Gcwalisa,Zadzisa,Complete
Tshikusu,Ver,-6.0,Negative,Mot,Worm,Impethu,Wurm,Seboko,Umbungu,Honye,Worm
Tshikutu(tshiakapia),Fournaise,-7.0,Negative,Mot,Furnace,Imbuthuma,Oond,Sebjana sa go fiša .,Isithando somlilo,Choto,Furnace
"Tshikutu,tshipukatshiamitshi",Buisson,0.0,Neutre,Mot,Bush,Ihlathi,Bush,Sethokgwa,Ityholo,Bush,Bush
Tshilambuidi,Recette,4.0,Positive,Mot,Recipe,Indlela yokwenza into ethize efana nokupheka,Resep,Motswako,Iresiphi,Recipe,Recipe
Tshilejelu,Exemple,6.0,Positive,Mot,Example,Isibonelo,Voorbeeld,Mohlala,Umzekelo,Muenzaniso,Muenzaniso
Tshilele,Coutume,5.0,Positive,Mot,Custom,Umkhuba,Pasgemaak,Tlwaelo,Isiko,Tsika,Custom
"Tshilele,tshibidilu",Habitude,4.0,Positive,Mot,Habit,Isiko,Gewoonte,Setlwaedi,Umkhwa,Tsika,Habit
Tshilelela,Véritable,7.0,Positive,Mot,True,-Qotho,Waar,Nnete,Yinyani,Ichokwadi,Chokwadi
Tshilelela(tshiatshinfuanyi),Antitype,0.0,Neutre,Mot,Antitype,Ukuwobelana,Antitipe,Antitype .,Antifity,Fananidze,Antitype
Tshilema,Faute,-6.0,Negative,Mot,Mistake,Iphutha,Fout,Phošo,Impazamo,Kukanganisa,Kukanganisa
Tshilenduishi,Scandale,-8.0,Negative,Mot,Scandal,Amapeketwane,Skandaal,Mahlabisadihlong .,Isikrelemnqa,Nyonganiso,Scandal
Tshileshelu,Formule,4.0,Positive,Mot,Formula,Uhlobo,Formule,Formula .,Ifomula,Formula,Formula
Tshilobeshi,Proie,-6.0,Negative,Mot,Prey,Inyamazane edliwayo,Prooi,Sebolawa,Ixhoba,Pwanya,Prey
Tshilongo,Fleur,6.0,Positive,Mot,Flower,Umqhakazo,Blom,Letšoba,Intyatyambo,Ruva,Ruva
Tshilota,Songe,7.0,Positive,Mot,Dream,Iphupha,Droom,Toro,Iphupha,Kurota,Dream
Tshilotalota,Extase,9.0,Positive,Mot,Ecstasy,Enyanyayo,Ekstase,Ekgola .,Ecstasy,Ecstasy,Ecstasy
Tshilulu,Linge,0.0,Neutre,Mot,Linen,Okokulala embhedeni,Linne,Linen .,Ilineni,Rineni,Linen
Tshiapabuloba,Terrestre,0.0,Neutre,Mot,Terrestrial,Umhlabathi,Terrestriële,Lefaseng la pele .,I-terrestral,Terrestrial,Zvenyika
Tshiapankatshi,Moitié,0.0,Neutre,Mot,Half,Uhlangothi,Die helfte,Seripagare,Isiqingatha,Hafu,Hafu
Tshiapatupu,Déshonneur,-8.0,Negative,Mot,Dishonor,Ukuhlamba,Oneer,Go Hlomphollwa .,Ihlazo,Kushoora,Kusaremekedza
Tshiatshiendelele,Éternel,9.0,Positive,Mot,Eternal,-Ngapheliyo,Ewige,Sa feleng,Kanaphakade,Kusingaperi,Nokusingaperi
Tshiatshipendu,Injurieux,-7.0,Negative,Mot,Offensive,-Casulayo,Aanstootlik,Lehlapa,Kuyakhubekisa,Zvinogumbura,Zvinogumbura
Tshiatshitshiu,Peuple,4.0,Positive,Mot,People,Abantu,Mense,Batho,Abantu,Vanhu,Vanhu
Tshiabungi,Immense,8.0,Positive,Mot,Immense,-Khulu kakhulu,Enorm,Kgolo kudu,Enkulu,Chikuru,Immense
Tshiakabidi,Double,0.0,Neutre,Mot,Double,-Bili,Dubbel,Gabedi,Phinda kabini,Kaviri,Kaviri
TshiakaneTshiditshianyisha,AgréableAgréer,8.0,Positive,Mot,PleasantAgree,Intombiwezwe-,Aangenaam Stem saam,Pleasantree .,I-Deestanagree,Zvinonzwisisika,PleasantAgree
TshiakaneTshiditshisankisha,quiplait,8.0,Positive,Mot,who pleased,Ngubani ojabule,wie behaag het,Ke mang yo a kgahlilego .,ngubani owonwabileyo,ndiani akafara,ndiani akafadzwa
Tshiakulakula,Conte,5.0,Positive,Mot,Tale,Indaba,Verhaal,Tale .,Tale,Ngano,Tale
Tshiamutshiamitaku,Airain,0.0,Neutre,Mot,Brass,Ithusi,Geelkoper,koporo .,Ubhedu,Ndarira,Brass
Tshianana,Nullement,-6.0,Negative,Mot,No way,Akunakwenzeka,Geen manier nie,Ga go tsela ye nngwe,Akho ndlela yimbi,Hapana nzira,Hapana nzira
Tshianyishanyisha,Flatterie,-7.0,Negative,Mot,Flattery,-Tulall,Vleiery,Go reta ka go phaphatha .,Fihlatha,Flattery,Flattery
Tshianza,Main,4.0,Positive,Mot,Hand,Isandla,Hand,Seatla,Isandla,Ruoko,Ruoko
Tshibanda,Descente,0.0,Neutre,Mot,Descent,Isimo esizayo,Afkoms,Go theoga .,Umnqweno,Kudzidziswa,Descent
Tshibandilu,Degré,4.0,Positive,Mot,Degree,Ibanga,Graad,Tikrii,Isidanga,Degree,Dhigirii
Tshibangidilu,Fondation,6.0,Positive,Mot,Foundation,Isisusa,Stigting,Motheo,Isiseko,NYAYA,Foundation
Tshibelu,Cuisse,0.0,Neutre,Mot,Thigh,Ithanga,Bobeen,Serope,Ithanga,Chidya,Chidya
Tshibi,Mauvais,-8.0,Negative,Mot,Bad,-Ngalungile,Sleg,Mpe,Kubi,Zvakaipa,Bad
Tshibipe,Impur,-6.0,Negative,Mot,Impure,Ngcolisa,Onrein,Go se hlweke .,Ukungasebenzi,Kuremara,Kusachena
Tshibishi,Vert,0.0,Neutre,Mot,Green,-Yimpatho,Groen,Talamorogo,Luhlaza,Girinhi,Girinhi
Tshibobe,Maturité,7.0,Positive,Mot,Maturity,Ukuvuthwa,Volwassenheid,Matšhurithi,Ukukhula,Kukura,Kukura
Tshibombu,Bourse,4.0,Positive,Mot,Sotck exchange,SOTCK Exchange,Sotck ruil,Phapanyetsano ya Sotck .,Ukutshintshiselana nge-sotck,Sotck Exchange,Sotck exchange
Tshibueledi,Accès,6.0,Positive,Mot,Access,Tholakala,Toegang,Fihlelela,Fikelela,Kupinda,Access
Tshibuikilu(tshiamushetewatshipungidi),Propitiatoire,8.0,Positive,Mot,Propitiatory,Okuphathelene nenkululeko,Versoenend,Poelano .,Propitiatory,Kurume,Propititory
Tshibuikilutshiapatshiadi,Cuirasse,5.0,Positive,Mot,Breastplate,Isihlanzi sesifuba,Borsplaat,Sephedi sa sefuba .,Isifuba,Chidzitiro,Chiputi chezamu
Tshibulula,Ouvert,6.0,Positive,Mot,Open,Vula,Maak oop,Bula,Vula,Vhura,Vhura
Talala,Paisiblement,8.0,Positive,Mot,Peacefully,Ngokuba khona,Vreedsaam,Ka khutšo .,Ngoxolo,Runyararo,Norugare
Tatu,Père,9.0,Positive,Mot,Father,Uyihlo,Vader,Papa,Utata,Baba,Baba
Thuya,Thuya,0.0,Neutre,Mot,Thuja,Thuja,Thuja,Thuja .,Thuja,Thuja,Thuja
Topaze,Topaze,7.0,Positive,Mot,Topaz,Isihloko,Topaas,Topase .,Topaz,Topaz,Topazi
Tshakabidi,Nouveau,6.0,Positive,Mot,New,-Kwanamuhla,Nuut,Mpsha,Intsha,Nyowani,New
Tshabungibe,Abondamment,8.0,Positive,Mot,Abundantly,Kakhulu,Oorvloedig,ka bontši .,Kakhulu,Zvakawanda,Zvakawanda
Tshakane(tshidi),cequiest,9.0,Positive,Mot,what is,yini,wat is,ke eng,Yintoni i,chii,chii
Tsheya,Caution,7.0,Positive,Mot,Deposit,Faka,Deposito,Tipositi,Idipozithi,Dhipoziti,Deposit
Tshiabademon,Diabolique,-8.0,Negative,Mot,Diabolical,Diabolical,Diabolies,Bodiabolo .,Dialocal,Dhiabolical,Dhiyabhorosi
Tshiabukelenge,Royal,9.0,Positive,Mot,Royal,-Obukhosi,Koninklike,Bogoši .,IRoyal,Royal,Royal
Tshiabuowa,Terrible,-7.0,Negative,Mot,Terrible,-Sabisayo,Verskriklik,Mpe kudu,Yoyikeka,Zvinotyisa,Zvinotyisa
Tshiabutumbi,Splendidement,8.0,Positive,Mot,Splendidly,Ngokubabazekayo,Pragtig,Ka mo go kgahlišago .,Qaqambid,Kusakwana,Splendidly
"Tshiadikumi,Kufilatshitupaatshi",îmer,6.0,Positive,Mot,îmer,îmer,îmer,ÎMER .,îmer,îmer,îmer
Tshiadimomena,Rouillé,-6.0,Negative,Mot,Rust,Ukugqwala,Roes,Moruswi .,Rust,Ngura,Ngura
Tshiakale(muleji),Ancien,4.0,Positive,Mot,Ancient,-Daladala,Antieke,Kgalekgale,Amandulo,Yekare,Ancient
Tshiakudia,Aliment,6.0,Positive,Mot,Food,Ukudla,Kos,Dijo,Ukutya,Chikafu,Zvokudya
Tshiakufunda,Tablette,0.0,Neutre,Mot,Tablet,Iphilisi,Tablet,Letlapa la .,Ithebhulethi,Piritsi,Tablet
Tshiakuitaba,Acceptable,8.0,Positive,Mot,Acceptable,-Mukelekile,Aanvaarbaar,E amogelegago .,Yamkelekile,Zvinogamuchirika,Zvinogamuchirika
Tshiakunua,Breuvage,5.0,Positive,Mot,Beverage,Okokuphuza,Drank,Dinotagi,Isiselo,Chinwiwa,Chinwiwa
Tshiamudiulu,Céleste,9.0,Positive,Mot,Celestial,-Bukeyela basezulwini,Hemelse,Legodimo la Legodimo .,Isibhakabhaka,Kudenga,Yekudenga
Tshiamutshisuku,Sauvage,-4.0,Negative,Mot,Savage,-Dlovulile,Wild,Sehlogo,Isavage,Savage,Savage
Tshiamubidi,Corporellement,0.0,Neutre,Mot,Bodily,-Ngomzimba,Liggaamlik,Mmele wa mmele .,Emzimbeni,Mumuviri,Bodily
Tshiamuinshi(muabuloba),Infernal,-8.0,Negative,Mot,Infernal,I-infernal,Infernal,Infernal .,Intsholongwane,Infernal,Infernal
Tshianvita,Dépouille,-6.0,Negative,Mot,Remains,Inqobe,Oorblyfsels,Mašaledi .,Idubile,Zvinoramba,Anosara
TshiaNyuma,Spirituel,9.0,Positive,Mot,Spiritual,-Kwenhliziyo,Geestelik,Semoya .,Ngokomoya,Zvomweya,Zvemweya
TshiaNzambi,Divin,9.0,Positive,Mot,Divine,-Ngenaphezulu,Goddelike,Sa Modimo,Ubuthixo,Divine,Divine
Tshibungubungu,Rivage,4.0,Positive,Mot,Shore,Ugu,Oewer,Lebopo,Unxweme,Mahombekombe,Shore
Tshibutshidi;tshintutshiamushingamukole,Trésor,8.0,Positive,Mot,Treasure,Igugu,Skat,Lehumo,Ubuncwane,Pfuma,Pfuma
Tshidikapia,Bouillant,-3.0,Negative,Mot,Boiling,Bilisa,Kook,Go bela .,Ukubila,Kubheya,Kuvira
Tshidikatshiyimuakujingulula,Insondable,8.0,Positive,Mot,Unfathomable,-Ngenalo,Ondeurgrondelik,E sa kwešišegego .,Ayinakufikeleleka,Zvisina kujairika,Zvisinganzwisisike
TshidikatshiyiTshijiminaa,Impérissable,9.0,Positive,Mot,Imperishable,Ukungabona lutho,Onverganklik,E sa senyegego .,I-inofrieble,Isingarobvu,Kusaparara
Tshidikatshiyitshijinguluka;bundu,Confus,-6.0,Negative,Mot,Confused,Didekile,Verward,Hlakahlakane,Udidekile,Kuvhiringidzika,Kuvhiringika
Tshidikatshiyitshinyanguka,Incorruptible,9.0,Positive,Mot,Incorruptible,-Nokulimala,Onkreukbaar,E sa senyeheng .,Okungenakona,Risingaori,Isingaori
Tshidikatshiyitshipetangananetshikuabu,Contraire,-5.0,Negative,Mot,Opposite,Bhekene,Oorkant,Lelatodi,Ngokuchaseneyo,Zvakatarisana,Opposite
"Tshidinebukole,",Valide,8.0,Positive,Mot,Valid,-Lungile,Geldig,Makgonthe,Isebenza,Zvinoshanda,Inoshanda
Tshidinebulelela,Sincérité,9.0,Positive,Mot,Sincerity,Ubuqatha,Opregtheid,Botshepegi .,Ukunyaniseka,Kutendeseka,Kuperera
Tshidinengikadiluwabukole,Endurcissement,-7.0,Negative,Mot,Hardening,Ukuqina,Verharding,Go thatafala .,Ukuqina,Kuomesa,Kuomesa
Tshidipepi,Proche,6.0,Positive,Mot,Close,Ngokuminyanisa,Maak toe,Tswalela,Vala,Vhara,Close
Tshiditshabundu,Infâme,-8.0,Negative,Mot,Infamous,-Ngokwesabekayo,Berug,E tumile ka go tuma .,Inqabile,Infamous,Akashata
Tshiditshiabonso,Public,4.0,Positive,Mot,Audience,Abathameli,Gehoor,Batheeletši,Abaphulaphuli,Vateereri,Vateereri
Tshiditshiakuakaja,Traitable,7.0,Positive,Mot,Treatable,Yelaphe,Behandelbaar,E ka alafšago .,Inyanga,Kurapwa,Zvinorapika
Tshiditshiatshijila,Magnifique,9.0,Positive,Mot,Gorgeous,-Bucwazicwazi,Pragtig,Botse kudu,Mhle,Kunaka,Gorgeous
Tshiditshiatshilele,Naturel,8.0,Positive,Mot,Natural,-Yimvelo,Natuurlik,Tlhago,Indalo,Zvakasikwa,Natural
Tshiditshiengelela,Lumineux,9.0,Positive,Mot,Bright,-Gqamile,Helder,Phadimago,Iqaqambile,Kupenya,Bright
Tshiditshikenka,Éclatant,8.0,Positive,Mot,Brilliant,-Benyezelayo,Briljant,Bohlale,Iqaqambile,Brilliant,Brilliant
Tshiditshikongyangale,Tortu,-6.0,Negative,Mot,Turtle,Ufudu lwasemanzini,Skilpad,Pshinyaleraga,Turtle,Turtle,Turtle
Tshiditshikulukulu,Vieux,0.0,Neutre,Mot,Old,-Dala,Oud,Kgale,Mdala,Chembere,Old
Tshiditshimpebe,Excellent,9.0,Positive,Mot,Excellent,-Hle kakhulu,Uitstekend,Gabotse kudu,Ngokugqwesileyo,Zvakanaka,Excellent
Tshiditshimueneka,Visible,7.0,Positive,Mot,Visible,Qavile,Sigbaar,Go bonagala .,Ibonakale,Inoonekwa,Visible
Tshiditshishalatshiendelele,Permettre,6.0,Positive,Mot,Allow,Vumela,Laat toe,Dumelela,Vumela,Bvumidza,Bvumira
Tshiditshitabujibua,Supportable,5.0,Positive,Verbe,Bearable,-Bekezelekayo,Verdraaglik,E kgotlelelwago .,Iyakwazi,Kutsigira,Zvinogoneka
Tshiditshitupu,Vide,-4.0,Negative,Mot,Empty,-Ngahlali lutho,Leeg,Se nago selo,Ingenanto,Isina chinhu,Empty
Tshiditshiyanguka,Corruptible,-8.0,Negative,Mot,Corruptible,-Nesomana,Verganklik,E senyegilego .,Ingozi,Kuora,Huori
Tshidibuluenyi,Aneth,0.0,Neutre,Mot,Dill,Diss,Dille,Dill .,Dill,Dill,Dill
Tshidikijilutshialubilu,Course,4.0,Positive,Mot,Race,Jaha,Ras,Morafe,Ugqatso,Race,Race
Tshidilu(tshianyama),Crèche,0.0,Neutre,Mot,Crib,Umkhombe,Krip,Crib .,Crib,Crib,Crib
Tshidimba,Gouvernail,5.0,Positive,Mot,Rudder,Isiqondiso sebhanoyi,Roer,Selemo sa leru la .,I-rudder,Ruzha,Rudder
Nzubuwakunvuabilumbu,Audience,6.0,Positive,Mot,Hearing,Ukuzwa,Gehoor,Go kwa .,Ukuva,Kunzwa,Kunzwa
Nzubuwalukanu,Prison,-8.0,Negative,Mot,Prison,Itilongo,Tronk,Kgolego,Intolongo,Jeri,Jeri
Nzubuwamasalayi,Forteresse,7.0,Positive,Mot,Fortress,Inqaba enkulu eyakhiweyo,Vesting,Sebo .,Inqaba,Nhare,Fortress
Nzubuwatshilalabenyi,Hôtellerie,4.0,Positive,Mot,Hospitality,Ukuphana nezicolo ezihambini,Gasvryheid,Kamogelabaeng,Ukubuka iindwendwe,Kugamuchira vaeni,Kugamuchira vaeni
Nangananga,Nécessairement,6.0,Positive,Mot,Necessarily,-Yicingeni,Nodig,ka mo go swanetšego .,Kufuneka,Zvakakodzera,Zvakakodzera
Ndeji,Nourrice,5.0,Positive,Mot,Nurse,Umhlengi,Verpleegster,Mooki,Umongikazi,Mukoti,Mukoti
Ndekelu,Terme,0.0,Neutre,Mot,Term,Ukuphela,Termyn,Lereo,Ikota,Term,Term
Ndelanganyi,Génération,6.0,Positive,Mot,Generation,Ukukhiqiza,Generasie,Tlhagišo,Isizukulwana,Chizvarwa,Generation
Ndenalio,Denier,0.0,Neutre,Mot,Denier,Jika,Ontkenner,Denier .,I-Denier,Dhier,Denier
Ndobo,Hameçon,0.0,Neutre,Mot,Hook,Isihintshelo,Haak,Kobi,I-hook,Hove,Hook
Ndondo,Profondeur,-7.0,Negative,Mot,Depth,Ukujula,Diepte,Botebo,Ubunzulu,Kudzika,Kudzika
Nebubanji,Richement,8.0,Positive,Mot,Richly,Ngokucebile,Ryklik,ka go huma .,Ngokutyebileyo,Zvakanaka,Zvakapfuma
Nebukole,Puissamment,9.0,Positive,Mot,Powerfully,Ngokunamandla,Kragtig,ka maatla .,Ngamandla,Zvine simba,Nesimba
Nebundu,Motinieusement,-8.0,Negative,Mot,Painstakingly,Ngobuhlungu,Moeilik,Ka bohloko .,I-Paintictly,Zvinorwadza,Painstakingly
Nebupuekele,Simplicité,8.0,Positive,Mot,Simplicity,Ukungabi lula,Eenvoud,Bonolo .,Ukulula,Kupusa,Zviri nyore
Nedikima,Hardiment,7.0,Positive,Mot,Boldly,Ngesibindi,Met vrymoedigheid,ka sebete .,Ngenkalipho,Noushingi,Boldly
Nedisanka,Volontiers,8.0,Positive,Mot,Gladly,Ngobuhlakani,Met graagte,Ka lethabo .,Ngovuyo,Nemufaro,Nemufaro
Nedisua,Spontanément,9.0,Positive,Mot,Spontaneously,Ngokuzenzakalelayo,Spontaan,ka go itiragalela .,Ngokuzenzekelayo,Zvine zvisizvo,Zvekare
Nelukasa,Promptement,8.0,Positive,Mot,Promptly,Masinyane,Onmiddellik,Ka pela .,Ngokukhawuleza,Nekukurumidza,Nokukurumidza
Nemutshimamutoke,Libéralement,9.0,Positive,Mot,Liberally,Ngokulula,Liberaal,ka bolokologi .,Ngokukhululekileyo,Zvakasununguka,Rusununguko
Nemutshimaumue,Unanimement,9.0,Positive,Mot,Unanimously,Ngokufanele,Eenparig,ka go kwana .,Ngamaxesha athile,Zvisingaiti,Nozwi rimwe chete
NeNzala,Jeun,-6.0,Negative,Mot,Young,-Ncane,Jong,Nnyane,Umncinci,Mudiki,Young
Netshiji,Misérablement,-8.0,Negative,Mot,Miserably,Ngokudabukisayo,Jammerlik,ka tsela e bobe .,Ngqiqweni,Zvisingaite,Zvinosiririsa
Netshijila,Purement,9.0,Positive,Mot,Purely,Kuphela,Suiwer,E hloekileng feela .,Icocekile,Zvakachena,Purely
Neje,Neige,6.0,Positive,Mot,Snow,Iqhwa elikhithikile,Sneeu,Lehlwa,Ikhephu,Chando,Snow
Nfigi,Figue,5.0,Positive,Mot,Fig,Umkhiwane,Fig,FIG .,ikhiwane,Fig,Fig
Nfudilu,Bout,0.0,Neutre,Mot,End,Ukugcina,Einde,Mafelelo,Isiphelo,Kupera,End
Nfulakatelio,Pièce,4.0,Positive,Mot,Piece,Isiqephu,Stuk,Karolo,Isiqwenga,Chidimbu,Piece
Nfumu,Chef,7.0,Positive,Mot,Chief,Ophethe,Hoof,Kgoši,Inkosi,Chief,Sabhuku
Ngabu,Bouclier,6.0,Positive,Mot,Shield,Isihlangu,Skild,Kotse,Ikhaka,Nhovo,Shield
Ngasa,Grâce,9.0,Positive,Mot,Grace,Umusa,Genade,Mohau .,Ubabalo,Nyasha,Nyasha
"Ngasa,disanka,",Gré,7.0,Positive,Mot,Gre,Bhethizetheka,Gre,Gre .,Gre,Gre,Gre
NgeleluwaMenji,Raisonnement,8.0,Positive,Mot,Reasoning,Ukubeka into enengqondo,Redenering,Go bea mabaka .,Ukuqiqa,Kukurukurirana,Kurangarira
Ngena,Géhenne,-9.0,Negative,Mot,Gehenna,IGhehanna,Gehenna,Gehenna .,Gehena,Gehena,Gehena
Ngendamushinga,Marchand,4.0,Positive,Mot,Merchant,Umthengisi,Handelaar,Mogwebi,Umthengisi,Mutengesi,Merchant
Ngikadilu,Qualité,0.0,Neutre,Mot,Quality,Isimo,Kwaliteit,Boleng,Umgangatho,Mhando,Hunhu
Ngolo,Or,8.0,Positive,Mot,Gold,Imali ebomvu,Goud,Gauta,Igolide,Goridhe,Ndarama
Ngombe,Bœuf,0.0,Neutre,Mot,Beef,Inyama yenkomo,Beesvleis,Nama ya kgomo,Inyama yenkomo,Nyama yemombe,Beef
Ngondo,Mois,6.0,Positive,Mot,Month,Inyanga,Maand,Kgwedi,Inyanga,Mwedzi,Mwedzi
Ngulube,Pourceau,-6.0,Negative,Mot,Pig,Ingulube,Vark,Kolobe,Ihagu,Nguruve,Nguruve
Ngulubemukaji,Truie,-5.0,Negative,Mot,Sow,Thwalwa,Saai,Bjala .,Hlwayela,Kudyara,Sow
Nhikidilu,Fin,7.0,Positive,Mot,END,Ukugcina,EINDE,MAFELELO,ISIPHELO,Kupera,END
Njanu,Murmure,-6.0,Negative,Mot,Murmur,Ukhololo,Gemor,Go ngunanguna .,Murmur,Kugunun'una,Murmur
"Njetu,mulemenda",Boiteux,-7.0,Negative,Mot,Lame,-Khelezayo,Lam,Hlotšago,Isiqhwala,Lame,Chirema
Njila,Voie,6.0,Positive,Mot,Way,Indlela,Manier,Tsela,Indlela,Nzira,Way
Njilawakupatukila,Issue,5.0,Positive,Mot,Issue,Izindaba okuphikiswana ngazo,Kwessie,Tlhagišo,Khupha,Nyaya,Nyaya
Njila;kuyane,Route,4.0,Positive,Mot,Road,Umgwaqo,Pad,Tsela,Indlela,Mugwagwa,Road
Njiû,Périlleux,-7.0,Negative,Mot,Perilous,-Ezwayo,Gevaarlik,E kotsi .,Ubungozi,Njodzi,Nengozi
Nkamaibidi,Deuxcents,0.0,Neutre,Nombre,Two hundred,Amakhulu amabili,Twee honderd,makgolo a mabedi .,Amawaka amabini,Mazana maviri,Mazana maviri
Nkamainayi,Quatrecents,0.0,Neutre,Nombre,Four hundred,Namakhulu amane,Vier honderd,Makgolo a Mane .,Amawaka amane,Mazana mana,Mazana mana
Maluakukema,Merveill,9.0,Positive,Mot,Wonder,Ukumangala,Wonder,Tlabega,Uyazibuza,Kushamisika,Wonder
MaluadikaayiaNzambi,Impiété,-8.0,Negative,Mot,Impiety,Ukuthakasaba,Goddeloosheid,Go se ikemišetše .,Ifihla,Zvisina kunaka,Impiety
Maluvu,Cervoise,0.0,Neutre,Mot,Cervoise,Isikhonzi,Servoise,Cervoise .,I-curvoise,Cervoise,Cervoise
Maluvu(anvinyo),Vin,0.0,Neutre,Mot,Wine,Iwayini,Wyn,Beine,Isiselo somdiliya,Waini,Waini
Mamata,Grumeau,-4.0,Negative,Mot,Lump,Isigaxa,Klomp,Sekutu,Intlavu,Lump,Lump
Maminu,Produit,5.0,Positive,Mot,Product,Umphumela,Produk,Setšweletšwa,Imveliso,Chigadzirwa,Product
Mamona,Richess,-7.0,Negative,Mot,Wealth,Ingcebo,Rykdom,Lehumo,Ubutyebi,Pfuma,Pfuma
Mampanu,Tuile,0.0,Neutre,Mot,Tile,Itilo,Teël,Thaele .,Tile,Tile,Tile
Mamu,Mère,9.0,Positive,Mot,Mother,Umame,Moeder,Mma,Umama,Amai,Amai
Mana,Manne,8.0,Positive,Mot,Manna,Umanana,Manna,Manna .,Imana,Mana,Manna
Manananshi,Parfum,7.0,Positive,Mot,Scent,Iphunga,Geur,Monkgo,Ivumba,Kunhuhwirira,Kunhuwirira
MananshiaNado,Nard,6.0,Positive,Mot,Nard,Isigwegwe,Nard,Nard .,I-nard,Nadhi,Nard
Mansanga,Coin,0.0,Neutre,Mot,Corner,Ingosi,Hoek,Sekhutlo,Kwikona,Kona,Corner
Manseba,,4.0,Positive,Mot,nah,nah,nee,Nah .,nah,Nah,nah
Manyi,Huile,5.0,Positive,Mot,Oil,Amafutha,Olie,Oli,Ioyile,Mafuta,Mafuta
Mapuapua,Aile,6.0,Positive,Mot,Wing,Iphiko,Vlerk,Lephego la lephego .,Iphiko,Wing,Bapiro
Marbre,Marbre,7.0,Positive,Mot,Marble,Itshe elmabula,Marmer,Mmabole .,Marble,Marble,Marble
Masandi,Débauche,-8.0,Negative,Mot,Debauchery,Ukuphosana,Losbandigheid,Boitlhamelo .,I-Debauechery,Deabucery,Kusazvibata
Masangu,Carrefour,0.0,Neutre,Mot,Crossroads,Imigwaqo,Kruispad,Mabato a ditsela .,I-rossroads,Crossroads,Crossroads
Mashi,Sang,-6.0,Negative,Mot,Blood,Igazi,Bloed,Madi,Igazi,Ropa,Ropa
Mashika,Froid,-4.0,Negative,Mot,Cold,Ukubanda,Koud,Tonya,Kubanda,Kutonhora,Kutonhora
Mashinde,Pâture,5.0,Positive,Mot,Pasture,Idlela,Weiding,Mafulo .,Amadlelo,Mafuro,Mafuro
Matambe,Infinimentplus,8.0,Positive,Mot,Infinitelymore,Insekermore,Oneindig meer,Ka mo go sa felego mogo .,Ngokungalunganga,Infinitelymore,Infinitelymore
Matandu,Querelle,-7.0,Negative,Mot,Quarrel,Xabana,Twis,Kgakgana,Ixampe,Kupopotedzana,Kukakavadzana
Mateketa,Infirmité,-6.0,Negative,Mot,Infirmity,Mpofu,Swakheid,Boko .,Ubuthathaka,Kushaya simba,Utera
"Matshika,luseke",Territoire,4.0,Positive,Mot,Territory,Umbuso,Gebied,Mollwane,Intsimi,Ndima,Territory
Matshuwa,,0.0,Neutre,Mot,nah,nah,nee,Nah .,nah,Nah,nah
Matuku(masomba),Séjour,5.0,Positive,Mot,Stay,Hlala,Bly,Dula,Hlala,Gara,Gara
Matukualualua,Avenir,8.0,Positive,Mot,Future,-Phambili,Toekoms,Bokamoso,Kwikamva,Remangwana,Future
Matumbaanayiabulebuamuomumue,Carré,0.0,Neutre,Mot,Square,Igceke,Vierkantig,Khutlonne,Isikwere,Square,Square
Mavuala,Vague,4.0,Positive,Mot,Wave,Vayizela,Golf,Lephoto,Amaza,Wave,Wave
Mayi,Eau,6.0,Positive,Mot,Water,Nisela,Water,Meetse,Amanzi,Mvura,Mvura
Mayiadinemuenji,Torrent,4.0,Positive,Mot,Torrent,Isithwamela,Torrent,Torrent .,Irrent,Torrent,Torrent
Mayimaneneatalata,Merdeverre,7.0,Positive,Mot,Merdeverre,Hlunga,Merdeverre,M e r d e v e d r e .,Umnini-ndlebe,MerDeverre,Merdevere
Mayishaakumudilu,Rudiment,0.0,Neutre,Mot,Rudiment,Ukujikijelozela,Rudiment,Rudiment .,Irhasi,Rudiment,Rudiment
"Mayishaakumudilu,bintubidibimuenekabiapabuloba",Élément,5.0,Positive,Mot,Element,Isithako semvelo,Element,Ntlha,Into,Element,Element
Mbila,Cri,-5.0,Negative,Mot,Cry,Memeza,Huil,Lla,Khala,Kuchema,Chema
Mbomboitanu,Cinquantemille,0.0,Neutre,Nombre,Fifty thousand,Izinkulungwane ezingamashumi amahlanu,Vyftigduisend,Dikete tše Masomehlano .,Amashumi amahlanu amawaka,Zviuru makumi mashanu,Zviuru makumi mashanu
Mbombonembombo,Millier,0.0,Neutre,Nombre,Thousand,Inkulungwane,Duisend,Sekete,Iwaka,Zviuru,Chiuru
Mbuji,Chèvre,3.0,Neutre,Mot,Goat,Imbuzi,Bok,Pudi,Ibhokhwe,Mbudzi,Mbudzi
Mbuji(mbumbu),Bouc,0.0,Neutre,Mot,Goat,Imbuzi,Bok,Pudi,Ibhokhwe,Mbudzi,Mbudzi
Menemene,Absolument,8.0,Positive,Mot,Absolutely,Nakanjani,Absoluut,Ka nnete,Ngokupheleleyo,Zvechokwadi,Zvamazvirokwazvo
Menji,Intention,6.0,Positive,Mot,Intention,Okuqondiwe,Voorneme,Maikemišetšo,Injongo,Chinangwa,Chinangwa
Menji(a),Intellectuel,9.0,Positive,Mot,Intellectual,Onobuhlakani,Intellektueel,Bohlale,Ingqondo,Njuchenjeri,Intellectual
Menji(dipangadija),Conseil,8.0,Positive,Mot,Advice,Iseluleko,Raad,Maele,Ingcebiso,Zano,Mazano
MenjiaNzambi,Pieux,9.0,Positive,Mot,Pious,-Cwekazi,Vroom,Borapedi bja borapedi .,Inyani,Kunamata,Pious
"Mesa,mensa",Table,6.0,Positive,Mot,Table,Itafula,Tafel,Tafola,Itafile,Tafura,Tafura
Meshi(abiumabiapabuloba),Souci,-6.0,Negative,Mot,Worry,Khathazeka,Bekommernis,Tshwenyega,Ixhala,Kunetseka,Kunetseka
Meyiadiyisha,Discours,7.0,Positive,Mot,Speech,Intshumayelo,Toespraak,Polelo,Intetho,Kutaura,Kutaura
Meyiamikenji,Exigence,5.0,Positive,Mot,Requirement,Okudingekayo,Vereiste,Senyakwa .,Imfuneko,Zvinodiwa,Zvinodiwa
MeyiaNzambi,Oracle,8.0,Positive,Mot,Oracle,Owesinye,Orakel,Oracle .,I-oracle,Oracle,Oracle
MeyiaTshiprofete,Prophétie,9.0,Positive,Mot,Prophecy,Isiprofetho,Profesie,Seporofeto .,Isiprofetho,Chiporofita,Chiporofita
Mianda,Récit,6.0,Positive,Mot,Narrative,Ukulandisa kwenhliziyo,Narratief,Kanegelo,Ingxelo,Nhoroondo,Narrative
Mibi(nyuma),Malin,-7.0,Negative,Mot,Clever,-Hlakaniphile,Slim,Hlalefile,Ubukrelekrele,CLEVER,Clever
Mibuabua,Renard,-6.0,Negative,Mot,Fox,Uhlotshana oluthize lwempungushe,Jakkals,Phukubje,Impungutye,Fox,Fox
Midima,Obscur,-5.0,Negative,Mot,Obscure,-Fiphele,Duister,Šira,Ukufihlwa,Kuvanzika,Asikajeka
Miepu,Épi,5.0,Positive,Mot,Ear,Indlebe,Oor,Tsebe,Indlebe,Nzeve,Nzeve
Mifundu,Inscription,6.0,Positive,Mot,Registration,Ukurejistwa,Registrasie,Boingwadišo .,Ubhaliso,Kunyoresa,Kunyoresa
Mikalu,Borne,4.0,Positive,Mot,Terminal,Isikhumulo,Terminale,Terminal .,Indawo yokukhwelela,Terminal,Terminal
Mikemu,Soupir,-5.0,Negative,Mot,Sigh,Bubaza,Sug,Fegelwa,Ncwilika,Kugomera,Gomera
Mikenji,Loi,7.0,Positive,Mot,Law,Umthetho,Wet,Molao,Umthetho,Mutemo,Mutemo
Mikete,Artifice,-6.0,Negative,Mot,Artifice,Ubuthi,Kunsgreep,Sehlomathiso .,Ubugcisa,Apficess,Artifice
Mikumu,Coup,-4.0,Negative,Mot,Cut,Ukusika,Sny,Ripa,Sika,Cheka,Cheka
"Mimpe,buimpe,tshimpe…",Bon,8.0,Positive,Mot,Good,Kuhle ngokuncomekayo,Goed,Gabotse,Kulungile,Kugona,Kugona
Minda,Luminaire,7.0,Positive,Mot,Lighting,Ukhanyisela,Beligting,Mabone .,Ukukhanya,Kuvhenekera,Lighting
Mineku,Plaisanterie,5.0,Positive,Mot,Joke,Ihlaya,Grappie,Metlae,Hlekisa,Joke,Joke
Mionshi,Courroie,0.0,Neutre,Mot,Belt,Isibhamba,Gordel,Lepanta,Ibhanti,Bhandi,Bhandi
Miosa,Laine,4.0,Positive,Mot,Wool,Uvolo,Wol,Wulu,Uboya,Makushe,Wool
Mioyokulu,Suspen,-3.0,Negative,Mot,Suspend,Hlehlisa,Opskort,Go emišwa .,Nqumamisa,Kumisa,Suspend
Mipote,Perpétuité,8.0,Positive,Mot,Perpetuity,Ubuqili,Ewigdurigheid,Go se fele .,Ukwenzeka,Kusaririra,Kusingaperi
Misambu,Psaume,9.0,Positive,Mot,Psalm,Ikhasi lesiphingo,Psalm,Psalme .,IINDUMISO,Pisarema,Pisarema
Misanguinayi,Quadruple,0.0,Neutre,Mot,Quadruple,Quadruple,Vierdubbel,Go ba le makga a mane .,Quadrupple,Quadruple,Quadruple
Misangulukama,Centuple,6.0,Positive,Mot,Hundredfold,Amakhulukhulu,Honderdvoudig,Lekgolo la go menagana .,Ikhulu,Zana,Zvinezana
Misangunemisangu,Souvent,5.0,Positive,Mot,Often,Vamile,Dikwels,Gantši,Rhoqo,Kazhinji,Kazhinji
Misanguyabungi,Fréquent,6.0,Positive,Mot,Frequent,Gqigqa,Gereeld,Gantši,Rhoqo,Kazhinji,Kakawanda
Misanguyonso,Cesse,7.0,Positive,Mot,Cease,Phela,Hou op,Emiša,Pheka,Regedza,Cease
Misesu,Rue,0.0,Neutre,Mot,Street,Isitaladi,Straat,Seterata,Isitrato,Mugwagwa,Street
Mishiku,Lèvre,4.0,Positive,Mot,Lip,Udebe,Lip,Molomo .,Imilebe,Muromo,Lip
Mishindumivulangane,Diversité,6.0,Positive,Mot,Diversity,Ukwehluka,Diversiteit,Pharologano,Iyantlukwano,Kusiyana,Kusiyana-siyana
Mishindunemishindu,Divers,5.0,Positive,Mot,Miscellaneous,-Nhlobonhlobo,Diverse,Hlakahlakanego,I-succellaneous,Miscellaneous,Miscellaneous
"Misumba,mbombo",Myriade,7.0,Positive,Mot,Myriad,Incekukazi,Magdom,Myriad .,I-reaf,Myriad,Myriad
Mitambebungi,Surabondamment,8.0,Positive,Mot,Overabundantly,Ngokuzwakalayo,Oorvloedig,ka mo go feteletšego ka mo go feteletšego .,Ngaphezulu,Zvakanyanyisa,Zvakawandisa
Mitendekenu,Intercession,9.0,Positive,Mot,Intercession,Ukuxolelwa,Voorbidding,Boipolelo .,Umnyhadala,Kureverera,Kunyengeterera
Mitshipu,Imprécations,-8.0,Negative,Mot,Imprecations,Ukungasebenzi,Beskuldigings,Dikgatišo tša go se šitišwe .,Izinto ezibonakalayo,Zvisingaverengeki,Iprecations
Momumue,Pareil,4.0,Positive,Mot,The same,Okufanayo,Dieselfde,Go swana le .,Enjalo,Zvimwe chete,Zvimwe chete
Monjimunene,Cep,0.0,Neutre,Mot,Cep,Isikhashana,Cep,CEP .,I-cup,Cep,Cep
Moyo,Salutation,8.0,Positive,Mot,Greeting,Izwi lokubingelela,Groete,Madume,Imibuliso,Kukwazisa,Kwaziwai
Mpalawabuatu,Proue,0.0,Neutre,Mot,Bow,Ukuthoba,Buig,Inama,Isaphetha,Uta,Bow
Mpalata,Drachme,0.0,Neutre,Mot,Drachma,Idrama,Drachme,Drachma .,Idrarchma,Drachma,Drachma
Mpanganu,Assorti,-5.0,Negative,Mot,Assorted,-Nhlobonhlobo,Verskeie,Assorted .,Nxibelelaniswa,Assorted,Assorted
Mpata,Dissension,-4.0,Negative,Mot,Dissension,Uhlangothi,Onenigheid,Go se kwane .,Ukwahlukana,Kupokana,Kusawirirana
Mpata;kutantamena,Contredit,-6.0,Negative,Verbe,Contradicted,Kuphambene,Weerspreek,E ganetšwa .,Chasa,Zvinopesana,Contradicted
Mpidieu,Incessamment,7.0,Positive,Mot,Incessantly,-Ngenakuhleleka,Onophoudelik,Ka go se kgaotše .,Ngokungapheliyo,Zvisingaperi,Nokusingaperi
Mpingu,Idole,-8.0,Negative,Mot,Idol,Isithombe esikhulekelwayo,Idol,Modingwana .,Isithixo,Chidhori,Idol
Mpokolowamayi,Réservoird'eau,4.0,Positive,Mot,Water tank,Ithangi lamanzi,Watertenk,Tanka ya meetse .,Itanki lamanzi,Mvura tangi,Tangi remvura
Mpongo,Vallée,5.0,Positive,Mot,Valley,Isihosha,Vallei,Molapo,Intlambo,Mupata,Valley
Mpudimatshiu,Sourd,-6.0,Negative,Mot,Deaf,-Ngenakuzwa ngezindlebe,Doof,Mofoafadi,Andiva,Matsi,Matsi
Mpukapuka,Aventure,6.0,Positive,Mot,Adventure,Ukwenza okungajweyelekile nokuqabulayo,Avontuur,Bohlagahlaga,I-adventure,Mutambo,Adventure
Mpunda,Ânesse,0.0,Neutre,Mot,Donkey,Imbongolo,Donkie,Tonki,Idonki,Mbongoro,Mbongoro
Mpunda(buampunda),Somme,0.0,Neutre,Mot,Sum,Isibalo,Som,Palomoka,Isixa,Sum,Sum
Mpungi,Trompette,6.0,Positive,Mot,Trumpet,Icilongo,Trompet,Phalafala .,Ixilongo,Hwamanda,Hwamanda
Mpungu,Péage,0.0,Neutre,Mot,TOLL,INDAWO YOKUKHOKHA,TOL,Tefo ya go lefelwa .,ITHOLI,Toll,TOLL
Mputa,Plaindre,-7.0,Negative,Verbe,Complain,Khalaza,Kla,Belaela,Ukhalaza,Kunyunyuta,Chengeta
Mputawalubangu,Gangrène,-8.0,Negative,Mot,Gangrene,Gangrene,Gangreen,Gangrene .,Gangrene,Gangrene,Gangrene
"Mputa,mikumu",Blessure,-6.0,Negative,Mot,Injury,Isikhubazo,Besering,Kgobalo,Ukwenzakala,Kukuvara,Kukuvara
Mputa,Ulcère,-7.0,Negative,Mot,Ulcer,Isilonda,Ulkus,Seso sa .,Isilonda,Ulcer,Ulcer
Mubulelela,Certainement,8.0,Positive,Mot,Certainly,Impela,Sekerlik,Ka nnete,Ngokuqinisekileyo,Zvirokwazvo,Zvirokwazvo
Mudifuanagana,Conformitéde,8.0,Positive,Mot,Compliance,Ukuthobela,Voldoening,Obamela,Ukuthobela,Kutevedzera,Kuteerera
Mudinyunguluka,Ronde,5.0,Positive,Mot,Round,-Yingiliza,Ronde,Sediko,Jikelezo,Kutenderera,Round
Mukuenza(nunku),Entrefaites,4.0,Positive,Mot,Entrefaits,Entrefaits,Entrefaits,Di-Trefait .,Inzuzo,Entrefaits,Entrefaits
Mumayi,Large,6.0,Positive,Mot,Wide,-Banzi,Wyd,Phara,Banzi,Wide,Wide
Mumushinduonso,Manière,5.0,Positive,Mot,Manner,Uhlobo,Manier,Mokgwa,Ngendlela,Maitiro,Maitiro
Mumusokoko,Secrètement,7.0,Positive,Mot,Secretly,Ngasese,In die geheim,Ka sephiring .,Ngasese,Muchivande,Pachivande
Munkatshi,Milieu,4.0,Positive,Mot,Medium,Okuphakathi,Medium,Dirišwago,Phakathi,Pakati,Pakati
MuNyuma,Spirituellement,9.0,Positive,Mot,Spiritually,Ngokomoya,Geestelik,Semoya .,Ngokomoya,Pakunamata,Pakunamata
Munzubu,Toit,4.0,Positive,Mot,Roof,Uphahla,Dak,Marulelo,Uphahla,Denga,Denga
"Mutshikondo,mutshilejelu,bu",Titre,6.0,Positive,Mot,Title,Ibizo,Titel,Thaetlele,Isihloko,Zita,Title
Mutshikoso,Brièvement,7.0,Positive,Mot,Briefly,Kafushane,Kortliks,ka boripana .,Ngokufutshane,Muchidimbu,Muchidimbu
Mutshilele,Traditionnellement,8.0,Positive,Mot,Traditionally,Ngokwesiko,Tradisioneel,ka setšo .,Ngokwesiko,Netsika,Pachivanhu
Muaba,Région,5.0,Positive,Mot,Region,Indawo,Streek,Selete,Umda,Dunhu,Dunhu
Muabamupengame,Écart,-4.0,Negative,Mot,Gap,Insungubezi,Gaping,Sekgoba,Umsantsa,Gap,Gap
Muabamutumbuke,Estrade,4.0,Positive,Mot,Platform,Indawo yokuqhudelana,Platform,Polatefomo,Iqonga,Chikuva,Platform
Muabawabafue,Hadès,-9.0,Negative,Mot,Hades,Hase,Hades,Hades .,Hads,Hadhesi,Hadhesi
Muabawakuala,Logement,5.0,Positive,Mot,Accommodation,Indawo yokuhlala nokulala,Akkommodasie,Marobalo,Indawo yokuhlala,Pekugara,Accommodation
Muabawamabue,Pavé,0.0,Neutre,Mot,Pavement,Indlela yokuhamba ngezinyawo eseduze nomgwaqo,Sypaadjie,Tselanathoko,Indlela,Pambiro,Pavement
Muabawetu(ditunga),Patrie,8.0,Positive,Mot,Country,Izwe,Land,Naga,Ilizwe,Nyika,Nyika
Muabanyanganyi,Participant,6.0,Positive,Mot,Participant,Umhlanganyeli,Deelnemer,Motšeakarolo .,Inxaxheba,Mutori wechikamu,Mutori wechikamu
Muadi,Pleur,-6.0,Negative,Mot,Cry,Memeza,Huil,Lla,Khala,Kuchema,Chema
Muakane,Juste,9.0,Positive,Mot,Just,-Qotho,Net,Fela,Nje,Just,Just
Muakuidi,Sacrificateur,7.0,Positive,Mot,Priest,Mpristi,Priester,Moruti,Umbingeleli,Mupristi,Muprista
Muakuidimunene,Souverainsacrificateur,9.0,Positive,Mot,Highpriest,-Phezulu,Hoëpriester,Highspest .,Ukuphakama,HighPrest,Muprista mukuru
Muakulu,Langage,6.0,Positive,Mot,Language,Ulimi,Taal,Polelo,Ulwimi,Mutauro,Mutauro
Muakulu(mukese),Dialecte,5.0,Positive,Mot,Dialect,Lwendawo,Dialek,Polelosemmotwana .,Ulwimi,Mutauro,Dialect
Muambi,Prédicateur,8.0,Positive,Mot,Preacher,Umshumayeli,Prediker,Mmoledi .,Umshumayeli,Muparidzi,Muparidzi
Muambuluishangany,Associé,7.0,Positive,Mot,Partner,Obambisene naye ebhizinisini,Vennoot,Molekane,Iqabane,Mumwe wako,Partner
Muan'abomukashi,Sœur,8.0,Positive,Mot,Sister,Udadewenu,Suster,Sesi,Usisi,Hanzvadzi sikana,Hanzvadzi sikana
Muana,"Enfant,Petit",7.0,Positive,Mot,"Child,Small","Ingane, ezincane","Kind, Klein","Ngwana,e nyenyane .","Umntwana, omncinci","Mwana, zvidiki","Mwana, Mudiki"
Muanabute,Premier-né,8.0,Positive,Mot,Firstborn,Izibulo,Eersgeborene,Leitšibulo .,Amazibulo,Dangwe,Dangwe
Muanamukaji,Fille,7.0,Positive,Mot,Girl,Intombi,Meisie,Mosetsana,Intombazana,Musikana,Musikana
Muanamulume,Fils,8.0,Positive,Mot,Son,Umfana,Seun,Morwa .,Unyana,Mwanakomana,Mwanakomana
Muanawadibutuka,Filsdeperdition,-8.0,Negative,Mot,Son of Perdition,Indodana ye-perition,Seun van die verderf,Morwa wa Pedi .,Unyana weperdia,Mwanakomana wekuparadzwa,Mwanakomana Wokuparara
Muanawamasandi,Bâtard,-7.0,Negative,Mot,Bastard,Udoti,Bastard,Lepastere,Inja,Bastard,Bastard
Muanawamungena,Filsdelagéhenne,-9.0,Negative,Mot,Sondelagéhenne,Sondelagéhenne,Sondelagéhenne,Sondelagéhenne ya go hlaboša.,Sondelagéhenne,Sondelagéhenne,Sondelagéhenne
Muanawamukoko,Agneau,9.0,Positive,Mot,Lamb,inyama yemvu,Lam,Kwana,inyama yegusha,Gwayana,Gwayana
Muanawamunya,Filsdelalumière,9.0,Positive,Mot,Sons of Light,Amadodana Okukhanya,Seuns van die Lig,Barwa ba Seetša .,Oonyana bokukhanya,Vanakomana vechiedza,Vana veChiedza
Muanawangombemukaji,Génisse,0.0,Neutre,Mot,Heifer,Isithomulo soHiferi,Vers,Heifer .,Heifor,Tsiru,Heifer
MuanawaNgombe,Veau,0.0,Neutre,Mot,Calf,Isitho,Kalf,Namane,Ithole,Mhuru,Mhuru
Muanawanshiye,Orphelin,-6.0,Negative,Mot,Orphan,Intandane,Weeskind,Tšhuana,Inkedama,Orphan,Nherera
Muandamukulu,Huit,0.0,Neutre,Nombre,Eight,Isishiyagalombili,Agt,Seswai,Sibhozo,Sere,Sere
Muandamutekete,Sept,0.0,Neutre,Nombre,Seven,Isikhombisa,Sewe,Seven .,Sixhengxe,Zvinomwe,Nomwe
Muanetu,Frère,8.0,Positive,Mot,Brother,Umfowenu,Broer,Buti,Ubhuti,Hanzvadzi konama,Hanzvadzi konama
Muangatshipamue,Coparticipant,7.0,Positive,Mot,Co-participant,Obambe iqhaza,Mede-deelnemer,Motšeakarolo mmogo .,I-Co-thatha inxaxheba,Co-mutori vechikamu,Co-mutori wechikamu
Muanjelo,Ange,9.0,Positive,Mot,Angel,Ingelosi,Engel,Lengeloi,Ingelosi,Ngirozi,Angel
Muanjelomutambebakuabu,Archange,9.0,Positive,Mot,Archangel,Indawo yokubekezela,Aartsengel,Morongwa yo Mogolo .,Inkosi,Ngirozil,Ngirozi huru
Muanzankongolo,Arcenciel,9.0,Positive,Mot,Rainbow,Uthingo lwenkosazana,Reënboog,Molalatladi .,Umnyama,Rainbow,Muraravungu
Muasambi,Consolateur,8.0,Positive,Mot,Comforter,Umgorphater,Trooster,Mohomotši wa Mohomo .,Umthuthuzeli,Munyaradzi,Munyaradzi
Mubaki,Époux,7.0,Positive,Mot,Husband,Umyeni,Man,Molekane wa monna,Umyeni,Murume,Murume
Mubandi,Accusateur,-7.0,Negative,Mot,Accuser,Umgqugquzeli,Beskuldiger,Molatodiši .,Umtyholwa,Vapomeri,Mupomeri
Mubandiwapakabalu,Cavalier,4.0,Positive,Mot,Rider,Umgibeli,Ruiter,Mopalami .,Rider,Mutyairi,Rider
Mubanga,Ivoire,6.0,Positive,Mot,Ivory,Izinyo lendlovu,Ivoor,Manaka a tlou .,Iimpondo zendlovu,Nyanga dzenzou,Ivory
Mubangiwamalumapia-mapia,Inventeur,7.0,Positive,Mot,Inventor,Umqambi,Uitvinder,Mohlami .,Umveleli,Muvambi,Inventor
Mubangila,Fiancé,8.0,Positive,Mot,Fiance,Umfeyiko,Verloofde,Molekane,I-feance,Fiance,Fiance
Mubangu,Frange,0.0,Neutre,Mot,Fringe,Umganu,Kuif,Fringe .,I-fringe,Fringe,Fringe
Mubanji,Riche,8.0,Positive,Mot,Rich,Nothile,Ryk,Humile,Sisityebi,Mupfumi,Mupfumi
Mubengibue,Illicite,-8.0,Negative,Mot,Illicit,-Ngenamsebenzi,Onwettig,Se se sego molaong .,Ukungasebenzi,Zvisirizvo,Zviri pamutemo
Mubi(muaku),Méchant,-7.0,Negative,Mot,Wicked,-Bi,Goddeloos,Bokgopo,Ongendawo,Wakaipa,Wakaipa
Mubi(Mufidimuleji),Méchant,-6.0,Negative,Mot,Wicked,-Bi,Goddeloos,Bokgopo,Ongendawo,Wakaipa,Wakaipa
Mubidi,Corps,0.0,Neutre,Mot,Body,Umzimba,Liggaam,Mmele,Umzimba,Muviri,Muviri
Mubidiudiumueneka,Extérieur,0.0,Neutre,Mot,Outside,Ngembaba,Buite,Ka ntle,Ngaphandle,Kunze,Kunze
Mubikila,Convié,7.0,Positive,Mot,Invited,-Mema,Genooi,E laleditšwe .,Imenyiwe,Kukokwa,Wakokwa
"Mubisha,Muvuijibuepamutupamulu",Élevé,8.0,Positive,Mot,Pupil,Umfundi,Leerling,Morutwana,Umfundi,Mudzidzi,Mwana wechikoro
Mubumbakane,Étroit,-4.0,Negative,Mot,Narrow,-Ncane ngobubanzi,Smal,Sesane,Mxinwa,Netswa,Narrow
Mubundabunda,Meurtrissure,-7.0,Negative,Mot,Bruising,Ukuxhamazela,Kneusing,Go gobala .,Ukuqhekeza,Kupwanya,Kupwanya
Mubungame,Triste,-6.0,Negative,Mot,Sad,-Lusizi,Hartseer,Sad .,Ukukhazeka,Suwa,Suwa
Mudianjidi,Précurseur,8.0,Positive,Mot,Precursor,Idlulisela,Voorloper,Selelekela .,I-Precursor,Precursor,Precursor
Mudiba,Grenier,5.0,Positive,Mot,Attic,Ikethe,Solder,Attic .,I-attic,Attic,Attic
Mudiimumukole,Faix,-5.0,Negative,Mot,Faix,Isimele,Faix,Faix .,Faix,FAX,Faix
Mudimu,Administration,7.0,Positive,Mot,Administration,Ukusingatha,Administrasie,Taolo .,Ulawulo,Manejimendi,Administration
Mudimumukole,Labeur,5.0,Positive,Mot,Labor,Ukusebenza,Arbeid,Modiro,Umsebenzi,Basa,Basa
Mudimuwabianza,Métier,6.0,Positive,Mot,Job,Umsebenzi,Job,Mošomo,Umsebenzi,Jobho,Job
Mudimuke,Prudent,8.0,Positive,Mot,Careful,-Nakayo,Versigtig,Hlokomela,Ngononophelo,Chenjera,Chenjera
Mudingi,Imposteur,-8.0,Negative,Mot,Impostor,Umfundisi,Bedrieër,Moikaketši .,Umkhombe,Impostor,Munyengeri
Mudishikamine,Libre,9.0,Positive,Mot,Free,Khululekile,Gratis,Lokologile,Simahla,Yemahara,Free
Mudishikamine(udi),Affranchi,8.0,Positive,Mot,Freed,-Thunjya,Bevry,E lokolotšwe .,Ikhululwe,Kusunungurwa,Kusunungurwa
Mudisui,Orgueilleux,-7.0,Negative,Mot,Proud,-Zidlayo,Trots,Itumela,Ndinekratshi,Kudada,Kuzvikudza
Muele,Faucille,0.0,Neutre,Mot,Sickle,Isikela,Sekel,Sekele .,Irhokhwe,Zviro,Sickle
Muele(wanvita),Épée,5.0,Positive,Mot,Sword,Insabule,Swaard,Lerumo,Ikrele,Pfumo,Munondo
Muena(tshisamba),Appartenir,6.0,Positive,Verbe,Belong,Qondana no,Behoort,Ya,Yeyo,Ndewe,Belong
Muenabademon,Démoniaque,-9.0,Negative,Mot,Demonic,Amademoni,Demonies,Batemona .,Idemon,Dhimoni,Madhimoni
Muenabiakulakula,Discoureur,-4.0,Negative,Mot,Discourser,Umphathi,Diskoers,Modiri wa Discourser .,I-syvier,Discourser,Discourser
Muenabuatu,Matelot,4.0,Positive,Mot,Sailor,Itilosi,Matroos,Mosesiši wa sekepe .,Umatiloshe,Chikepe,Sailor
Muenabupidia,Désobéissant,-7.0,Negative,Mot,Disobedient,-Ngalaleli,Ongehoorsaam,Go se kwe .,Ongathobeliyo,Vasingateereri,Kusateerera
Muenadibanza,Débiteur,-5.0,Negative,Mot,Debtor,Okweletayo,Debiteur,Mokoloti .,Ityala,Vane chikwereti,Mukwereti
Muenadikenga,Misérable,-7.0,Negative,Mot,Miserable,-Lusizi,Miserabel,Mahlomola,Lusizi,Kusuwa,Hurombo
Muenadipetu,Contempteur,-6.0,Negative,Mot,Contemptor,Umhluzwi,Minagter,Sephediši sa go nyatša .,Mgadi,Zvinoregedza,Muzvidza
Muenadishima,Menteur,-7.0,Negative,Mot,Liar,Umqambi manga,Leuenaar,Moaketši wa maaka .,Lixoki,Murevi wenhema,Murevi wenhema
Muenaebelu,Hébreu,4.0,Positive,Mot,Hebrew,IsiHeberu,Hebreeus,Sehebere .,IsiHebhere,ChiHebhuru,ChiHebhuru
Muenakaneke,Paralytique,-6.0,Negative,Mot,Paralytic,Okukhubazayo,Verlamming,Go golofala ga go gola .,Ukhula,Mitezo,Paralytic
Muenakilisto,Chrétien,8.0,Positive,Mot,Christian,UmKrestu,Christen,Mokriste .,UChristian,Mukristu,Mukristu
Muenakuabu,Parenté,6.0,Positive,Mot,Relationship,Ukuzalana,Verhouding,Kamano,Ubudlelwane,Hukama,Hukama
MuenaLewi,Lévite,5.0,Positive,Mot,Levite,Incwadi yamaLevi,Leviet,Levite .,UmLevi,Revhitiko,MuRevhi
Muenalonji,Cruel,-8.0,Negative,Mot,Cruel,-Ngenamhawu,Wreed,Sehlogo,Ukhohlakele,Hutsinye,Hutsinye
Muenalubombo,Hypocrite,-7.0,Negative,Mot,Hypocritical,-Zenzisa,Skynheilig,Boikarabelo .,I-hypocrical,Unyengeri,Unyengeri
Muenalukanu,Prisonnier,-6.0,Negative,Mot,Prisoner,Obanjiwe,Gevangene,Mogolegwa .,Ibanjwa,Musungwa,Musungwa
Muenalukunukunu,Zélote,5.0,Positive,Mot,Zealot,Iteloki,Yweraar,Zealot .,I-zealot,Zealot,Zealot
Muenalungenyi,Sage,9.0,Positive,Mot,Wise,-Hlakaniphile,Wys,Bohlale,Bubulumko,Kuchenjera,Akachenjera
Muenamasandi,Fornicateur,-8.0,Negative,Mot,Fornicator,Umfelakazi,Hoereerder,Motho wa bootswa .,I-additor,Fornicator,Mhombwe
Muenamatandu,Disputeur,-6.0,Negative,Mot,Disputer,Phamba endaweni ekabula,Dispuut,Mongangiši .,Umphangi,Discuter,Disputer
Muenamudi,Intempérance,-7.0,Negative,Mot,Intemperance,Ukuthakaphancence,Onmatigheid,Go se leka-lekane .,I-Impimpim,Kumanikidza,Kusazvidzora
Muenamudimu,Domestique,7.0,Positive,Mot,Domestic,-Silwane esifuyiweyo,Binnelandse,Ka nageng,Ekhaya,Domestic,Zvemumba
Muenamudimuwamumuabaaba,Jardinier,5.0,Positive,Mot,Gardener,Umlimi,Tuinman,Molemi wa Serapa .,Umgcini wegadi,Gardener,Gardener
Muenamudio,Mangeur,3.0,Neutre,Mot,Eater,Endlengwane,Eter,Moja .,Okwethutyana,Kudya,Anodya
Muenamupongo,Magicien,4.0,Positive,Mot,Magician,Umlumbi,Towenaar,Moloi wa Boselamose .,Umlingo,N'anga,N'anga
Muenamutshimamupuekele,Débonnaire,7.0,Positive,Mot,Debonair,Isihlwangu,Debonair,Debonair .,IDebonair,Dhorieir,Debonair
Muenamutshimawaluse(buakukuatshisha),Libéral,8.0,Positive,Mot,Liberal,-Banzi,Liberaal,Tokologo ya go ba le tokologo .,Inkululeko,Liberal,Riberal
Muenanabu,Compagnon,7.0,Positive,Mot,Companion,Okanye na-isihlobo,Metgesel,Mogwera,Iqabane,Shamwari,Shamwari
MuenaNsudi,Lépreux,-6.0,Negative,Mot,Leper,-Madwangeni,Melaatse,Molephera .,Umntu oneqhenqa,Leper,Ane maperembudzi
Muenapamuaba,Habitant,5.0,Positive,Mot,Inhabitant,Owakhile,Inwoner,Modudi .,Abemi,Mugari,Mugari
MuenaStoiko,Stoïcien,6.0,Positive,Mot,Stoic,Stoic,Stoïsyns,Stoic .,Isitovu,Stoic,Stoic
Muenatshinyangu,Abominable,-8.0,Negative,Mot,Abominable,Kungeteki,Afskuwelik,Se se šišinyegago .,Amasikizi,Zvinonyangadza,Zvinosemesa
Muenatshipuamuoyo,Oublieux,-5.0,Negative,Mot,Forgetful,-Khohlwayo,Vergeetagtig,Go lebala .,Ndiyalibala,Kukanganwa,Forgetful
Muenatshiseke,Lunatique,-6.0,Negative,Mot,Moody,Isihawu,Moody,Matepe,Moody,Moody,Moody
Muenayenda,Pite,-4.0,Negative,Mot,Pite,Zizobe,Pite,KUTHUTLO YA GO TLHOKA GO TLHOKA .,Pite,Pite,Pite
Muendiwamasandimukaji.,Prostituée,-8.0,Negative,Mot,Prostitute,Isifebe,Prostituut,Mogweba-ka-mmele .,Ihenyukazi,Pfambi,Chihure
Muengu(kupidianemuengu),Dégoût,-7.0,Negative,Mot,Disgust,Ukucunula,Afgryse,Go hlaswa .,Intiyo,Kusemesa,Kusema
Muenji,Faiseur,6.0,Positive,Mot,Maker,UMenzi,Maker,Modiri wa .,Umenzi,Mugadziri,Mugadziri
Muenjiwabibi,Pécheur,-8.0,Negative,Mot,Fisherman,Umdobi wenhlanzi,Visserman,Mohlapi wa Dihlapi wa Dihlapi .,Umlobi,Hove,Fisherman
Muenjiwabilengele,Bienfaiteur,9.0,Positive,Mot,Benefactor,Umuphi,Weldoener,Mothuši .,Umncedisi,BHAIBHERI,Benefactor
Muenjiwamalumabi,Malfaiteur,-8.0,Negative,Mot,Malefactor,Isithukuthalo,kwaaddoener,Motho wa go rata go dira dilo tša go swana le motho yo a nago le bokgoni bja go swana le bja gagwe .,I-flafactor,Malefactor,Malefactor
Muenjiwamikenji,Législateur,8.0,Positive,Mot,Legislator,Obushayatha,Wetgewer,Molaodi wa Molao .,Umthetho,Legaislator,Mutevedzeri wemitemo
Muenyi,Forain,4.0,Positive,Mot,Fairground,Indawo ye-fair,Kermisterrein,Fairground .,Ibala leFieftional,Nzvimbo,Fairground
"Muenyi,muenanzubu",Hôte,6.0,Positive,Mot,Host,Impi,Gasheer,Monggae,Umkhosi,Host,Host
Muenzeji,Auteur,7.0,Positive,Mot,Author,Umlobi,Skrywer,Mongwadi,Umbhali,Munyori,Munyori
Mufalese,Philosophe,8.0,Positive,Mot,Philosopher,Isixokelele,Filosoof,radifilosofi .,Isithandi-sobulumko,Muzivi,Muzivi
Mufike,Ténébreux,-6.0,Negative,Mot,Dark,-Hwelele,Donker,Leswiswi,Mnyama,Rima,Rima
Mufitu,Obscurité,-8.0,Negative,Mot,Darkness,Ubumnyama,Duisternis,Lefsifsi .,Ubumnyama,Rima,Rima
Mufofo(muaku),Aveugle,-6.0,Negative,Mot,Blind,-Ngaboniyo,Blind,Foufala,Ukungaboni,Bofu,Bofu
Mufuanangane,Semblable,5.0,Positive,Mot,Similar,-Fanayo,Soortgelyk,Swanago,Efanayo,Zvakafanana,Zvakafanana
Mufuba,Os,0.0,Neutre,Mot,Bone,Ithambo,Been,Lerapo,Ithambo,Pfupa,Bone
Mufudi,Ride,-4.0,Negative,Mot,Wrinkled,Ehlanganiswe,Gerimpeld,Wrinkled .,Icinyiwe,Akapwanyika,Wrinkled
Mufue,Mort,-5.0,Negative,Mot,Dead,-Fileyo,Dood,Hlokofetše,Ufile,Akafa,Vakafa
Mufuidianganyiwaluse,Compatissant,8.0,Positive,Mot,Compassionate,Ububele,Deernisvol,Nago le kgaugelo,Imfesane,Netsitsi,Tsitsi
Mufuki,Créateur,9.0,Positive,Mot,Creator,UMdali,Skepper,Mmopi .,UMdali,Musiki,Musiki
Mufumbiwadima,Potier,6.0,Positive,Mot,Potter,Umbunyomba,Pottebakker,Mmopi wa letsopa .,Umbumbi,Muumbi,Muumbi
Mufundi,Scribe,7.0,Positive,Mot,Scribe,Bhala umbhali,Skriba,Mongwadi .,Umbhali,Munyori,Munyori
Mufundu,Écriteau,5.0,Positive,Mot,Sign,Bhala,Teken,Leswao,Uphawu,Chiratidzo,Sign
Mufutshi,Rémunérateur,8.0,Positive,Mot,Remunerative,-Hlelelayo,Besoldig,Moputso wa moputso .,Imbuyekezo,Mari,Remunerative
Muibaki,Architecte,7.0,Positive,Mot,Architect,Isazi sokwakha,Argitek,Moatšhiteke,Uyilo,Architect,Architect
Muibi,Voleur,-8.0,Negative,Mot,Thief,Isela,Dief,Lehodu,Isela,Mbavha,Mbavha
Muibidi,Second,5.0,Positive,Mot,Second,-Lekayo,Tweedens,Motsotswana,Isibini,Chepiri,Chepiri
Muidikiji,Imitateur,6.0,Positive,Mot,Imitator,Umshini wokulingisa,Nabootser,Moekiši .,I-imetitor,Kutevedzera,Mutevedzeri
Muikale,Situé,4.0,Positive,Mot,Located,-Akhiwe,Geleë,E behilwe .,Ibekwe,Inowanikwa,Location
Muimbiwamisambu,Musicien,7.0,Positive,Mot,Musician,Umculi,Musikant,Seopedi sa mmino .,Imvumi,Muimbi,Musician
Muimitshisha,Enceinte,0.0,Neutre,Mot,Pregnant,-Sindayo,Swanger,Imile,Ndikhulelwe,Nhumbu,Nhumbu
Muimpe(oleve),Franc,1.0,Positive,Mot,Franc,Iphoyisa,Frank,Franc .,I-franc,Franc,Franc
Muinda,Lampe,2.0,Positive,Mot,Lamp,Ilambu,Lamp,Lebone,Isibane,Rambi,Rambi
Muinshimuamakasa,Plante,-2.0,Negative,Mot,Plant,Tshala,Plant,Semela,Tyala,Chirimwa,Plant
"Muinshimua,bukokeshi",Obligation,-3.0,Negative,Mot,Obligation,Isibopho,Verpligting,Tlamego,Uxanduva,Chisungo,Mutoro
Muisatu,Troisième,0.0,Neutre,Mot,Third,-Esithathu,Derde,Boraro,Isithathu,Chetatu,Chetatu
Mujadiki,Oculaire,0.0,Neutre,Mot,Eyepiece,I-Eyepiede,Oogstuk,Selo sa mahlo .,Nyekwe,Eyepice,Eyepiece
Muji,Racine,0.0,Neutre,Mot,Root,Impande,Wortel,Modu,Ingcambu,Midzi,Root
Mujikiji,Consommateur,0.0,Neutre,Mot,Consumer,Umthengi,Verbruiker,Moreki .,Umthengi,Mutengi,Consumer
Mujinguludi,Interprète,2.0,Positive,Mot,Interpreter,Umtoliki,Tolk,Mofetoledi,Itoliki,Muturikiri,Muturikiri
Mukaba,Ceinture,0.0,Neutre,Mot,Belt,Isibhamba,Gordel,Lepanta,Ibhanti,Bhandi,Bhandi
Mukaji,Épouse,5.0,Positive,Mot,Marry,Gcagca,Trou,Nyala .,Tshata,Roora,Kuroora
Mukaji(Nginabanza),Dame,4.0,Positive,Mot,Lady,Owesifazane,Dame,Lekgarebe,Inenekazi,Mukadzi,Mukadzi
Mukajiwamulufuila,Veuve,-4.0,Negative,Mot,Widow,Umfelwakazi,Weduwee,Mohwana,Umhlolokazi,Chirikadzi,Chirikadzi
Mukalu,Confins,1.0,Positive,Mot,Borders,Imingholo,Grense,Mellwane .,Imida,Miganhu,Borders
Mukana,Bouche,0.0,Neutre,Mot,Mouth,Umlomo,Mond,Molomo,Umlomo,Muromo,Muromo
Mukanda,Livre,3.0,Positive,Mot,Book,Ibhuku,Boek,Puku,Incwadi,Bhuku,Book
Mukanda(mayi),Encre,0.0,Neutre,Mot,Ink,Uyinki,Ink,Enke .,Inki,Ink,Ink
Mukandamuvung,Rouleau,0.0,Neutre,Mot,Roll,Qoqa,Rol,Kgokologa,Roll,Roll,Roll
Mukandawabumanyishi,Lettrederecommandation,6.0,Positive,Mot,Letter of recommendation,Incwadi Yokuncoma,Aanbevelingsbrief,Lengolo la kgothaletso .,Ileta yengcebiso,Tsamba yekurumbidza,Tsamba yekukurudzira
Mukawu,Jalousie,-6.0,Negative,Mot,Jealousy,Umona,Jaloesie,Lehufa .,Umona,Godo,Godo
Mukebi,Meneur,2.0,Positive,Mot,Leader,Umholi,Leier,Moetapele,Inkokeli,Mutungamiri,Mutungamiriri
Mukelenge,Seigneur,3.0,Positive,Mot,Lord,Ungqongqoshe,Here,Morena,Nkosi,Ishe,Ishe
Mukelenge(muanawa),Prince,4.0,Positive,Mot,Prince,Inkosana yasebukhosini,Prins,Kgosana .,Inkosana,Prince,Prince
Mukelengealuebiandi,Maranatha,5.0,Positive,Mot,Maranatha,Imananatha,Maranatha,Maranatha .,Maranatha,Maranatha,Maranatha
Mukelengemukashi,Reine,4.0,Positive,Mot,Queen,Indlovukazi,Koningin,Kgošigadi,Ukumkanikazi,Mambokadzi,Mambokadzi
Mukelengemunene,Roi,4.0,Positive,Mot,King,Ingonyama,Koning,Kgošikgolo,Inkosi,Mambo,Mambo
Mukengeshi,"Bourreau,Persécution",-8.0,Negative,Mot,"Executioner,Persecution","Umbulali, Ushushiso","Beul, vervolging","Mobolai,Tlaišo .","Umphathi, intshutshiso","Mukurukurei, Kutambudzwa","Muurayi,Kutambudzwa"
Mukengeshibue,Opprimé,-7.0,Negative,Mot,Oppressed,Kucindezelwe,Onderdruk,O gateletšwe .,Icinezelwe,Kudzvanywa,Kudzvinyirirwa
Mukenji,Commandement,2.0,Positive,Mot,Command,Juba,Bevel,Laela,Umyalelo,Raira,Command
Mukenji,Messager,3.0,Positive,Mot,Messenger,Isikhonzi,Boodskapper,Moromiwa .,Umthunywa,Nhume,Messenger
Mukenjimuela,Ordre,1.0,Positive,Mot,Order,Hlela,Bestel,Tatelano,Iodolo,Kurongeka,Order
Mukese,Mineur,1.0,Positive,Mot,Minor,Omncane,Minor,Nnyane,Mncinci,Diki,Minor
Mukete,Dard,-4.0,Negative,Mot,Dart,Umdweshu,Pyltjie,Dart .,Dart,Dart,Dart
Mukinyibue,Haïssable,-9.0,Negative,Mot,Hateful,-Enyanyekayo,Haatlik,Lehloyo la go hloya .,Intiyo,Kuvenga,Kuvenga
Mukishi,Fantôme,-5.0,Negative,Mot,Ghost,Umoya omubi,Spook,Sepoko,Isiporho,Ghost,Mweya
Mukokeshi,Dominateur,-3.0,Negative,Mot,Dominant,-Thelelayo,Oorheersend,Koketšwa,Ubukhulu,Simba,Dominant
Mukokomukaji,Brebis,2.0,Positive,Mot,Sheep,Imvu,Skape,Nku,Iigusha,Gwai,Makwai
Mukole,Puissant,6.0,Positive,Mot,Powerful,-Bukhali,Kragtig,Nago le maatla,Inamandla,Zvine simba,Powerful
Mukole(dina),Fortement,0.0,Neutre,Mot,Strongly,Ngokuqinile,Sterk,ka matla .,Ngamandla,Zvine simba,Zvakasimba
Mukonyiwabiseba,Corroyeur,-2.0,Negative,Mot,Grinder,Isigaxa,Grinder,Setsi sa Setsi .,Grinder,Grinder,Grinder
Mukoso,Médisance,1.0,Negative,Mot,Backbiting,-Bhekabule emuva,Agtergrond,Go backbiting .,Ukubuyisela umva,Kudzosera,Kuchera
Mukumukaji,Belle-mère,0.0,Positive,Mot,Mother-in-law,Umamezala,Skoonma,Mmatswale .,Umazala,Vamwene,Vamwene
Mukuabu,Autrui,0.0,Neutre,Mot,Others,Abanye,Ander,ba bangwe .,Abanye,Vamwe,Vamwe
Mukuatshibue(nemenjiamue),Animé,3.0,Positive,Mot,Animated,Okwibizekile,Geanimeerde,Animated .,Iposti,Animated,Animated
Mukuatshibue(nedinanga),Animé,,,Mot,Animated,Okwibizekile,Geanimeerde,Animated .,Iposti,Animated,Animated
Mukuatshikiwamaluvu,Ivrogne,-6.0,Negative,Mot,Drunkard,Isidakwanke,Dronk,Letagwa la go tagwa .,Inxila,Chidhakwa,Chidhakwa
Mukuatshishanganyiwamudimu,Collaborateur,3.0,Positive,Mot,Collaborator,Umphathi,Medewerker,Modirišani .,Intsebenzo,Collaborator,Mushandi
Mukuatshishi,Tuteur,2.0,Positive,Mot,Tutor,Umfundisi,Tutor,Mohlahli,Umfundisi,Mudzidzisi,Mudzidzisi
Mukudi,Orateur,3.0,Positive,Mot,Speaker,Isikhulumisi,Spreker,Seboledi .,Somlomo,Mutauri,Mutauri
Mukuebe,Prochain,2.0,Positive,Mot,Next,Olandelayo,Volgende,Latelago,Okulandelayo,NEXT,Next
Mukukuidi,Adorateur,3.0,Positive,Mot,Worshiper,Umkhulekeli,Aanbidder,Morapedi .,Umnquli,Vanamati,Munamati
Mukulu(muaku),Ancien,2.0,Positive,Mot,Ancient,-Daladala,Antieke,Kgalekgale,Amandulo,Yekare,Ancient
Mukumbane,Parfait,5.0,Positive,Mot,Perfect,Gweda,Perfek,Phethegilego,Igqibelele,Kukwana,Yakakwana
"Mukumianganyi,mushipianganyi",Batteur,1.0,Positive,Mot,Drummer,Umshayi wesigubhu,Tromspeler,Moletši wa meropa .,Idrummer,Drummer,Drummer
Mukumike,Abattu,-6.0,Negative,Mot,Shot down,Adubule phansi,Afgeskiet,Thunya fase .,Dubula phantsi,Akapfurwa pasi,Kupfurwa pasi
Mukumu,Soufflet,-4.0,Negative,Mot,Bellows,Amalobi,Balg,Di-Bellow .,Amagxolo,Belows,Bellows
Mukuna,Colline,2.0,Positive,Mot,Hill,Ummango,Heuwel,Mmoto,Induli,Chikomo,Chikomo
Mukunamukese,Coteau,,,Mot,Hill,Ummango,Heuwel,Mmoto,Induli,Chikomo,Chikomo
Mukungulu,Tonnerre,1.0,Positive,Mot,Thunder,Ukuduma,Donderweer,Ledimo,Indudumo,Kutinhira,Kutinhira
Mukunzekunzu,Écarlate,0.0,Neutre,Mot,Scarlet,-Dlolulekile,Skarlaken,Sekhubelu sa .,Umqolo,Scarlet,Scarlet
Mûla,Myrrhe,3.0,Positive,Mot,Myrrh,Myrh,Mirre,Myrrh .,Myrrh,MYRRH,Mura
Mulalmiwanzubuwalukanu,Geôlier,-5.0,Negative,Mot,Gaoler,I-gaerer,Gaoler,Gaoler .,Gaoler,Gaoler,Gaoler
Mulambu,Impôt,1.0,Positive,Mot,Tax,Intela,Belasting,Lekgetho la lekgetho .,Irhafu,Mutero,Mutero
Mulambuwakuoshapakapia,Holocauste,-8.0,Negative,Mot,Holocaust,Ukuzwelongwa,Holocaust,Polao e Sehlogo .,I-Holocaust,Kuurayiwa,Holocaust
Mulami,Berger,4.0,Positive,Mot,Shepherd,Umalusi wezimvu,Herder,Modisa .,Umalusi,Mufudzi,Mufudzi
Mulamiwabintu,ÉcoMote,2.0,Positive,Mot,EcoMote,Umlomona,EcoMote,Ecomote .,I-Ecome,Kurongeka,EcoMote
Mulamiwabintubiamukelenge,Chambellan,1.0,Neutre,Mot,Chamberlain,IChamberlain,Chamberlain,Chamberlain .,Igumbi,Chamberlain,Chamberlain
Mulamiwabudimibuanvinyo,Vigneron,2.0,Positive,Mot,Winemaker,Umberlathi,Wynmaker,Modiri wa beine .,I-wayimamarmaker,Winemaker,Winemaker
"Mulamiwakutshibi,nsentedi(mulumeanyimukaji)",Portier,0.0,Neutre,Mot,Porter,Othwala izimpahla,Portier,Porter .,I-porter,Porter,Porter
Mulamiwatshibutshilu,Intendant,1.0,Positive,Mot,Steward,Igosa,Rentmeester,Mohlokomedi .,Igosa,Mutariri,Mutariri
Mulamiwatshilalabenyi,Hôtelier,0.0,Neutre,Mot,Hotelier,Indilili,Hotelier,Modiri wa dihotele .,Inyukayo,Hotsier,Hotelier
Mulamibue(kuikala),Gardé,1.0,Positive,Mot,Guard,Vikela,Wag,Leta,Unogada,Chengetedza,Guard
Mulawu,Malédiction,-9.0,Negative,Mot,Curse,Qalekisa,Vloek,Rogaka,Phawula,Kutuka,Tuka
Mulayi,Promesse,5.0,Positive,Mot,Promise,Thembisa,Belowe,Tshephišo,Isithembiso,Vimbiso,Promise
Muledi,Parent,3.0,Positive,Mot,Parent,Umzali,Ouer,Motswadi .,Umzali,Mubereki,Mubereki
Mulema,Perclus,-5.0,Negative,Mot,Crippled,Kukhubazekile,Kreupel,Go golofala .,Kuqhubekile,Zvirema,Chirema
Mulembakane,Inutile,-6.0,Negative,Mot,Useless,-Ngenalusizo,Nutteloos,Hlokago mohola,Ayinamsebenzi,Zvisina basa,Zvisingabatsiri
Mulengele,Beau,5.0,Positive,Mot,Beautiful,-Bukekayo,Pragtig,Botse,Entle,Runako,Runako
Mulengeshi,Instructeur,4.0,Positive,Mot,Instructor,Umfundisi,Instrukteur,Mohlahli .,Umhlohli,Murayiridzi,Mudzidzisi
Mulobi,Pêcheur,0.0,Positive,Mot,Fisherman,Umdobi wenhlanzi,Visserman,Mohlapi wa Dihlapi wa Dihlapi .,Umlobi,Hove,Fisherman
Mulombi,Mendiant,-4.0,Negative,Mot,Beggar,Isinxibi,Bedelaar,Mokgopedi wa go hlokomela batho .,Umvelisi,Mupemhi,Mupemhi
Mulombodi,Conducteur,2.0,Positive,Mot,Driver,Umshayeli,Bestuurder,Mootledi .,Umqhubi,Mutyairi,Mutyairi
Mulondo,Cruche,,Neutre,Mot,Jug,Ijug,Kruik,Jug .,Jug,Jug,Jug
Mulondo(yabiseba),Outre,0.0,Neutre,Mot,Besides,Ngaphandle,Buitendien,Ka ntle ga,Ngaphandle,Kunze kwezvo,Besides
Mulondowaalabasta,Albâtre,3.0,Neutre,Mot,Alabaster,Ihalasi,Albaste,Alabaster .,Alabaster,Alabaster,Alabaster
"Mulondo,mushete",Vase,4.0,Neutre,Mot,Vase,Ivasi,Vaas,Sebjanatsopa,Vase,Vase,Vase
Mulongo,Classe,2.0,Positive,Mot,Class,Bhanqa,Klas,Phapoši,Iklasi,Kirasi,Kirasi
Mulongo,Rang,2.0,Positive,Mot,Rank,Isikhundla,Rang,Maemo a .,Isikhundla,Chinzvimbo,Rank
Mulopo,Ambassadeur,3.0,Positive,Mot,Ambassador,Inxusa,Ambassadeur,Moemedi .,I-ambassiador,Mumiriri,Ambassador
"Mulopo,Ngovena",Gouverneur,2.0,Positive,Mot,Governor,UNdunankulu,Goewerneur,Mmušiši .,Irhuluneli,Gavhuna,Gavhuna
Mulotshiwabilota,Rêveur,1.0,Positive,Mot,Dreamer,-Phobholile,Dromer,Molori wa Molori .,Iphupha,Kurota,Dreamer
Muluate,Habillé,2.0,Positive,Mot,Dressed,Ugqoke,Geklee,O apešitšwe .,Inxibe,Kupfeka,Vakapfeka
Mulubu,Rapport,0.0,Neutre,Mot,Report,Ukwenza umbiko,Rapporteer,Pego,Ingxelo,Chirevo,Report
Muluishi,Opposant,-2.0,Negative,Mot,Opponent,Isitha,Teenstander,Moganetši .,Umchasi,Mupikisi,Mupikisi
Mulumbuludi,Magistrat,,,Mot,Magistrate,Imantshi,Landdros,Mmakaseterata .,Umantyi,Magistrate,Mutongi
Mulumbuluishi,Préteur,2.0,Positive,Mot,Lender,Umlandeli,Uitlener,Moadimiši .,Umbolekisi,Lender,Mukweretesi
Mulume,Mari,3.0,Positive,Mot,Husband,Umyeni,Man,Molekane wa monna,Umyeni,Murume,Murume
Mulumewangombe,Taureau,0.0,Neutre,Mot,Bull,Inkunzi,Bul,Poo,Inkunzi,Nzombe,Bull
Mulunda,Ami,4.0,Positive,Mot,Friend,Umngane,Vriend,Mogwera .,Umhlobo,Shamwari,Shamwari
Mulundawamubakiwamukashi,Filsdelachambrenuptiale,4.0,Positive,Mot,Sonsofthebridalroom,Isoso-i-sonoftherloom,Seuns van die bruidskamer,Sonsoftheridalroom,Igumbi lokuthengisa,Savanakomanaguru,Sonsofthebridalroom
Mulundawapamuoyo,Intime,3.0,Positive,Mot,Respondent,Ophendula umxhwele,Respondent,Mongangišwa .,Ummangalelwa,Mupinduri,Mupinduri
Mumanyishi,Témoin,2.0,Positive,Mot,Witness,Fakazela,Getuie,Hlatse,INgqina,Chapupu,Chapupu
Mumiaminyi,Semeur,2.0,Positive,Mot,Sower,Umfayi,Saaier,Mogopo .,Umhlwayeli,Sower,Mudzvari
Muminu,Gosier,0.0,Neutre,Mot,Throat,Umphimbo,Keel,Mogolo,Umqala,Pahuro,Huro
Munamukole,Chaud,2.0,Positive,Mot,Hot,-Fudumele,Warm,Fiša,Ishushu,Kupisa,Sravana Sameeralu Serial 4th Hot
Munanga,Bien-aimé,5.0,Positive,Mot,Beloved,-Thandekayo,Geliefde,A rategago,Zintanda,Mudiwa,Mudikani
Munangibue,Affectionné,4.0,Positive,Mot,Affectionate,-Thandekayo,Aanhanklik,Go ba le lerato .,Nothando,Rudo,Affectionate
Munda,Intérieur,1.0,Neutre,Mot,Interior,Indawo yangaphakathi,Binne,Ka gare .,Ingaphakathi,Zvemukati,Interior
Mundamashi,Dysenterie,-6.0,Negative,Mot,Dysentery,-Nesiko,Dysenterie,Letšhollo la go hloka mohola .,I-Dyentery,Dysentery,Dysentery
"Munda,mudifu",Ventre,0.0,Neutre,Mot,Belly,Isisu,Maag,Mpa,Isisu,Dumbu,Belly
Mundankulu,Minuit,0.0,Neutre,Mot,Midnight,Imaphakathi kwamabili,Middernag,Bošegogare,Ezinzulwini zobusuku,Pakati peusiku,Pakati pehusiku
Mundidimbi,Ombre,-1.0,Positive,Mot,Shadow,Ithunzi,Skaduwee,Morithi,Isithunzi,Mumvuri,Shadow
Munene,Principal,4.0,Positive,Mot,Main,-Namandla,Hoof,Kgolo,Eyona nto iphambili,Main,Main
Munenewamasalayiabenalomo,,-3.0,Negative,Mot,nah,nah,nee,Nah .,nah,Nah,nah
Munowi,Moissonneur,2.0,Positive,Mot,Reaper,Imvume evela,Reaper,Reaper .,Umvuni,Anokohwa,Mukohwi
Muntu,Gens,0.0,Neutre,Mot,People,Abantu,Mense,Batho,Abantu,Vanhu,Vanhu
MuntuMuakane,Juste,5.0,Positive,Mot,Just,-Qotho,Net,Fela,Nje,Just,Just
Muntumubi,,-8.0,Negative,Mot,nah,nah,nee,Nah .,nah,Nah,nah
Muntumubi,Profane,-8.0,Negative,Mot,Profane,Umlako,Profaan,Go gobogilego .,Hlazo,Profi,Profane
Muntumubi(muaku),Injuste,-7.0,Negative,Mot,Unfair,-Ngenaqiniso,Onregverdig,Go hloka toka .,Ayilunganga,Zvisina kunaka,Unfair
Muntumubi(mufidimulejingikadilu),Injuste,-7.0,Negative,Mot,Unfair,-Ngenaqiniso,Onregverdig,Go hloka toka .,Ayilunganga,Zvisina kunaka,Unfair
Muntumukole,Hommefait,2.0,Positive,Mot,Manmade,Mangalisa,Mensgemaakte,E dirilwe ke motho .,I-manmade,Manmade,Manmade
Muntumunene,Noble,4.0,Positive,Mot,Noble,Umubi,Edel,Mohlomphegi .,Intle,Noble,Noble
Muntunemukuabu,Mutuel,3.0,Positive,Mot,Mutual,-Vumelanayo,Wedersydse,Mmogo,Mbini,Mutual,Mutual
Muntunemuntu,Individuellement,0.0,Neutre,Mot,Individually,Nga nganye,Individueel,ka bomong ka bomong .,Ngokukodwa,Mumwe nemumwe,Mumwe nomumwe
"Muntuudimupudikile,nemupangedikima",Femmelette,-5.0,Negative,Mot,Wifelette,Iwifelette,Vroulief,W i m e l e t t .,Inkosi,Mukadzi,Wifelette
Muntuutshienakamama(mulumeanyimukaji),Virginité,3.0,Positive,Mot,Virginity,Intombi,Maagdelikheid,Bokgarebe .,Ubuntombi,Humhandara,Humhandara
Muntuwamunda,Hommeintérieur,2.0,Positive,Mot,Maninterior,Isinantiso,Binnehuis,Mainerior .,Maninterior,Manintor,Maninterior
MuntuwaNzambi,HommedeDieu,5.0,Positive,Mot,ManofGod,Manofgod,ManofGod,ManofGod .,I-manofgood,Manefgod,ManofGod
Munu,Doigt,0.0,Neutre,Mot,Finger,Umunwe,Vinger,Monwana,Umnwe,Chigunwe,Finger
Munu(wamaluvu),Buveur,-4.0,Negative,Mot,Drinker,Uphuzile,Drinker,Monwi .,Isrinker,Kudhakwa,Chinwiwa
Munvui,Auditeur,2.0,Positive,Mot,Listener,Umlaleli,Luisteraar,Motheeletši .,Mphulaphuli,Muteereri,Muteereri
Munyenganganyi,Sacrilège,-8.0,Negative,Mot,Sacrilege,Imakisiweyoyo,Heilige heiligmaking,Sacrilege .,Ukucheba,Slicerlege,Sacrilege
Munyengi,Ravisseur,-7.0,Negative,Mot,Abductor,Umphongolo,Ontvoerder,Abductor .,Umntu,Abductor,Abductor
Munyenyi,"Brigand,Larron",-8.0,Negative,Mot,"Brigand, Thief","I-Brigand, Isela","Brigand, Dief","Brigand, lehodu .","I-Brigband, isela","Brigand, mbavha","Brigand, Mbavha"
Munyingalaja(kuikala),Indigné,-3.0,Negative,Mot,Unworthy,-Ngafanele,Onwaardig,Ga e swanelwe ke .,Ayifanelekanga,Zvisina kukodzera,Vasina kufanira
Munyingalala,Peiné,-4.0,Negative,Mot,Penalty,Inhlawulo,Straf,Kotlo .,Isohlwayo,Chirango,Chirango
Munyinyimunenewamumayi,Cétacé,0.0,Neutre,Mot,Cetacean,I-CETACEAN,Walvisvoël,Cetacean .,I-Cetacean,Cetengesaan,Cetacean
"Munyinyiwamumayi,Mushipa",Poisson,0.0,Neutre,Mot,Fish,Bhibhiya,Vis,Hlapi,Intlanzi,Hove,Hove
Muomumue,Égal,3.0,Positive,Mot,Equal,-Kanye,Gelyk,Lekana,Ilingane,Zvakaenzana,Equal
Muondapi;ngangabuka,Médecin,4.0,Positive,Mot,Doctor,Udokotela,Dokter,Ngaka,Ugqirha,Chiremba,Chiremba
Muonji(lukanu),Câble,0.0,Neutre,Mot,Cable,Komhlaba,Kabel,kabel .,Intambo,Cable,Cable
Muosa,Poil,0.0,Neutre,Mot,Hair,Uboya,Hare,Moriri,Iinwele,Bvudzi,Bvudzi
Muoyo,Vie,5.0,Positive,Mot,Life,Impilo,Lewe,Bophelo,Ubomi,Hupenyu,Hupenyu
Muoyo(tshidine),Vif,3.0,Positive,Mot,Lively,-Phekuzayo,Lewendig,Sephedi se se phelago .,Ngokuphila,Lively,Lively
Muoyo(udinemuoyo),Vivant,4.0,Positive,Mot,Alive,-Zwayo,Lewendig,Phela,Uyaphila,Vapenyu,Alive
Muoyowatshiendelele,Vieéternelle,6.0,Positive,Mot,Eternallife,Amandla,Ewige lewe,Bophelo bjo bo sa Felego .,I-mninnifellife,ENallife,Hupenyu husingaperi
Mupambuke,Errant,-3.0,Negative,Mot,Wandering,Edlulisa,Dwaal,Go lelera .,Ukuzula,Kudzungaira,Kudzungaira
Mupangi,Ignorant,-5.0,Negative,Mot,Ignorant,-Ngazi,Onkundig,Go hloka tsebo .,Ukungazi,Kusaziva,Kusaziva
Mupanyi,Vendeur,0.0,Neutre,Mot,Seller,Umthengisi,Verkoper,Morekisi wa morekisi .,Umthengisi,Mutengesi,Mutengesi
Mupele,Nécessiteuse,-4.0,Negative,Mot,Needy,-Ntulayo,Behoeftig,Mohloki .,Ihlwempu,Vanoshaya,Needy
Mupendianganyi,BlasphémateurOutrageux,-8.0,Negative,Mot,BlasphemerOutrageous,I-Blasphemerourateus,Godslaster Verregaande,Go nyefola mo go gobogilego .,Rhanezela,Kunyomba,BlasphemerOutrageous
Mupenya,Éclair,0.0,Neutre,Mot,Flash,Unyampu,Flits,Gadima,Ifleshi,Flash,Flash
Mupepele,Aisé,3.0,Positive,Mot,Easy,-Ncwaba,Maklik,Bonolo,Kulula,Nyore,Easy
Mupia-mupia,nouvelle,2.0,Positive,Mot,new,-kwanamuhla,nuut,mpsha,intsha,Nyowani,itsva
MupiamupiamuBualubuaNzambi(mukudimunemutshima),Converti,4.0,Positive,Mot,Converted,Kuguquliwe,Omgeskakel,E fetotšwe .,Iguqulwe,Kushandurwa,Yakashandurwa
Mupianyi,Héritier,5.0,Positive,Mot,Heir,Indlalifa,Erfgenaam,Mojalefa,Indlalifa,Mugari wenhaka,Mugari wenhaka
Mupika,Esclave,-6.0,Negative,Mot,Slave,Isigqila,Slaaf,Lekgoba,Ikhoboka,Muranda,Muranda
Mupikamukaji,Servante,0.0,Neutre,Mot,Servant,Isikhonzi,Dienskneg,Mohlanka .,Isicaka,Mushandi,Muranda
"Mupika,muenamudimu",,2.0,Positive,Mot,nah,nah,nee,Nah .,nah,Nah,nah
Mupile,Coupable,-7.0,Negative,Mot,Guilty,-Jezile,Skuldig,Na le molato,Unetyala,Mhosva,Ane mhosva
Mupinganyi,Successeur,3.0,Positive,Mot,Successor,Umlandeli,Opvolger,Mohlahlami .,Umlandeli,Mutsivi,Successor
Mupote,Fou,-6.0,Negative,Mot,Mad,Phambeneyo,Mal,Gafa,Hlanya,Kupenga,Mad
Muprofete,Prophète,5.0,Positive,Mot,Prophet,Umpholofidi,Profeet,Moporofeta .,Umprofeti,Muporofita,Muporofita
Muprofetemukaji,Prophétesse,5.0,Positive,Mot,Prophetess,Umprofethiya,Profetes,Moporofeta wa Moporofeta .,Proferimisa,Muporofita,Prophetess
Mupstolo,Apôtre,5.0,Positive,Mot,Apostle,Umphostoli,Apostel,Moapostola .,Mpostile,MuApostora,Apostora
Mupuekele,Moindre,-3.0,Negative,Mot,Lesser,-Ncikene,Minder,Lesser .,Umncinci,Mudiki,Zvishoma
Mupumbishibue,Absent,-2.0,Negative,Mot,Absent,-Ngekho,Afwesig,Hlokega,Ukungabikho,Kusavapo,Absent
Mupuya,Odeur,0.0,Neutre,Mot,Smell,Iphinga,Reuk,Nkgelela,Ivumba,Kunhuhwirira,Kunhuwa
MupuyawaNzambi,InspirédeDieu,6.0,Positive,Mot,InspiredbyGod,Ugqozi,Geïnspireer deur God,E hlohleleditšweBygod .,Ephefumlelwe,TemByGod,Kufemerwa naMwari
Musambu,Cantique,4.0,Positive,Mot,Song,Iculo,Liedjie,Koša,Ingoma,Rwiyo,Rwiyo
Musame,Malade,-6.0,Negative,Mot,Sick,-Ngaphilile,Siek,Lwala,Ndiyagula,Kurwara,Kurwara
Musamewakaneke,Paralysé,-7.0,Negative,Mot,Paralyzed,Ekhubazekile,Verlam,Go golofetše .,Ukhubazekile,Mitezo,Akaoma mitezo
Musamu,Oreiller,0.0,Neutre,Mot,Pillow,Iphilo,Kussing,Mosamelo,Umqamelo,Pilo,Pillow
Musangishiwamilambu,Publicain,-2.0,Positive,Mot,Publican,Umcwaningilizwe,Tollenaar,Molekgetho .,Phindahla,Mutauri,Publican
"Musangu,Misangu",Foi,0.0,Neutre,Mot,Faith,Ukholo,Geloof,Tumelo,Ukholo,Kutenda,Kutenda
Musanke(kuikala),Satisfait,3.0,Positive,Mot,Satisfied,-Neliseka,Tevrede,Kgotsofetše,Yanelisekile,Kugutsikana,Ndagutsikana
"Musanke,mupole",Content,4.0,Positive,Mot,Thrilled,-Mnandi,Opgewonde,Nago le mafolofolo,Ndiphucule,Kufara,Ndakafara
Musankididiwabenyi,,4.0,Positive,Mot,nah,nah,nee,Nah .,nah,Nah,nah
Museki,Moqueur,-5.0,Negative,Mot,Mockingbird,Mckingbird,Spotvoël,Nonyana ya go itira .,Moctickbird,Mockingbird,Mockingbird
Musenji,Barbare,-6.0,Negative,Mot,Barbarous,-Lushini,Barbaars,Barbarous .,I-barbaaus,Barbarous,Barbarous
Mushamusha,Moinea,2.0,Positive,Mot,Moinea,IMoinea,Moinea,Moinea .,Moinea,Moinea,Moinea
Mushete,Boisseau,0.0,Neutre,Mot,Bushel,Shayiselisa,Bushel,Bushel .,Ibhasi,Bharil,Bushel
Mushiku,Ouverture,2.0,Positive,Mot,Opening,Ukuvula,Opening,Go bulwa .,Ukuvula,Kuvhura,Kuvhura
Mushikuwambelu,Porte,1.0,Neutre,Mot,Door,Isicabha,Deur,monyako .,Umnyango,Gonhi,Door
Mushimi,Menteur,-7.0,Negative,Mot,Liar,Umqambi manga,Leuenaar,Moaketši wa maaka .,Lixoki,Murevi wenhema,Murevi wenhema
Mushimianganyi,Trompeur,-7.0,Negative,Mot,Misleading,-Dukisayo,Misleidend,Go aroša .,Ukulahlekisa,Kutsausa,Kutsausa
Mushindu,Façon,0.0,Neutre,Mot,Way,Indlela,Manier,Tsela,Indlela,Nzira,Way
Mushindu(nyama…),Espèce,0.0,Neutre,Mot,Species,Uhlobo lwezinhlobo,Spesies,Mohuta,Iintlobo,Marudzi,Zvisikwa
Mushindumubi,Injustement,-6.0,Negative,Mot,Unfairly,-Thembekile,Onregverdig,Ka go hloka toka .,Ngokungafanelekanga,Zvisina kunaka,Zvisizvo
MushinduudikawuyiwaNzambi,Impiement,-7.0,Negative,Mot,Ungodliness,Ungamhloniphihli,Goddeloosheid,Go se boife Modimo .,Ukungaduki,Kusada,Kusada Mwari
Mushinduwakuikala,Manièred'être,0.0,Neutre,Mot,Way of being,Indlela yokuba,Manier van wees,tsela ya go ba .,Indlela yokuba,Nzira yekuve,Nzira yekuve
Mushinga,Valeur,2.0,Positive,Mot,Value,Thanda,Waarde,Boleng,Ixabiso,Kukosha,Value
"Mushinga,tshuwidi,disangisha",Somme,0.0,Neutre,Mot,Sum,Isibalo,Som,Palomoka,Isixa,Sum,Sum
Mushintakaji,Changeur,0.0,Neutre,Mot,Changer,Umguquguquli,Wisselaar,Mofetoledi .,Umtshintshi,Changer,Changer
Mushipi,Destructeur,-8.0,Negative,Mot,Destructive,-Bhubhizayo,Destruktief,Se se senyago .,Eyonakalisayo,Kuparadza,Kuparadza
Mushipiwabipungidi,Implacable,-7.0,Negative,Mot,Implacable,-Ngenamandla,Onverbiddelik,E sa kgonego go ba gona .,Ayinakho,Kusarudzika,Implacable
Mushipiwamikenji,Transgresseur,-8.0,Negative,Mot,Transgressor,Ukuhlephula,Oortreder,Motlodi wa molao .,Igqitha,Darressor,Transgressor
Mushipianganyi,Meurtrier,-9.0,Negative,Mot,Murderer,Ukubulala,Moordenaar,Mmolai .,Umbulali,Murdeer,Mhondi
Mushipu,Automne,0.0,Neutre,Mot,Autumn,Ikwindla,Herfs,Lehlabula,Ekwindla,Autumn,Autumn
Musoko,Cité,0.0,Neutre,Mot,Quoted,-Nyuzile,Aangehaal,E tsopotšwe .,Ecatshulwe,Zvakataurwa,Quoted
Musokomukese,Village,2.0,Positive,Mot,Village,Umuzi,Dorp,Motse,Ilali,Musha,Musha
Musokoko,Secret,-1.0,Positive,Mot,Secret,-Yimfihlo,Geheim,Sephiri,Imfihlo,Chakavanzika,Secret
Musokome(muaba),Secret,-1.0,Positive,Mot,Secret,-Yimfihlo,Geheim,Sephiri,Imfihlo,Chakavanzika,Secret
Musombeshanganyi,Créancier,0.0,Neutre,Mot,Creditor,Okweletha,Krediteur,Mokoloti .,Umbolekisi,Mukweretesa,Creditor
Musombuedi,Vengeur,-6.0,Negative,Mot,Avenger,Umveli,Wreker,Mophetedi wa Moafetsi wa .,Umveli,Anotsge,Avenger
Musonga,Faîte,2.0,Positive,Mot,Done,Usulile,Klaar,Phethilwe,Yenziwe,Zvakaitwa,Ndapedza
Musonguedianganyi,Délateur,-8.0,Negative,Mot,Informer,Impimpi,Inligter,Mosedimoši wa Tshedimošo .,I-Olformer,Informer,Informer
Musuka,Âme,5.0,Positive,Mot,Soul,Umuphefumulo,Siel,Moya,Umphefumlo,Mweya,Soul
Musukulampampa,Éponge,0.0,Neutre,Mot,Sponge,Isiponji,Spons,Sepontšhe .,Isiponji,Chipanje,Chipanje
Musulu,Fleuve,2.0,Positive,Mot,River,Umfula,Rivier,Noka,Umlambo,Rwizi,Rwizi
Musumba,Multitude,0.0,Neutre,Mot,Multitude,Ingxenye yeningi,Menigte,Letšoele la go ba le lešaba .,Intlupheko,Multitude,Vazhinji
Musungidi,auveur,6.0,Positive,Mot,author,umlobi,skrywer,mongwadi,umbhali,munyori,munyori
Mutabale(kuikala),Vigilant,5.0,Positive,Mot,Vigilant,-Phaphalisa,Waaksaam,Go phafoga .,Phaphili,Vakasvinura,Vigilant
Mutalela,Humidité,0.0,Neutre,Mot,Humidity,Ukuswakama,Humiditeit,Bošidi,Umswakama,Humidity,Humidity
Mutambe(mushintuludi),Fort,0.0,Neutre,Mot,Strong,-Namandla,Sterk,Maatla,Yomelele,Yakasimba,Strong
Mutanda,Pâte,0.0,Neutre,Mot,Dough,Inhlama,Deeg,Tege,Inhlama,Mukanyiwa,Mukanyiwa
Mutangadiki,Évangéliste,5.0,Positive,Mot,Evangelist,Umvangeli,Evangelis,Moebangedi .,Ivangeli,MuEvangelist,Muvhangeri
Mutangidi,Surveillant,2.0,Positive,Mot,Supervisor,Umphathi,Toesighouer,Mookamedi,Isuphavayiza,Supervisor,Mutariri
Mutatakane,Inconstant,-4.0,Negative,Mot,Inconstant,-Ngemishi,Onkonstant,Go se fetoge .,Engashukumi,Zvisingapindirani,Inconstant
Mutekete,Faible,-5.0,Negative,Mot,Weak,-Ngenamandla,Swak,Fokola,Ubuthathaka,Kushaya simba,Weak
Mutekete(muntu),Impotent,-6.0,Negative,Mot,Impotent,-Ngenamandla,Impotent,Se se sa kgonego go dira selo .,Ongenamandla,Kushaya simba,Impotent
Mutelu(katshiyi),Couture,-2.0,Negative,Mot,Sewing,Ukuzingela,Naaldwerk,Go roka .,Ukuthunga,Kusona,Kusona
Mutempeshiwambuku,Exorciste,3.0,Positive,Mot,Exorcist,I-exorcist,Eksorsis,Moletši wa go ntšha moya .,I-eschcist,Exorcist,Anodzinga mweya yakaipa
Mutendelediwampingu,Idolâtre,-8.0,Negative,Mot,Idolatrous,Ukubamba izithombe,Afgodsdiens,Borapedi bja medimo ya diswantšho .,Izithixo,Kunamata zvidhori,Vanonamata zvidhori
Mutentekedi,Agentsecret,-3.0,Positive,Mot,secret agent,I-Ejenti Yemfihlo,geheime agent,Moemedi wa Sephiri .,iarhente eyimfihlo,Akavanzika Mumiririri,secret agent
Muteyi,Tentateur,-7.0,Negative,Mot,Tempter,Umfanekiso,Versoeker,Moleki .,Tempter,Tempter,Muedzi
Mutoke,,2.0,Positive,Mot,nah,nah,nee,Nah .,nah,Nah,nah
Mutontolodi,Murmurateur,-6.0,Negative,Mot,Whisperer,Ukuhleba,Fluisteraar,Mohlobodi .,I-whisperer,Whispeer,Muzevezi
Mutoto,Étoile,3.0,Positive,Mot,Star,Inkanyezi,Ster,Naledi,Inkanyezi,Nyeredzi,Star
Mutotowankesha,Étoiledumatin,4.0,Positive,Mot,Morningstar,Indlu yasekuseni,Môrester,Morningstar .,Tu,Mangwanani,Morningstar
Mutoyi,Mélodie,3.0,Positive,Mot,Melody,Indlela yamagama,Melodie,Molodi .,I-melody,Melody,Melody
Mutshi,Plantevégétale,2.0,Positive,Mot,plantvegetable,intwamshi,plantgroente,Semela sa semela sa go bjala .,kuvakala,kudyara,plantvegetable
Mutshimunene,Poutre,0.0,Neutre,Mot,Beam,Usebe lokukhanya,Straal,Phadima,I-beam,Danda,Beam
Mutshimutshiamakane,Bois,0.0,Neutre,Mot,Drink,Phuza,Drink,Nwa,Isiselo,Kunwa,Inwai
Mutshimutshiamakane,Croix,5.0,Positive,Mot,Cross,Inkathazo,Kruis,Sefapano,Umnqamlezo,Muchinjiko,Muchinjikwa
MutshiwaNfigi,Figuier,2.0,Positive,Mot,Fig tree,Umkhiwane,Vyeboom,Sefate sa feiga .,Umthi womkhiwane,Muonde,Muonde
Mutshiwatshikokedi,Joug,-3.0,Negative,Mot,Yoke,Ijoka,Juk,joko .,Idyokhwe,Joko,Joko
Mutshiwatshikunyibua,Tige,0.0,Neutre,Mot,Stem,Isiqu,Stam,Kutu,Isiqu,Stem,Stem
Mutshima,Cœur,5.0,Positive,Mot,Heart,Inhliziyo,Hart,Pelo,Intliziyo,Moyo,Mwoyo
"Mutshima,kondokamutshima",Conscience,4.0,Positive,Mot,Awareness,Ukuzwa,Bewustheid,Temogo,Ukwazisa,Kuziva,Kuziva
Dibungama,Regret,-5.0,Negative,Mot,Regret,Zisola,Berou,Maswabi,Ukuzisola,Kuzvidemba,Zvidemba
Dibutuka,Destruction,-8.0,Negative,Mot,Destruction,Isibhicongo,Vernietiging,Tshenyo,Intshabalalo,Kuparadzwa,Kuparadza
Didiadiadisanka,Festin,4.0,Positive,Mot,Feast,Idili,Fees,Monyanya,Umthendeleko,Mabiko,Mabiko
Didianjila,Avance,2.0,Positive,Mot,Advance,Sondela,Bevorder,Gatetšego pele,Phambili,Kufambira mberi,Advance
Didianjilakukosabualumumutshima,Préférence,3.0,Positive,Mot,Preference,Ukuqoka,Voorkeur,Kgetho,Ukukhetha,Kuda,Preference
Didianjilakumanya,Préconnaissance,2.0,Positive,Mot,Precognition,Ukuhlukanisela izinhlanga,Voorkennis,Go lemoga pele ga nako .,Ukuqonda,Precognitionition,Precognition
Didibingisha,Excuse,0.0,Neutre,Mot,Excuse,Xolela,Ekskuus,Lebalela,Uxolo,Ruregerero,Kuregerera
Didikanda,Tempérance,4.0,Positive,Mot,Temperance,Ukugxila,Matigheid,Go itshwara ka tlase ga tekanyo .,Ushushu,Kuzvidzora,Kuzvidzora
"Didimuisha,dilongesha,kalasa",Discipline,3.0,Positive,Mot,Discipline,Imfundiso yokulalela,Dissipline,Kgalema,Uqeqesho,Kurangwa,Kuranga
Didinga,Fraude,-7.0,Negative,Mot,Fraud,Ubuwanqa,Bedrog,Bomenetša,Ubuqhetseba,Kubiridzira,Chitsotsi
Didisankisha,Satisfaction,4.0,Positive,Mot,Satisfaction,Ukugculiseka,Tevredenheid,Kgotsofalo,Ulwaneliseko,Kugutsikana,Kugutsikana
Didisua;diambu,Orgueil,-6.0,Negative,Mot,Pride,Ukuziqhenya,Trots,Boitumelo,Ikratshi,Kudada,Kuzvikudza
Didiunda,Croissance,5.0,Positive,Mot,Growth,Ukundlondlobala,Groei,Kgolo,Ukukhula,Kukura,Kukura
Didiundisha,Avancemen,5.0,Positive,Mot,Progress,Ukuqhubeka,Vordering,Kgatelopele,Inkqubela,Kufambira mberi,Kufambira mberi
Dieba,Épine,-4.0,Negative,Mot,Spiked,Ubutheliwe,Spits,Spiked .,I-spiked,Spiked,Spiked
Diedibuadiamanyi,Onction,5.0,Positive,Mot,Anointing,Ukugcotshwa,Salwing,Tlotšo .,Ukuthanjiswa,Kuzodza,Kuzodzwa
Dienza,Opérant,3.0,Positive,Mot,Operator,Osebenzayo,Operator,Modiriši .,Umqhubi,Operator,Operator
Dienzejibuakubukole,Contrainte,-3.0,Negative,Mot,Constraint,Ingxabano,Beperking,Thibelo .,Isithintelo,Kumanikidza,Constraint
Difikadiamunda,Courroux,-7.0,Negative,Mot,Wrath,Ukuthukusana,Toorn,Kgalefo,Ingqumbo,Kutsamwa,Hasha
Difikishamunda,Irritation,0.0,Negative,Mot,Irritation,Ukucunula,Irritasie,Go hlohlona .,Ukucaphukisa,Kutsamwiswa,Irritation
Difu,Estomac,0.0,Neutre,Mot,Stomach,Isisu,Maag,Dimpa,Isisu,Dumbu,Dumbu
Difuma,Lance,-2.0,Negative,Mot,Spear,Izala,Spies,Lerumo la lerumo .,Umkhonto,Pfumo,Pfumo
Difutu,Dépens,3.0,Positive,Mot,Costs,Izindleko,Kostes,Ditshenyagalelo .,Iindleko,Mari,Mariro
Difutu,Salaire,3.0,Positive,Mot,Salary,Umholo,Salaris,Mogolo,Umvuzo,Muhoro,Muhoro
Dijadika,Convictio,4.0,Positive,Mot,Convictio,Okokwethuna,Oortuiging,Mokgomo wa go ahlola .,Ukugwetywa,Mhosva,Convictio
Dijadikibua,Expérience,3.0,Positive,Mot,Experience,Isipiliyoni,Ervaring,Maitemogelo,Amava,Zvakaitika,Zvakaitika
Dijalame,Légal,2.0,Positive,Mot,Legal,-Omthetho,Wettig,Semolao,Ngokusemthethweni,Zviri pamutemo,Zvemutemo
Dijanguluka,Retardement,-2.0,Negative,Mot,Delay,Libazisa,Vertraag,Diega,Ukulibaziseka,Kunonoka,Kunonoka
Dijiba,La,0.0,Neutre,Mot,There,Lapho,Daar,Moo,Pha,Ipapo,Ikoko
Dijikula,Profession,2.0,Positive,Mot,Occupation,Ukuhlala,Beroep,Mošomo,Umsebenzi,Basa,Basa
Dijimbu,Obscurément,-2.0,Negative,Mot,Obscurely,Ngokusobala,Onduidelik,Se se sa šišinyegego .,Ngokungakhathali,Kuvanzika,Zvisinganzwisisike
Dijimija,Pervers,-8.0,Negative,Mot,Pervert,Phendukela,Pervers,Hlanoša,Ngentla,Kukanganisa,Pervert
"Dijimija,kulekelela(bubi)",Rémission,4.0,Positive,Mot,Remission,Ukunqunywa,Remissie,Tebalelo .,Ukuxolelwa,Kuregererwa,Remission
Dijimina,Disparaître,-1.0,Positive,Mot,Disappear,Nyamalala,Verdwyn,Nyamelela,Nyamalala,Nyangarika,Kunyangarika
Dijiminadikole,Dommage,-4.0,Negative,Mot,Damage,Umonakalo,Skade,Tshenyo,Umonakalo,Kukuvara,Kukuvadza
Dijinga,Besoin,1.0,Positive,Mot,Need,Dinga,Behoefte,Nyaka,Isidingo,Kuda,Need
Dijingulula,Discernemen,4.0,Positive,Mot,Discernment,Ukudabuka,Onderskeidingsvermoë,Temogo .,Ukuqonda,Kunzwisisa,Kunzwisisa
Dijula,Relèvement,4.0,Positive,Mot,Recovery,Ukululama,Herstel,Kutollo,Ukubuyisela kwimeko yesiqhelo,Kupora,Kupora
Dikalu,Char,0.0,Neutre,Mot,Tank,Ithange,Tenk,Tanka ya .,Itanki,Tangi,Tangi
Dikamakama,Fourberie,-7.0,Negative,Mot,Deceit,Amacebo,Bedrog,Bofora .,Inkohliso,Kunyengera,Deceit
Dikankamaja,Rafraîchissement,3.0,Positive,Mot,Refreshment,Ukuqabuleka,Verversing,Go lapološa .,Ukuhlaziyeka,Zororo,Kuzorodza
Dikanyina,Menace,-6.0,Negative,Mot,Threat,Ukusongela,Bedreiging,Matšhošetši,Isoyikiso,Kutyisidzira,Kutyisidzira
Dikasa,Piège,-3.0,Positive,Mot,Trap,Isicupho,Val,Molaba,Umgibe,Musungo,Trap
Dikatshi,Rayon,2.0,Positive,Mot,Radius,Ithambo logalo elingaphandle kwengalo,Radius,Radius .,Iradius,Radius,Radhiyasi
Dikelemesha,Égalité,4.0,Positive,Mot,Equality,Ukulingana,Gelykheid,Tekatekano .,Ukulingana,Kuenzana,Kuenzana
Dikema,Étonnement,-2.0,Positive,Mot,Astonishment,Ukwethuka,Verbasing,Go makala .,Ukukhwankqiswa,Kushamisika,Kushamisika
Dikenga,Misère,-8.0,Negative,Mot,Misery,Ubuhlungu,Ellende,Masetlapelo,Ububi,Kusuwa,Nhamo
Dikenga,Tribulation,-7.0,Negative,Mot,Tribulation,Usizi,Verdrukking,Matshwenyego .,Imbandezelo,Kutambudzika,Kutambudzika
Dikenga(dikole),Détresse,-7.0,Negative,Mot,Distress,Usizi,Nood,Kgakanego,Uxinzelelo,Kutambudzika,Kushungurudzika
Dikengadiabintu,Privation,-6.0,Negative,Mot,Deprivation,Ukwehliswa,Ontneming,Go hloka .,Ukuthotywa,Kunyimwa,Kunyimwa
Dikenke,Éclat,3.0,Positive,Mot,Glow,Nkemuzela,Gloei,Phadima,Qaphela,Kupenya,Kupenya
Dikima,Assuranc,4.0,Positive,Mot,Insurance,Umshwalense,Versekering,Inšorentshe,I-inshurensi,Inishuwarenzi,Inishuwarenzi
Dikisha,Repos,3.0,Positive,Mot,Rest,Thulisa,Rus,Khutša,Phumla,Zorora,Zorora
Dikolesha,Exhortation,2.0,Positive,Mot,Exhortation,Isikhuthazo,Vermaning,Kgothatšo .,Isibongozo,Kurudziro,Kurudziro
Dikuatshisha,Profit,4.0,Positive,Mot,Profit,Inzuzo,Wins,Profiti,Inzuzo,Purofiti,Profit
Dikuatshishangana,Fournissement,3.0,Positive,Mot,Supply,Phakela,Voorsiening,Kabo,Ukubonelela,Goverwa,Supply
Dikudimuka,Variation,-1.0,Positive,Mot,Variation,Ukuphenduka,Variasie,Phapano .,Umahluko,Kusiyana,Variation
Dikudimuna,Changement,1.0,Positive,Mot,Change,Phendula,Verander,Phetogo,Utshintsho,Shanduko,Change
Dikudimunadiamutshima,Repentance,4.0,Positive,Mot,Repentance,Ukuphenduka,Bekering,tshokologo .,Inguquko,Kupfidza,Kupfidza
Dikumadiamutshimabipetamunjilamibi,Avided'ungainhonteux,-7.0,Negative,Mot,Hungry for shameful gain,Elambile ngenzuzo eyihlazo,Honger vir skandelike wins,Tlala ya go hwetša poelo e hlabišago dihlong .,Balambile ukufumana inzuzo yeentloni,Nzara yekuwana nyadzi kuwana,Nzara yepfuma inonyadzisa
Dikumadiamutshimakubiuma,Avarice,-6.0,Negative,Mot,Avarice,Iphazazela,Gierigheid,Avarice .,I-avarice,Avarice,Avarice
Dikumbana,Accomplissement,5.0,Positive,Mot,Accomplishment,Ubungcweti,Prestasie,Phihlelelo .,Impumelelo,Kuita,Kubudirira
Dikumi,Dix,0.0,Neutre,Mot,Ten,Ishumi,Tien,Lesome,Shumi,Gumi,Gumi
Dikuminebinayi,Quatorze,0.0,Neutre,Mot,Fourteen,Ishumi nane,Veertien,Lesomenne,Shumi elinane,Gumi neina,Gumi neina
Dikumineibidi,Douze,0.0,Neutre,Mot,Twelve,Ishumi nambili,Twaalf,Lesomepedi,Shumi elinambini,Gumi nembiri,Gumi nembiri
Dikumineitanu,Quinze,0.0,Neutre,Mot,Fifteen,Ishumi nanhlanu,Vyftien,Lesomehlano,Shumi elinantlanu,Gumi neshanu,Gumi neshanu
Dikuminemuandamukulu,Dix-huit,0.0,Neutre,Mot,Eighteen,Ishumi nesishayagalombili,Agtien,Lesomeseswai,Shumi elinesibhozo,Gumi nesere,Gumi nesere
Dikumineumue,Onzième,0.0,Neutre,Nombre,Eleventh,Ishumi nanye,Elfde,Lesometee .,Ishumi elinanye,Chegumi neimwe,Chegumi neimwe
Dikunji,Colonne,0.0,Neutre,Mot,Column,Insika,Kolom,Kholomo,Ikholamu,Column,Column
Dikunyibua,Implanté,2.0,Positive,Mot,Implanted,-Yisimukisa,Ingeplant,E tsentšwe .,Ifakwe,Yakamiswa,Kudyarwa
Diledibuakuatshiakabidi,Régénération,5.0,Positive,Mot,Regeneration,Ukunyusa kabusha,Herlewing,Go tswalwa gape .,Ukuvuselelwa kwakhona,Kuzvidzora,Kuberekwa patsva
Dilejatshilema,Reproche,-4.0,Negative,Mot,Reproach,Ngqonhlamvu,Verwyt,kgobošo .,Ingcikivo,Kuzvidza,Kuzvidzwa
"Dilelela,tshiditshiakueyemenyibua",Certain,2.0,Positive,Mot,Certain,-Azi kahle,Seker,Dingwe,Ezithile,Vamwe,Chokwadi
Dilengeja,Purification,4.0,Positive,Mot,Purification,Ukuhlambululela,Suiwering,Tlhokomelo ya .,Ukucocwa,Kucheneswa,Kucheneswa
Dilengesha,Parure,3.0,Positive,Mot,Adornment,Ukuhlobisa,Versiering,Mokgabišo .,Uhombiso,Kushongedza,Kushongedza
Dileta,Lettre,1.0,Neutre,Mot,Letter,Uhlamvu lokulandelana kwamagama,Brief,Lengwalo,Ileta,Tsamba,Tsamba
Diloba,Pêche,0.0,Neutre,Mot,Fishing,Ukufakaza,Visvang,Go rea dihlapi .,Ukuloba,Kubata hove,Kubata hove
Dilomba,Demande,0.0,Neutre,Mot,Request,Nxusa,Versoek,Kgopelo,Isicelo,Chikumbiro,Chikumbiro
Dilondololadiandelanganyi,Généalogie,2.0,Positive,Mot,Genealogy,Kohluzo,Genealogie,Leloko la leloko .,Umlibo,Genealogy,Genealogy
Dilongesha,Enseignement,4.0,Positive,Mot,Education,Imfundo,Onderwys,Thuto,Imfundo,Dzidzo,Dzidzo
Dilongolola,Redressement,3.0,Positive,Mot,Recovery,Ukululama,Herstel,Kutollo,Ukubuyisela kwimeko yesiqhelo,Kupora,Kupora
Dilua,Arrivée,2.0,Positive,Mot,Arrival,Ukufika,Aankoms,Go fihla,Ukufika,Kusvika,Kusvika
Dilubakana,Embarras,-3.0,Negative,Mot,Embarrassment,Ukuphoxeka,Verleentheid,Go hlabja ke dihlong .,Iintloni,Kunyara,Kunyara
Dilulama,Droiture,5.0,Positive,Mot,Righteousness,Ukulunga,Geregtigheid,Go loka .,Ubulungisa,Kururama,Kururama
Dimanya,Savoir,4.0,Positive,Mot,Know,Bona,Weet,Tseba,Yazi,Ziva,Ziva
"Dimanya,lungenyi",Connaissance,4.0,Positive,Mot,Awareness,Ukuzwa,Bewustheid,Temogo,Ukwazisa,Kuziva,Kuziva
Dimiamina,Aspersion,1.0,Neutre,Mot,Aspersion,Ukudabula,Aspersie,Aspersion .,I-appersion,Sabashi,Aspersion
Dimoma,Rouille,-3.0,Negative,Mot,Rust,Ukugqwala,Roes,Moruswi .,Rust,Ngura,Ngura
Dimueneka,Apparition,3.0,Positive,Mot,Appearance,Ukubonakala,Voorkoms,Ponagalo,Imbonakalo,Chitarisiko,Chitarisiko
Dimuenesha,Démonstration,3.0,Positive,Mot,Demonstration,Isibonakaliso,Demonstrasie,Pontšo .,Umboniso,Kuratidzira,Kuratidzira
Dina,Fosse,3.0,Positive,Mot,Ditch,Umsele,Sloot,Sola,Umsele,Ditch,Ditch
Dinadiamayi,Fontaine,2.0,Positive,Mot,Fountain,Isisuko,Fontein,Sediba .,Umthombo,Tsime,Tsime
Dinanga,Amour,6.0,Positive,Mot,Love,Thanda,Liefde,Lerato,Uthando,Rudo,Rudo
"Dinanga,Kusua(kuimpe)",Affection,5.0,Positive,Mot,Affection,Uthando,Geneentheid,Lerato,Uthando,Rudo,Rudo
Dinanukila,Persévérer,4.0,Positive,Mot,Persevere,Phikelela,Volhard,Kgotlelelo .,Zingise,Kutsungirira,Shingirira
Dinda,Matin,2.0,Positive,Mot,Morning,Ekuseni,Oggend,Mesong,Ntseni,Mangwanani,Mangwanani
Dinda,Pointdujour,2.0,Positive,Mot,Pointdujour,Inkani,Pointdujour,Ntlha ya Dujour .,I-PORTUKURE,Pointdujour,Pointdujour
Dinemekela,Révérence,4.0,Positive,Mot,Reverence,Ukuhlonipha,Eerbied,Tlhompho .,Intlonipho,Kuremekedza,Kuremekedza
Dinowa,Moisson,3.0,Positive,Mot,Harvest,Okuvuniweyo,Oes,Buna,Ukuvuna,Gohwo,Kukohwa
Dinua,Boir,0.0,Neutre,Mot,Drink,Phuza,Drink,Nwa,Isiselo,Kunwa,Inwai
Dinunganyi,Rumeur,-3.0,Negative,Mot,Rumor,Inzwabethi,Gerugte,Mabarebare .,Rumor,Runyerekupe,Runyerekupe
Dinungu,Jointure,1.0,Neutre,Mot,Join,Xhuma,Sluit aan,Kopanya,Joyina,Join,Join
"Dinvuenkenya,Lupuishi",Poussière,2.0,Positive,Mot,Dust,Uthuli,Stof,Lerole,Uthuli,Guruva,Guruva
Dinyangukadiamoyo,Dissolution,-6.0,Negative,Mot,Dissolution,Ukucacisa,Ontbinding,Go phatlalatšwa .,Ukutshitshiswa,Kupaza,Dissolution
Dinyanguta,Avarie,-5.0,Negative,Mot,Damage,Umonakalo,Skade,Tshenyo,Umonakalo,Kukuvara,Kukuvadza
Dinyoka,Sentence,5.0,Positive,Mot,Sentence,Jezisa,Sin,Lefoko,Isivakalisi,Mutsara,Mutsara
Diondoka,Profond,2.0,Positive,Mot,Deep,-Julile,Diep,Tlase,Nzulu,Zvakadzika,Deep
Dipa,Don,5.0,Positive,Mot,Don,Donne,Don,Don .,Don,Don,Don
Dipadialuse,Dondegrâce,6.0,Positive,Mot,Dondegrace,I-donderace,Dondegrace,Dondegrace .,Dondergracce,Donendegrce,Dondegrace
Dipambuka,Égarement,-7.0,Negative,Mot,Astrayment,Okokugwemakaza,Dwaling,Go aroša .,Ukuphazamiseka,Kutsauka,Kurasika
Dipandulula,Division,-4.0,Negative,Mot,Division,Isabelo,Afdeling,karohano .,Ukwahlula,Kupatsanura,Division
Dipangadiakudikanda,Sansvoix,-6.0,Negative,Verbe,Speechless,-Bindelwe,Sprakeloos,Hlokago polelo,Ayithethi,Kutaura,Kusataura
Dipangadikuatshisha,Inutilité,-5.0,Negative,Mot,Uselessness,Ukungabi nalusizo,Nutteloosheid,Go hloka mohola .,Ukungasebenzi,Usashande,Kusabatsira
Dipangadinyanguka,Incorruptibilité,6.0,Positive,Mot,Incorruptibility,Ukulimaza ingozi,Onkreukbaarheid,Go se senyege .,Ukungakwazi,Kusoraka,Kusaora
Dipeta,Acquisition,3.0,Positive,Mot,Acquisition,Okutholakele,Verkryging,Phihlelelo,Ukufunyanwa,Kutora,Kuwana
Dipikula,Rédemption,6.0,Positive,Mot,Redemption,Ukukhangwa,Verlossing,Phološo,Intlawulelo,Ruregerero,Rudzikinuro
Dipila,Sedonner,-7.0,Negative,Verbe,Sedon,Udonki olwaneni,Sedon,Sedon .,I-sedon,Sedon,Sedon
"Dipingana,dipingaja",Retour,2.0,Positive,Mot,Back,-Dlulile,Terug,Morago,Umva,Kumashure,Back
Dipita(bukole),Victoire,6.0,Positive,Mot,Victory,Ukwahlula,Oorwinning,Phenyo .,Uloyiso,Kukunda,Kukunda
Dipumbisha,Obstacle,-3.0,Negative,Mot,Obstacle,Isiphazamiso,Hindernis,Lepheko,Umqobo,Chipinganidzo,Chipingamupinyi
Dipumbishibua,Absence,-2.0,Negative,Mot,Absence,Ukungabibikho,Afwesigheid,Se be gona,Ukungabikho,Kusavapo,Kusavapo
Dipungi,Fatigue,-3.0,Negative,Mot,Fatigue,Ukudinwa,Moegheid,Lapile kudu,Ukudinwa,Kupera simba,Kuneta
Dipuyakana,Respiration,2.0,Positive,Mot,Breathing,Ukuphefumula,Asemhaling,Go hema .,Ukuphefumla,Kufema,Kufema
Disakidila,Gratitude,5.0,Positive,Mot,Gratitude,Ukubonga,Dankbaarheid,Tebogo,Umbulelo,Kutenda,Kutenda
Disama,Fléau,-8.0,Negative,Mot,Scourge,Isichilo,Plaag,Leuba .,Isibetho,Denda,Scourge
Disamadiamashiapatuka,Flux,-2.0,Positive,Mot,Flow,Thuntululeka,Vloei,Elela,Ukuhamba,Kuyerera,Flow
Disambakana,Rencontre,3.0,Positive,Mot,Encounter,Hlangana,Ontmoeting,Gahlana,Ukudibana,Kusangana,Kusangana
Disangisha,Rassemblement,2.0,Positive,Mot,Gathering,Idili,Byeenkoms,Kopano,Ukuqokelela,Kuungana,Kuunganidza
Disangishadiabintu,Collecte,1.0,Neutre,Mot,Collection,Izinto ezibuthelwe ndawonye,Versameling,Kgoboketšo,Ingqokelela,Unganidzo,Collection
Disanka,Plaisir,6.0,Positive,Mot,Pleasure,Injabulo,Genot,Boithabišo,Ulonwabo,Mafaro,Pleasure
Disanka(diadijidiladiantempelo),Grandejoie,5.0,Positive,Mot,Greatjoy,Thakazelayo,Groot vreugde,Greatjoy .,Mkhulu,Greatjoy,Mufaro mukuru
Disanka(ne),Joyeusement,4.0,Positive,Mot,Joyfully,-Nengelo,Vreugdevol,ka lethabo .,Ngovuyo,Nomufaro,Nomufaro
Disankadiamuoyo,Volupté,2.0,Positive,Mot,Voluptuousness,Ukuzinikela,Welwillendheid,Go ba le ditho tša ka ntle .,Ukuzivocavoca,Kutsiva,Voluptuousness
Disankadinene(ne),Transpor,0.0,Neutre,Mot,Transportation,Ukuthutha,Vervoer,Thomelo ka senamelwa,Ukuthutha,Zvekufambisa,Transportation
Disengelela;ditendekena,Supplication,3.0,Positive,Mot,Supplication,Ukunxusa,Smeking,Kgopelo .,Ukucela,Kuteterera,Kuteterera
Dishima,Tromperie,-7.0,Negative,Mot,Deception,Amacebo,Misleiding,Bofora .,Inkohliso,Kunyengera,Kunyengedza
Dishimbuka,Ruine,-8.0,Negative,Mot,Ruin,Ingqile incithakalikayo,Ruïne,Senya,Ukonakala,Kukuparadza,Ruin
Dishiya,Rive,1.0,Neutre,Mot,Shore,Ugu,Oewer,Lebopo,Unxweme,Mahombekombe,Shore
Disolayi,Soldat,2.0,Positive,Mot,Soldier,Ibutho,Soldaat,Lešole,Ijoni,Musoja,Murwi
Disombuela,Vengeance,-6.0,Negative,Mot,Revenge,Ukuphindisela,Wraak,Itefeletša,Ukuziphindezela,Kutsiva,Kutsiva
Disoso,Déchirure,-4.0,Negative,Mot,Tear,Ukudabula,Skeur,Gagola,Iinyembezi,Misodzi,Tear
Disu,Œil,1.0,Neutre,Mot,Eye,Ihlo,Oog,Leihlo,Iliso,Ziso,Ziso
Disu(disoso),Trou,-2.0,Positive,Mot,Hole,Umgodi,Gat,Lešoba,Umngxunya,Gomba,Hole
Disua,Souhait,2.0,Positive,Mot,Wish,Fisa,Wens,Duma,Ndinqwenela,Chishuwo,Wish
Ditua(diamuelewanvita),Tranchant,2.0,Positive,Mot,Sharp,-Bukhali,Skerp,Bogale,Bukhali,Kupinza,Sharp
Dituamikemu,Gémissement,-3.0,Negative,Mot,Groan,Ukugquma,Kreun,Go lla ga go lla .,Nchu,Kugomera,Groan
Ditubula,Pénétrant,1.0,Positive,Mot,Penetrating,Ukungeniswa,Indringend,Go tsenelela .,Ukungena,Kupinda,Inopinza
Dituku,Jour,2.0,Positive,Mot,Day,Usuku,Dag,Letšatši,Usuku,Zuva,Zuva
DitukudiaDiledibua,Anniversairedenaissance,3.0,Positive,Mot,Birthday,Usuku lokuzalwa,Verjaarsdag,Letšatši la matswalo,Usuku lokuzalwa,Bhavhdhe,Bhavhdhe
Ditukudiadisanka,Fête,4.0,Positive,Mot,Party,Inhlangano,Partytjie,Mokgatlo,Itheko,Party,Party
DitukudiaMukelenge,JourduSeigneur,5.0,Positive,Mot,DayoftheLord,I-DayoOfseOlord,Dag van die Here,DayofTheMorena .,I-DayOfTeLord,DayfitHothord,Zuva raIshe
Ditumbisha,Louange,6.0,Positive,Mot,Praise,Dumisa,Lofprysing,Tumiša,Indumiso,Rumbidzo,Rumbidzai
Ditumikila,Soumission,3.0,Positive,Mot,Submission,Ukuthobela,Voorlegging,Boikokobetšo,Inguquko,Kuzviisa pasi,Submission
Ditupakana,Ignorance,-5.0,Negative,Mot,Ignorance,Ukungazi,Onkunde,Go hloka tsebo .,Ukungazi,Kusaziva,Kusaziva
Diulu,Ciel,4.0,Positive,Mot,Sky,Isibhakabhaka,Hemel,Lefaufau,Isibhakabhaka,Denga,Sky
Diumusha,Enlèvement,2.0,Positive,Mot,Kidnapping,Ukuthwala,Ontvoering,Go thopša ga batho .,Ukuthintela,Kupamba,Kidnapping
Diunvuika,Retentissant,2.0,Positive,Mot,Resounding,-Ndumisa,Dawerend,Go kwagala .,Ukubuyela,Kutendeuka,Resounding
Divulangana,Débordement,5.0,Positive,Mot,Overflow,Phuphuma,Oorloop,Go tlala .,Iphezulu,Kufashukira,Kufashukira
Divuluka,Souvenir,3.0,Positive,Mot,Memory,Ukukhumbula,Geheue,Kgopolo,Imemori,Ndangariro,Memory
Divundulula,Mouvement,0.0,Neutre,Mot,Movement,Ukuzamazama,Beweging,Mosepelo,Intshukumo,Kufamba,Movement
Diyi,Voix,2.0,Positive,Verbe,Voice,Iphimbo,Stem,Lentšu,Ilizwi,Izwi,Voice
Diyi(diunvua),Message,3.0,Positive,Mot,Message,Izwi elithunyelweyo,Boodskap,Molaetša,Umyalezo,Meseji,Mharidzo
Diyidimue,Accord,4.0,Positive,Mot,Agreement,Isivumelwano,Ooreenkoms,Tumelelano,Isivumelwano,Chibvumirano,Chibvumirano
Diyisha,Prédication,4.0,Positive,Mot,Preaching,Ukushumayela,Prediking,Go rera .,Ukushumayela,Kuparidza,Kuparidza
Diyisha(meyi),Doctrine,3.0,Positive,Mot,Doctrine,Imfundiso,Leerstelling,Thuto .,Imfundiso,Dzidziso,Dzidziso
Diyoyi,Clameur,5.0,Positive,Mot,Clamor,Umkhumbi wakhomba,Gerrie,Go hlalefetša .,I-Clamor,Kupopota,Clamour
Diyoyo,Crierie,-5.0,Negative,Mot,Criery,Imfihlo,Huil,Sediere .,Ceriry,Cramer,Kuchema
"Diyoyo,Disumpakana",Confusion,-6.0,Negative,Mot,Confusion,Isidididi,Verwarring,Tlhakatlhakano,Ukudideka,Nyonganiso,Kuvhiringidzika
E(Bulelelamenemene),Certes,0.0,Neutre,Mot,Certainly,Impela,Sekerlik,Ka nnete,Ngokuqinisekileyo,Zvirokwazvo,Zvirokwazvo
Ekola,École,3.0,Positive,Mot,School,Isikole,Skool,Sekolo,Isikolo,Chikoro,Chikoro
Ekuneeku(Kutangadika),Çaetlà,0.0,Neutre,Mot,Here and there,Lapha nalaphaya,Hier en daar,mo le mo .,Apha kwaye apho,Heino uye ipapo,Pano nepapo
Emeraude,Émeraude,2.0,Positive,Mot,Emerald,Emerald,Smarag,Emerald .,I-emerald,Emerald,Emerald
Epikuleo,Épicurien,5.0,Positive,Mot,Epicurean,Isesikhukazi,Epikuriese,Epicurean .,Epikuyan,Epicurean,Epikuro
Esete,Orient,1.0,Neutre,Mot,East,Impumalanga,Oos,Bohlabela,Bucala ngasekhohlo,Mabvazuva,Mabvazuva
Etata,Ephphatha,5.0,Positive,Mot,Ephphatha,I-Ephphatha,Effata,Ephphatha .,Efpatha,Efirha,Efata
Kufilamulubu,Rapporter,1.0,Positive,Verbe,Report,Ukwenza umbiko,Rapporteer,Pego,Ingxelo,Chirevo,Report
Kufinda,Sombre,4.0,Positive,Verbe,Dark,-Hwelele,Donker,Leswiswi,Mnyama,Rima,Rima
KufindakuaNvula,Orage,5.0,Positive,Verbe,Thunderstorm,Isiphepho,Donderstorm,Ledimo la go duma .,Indudumo,Kutinhira,Mabhanan'ana
Kufua,Mourir,7.0,Positive,Verbe,Die,Shona,Sterf,Hlokofala,Ufe,Kufa,Die
Kufualuse,Apaiser,6.0,Positive,Verbe,Soothe,Slothe,Kalmeer,Soothe .,Toothe,Soothe,Soothe
Kufuana,Ressembler,9.0,Positive,Verbe,Look like,Kufana ne,Lyk soos,Lebelela bjalo ka .,Ibonakala njenge,Fanana,Fanana
Kufuangikija,Supposer,8.0,Positive,Verbe,Assume,Cabangela,Aanvaar,Bona gore,Cinga,Fungidzira,Fungidzira
Kufuanyikija,Représenter,4.0,Positive,Verbe,Represent,Mela,Verteenwoordig,Emela,Zimele,Inomiririra,Represent
Kufuanyikila,Imagination,4.0,Positive,Verbe,Imagination,Okubunjwe inhliziyo,Verbeelding,Boikgopolelo .,Umbono,Kufungidzira,Kufungidzira
Kufubidisha,Sécher,9.0,Positive,Verbe,Dry,-Omile,Droog,Omile,Yomile,Kuoma,Dry
Kufubila,Flétrir,9.0,Positive,Verbe,Wither,Vutha,Verdor,M o o t r e r .,Buna,Vaoma,Wither
Kufuilangana,Interdire,9.0,Positive,Verbe,To forbid,Ukwenqabela,Om te verbied,Go thibela .,Ukunqanda,Kurambidza,Kurambidza
Kufuka,Créer,9.0,Positive,Verbe,Create,Dala,Skep,Hlama,Dala,Gadzira,Create
Kufuma,Revenir,8.0,Positive,Mot,To come back,Ukubuya,Om terug te kom,go boa .,Ukubuya,Kudzoka,Kudzoka
Kufuna(bulobo),Déchaîner,8.0,Positive,Mot,Unleash,Dela,Ontketen,Unleash .,Ungenise,Uleash,Unleash
Kufunafuna,Jactance,-1.0,Negative,Mot,Jactance,Ukujena,Jaktance,Jactance .,Jackence,Jactance,Jactance
Kufunda,Prescrire,7.0,Positive,Mot,Prescribe,Khetha,Voorskryf,laela .,Nikezela,Nyora,Nyora
Kufunda,Rédiger,7.0,Positive,Verbe,Write,Bhala,Skryf,Ngwala,Bhala,Nyora,Nyora
Kufunda,Inscrire,7.0,Positive,Mot,Register,Regista,Registreer,Ingwadiša,Irejista,Rejista,Register
Kufundapatshintutshikole(dibue…),Graver,-1.0,Negative,Mot,Engrave,Ukuqopha ukudweba,Graveer,Engrave .,Ukuqhutywa,Engrave,Engrave
"Kufunda,kusangisha",Composer,1.0,Positive,Mot,Compose,Lahlela,Komponeer,Hlama .,Qamba,Nyora,Nyora
Kufundisha,Enregistrer,1.0,Positive,Mot,Save,Hlenga,Stoor,Boloka,Gcina,Chengetedza,Sevha
Kufuta,Payer,3.0,Positive,Mot,Pay,Bhadala,Betaal,Lefa,Hlawula,Kubhadhara,Pay
Kufutadibanza,Dépenser,4.0,Positive,Mot,Spend,Khipha,Spandeer,Ntšha tšhelete,Chitha,Shandisa,Shandisa
Kuiba,Dérober,5.0,Positive,Mot,Steal,Ntshontsha,Steel,Utswa,Ukuba,Kuba,Kuba
Kuibaka,Bâtir,-3.0,Negative,Mot,Build,Akha,Bou,Aga,Yakha,Kuvaka,Vaka
kuibakulula,Réédifier,6.0,Positive,Mot,Re-edit,Hlela kabusha,Redigeer,hlophisa botjha .,Hlela kwakhona,Re-kugadzirisa,Re-edit
Kuidikija,Imiter,8.0,Positive,Verbe,Imitate,Lingisa,Imiteer,Ekiša .,Xelisa,Tevedzera,Tevedzera
Kuikala,Exister,9.0,Positive,Mot,Exist,Hlala,Bestaan,Go ba gona,Zikhona,Kuvapo,Uripo
Kuikala(muakuwapamuanda),Être,8.0,Positive,Mot,Be,Yiba,Wees,Go ba,Yiba,Be,Iva
Kuikala(muaku),Être,-3.0,Negative,Mot,Be,Yiba,Wees,Go ba,Yiba,Be,Iva
Kuikala(mukumbane),Capable,1.0,Positive,Mot,Able,-Kwazi,Bekwaam,Kgona,Uyakwazi,Kugona,Able
Kuikalamufue,Mort,9.0,Positive,Mot,Dead,-Fileyo,Dood,Hlokofetše,Ufile,Akafa,Vakafa
Kuikalamunyokibue,Torturé,1.0,Positive,Mot,Torture,Nqamuleza,Marteling,Tlaiša,Intuthumbo,Kushungurudzwa,Kutambudza
Kuikalamusungudibuediambedi,Préordonner,-9.0,Negative,Mot,Preorder,Ngaphambi koku-oda,Voorafbestelling,Preorder .,I-ODA yangaphambili,Preorder,Preorder
Kuikalamutambibue,Vaincu,-8.0,Negative,Mot,Defeated,Kunqobile,Verslaan,E fentšwe .,Yoyisiwe,Kukundwa,Kukundwa
Kuikalamutshimunyi,Vainqueur,3.0,Positive,Mot,Winner,Owinileyo,Wenner,Mofenyi .,Ophumeleleyo,Kuhwina,Winner
Kuikalane(bukokeshi),Disposer,2.0,Positive,Mot,Arrange,Hlela,Reël,Beakanya,Cwangcisa,Ronga,Ronga
Kuikalanebua,Devoir,6.0,Positive,Mot,Duty,Isibopho,Plig,Mošomo,Umsebenzi,Basa,Basa
Kuikalanedikima,Enhardir,5.0,Positive,Mot,Embolden,Mbumba,Embolden,Sethunya sa go ba le sebete .,Embolden,Embolden,Embolden
KuikalaneMukawu,Envieux,8.0,Positive,Mot,Envious,-Hawukelayo,Afgunstig,mona .,Onemona,Godo,Shanje
Kuikalanemusangu(netshikondo),Vaquer,9.0,Positive,Verbe,Vacation,Ikhefu,Vakansie,Maikhutšo,Iholide,Zororo,Zororo
Kuikalanentema,Attentif,1.0,Positive,Verbe,Attentive,-Qaphelisayo,Oplettend,HLOKOMELANG .,Imamela,Teerera,Attentive
Kuikalanetshikondo,Loisir,-8.0,Negative,Verbe,Leisure,Ukuzihlalela,Ontspanning,Boiketlo,Ukuzonwabisa,Kusununguka,Kutandara
Kuikalakukumubidi,Présence,4.0,Positive,Verbe,Presence,Ukuba khona,Teenwoordigheid,Go ba gona,Ubukho,Kuvapo,Huvepo
Kuikalanemuoyo,Vivre,5.0,Positive,Verbe,Live,Zwa,Leef,Phela,Phila,Rarama,Rarama
Kuikisha,Récréer,9.0,Positive,Verbe,Recreate,Buyisela,Herskep,Bopa gape .,Phinda,Varaidzo,Recreate
Kuimana,Arrêter,-5.0,Negative,Mot,Stop,Ima,Stop,Ema,Yeka,Mira,Mira
Kuimansha,Arracher,-8.0,Negative,Mot,To tear out,Ukudiliza,Om uit te skeur,Go gagoga .,Ukuthoba,Kubvarura,Kubvarura
Kuimanyika,Suspendre,3.0,Positive,Verbe,Suspend,Hlehlisa,Opskort,Go emišwa .,Nqumamisa,Kumisa,Suspend
Kuimanyikakutshilumbuluidi,Traduire,4.0,Positive,Mot,Translate,Humusha,Vertaal,Fetolela,Guqula,Dudziro,Shandura
Kuimba,Chanter,6.0,Positive,Verbe,Sing,Cula,Sing,Opela,Cula,Imba,Imbai
Kuinamumayimanene,Noyer,-5.0,Negative,Verbe,Walnut,Ziyadliwa,Okkerneut,Walnut .,I-walnut,Walnut,Walnut
Kuinama,Baisser,7.0,Positive,Verbe,Lower,Shonisa,Laer,Fasana,Isezantsi,Kuderera,Lower
Kuindila,Attendre,3.0,Positive,Verbe,To wait for,Ukulinda,Om te wag,go leta .,Ukulinda,Kumirira,Kumirira
Kuinjidila,Renfermer,7.0,Positive,Verbe,Enclose,Buyela,Sluit in,Akaretša .,Faka,Enclose,Enclose
Kuinyika,Motmer,9.0,Positive,Verbe,Motmer,Umhumushi,Motmer,Motmer .,Umzobo,Motmer,Motmer
"Kuinyika(dina),kubikila",Appeler,1.0,Positive,Verbe,To call,Ukushayela ucingo,Om te bel,go bitša .,Ukubiza,Kufona,Kufona
Kuinyisha,Plonger,6.0,Positive,Mot,Dive,Ziphonsa ngekhanda emanzini,Duik,Thinya,Dive,Dive,Dive
Kuipata;kumusha,Chasser,1.0,Positive,Verbe,Hunt,Ukuzingela,Jag,Tsoma,Ukuzingela,Kuvhima,Hunt
Kuipatshila,Aborder,1.0,Positive,Verbe,To land,Ukufika Emhlabeni,Om te land,go kotama .,Emhlabeni,Kusvika pasi,Kudzika
Kuipila,Déchausser,5.0,Positive,Verbe,Take off your shoes,Susa izicathulo zakho,Trek jou skoene uit,Tloša dieta tša gago .,Susa izihlangu zakho,Bvisa shangu dzako,Bvisa shangu dzako
Kuitabuatu,Ramer,-9.0,Negative,Verbe,Row,Gwedla,Ry,Mothalo,Umqolo,Mutsara,Row
Kuitabuja,Accepter,-9.0,Negative,Verbe,Accept,Amukela,Aanvaar,Amogela,Yamkela,Gamuchira,Gamuchira
Kuitabuja(bualu),Affirmer,4.0,Positive,Mot,Affirm,Nyanisa,Bevestig,Tiiša .,Qinisekisa,Simbisa,Bvisa
"Kuitabuja,kuangatakumudimu",Engager,-8.0,Negative,Verbe,Engage,Sebenzisa iqhaza,Betrek,Beeletša,Ukuzibandakanya,Ita,Engage
Kuitabujibua,Acceptation,6.0,Positive,Verbe,Acceptance,Ukwamukela,Aanvaarding,Kamogelo .,Ukwamkelwa,Kugamuchirwa,Kubvuma
Kuitabusha,Pernicieux,2.0,Positive,Verbe,Pernicious,-Nonya,Verderflik,E senyago .,Enomsindo,Kuwirirana,Inotyisa
Kûja,Remplir,4.0,Positive,Verbe,Fill,Gcwalisa,Vul,Tlatša,Gcwalisa,Zadza,Zadza
Kujadika,Approuver,5.0,Positive,Verbe,Approve,Vumela,Keur goed,Dumelela,Vuma,Bvumidza,Bvumira
Kujalama,Ferme,2.0,Positive,Verbe,Farm,Ipulazi,Plaas,Polase,Ifama,Purazi,Farm
Kujana,Murmurer,1.0,Positive,Verbe,Whisper,Nyenyeza,Fluister,Hwenahwena,Whisper,Whisper,Zevezera
Kujanguluka,Tarder,3.0,Positive,Verbe,Delay,Libazisa,Vertraag,Diega,Ukulibaziseka,Kunonoka,Kunonoka
Kujibika,Boucher,3.0,Positive,Verbe,Butcher,ukuhlaba inyama,Slagter,Butcher ya nama .,umxheli,Butcher,Butcher
Kujidila,Consacrer,2.0,Positive,Mot,Dedicate,Nikela,Wyd toe,ineela .,Nikezela,Tsaurira,Dedicate
Kujika,Défaillir,3.0,Positive,Verbe,Fail,Phutha,Misluk,Palelwa,Usilele,Kutadza,Fail
Kujikija,Accomplir,4.0,Positive,Verbe,Accomplish,Feza,Voltooi,Fihlelela,Phumeza,Zadzisa,Pedzisa
Kujikuila,,1.0,Positive,Verbe,nah,nah,nee,Nah .,nah,Nah,nah
Kujilakuabiakudia,Jeûner,-7.0,Negative,Verbe,Fast,Sheshayo,Vinnig,Potlako,Ngokukhawuleza,Nekukurumidza,Fast
Kujima,Éteindre,2.0,Positive,Verbe,Turn off,Vala,Skakel af,Tima .,Cima,Dzima,Dzima
Kujimija,Abolition,1.0,Positive,Verbe,Abolition,Ukuqedelana,Afskaffing,Go fedišwa .,Ukupheliswa,Kubviswa,Kubviswa
Kujimika,Perle,1.0,Positive,Mot,Pearl,Amaphelisi,Pêrel,Perela .,Iperile,Pearl,Pearl
Kujimina,Effacer,1.0,Positive,Mot,To erase,Ukusula,Om uit te vee,Go phumola .,Ukucima,Kudzima,Kudzima
Kujingila,Bander,2.0,Positive,Mot,Get hard,Thola kanzima,Word hard,thata .,Yiba nzima,Tora Zvakaoma,Wana zvakaoma
Kujingila,Emmailloter,-5.0,Negative,Verbe,Swaddle,Swaddle,Swaddle,Swaddle .,Swaddle,SWADDLE,Swaddle
Kujinguluila,Expliquer,-9.0,Negative,Verbe,Explain,Chasisa,Verduidelik,Hlaloša,Chaza,Tsanangura,Tsanangura
Kujingulula,Discerner,4.0,Positive,Verbe,Discern,Hlola,Onderskei,Temogo .,Qaphela,Nzwisisa,nzwisisa
Kujula,Déraciner,4.0,Positive,Verbe,Uproot,Isiphepho,Ontwortel,Go tumolwa ka medu .,Ukuphosa,Kumutsa,Bvisa
Kujuladiyoyo,Contester,4.0,Positive,Mot,Challenge,Cela,Uitdaging,Tlhotlo,Umngeni,DAMBUDZIKO,Dambudziko
"Kukama,kuma",Tarir,4.0,Positive,Verbe,Dry up,Yomile,Droog op,Omisa godimo .,Yomisiwe,Kuoma,Dry up
Kukanda,Bride,4.0,Positive,Verbe,Flange,I-flange,Flens,Flange .,Iflange,Flange,Flange
Kukanda(Kakuyi),Empêchement,4.0,Positive,Verbe,Prevention,Ukuvimbela,Voorkoming,Thibelo .,Ukuthintela,Kudzivirira,Kudzivirira
Kukandika,Enjoindre,4.0,Positive,Verbe,Enjoin,Isixumulo,Gee aan,enjoin .,Yayalela,Fungai,Enjoin
Kukanga,Fermer,-2.0,Negative,Verbe,Close,Ngokuminyanisa,Maak toe,Tswalela,Vala,Vhara,Close
Kukangila,Enfermer,2.0,Positive,Verbe,Lock up,Ukukhiya,Sluit toe,Notlela godimo .,Tshixela,Kukiya,Kukiya
Kukanka,Frémir,2.0,Positive,Verbe,Shudder,Shukume,Ridder,Go thothomela .,Umthubi,Shudder,Shudder
Kukanyina,Menacer,2.0,Positive,Verbe,Threaten,Songela,Dreig,Tšhošetša,Songela,Kutyisidzira,Kutyisidzira
Kukeba,Chercher,2.0,Positive,Verbe,Seek,Khwathaza,Soek,Nyaka,Funa,Tsvaga,Tsvaga
Kukebanelukunukunu,Rechercher,2.0,Positive,Verbe,To research,Ukucwaninga,Om navorsing te doen,go dira nyakišišo .,Ukuqhuba,Kutsvagisa,Kutsvakurudza
Kukebulula,Sonder,2.0,Positive,Verbe,Probe,Icala lolo munye noma,Ondersoek,Probe .,Probe,Probe,Probe
Kukema,Ému,2.0,Positive,Verbe,Moved,Ethuse,Geskuif,Moved .,Ishukunyisiwe,Kutama,Asuduruka
Kukemesha,Étonne,2.0,Positive,Verbe,Surprised,Mangangele,Verras,Maketše,Yamangaliswa,Akashamisika,Akashamisika
Kukenga,"Souffrir,Subir",-4.0,Negative,Mot,"Suffer, Suffer","Ahlupheke, ahlupheke","Ly, ly","tlaišega, tlaišega .","Buhlungu, yiva","Tambura, tambura","Kutambudzika, Kutambudzika"
Kukenga(bikole),Cruellement,-4.0,Negative,Mot,Cruelly,-Nonya,Wreed,Ka sehlogo .,Ngenkani,Zvine hutsinye,Hutsinye
"Kukengela,kuikalabikengela",Falloir,-4.0,Negative,Mot,To need,Ukudinga,Om te benodig,go hloka .,Ukufuna,Kuda,Kuda
Kukengesha,Dévaster,1.0,Positive,Mot,Devastate,Bhuqa,Verwoest,Senya sa go senya .,Chitha,Kuparadza,Devastate
Kukenka,Briller,4.0,Positive,Mot,Shine,Khanya,Skyn,Phadima,Kukhanya,Penya,Shine
"Kukenka,kutema",Reluire,-2.0,Negative,Verbe,Shine,Khanya,Skyn,Phadima,Kukhanya,Penya,Shine
Kukenkesha,Illuminer,-3.0,Negative,Mot,Illuminate,Khanyisa,Verlig,Sedile .,Khanyisa,Kuvhenekera,Illuminate
Kukepesha,Abréger,1.0,Positive,Verbe,Shorten,Nciphisa,Verkort,Khutsufatsa .,Mfutshane,Kupfupisa,Shorten
Kukina,Horreu,-5.0,Negative,Verbe,Horror,Ukwesaba okukhulu,Gruwel,Poifo,Yorar,Zvinotyisa,Zvinotyisa
Kukoka,Attirer,2.0,Positive,Verbe,Attract,Khanga,Lok,Ba le maatlakgogedi,Tsala,Kukwezva,Attract
Kukoka,Tirer,2.0,Positive,Verbe,To pull,Ukudonsa,Om te trek,Go goga .,Ukutsala,Kudhonza,Kudhonza
Kukokela,Assujettir,2.0,Positive,Verbe,Subject,Beka,Onderwerp,Hlogotaba,Isifundo,Musoro,Chidzidzo
Kukokesha,Alimenter,2.0,Positive,Mot,Feed,Idili,Voer,Fepa,Yondla,Kudyisa,Feed
Kukolesha,Affermir,-3.0,Negative,Mot,Strengthen,Qinisa,Versterk,Matlafatsa .,Yomeleza,Simbisa,Simbisa
Kukolesha(mutshima),soncœur,6.0,Positive,Mot,his heart,Inhliziyo Yakhe,sy hart,Pelo ya gagwe .,Intliziyo yakhe,Mwoyo Wake,mwoyo wake
Kukoleshakuamutshima,Courage,3.0,Positive,Verbe,Courage,Isibindi,Moed,Mafolofolo,Isibindi,Ushingi,Courage
Kukomba,Balayer,-9.0,Negative,Mot,Sweep,Shanela,Vee,Swiela,Ukutshayela,Kutsvaira,Tsvaira
Kukonka,Interroger,1.0,Positive,Verbe,Ask,Buza,Vra,Kgopela,Buza,Bvunza,Bvunza
Kukonkangana,Entre-demander,1.0,Positive,Mot,Inter-ask,Inter-Buza,Inter-vra,Inter-kgopelang .,Ungene,Inter-bvunza,Inter-bvunza
Kukonya(binu),Ployer,1.0,Positive,Verbe,Ploy,Amapulangwe,Ploeg,Leano la go ba le molao .,Ploy,Ploy,Ploy
Kukonyangaja,Tordre,1.0,Positive,Mot,Twist,Sontana,Draai,Sopha,Twist,Twist,Twist
Kukosa,Couper,-1.0,Negative,Mot,Cut,Ukusika,Sny,Ripa,Sika,Cheka,Cheka
Kukosamutu,Décapiter,2.0,Positive,Mot,Decapitate,Khohlisa,Onthoof,Decapitate .,Isidingu,Kudengenyeka,Decapitate
Kukosanensele,Scier,4.0,Positive,Mot,Saw,Isaha,Saag,Bone,Wabona,Saw,Saw
Kukoyobuka,Dévoyer,4.0,Positive,Mot,Deflect,Delela,Deflekteer,Deflect .,Ukuthotywa,Deflect,Deflect
Kukuabu,Ailleurs,4.0,Positive,Verbe,Elsewhere,Kwenye indawo,Elders,Felo go gongwe .,Kwenye indawo,Kumwe kunhu,Kumwewo
Kukuamba,Rapporter,4.0,Positive,Verbe,Report,Ukwenza umbiko,Rapporteer,Pego,Ingxelo,Chirevo,Report
Kukuata,Imposer,4.0,Positive,Verbe,Impose,Thela,afdwing,Lefiša,Faka,Kumanikidza,Kumanikidza
Kukuatamudimu,Administrer,4.0,Positive,Verbe,Administer,Singatha,Administreer,Go laola .,Phatha,Maneja,Administrator
Kukuatshika,Enivrer,-3.0,Negative,Verbe,Intoxicate,Intombazanazazana,Bedwelm,Botaki .,Yiyo,Kudhira,Intoxicate
Kukuatshikane(…buowa),Emparer,4.0,Positive,Verbe,Seize,Qhwaga,Gryp,Golega,Bamba,Mubate,Seize
Kukuatshisha,Aider,-2.0,Negative,Verbe,Help,Usizo,Help,Thušo,Nceda,Rubatsiro,Help
Kukuatshisha(nebintu),Kukuatshisha,-1.0,Negative,Verbe,Kukuatshisha,Kukuatshisha,Kukuatshisha,Kukuatshisha .,I-Kukuatshisha,Kukuatshisha,Kukuatshisha
Kukuatshishakudidiunda,Contribueràl'avancement,-6.0,Negative,Verbe,Contribute to advancement,Yiba nokuthuthuka,Dra by tot vooruitgang,Go tsenya letsogo go tšwelopele .,Igalelo kwinkqubela phambili,Batsira kufambira mberi,Batsira kufambiro mberi
Kukuba,Épargner,2.0,Positive,Verbe,Save,Hlenga,Stoor,Boloka,Gcina,Chengetedza,Sevha
Kukudika,Pendre,2.0,Positive,Verbe,Hang,Zula,Hang,Ikgama,Hang,Hang,Hang
Kukudimuka,Convertir,2.0,Positive,Verbe,Convert,Guqula,Skakel om,Fetoša,Guqula,Shandura,Shandura
Kukudimuna,Changer,2.0,Positive,Verbe,To change,Ukushintsha,Om te verander,go fetoga .,Ukutshintsha,Kuchinja,Kuchinja
Kukudimunakuamutshima,Conversion,-1.0,Negative,Verbe,Conversion,Ukuphenduka,Omskakeling,Phetolelo ya go sokologa .,Ukuguqulwa,Kutendeuka,Kutendeuka
Kukuila,Hommage,5.0,Positive,Verbe,Tribute,Okuhlonipha,Huldeblyk,Tribute .,Irhafu,Mutero,Tribute
Kukukuila,Adorer,6.0,Positive,Verbe,Worship,Dumisa,Aanbidding,Tumiša,Unqulo,Kunamata,Kunamata
Kukulakaja,Kukulakaja,2.0,Positive,Verbe,Kukulakaja,Kukulakaja,Kukulakaja,Kukulakaja .,I-Kwenzeka,Kukura Ka,Kukurakaja
Kukuma,Châtier,1.0,Positive,Verbe,Punish,Hlawulisa,Straf,Go otla .,Ukohlwaya,Kuranga,Ranga
Kukumadikasaku,Heurter,-2.0,Negative,Verbe,Hit,Shaya,Tref,Betha,Hit,Rova,Hit
Kukumakumutshimutshiamakane,Crucifier,3.0,Positive,Verbe,Crucify,Mbethela,Kruisig,Go bapola .,Mbethelele,Kurovererwa,Murovererei
Kukumamutshima,Convoiter,2.0,Positive,Verbe,Covet,Vala,Begeer,Kganyogo ya go kganyogwa .,Inkanuko,Kuchiva,Covet
Kukumbaja,Compléter,4.0,Positive,Verbe,Complete,Feza,Voltooi,Feleletše,Gcwalisa,Zadzisa,Complete
"Kukumbaja,kuwuja",Abonder,4.0,Positive,Mot,Abound,Ningi futhi,Oorvloedig,a atile .,Indand,Zvakawanda,Akawanda
Kukumbana,Suffisant,4.0,Positive,Mot,Sufficient,-Lingene,Voldoende,Lekanetšego,Zanele,Kukwana,Zvakakwana
Kukumbanababungi,Multiplier,4.0,Positive,Verbe,Multiply,Andisa,Vermenigvuldig,atisa .,Phinda-phinda,Wedzera,Wanza
Kukumbanyina,Mériter,4.0,Positive,Verbe,Deserve,Fanela,Verdien,Swanelwa ke,Kufanelekile,Zvakakodzera,Deserve
Kukuna,Planter,4.0,Positive,Verbe,Plant,Tshala,Plant,Semela,Tyala,Chirimwa,Plant
Kukungija,Ramasser,4.0,Positive,Verbe,Pick up,Phakamisa,Tel op,Topa,Phakamisa,Nhonga,Nhonga
Kukungula,Rugir,4.0,Positive,Verbe,Roar,Bhosa,Gebrul,Go rora .,Roar,Roar,Roar
Kukuobamisha,Courber,4.0,Positive,Verbe,Bend,Gobisa,Buig,Koba,Gobe,Bend,Bend
Kukupa,Lancer,4.0,Positive,Mot,Throw,Phonsa,Gooi,Foša,Phosa,Kukanda,Kanda
Kukupamutu,Hocher,4.0,Positive,Verbe,Nod,Nqekuzisa ikhanda,Knik,nod .,Nod,Nod,Nod
Kukupula,Essuyer,4.0,Positive,Verbe,To wipe,Ukusula,Om af te vee,Go phumola .,Ukusula,Kupukuta,Kupukuta
Kukuta(kumeyi…),Surprendre,4.0,Positive,Verbe,Surprise,Mangaza,Verrassing,Makatša,Ukumangala,Kushamisika,Kushamisika
Kukutshisha,Rassasier,4.0,Positive,Verbe,Satisfy,Gculisa,Bevredig,Kgotsofatša,Yanelisa,Kugutsa,Satisfy
Kûla,"Emplir,Enfler",-7.0,Negative,Mot,"Fill, Swell","Gcwalisa, ukuvuvukala","Vul, Swell","Tlatša, go ruruga .","Gcwalisa, dumba","Zadza, zvitsvage","Zadza, Zvimba"
Kuladiyibikole,Écrier,-5.0,Negative,Verbe,Write,Bhala,Skryf,Ngwala,Bhala,Nyora,Nyora
Kûlakuamusulu,Inondation,4.0,Positive,Verbe,Flood,Isikhukhula,Vloed,Mafula,Umkhukula,Mafashama,Mafashamo
Kulaba,Embaumer,4.0,Positive,Verbe,Embalm,Insolo,Balsem,Setlolo sa go tlotša .,Imfazwe,Kusasika,Embalm
Kulabamanyi,Oindre,4.0,Positive,Verbe,Anoint,-Nela phansi,Salf,Tlotši ya go tlotša .,Ithambiso,Anoint,Anoint
Kulabula,Goûter,4.0,Positive,Verbe,To taste,Ukunambitha,Om te proe,Go latswa .,Ukungcamla,Kuravira,Kuravira
Kulaka,Lécher,4.0,Positive,Verbe,Lick,Khotha,Lek,Latswa,Lick,Lick,Lick
Kuloka,Pleuvoir,4.0,Positive,Verbe,Rain,Imvula,Reën,Pula,Imvula,Kunaya,Mvura
"Kulala,kuladika",Loger,4.0,Positive,Verbe,Accommodate,Hlalisa,Akkommodeer,Amohelang .,Hlala,Gadzirira,Accommodate
Kulama,Conservation,4.0,Positive,Verbe,Conservation,Ukongiwa,Bewaring,Pabalelotlhago,Ulondolozo,Kuchengetedza,Kuchengetedza
"Kulama,kushiya",Réserver,4.0,Positive,Mot,To book,Ukubhuka,Om te bespreek,Go beakanya puku .,Ukubhuka,Kubhuku,Kubhuku
Kulamakaja,Unir,4.0,Positive,Verbe,Unite,Bandakanya,Verenig,Kopanya .,Ndidibanise,Kubatana,Kubatana
Kulamakajibua,Participation,4.0,Positive,Verbe,Participation,Ukuhlanganyela,Deelname,Go tšea karolo .,Ukuthatha inxaxheba,Kutora chikamu,Kutora chikamu
Kulamata,Dépendre,4.0,Positive,Verbe,Depend,Enqika,Hang af,Holofela,Kuxhomekeke,Zvinoenderana,Depend
Kulambuisha,Percevoir,4.0,Positive,Verbe,Perceive,Qonda,Waarneem,Lemoga,Qaphela,Zvinonzwisisika,Perceive
Kulambula,Sacrifier,4.0,Positive,Verbe,Sacrifice,Hlabela,Opoffering,Ba sehlabelo,Ukubingelela,Chibayiro,Chibayiro
Kulamikaditambadiamutshi,Enter,4.0,Positive,Verbe,Enter,Ngena,Voer in,Tsena,Ngena,Pinda,Enter
Kulaya,Ajourner,-5.0,Negative,Verbe,Adjourn,Hlehlisa,Verdaag,Go šuthiša nako .,I-adjord,Adjururur,Adjourn
Kulayidila,Excuser,3.0,Positive,Verbe,Excuse,Xolela,Ekskuus,Lebalela,Uxolo,Ruregerero,Kuregerera
Kule(udi),Éloigné,3.0,Positive,Verbe,Distant,-Buqamama,Veraf,Kgole .,Kude,Kureba,Kure
Kuledibua,Naissance,3.0,Positive,Verbe,Birth,Ukuzalwa,Geboorte,Matswalo .,Ukuzalwa,Kuzvarwa,Kuzvarwa
Kuledibuakuatshiakabidi,Naîtredenouveau,3.0,Positive,Verbe,be born again,ukuzalwa kabusha,wedergebore word,Tswala gape .,ndizalwe ngokutsha,bereka patsva,kuzvarwa patsva
Kuleja,Indiquer,3.0,Positive,Verbe,Indicate,Khombisa,Dui aan,Laetša,Bonisa,Ratidza,Ratidza
Kulejatshilema,Reprocher,3.0,Positive,Verbe,To reproach,Ukuhlambalaza,Om te verwyt,go nyatša .,Ukugculelwa,Kushora,Kuzvidza
Kulekela,Abandon,3.0,Positive,Verbe,Abandonment,Ukulahlwa,Verlating,Go Tloga .,Ukuyeka,Kusiiwa,Kusiiwa
Kulekelela,Acquitter,3.0,Positive,Verbe,Acknowledge,Vuma,Erken,Amogela,Vuma,Bvuma,Bvuma
Kulekelelamuntububi,Pardonner,-3.0,Negative,Verbe,Forgive,Xolela,Vergewe,Lebalela,Xolela,Kanganwira,Regererai
Kulela,Accoucher,-4.0,Negative,Verbe,Give birth,Zala,Geboorte gee,go belega .,Zala,Zvara,Zvara
Kulelelatshiakabidi,Régénérer,4.0,Positive,Verbe,Regenerate,Hlanganisa,Regenereer,Tsošološa .,Hlaziya kwakhona,Regenerate,Regenerate
Kulenduisha,Scandaliser,4.0,Positive,Verbe,Scandalize,Ona,Skandaaliseer,Scandalize .,Hlamba,Nyadzisa,Scandalize
Kulenduka,Broncher,-2.0,Negative,Verbe,Flinch,Umgqugquzo,Flinch,Flinch .,I-flinch,Flinch,Flinch
Kulenga,Toucher,5.0,Positive,Verbe,To touch,Ukuthinta,Om aan te raak,Go kgoma .,Ukuchukumisa,Kubata,Kubata
Kulengeja,Orner,5.0,Positive,Verbe,Adorn,Hlabisa,Versier,Mokgabišo .,I-adorn,Shongedza,Adorn
Kulengejatshishiki,Perfidie,-6.0,Negative,Verbe,Perfidy,Umphetho,Perfiditeit,Perfidy .,I-perfidy,Perfidy,Perfidy
Kulengeja,Sanctifier,3.0,Positive,Verbe,Sanctify,Ngcwelisa,Heilig,Kgalemo ya go kgetha .,Ngcwalisa,Tsvenesa,Sactify
Kulengejibua,Perfectionnement,3.0,Positive,Verbe,Improvement,Ukululama,Verbetering,Kaonafalo,Ukuphuculwa,Kuvandudza,Kuvandudza
Kulengulula,Négliger,-5.0,Negative,Mot,Neglect,Ukunganaki,Verwaarlosing,Hlokomologa,Ukungakhathalelwa,Kuregeredza,Kuregeredza
Kulepa,Stature,7.0,Positive,Mot,Stature,Ibanga elimbethe,Statuur,Seemo .,Ide,Statu,Chimiro
Kulepesha,Prolonger,7.0,Positive,Mot,Extend,Nweba,Verleng,Katološa,Yandisa,Wedzera,Wedzera
Kulesha,Présenter,7.0,Positive,Verbe,To present,Ukwethula,Om aan te bied,go tšweletša .,Ukuzisa,Kuti aripo,To present
Kuloba,Pêcher,7.0,Positive,Mot,Sin,Ona,Sonde,Sebe .,Isono,Chivi,Chivi
Nsumuinuyamaluaapatupu,Fable,2.0,Positive,Mot,Fable,Insumo,Fabel,Nonwane .,Intsomi,Ngano,Fable
Mpala,Face,0.0,Neutre,Mot,Face,Ubuso,Gesig,Sefahlogo,Ubuso,Chiso,Face
Muenatshinyangu,Fâcheux,-6.0,Negative,Mot,Unfortunate,-Neshwa,Ongelukkig,Go se loke .,Ngelishwa,Zvisina kunaka,Urombo
Butekete,Facile,4.0,Positive,Mot,Easy,-Ncwaba,Maklik,Bonolo,Kulula,Nyore,Easy
Mutekete,Faible,-4.0,Negative,Mot,Weak,-Ngenamandla,Swak,Fokola,Ubuthathaka,Kushaya simba,Weak
Butekete,Faiblesse,-5.0,Negative,Mot,Weakness,Ubuthaka,Swakheid,Bofokodi,Ubuthathaka,Kushaya simba,Kushaya simba
Kulenduka,Faillir,-7.0,Negative,Verbe,Fail,Phutha,Misluk,Palelwa,Usilele,Kutadza,Fail
Nzala,Faim,-3.0,Negative,Mot,Hunger,Iphango,Honger,Tlala .,Indlala,Nzara,Nzara
Kuenza,Faire,1.0,Positive,Verbe,Do,Enza,Doen,Dira,Yenza,Ita,Do
Kunfila,Fairelaconduite,-2.0,Negative,Mot,Dothedriving,I-DOTTEDIVIVIVIVIVIVIVIVIVIVIVIVIVIVIVIVIVIVIVIVIVIVIVIV,Dothedriving,Dothedriving .,Ukuthambisa,Dothingriving,Dothedriving
Muenji,Faiseur,0.0,Neutre,Mot,Maker,UMenzi,Maker,Modiri wa .,Umenzi,Mugadziri,Mugadziri
Bienzedi,Fait,2.0,Positive,Mot,Do,Enza,Doen,Dira,Yenza,Ita,Do
Musonga,Faîte,1.0,Positive,Mot,Done,Usulile,Klaar,Phethilwe,Yenziwe,Zvakaitwa,Ndapedza
Mudiimu,Faix,-5.0,Negative,Mot,Faix,Isimele,Faix,Faix .,Faix,FAX,Faix
Kukengela,Falloir,0.0,Neutre,Verbe,To need,Ukudinga,Om te benodig,go hloka .,Ukufuna,Kuda,Kuda
Kudinga,Falsifier,-7.0,Negative,Verbe,Falsify,-Khohlisayo,Vervals,Falsify .,Fakisa,FALSTY,Falsify
Walumu,Fameux,5.0,Positive,Mot,Famous,-Dumile,Beroemd,Tumile,Idume,Ane mukurumbira,Famous
Tshiyole,Famine,-9.0,TrèsNegative,Mot,Famine,Indlala,Hongersnood,Tlala,Indlala,Nzara,Nzara
Mukishi,Fantôme,-3.0,Negative,Mot,Ghost,Umoya omubi,Spook,Sepoko,Isiporho,Ghost,Mweya
Bijitu,Fardeau,-6.0,Negative,Mot,Burden,Thwalisa umthwalo osindayo,Las,Morwalo,Umthwalo,Mutoro,Mutoro
Bukula,Farine,2.0,Positive,Mot,Flour,Incushuncushu,Meel,Folouru,Umgubo,Hupfu,Flour
Dipungi,Fatigue,-4.0,Negative,Mot,Fatigue,Ukudinwa,Moegheid,Lapile kudu,Ukudinwa,Kupera simba,Kuneta
Kupungila,Fatiguer,-5.0,Negative,Verbe,Tired,-Cobekile,Moeg,Lapile,Ndidiniwe,Ndaneta,Taneta
Tshianana,Faussement,-6.0,Negative,Mot,Falsely,Ngamanga,Valslik,ka maaka .,Ubuxoki,Nhema,Nhema
Tshilema,Faute,-7.0,Negative,Mot,Mistake,Iphutha,Fout,Phošo,Impazamo,Kukanganisa,Kukanganisa
Muenadishima,False,-6.0,Negative,Mot,False,-Namanga,Onwaar,Maaka,Ubuxoki,Nhema,Nhema
Luse,Faveur,6.0,Positive,Mot,Favor,Umusa,Guns,Gaugela,Inkoliseko,Kufarira,Favour
Kudinga,Feindre,-6.0,Negative,Verbe,Pretend,Khohlisa,Voorgee,Ikgakantšha,Yenza ngathi,Kunyepedzera,Kunyepedzera
Bakaji,Femelle,0.0,Neutre,Mot,Female,Insikazi,Vroulik,Mosadi,Umfazi,Mukadzi,Mukadzi
Butekete,Féminin,2.0,Positive,,Female,Insikazi,Vroulik,Mosadi,Umfazi,Mukadzi,Mukadzi
Mukaji,Femme,3.0,Positive,Mot,Women,Abantu,Vroue,Basadi,Abafazi,Vakadzi,Vakadzi
Muntuudimupudikile,Femmelette,-5.0,Negative,Mot,Wifelette,Iwifelette,Vroulief,W i m e l e t t .,Inkosi,Mukadzi,Wifelette
Kupanda,Fendre,-2.0,Negative,Verbe,Split,Hlukanisa,Verdeel,Kgaoganya,Umehlulelwano,Kupatsanurana,Split
Dididishi,Fenêtre,1.0,Positive,Mot,Window,Iwindi,Venster,Lefasetere,Iwindow,Hwindo,Hwindo
Kulamata,Ferm,2.0,Positive,Mot,Close,Ngokuminyanisa,Maak toe,Tswalela,Vala,Vhara,Close
Kujalama,Ferme,0.0,Neutre,Mot,Farm,Ipulazi,Plaas,Polase,Ifama,Purazi,Farm
Kujadika,Fermement,3.0,Positive,Mot,Firmly,-Thehlelo,Stewig,ka go tia .,Ngokuqinileyo,Zvakasimba,Zvakasimba
Kukanga,Fermer,-1.0,Neutre,Verbe,Close,Ngokuminyanisa,Maak toe,Tswalela,Vala,Vhara,Close
Lulamatu,Fermeté,4.0,Positive,Mot,Firmness,Ukuqineleka,Fermheid,Go tia .,Ukuqina,Kusimba,Kusimba
Bufuke,Fertile,5.0,Positive,Mot,Fertile,-Zothile,Vrugbaar,Nonnego,Vertile,Yakaorera,Fertile
Bukole,Fervent,6.0,Positive,Mot,Fervent,OKWENGCWELE,Vurig,Fetellang .,I-firvent,Imba,Fervent
Ditukudiadisanka,Fête,7.0,Positive,Mot,Party,Inhlangano,Partytjie,Mokgatlo,Itheko,Party,Party
Kasonsa,Fétu,-3.0,Negative,Mot,Fetu,Uhlobo lwenkani,Fetu,Fetu .,I-fetu,Fetu,Fetu
Kapia,Feu,2.0,Ambivalent,Mot,Fire,Shisa,Vuur,Mollo,Umlilo,Moto,Moto
Dibeji,Feuille,1.0,Neutre,Mot,Leaf,Ikhasi,Blaar,Lehlare,Amagqabi,Mashizha,Leaf
Mubangila,Fiancé,4.0,Positive,Mot,Fiance,Umfeyiko,Verloofde,Molekane,I-feance,Fiance,Fiance
Kubangisha,Fiancer,3.0,Positive,Verbe,Get engaged,Ubandakanyeka,Raak verloof,Get e beeleditšwe .,Thenjiswe umtshato,Gamuchira,Pindai
Udinelulamatu,Fidèle,5.0,Positive,Mot,Faithful,-Thembekile,Getrou,Botega,Ithembekile,Kutendeka,Akatendeka
Lulamatu,Fidèlement,4.0,Positive,Mot,Faithfully,Ngokwethembeka,Getrou,ka potego .,Ngokuthembekileyo,Nokutendeka,Nokutendeka
Kueyemena,Fier,5.0,Positive,Mot,Proud,-Zidlayo,Trots,Itumela,Ndinekratshi,Kudada,Kuzvikudza
Disamadiamubidikapia,Fièvre,-4.0,Negative,Mot,Fever,Imfiva,Koors,Letadi,Ifiva,Kupindwa nechando,Kupindwa nechando
Nfigi,Figue,2.0,Positive,Mot,Fig,Umkhiwane,Fig,FIG .,ikhiwane,Fig,Fig
MutshiwaNfigi,Figuier,1.0,Positive,Mot,Fig tree,Umkhiwane,Vyeboom,Sefate sa feiga .,Umthi womkhiwane,Muonde,Muonde
Mubidi,Figure,0.0,Neutre,Mot,Figure,Isibalo,Figuur,Seswantšho,Umfanekiso,Mufananidzo,Mufananidzo
Kusalabuanda,Filer,0.0,Neutre,Verbe,Spin,Shwila,Draai,Dikološa,Spin,Spin,Spin
Bukondo,Filetpiège,-6.0,Negative,Mot,Trap net,I-Trap Net,Vangnet,Letlooa la Sefi .,Umnatha,Trap net,Trap net
Tupamba,Filet,0.0,Neutre,Mot,Net,Inethi,Netto,Nete,Inethi,Net,Net
Muanamukaji,Fille,3.0,Positive,Mot,Girl,Intombi,Meisie,Mosetsana,Intombazana,Musikana,Musikana
Muanamulume,Fils,3.0,Positive,Mot,Son,Umfana,Seun,Morwa .,Unyana,Mwanakomana,Mwanakomana
Banabatshikondo,Filsdecesiècle,-2.0,Negative,Mot,Sonofthiscentury,Sonofthiscentary,Seun van hierdie eeu,SonofTenteborengTabano.,I-sonoftisulcer,Sonoficentury,Sonofthiscentury
Mulundawamubaki,Filsdelachambrenuptiale,5.0,Positive,Mot,Sonsofthebridalroom,Isoso-i-sonoftherloom,Seuns van die bruidskamer,Sonsoftheridalroom,Igumbi lokuthengisa,Savanakomanaguru,Sonsofthebridalroom
Muanawamungena,Filsdelagéhenne,-9.0,TrèsNegative,Mot,Sondelagéhenne,Sondelagéhenne,Sondelagéhenne,Sondelagéhenne ya go hlaboša.,Sondelagéhenne,Sondelagéhenne,Sondelagéhenne
Muanawamunya,Filsdelalumière,7.0,TrèsPositive,Mot,Sons of Light,Amadodana Okukhanya,Seuns van die Lig,Barwa ba Seetša .,Oonyana bokukhanya,Vanakomana vechiedza,Vana veChiedza
Muanawadibutuka,Filsdeperdition,-8.0,TrèsNegative,Mot,Son of Perdition,Indodana ye-perition,Seun van die verderf,Morwa wa Pedi .,Unyana weperdia,Mwanakomana wekuparadzwa,Mwanakomana Wokuparara
Banabadituku,Filsdujour,6.0,Positive,Mot,Sonoftheday,Sonoftheday,Seun van die dag,Sonoftheday .,Sonofhethe,Sonfichera,Sonoftheday
Linemulengele,Finlin,2.0,Positive,Mot,Finlin,Uhlaka,Finlin,Finlin .,I-Finlin,Finlin,Finlin
Nhikidilu,Fin,0.0,Neutre,Mot,END,Ukugcina,EINDE,MAFELELO,ISIPHELO,Kupera,END
Budimu,Finesse,4.0,Positive,Mot,Finesse,Inhlawuno,Finesse,Finesse .,Iyohlwaywa,Faini,Finesse
Kulekela,Finir,0.0,Neutre,Verbe,Finish,Pheza,Voltooi,Fetša,Gqiba,Kupedzisa,Finish
Kushindama,Fixe,1.0,Neutre,Mot,Fixed,-Sibeleleni,Vaste,Hlometšwego,Ilungisiwe,Yakagadziriswa,Fixed
Kayiunyunga,Fixement,2.0,Positive,Mot,Fixedly,Ngokwanele,Vaste,ka go se fetoge .,Ngokudibeneyo,Inofungidzirwa,Fixdly
Kutangilatalala,Fixer,0.0,Neutre,Verbe,Fix,Bethela,Maak reg,Lokiša,Lungisa,Gadzirisa,Gadzirisa
Kapia,Flamme,3.0,Ambivalent,Mot,Flame,Ilangabi,Vlam,Kgabo .,Idangatye,Murazvo,Flame
Tshianyishanyisha,Flatterie,-4.0,Negative,Mot,Flattery,-Tulall,Vleiery,Go reta ka go phaphatha .,Fihlatha,Flattery,Flattery
Disama,Fléau,-8.0,TrèsNegative,Mot,Scourge,Isichilo,Plaag,Leuba .,Isibetho,Denda,Scourge
Kutuabinu,Fléchir,-2.0,Negative,Verbe,Flex,Shintsha,Buig,Mena,I-flex,Flex,Flex
Kufubila,Flétrir,-5.0,Negative,Verbe,Wither,Vutha,Verdor,M o o t r e r .,Buna,Vaoma,Wither
Mavuala,Flot,0.0,Neutre,Mot,Flow,Thuntululeka,Vloei,Elela,Ukuhamba,Kuyerera,Flow
Lushiba,Flûte,3.0,Positive,Mot,Flute,Impempe,Fluit,Flute .,Iflethi,Flute,Nyere
Disamadiamashiapatuka,Flux,0.0,Neutre,Mot,Flow,Thuntululeka,Vloei,Elela,Ukuhamba,Kuyerera,Flow
Ditabuja,Foi,7.0,TrèsPositive,Mot,Faith,Ukholo,Geloof,Tumelo,Ukholo,Kutenda,Kutenda
Bisonsa,Foin,0.0,Neutre,Mot,Hay,Utshani oboile sebusikiwe,Hooi,Hay .,Hay,Hay,Hay
Musangu,Fois,0.0,Neutre,Mot,Times,Izikhathi,Tye,Dinako .,Amaxesha,Nguva,Nguva
Bupote,Folie,-6.0,Negative,Mot,Madness,Ukuhlanya,Waansin,Bohlanya .,Ubuhlanya,Kupenga,Kupenga
Mudimu,Fonction,2.0,Positive,Mot,Function,Sebenza,Funksie,Mošomo,Umsebenzi,Basa,Function
Ndondo,Fond,0.0,Neutre,Mot,Bottom,Esinqeni,Onderkant,Tlase,Ezantsi,Zasi,Pasi
Tshibangidilu,Fondation,4.0,Positive,Mot,Foundation,Isisusa,Stigting,Motheo,Isiseko,NYAYA,Foundation
Bishimikidi,Fondement,5.0,Positive,Mot,Foundation,Isisusa,Stigting,Motheo,Isiseko,NYAYA,Foundation
Kuibaka,Fonder,3.0,Positive,Verbe,Found,-Lingene,Gevind,Hweditše,Ifunyenwe,Kuwanikwa,Found
Kuengulula,Fondre,0.0,Neutre,Verbe,Melt,Ncibilikisa,Smelt,Tologa,Nyibilika,Nyungudika,Melt
Dinadiamayi,Fontaine,3.0,Positive,Mot,Fountain,Isisuko,Fontein,Sediba .,Umthombo,Tsime,Tsime
Muenyi,Forain,0.0,Neutre,Mot,Fairground,Indawo ye-fair,Kermisterrein,Fairground .,Ibala leFieftional,Nzvimbo,Fairground
Bukole,Force,5.0,Positive,Mot,Strength,Izithukuthuku,Sterkte,Maatla,Amandla,Simba,Simba
Kukolesha,Forcer,-3.0,Negative,Verbe,Force,Ukucindezela,Dwing,Gapeletša,Amandla,Simba,Simba
Mubidi,Forme,0.0,Neutre,Mot,Shape,Uhlobo,Vorm,Sebopego,Imilo,Chimiro,Shape
Kumuenesha,Former,2.0,Positive,Verbe,Form,Isithunzi,Vorm,Sebopego,Ifom,Fomu,Form
Tshileshelu,Formule,1.0,Neutre,Mot,Formula,Uhlobo,Formule,Formula .,Ifomula,Formula,Formula
Muenamasandi,Fornicateur,-8.0,TrèsNegative,Mot,Fornicator,Umfelakazi,Hoereerder,Motho wa bootswa .,I-additor,Fornicator,Mhombwe
Masandi,Fornication,-7.0,Negative,Mot,Fornication,Ubufebe,Hoerery,Bootswa .,Uhenyuzo,Ufeve,Ufeve
Mukole,Fort,4.0,Positive,Mot,Strong,-Namandla,Sterk,Maatla,Yomelele,Yakasimba,Strong
Mutambe,Fort,4.0,Positive,Mot,Strong,-Namandla,Sterk,Maatla,Yomelele,Yakasimba,Strong
Mukole,Fortement,3.0,Positive,Mot,Strongly,Ngokuqinile,Sterk,ka matla .,Ngamandla,Zvine simba,Zvakasimba
Nzubuwamasalayi,Forteresse,2.0,Positive,Mot,Fortress,Inqaba enkulu eyakhiweyo,Vesting,Sebo .,Inqaba,Nhare,Fortress
Kukolesha,Fortifier,3.0,Positive,Verbe,Strengthen,Qinisa,Versterk,Matlafatsa .,Yomeleza,Simbisa,Simbisa
Dina,Fosse,-5.0,Negative,Mot,Ditch,Umsele,Sloot,Sola,Umsele,Ditch,Ditch
Mupote,"Fou,folle",-6.0,Negative,Mot,"Crazy, crazy","Uyahlanya, uyahlanya","Mal, mal","Bohlanya, Bohlanya .","Razy, razy","Kupenga, kupenga","Kupenga, kupenga"
Lufimbu,Fouet,-4.0,Negative,Mot,Whip,Thwebula,Sweep,Sefepi .,I-whip,Chikwapu,Chikwapuro
Kututa,Fouetter,-5.0,Negative,Verbe,Whisk,Ipiski,Klits,Whisk .,Whisk,Whisk,Whisk
Kuimba,Fouir,0.0,Neutre,Verbe,Burrow,Isingaphambili,Burrow,Molete wa go phunya .,Rurrow,Burrow,Burrow
Tshisumbu,Foule,0.0,Neutre,Mot,Crowd,Isinyokotho,Menigte,Lešaba,Isihlwele,Chaunga,Crowd
Talala,Paisiblement,9.0,Positive,Mot,Peacefully,Ngokuba khona,Vreedsaam,Ka khutšo .,Ngoxolo,Runyararo,Norugare
Tatu,père,6.0,Positive,Mot,father,uyihlo,vader,papa,utata,baba,baba
Thuya,Thuya,8.0,Positiveetnaturelle,Mot,Thuja,Thuja,Thuja,Thuja .,Thuja,Thuja,Thuja
Tshakabidi,Nouveau,5.0,Positive,Mot,New,-Kwanamuhla,Nuut,Mpsha,Intsha,Nyowani,New
Tshabungibe,Abondamment,88.0,PositiveouNeutre,Mot,Abundantly,Kakhulu,Oorvloedig,ka bontši .,Kakhulu,Zvakawanda,Zvakawanda
Tshakane(tshidi),Équitable,5.0,Positive,Mot,Fair,-Hle,Regverdig,Lokilego,Ubulungisa,Zvakanaka,Fair
Tsheya,Caution,0.0,Neutre,Mot,Deposit,Faka,Deposito,Tipositi,Idipozithi,Dhipoziti,Deposit
Tshiabademon,Diabolique,-5.0,Negative,Mot,Diabolical,Diabolical,Diabolies,Bodiabolo .,Dialocal,Dhiabolical,Dhiyabhorosi
Tshiabukelenge,Royal,5.0,Positive,Mot,Royal,-Obukhosi,Koninklike,Bogoši .,IRoyal,Royal,Royal
Tshiabuowa,Terrible,-5.0,Negative,Mot,Terrible,-Sabisayo,Verskriklik,Mpe kudu,Yoyikeka,Zvinotyisa,Zvinotyisa
Tshiabutumbi,Splendidement,9.0,Positive,Mot,Splendidly,Ngokubabazekayo,Pragtig,Ka mo go kgahlišago .,Qaqambid,Kusakwana,Splendidly
"Tshiadikumi,Kufilatshitupaatshi",Dîme,0.0,Neutre,Verbe,Dime,Indizo,Dime,Dime .,Dime,Dime,Dime
Tshiakufund,Tablette,6.0,Positive,Mot,Tablet,Iphilisi,Tablet,Letlapa la .,Ithebhulethi,Piritsi,Tablet
Tshiakuitaba,Acceptable,5.0,Positive,Mot,Acceptable,-Mukelekile,Aanvaarbaar,E amogelegago .,Yamkelekile,Zvinogamuchirika,Zvinogamuchirika
Tshiamudiulu,Céleste,5.0,Positive,Mot,Celestial,-Bukeyela basezulwini,Hemelse,Legodimo la Legodimo .,Isibhakabhaka,Kudenga,Yekudenga
Tshiamutshisuku,Sauvage,0.0,Neutre,Mot,Savage,-Dlovulile,Wild,Sehlogo,Isavage,Savage,Savage
Tshiamuinshi(muabuloba),Infernal,5.0,Negative,Mot,Infernal,I-infernal,Infernal,Infernal .,Intsholongwane,Infernal,Infernal
Tshiatshiendelele,Éternel,5.0,Positive,Mot,Eternal,-Ngapheliyo,Ewige,Sa feleng,Kanaphakade,Kusingaperi,Nokusingaperi
Tshiatshipendu,Injurieux,-6.0,Negative,Mot,Offensive,-Casulayo,Aanstootlik,Lehlapa,Kuyakhubekisa,Zvinogumbura,Zvinogumbura
Tshiatshitshiu,Peuple,5.0,Positive,Mot,People,Abantu,Mense,Batho,Abantu,Vanhu,Vanhu
Tshiabungi,Immense,2.0,Positive,Mot,Immense,-Khulu kakhulu,Enorm,Kgolo kudu,Enkulu,Chikuru,Immense
TshiakaneTshiditshianyisha,Agréer,5.0,Positive,Mot,Accept,Amukela,Aanvaar,Amogela,Yamkela,Gamuchira,Gamuchira
TshiakaneTshiditshisankisha,Agréabl,5.0,Positive,Mot,Pleasant,-Mtoti,Aangenaam,Thabišago,Mnandi,Zvinonakidza,Pleasant
Tshianana,Faussement,-2.0,Negative,Mot,Falsely,Ngamanga,Valslik,ka maaka .,Ubuxoki,Nhema,Nhema
Tshianyishanyisha,Flatterie,-1.0,Negative,Mot,Flattery,-Tulall,Vleiery,Go reta ka go phaphatha .,Fihlatha,Flattery,Flattery
Tshianza,Main,2.0,Positive,Mot,Hand,Isandla,Hand,Seatla,Isandla,Ruoko,Ruoko
Tshibangidilu,Commencement,6.0,Positive,Mot,Beginning,Ukuqala,Begin,Mathomong,Ukuqala,Kutanga,Kutanga
Tshibi,"Mal,Mauvais",-6.0,Negative,Mot,"Bad, Bad","Kubi, kubi","Sleg, sleg",,"Kubi, kubi","Zvakaipa, zvakaipa","Zvakaipa, Zvakaipa"
Tshibishi,Vert,5.0,Positive,Mot,Green,-Yimpatho,Groen,Talamorogo,Luhlaza,Girinhi,Girinhi
Tshibobe,Maturité,6.0,Positive,Mot,Maturity,Ukuvuthwa,Volwassenheid,Matšhurithi,Ukukhula,Kukura,Kukura
Tshibueledi,Accès,5.0,Positive,Mot,Access,Tholakala,Toegang,Fihlelela,Fikelela,Kupinda,Access
Tshibuikilu(tshiamushetewatshipungidi),Propitiatoire,2.0,Positive,Mot,Propitiatory,Okuphathelene nenkululeko,Versoenend,Poelano .,Propitiatory,Kurume,Propititory
Tshibuikilutshiapashiadi,Cuirasse,5.0,Positive,Mot,Breastplate,Isihlanzi sesifuba,Borsplaat,Sephedi sa sefuba .,Isifuba,Chidzitiro,Chiputi chezamu
Tshibulula,Ouvert,5.0,Positive,Mot,Open,Vula,Maak oop,Bula,Vula,Vhura,Vhura
Tshibungubungu,Côte,2.0,Positive,Mot,Side,Usebe,Kant,Lehlakore,Icala,Padivi,Side
Tshibutshidi;tshintutshiamushingamukole,Trésor,5.0,Positive,Mot,Treasure,Igugu,Skat,Lehumo,Ubuncwane,Pfuma,Pfuma
Tshibutshilu,Cellier,5.0,Positive,Mot,Cellar,Sela,Kelder,Sellathekeng .,Celer,Cellar,Cellar
Tshidikapia,Bouillant,5.0,Positive,Mot,Boiling,Bilisa,Kook,Go bela .,Ukubila,Kubheya,Kuvira
Tshidikatshiyimuakujingulula,Insondable,5.0,Positive,Mot,Unfathomable,-Ngenalo,Ondeurgrondelik,E sa kwešišegego .,Ayinakufikeleleka,Zvisina kujairika,Zvisinganzwisisike
TshidikatshiyiTshijiminaa,Impérissable,53.0,Positive,Mot,Imperishable,Ukungabona lutho,Onverganklik,E sa senyegego .,I-inofrieble,Isingarobvu,Kusaparara
