CILUBA,French,Score,Sentiment,Nature,English,Zulu,Afrikaans,Sepedi,Xhosa,Shona,expanded_shona_class,expanded_shona
Akaja,Arrange,1.0,Positive,Verbe,arrange,Hlela,Reël,Beakanya,Cwangcisa,ronga,expanded_shona_lexicon,ronga
Akajilula,Rearrange,1.0,Positive,Verbe,rear range,Ibanga langemuva,Agterreeks,Range ya ka morao .,Uluhlu lwangasemva,kumashure,expanded_shona_lexicon,kumashure
Akula,Parle,2.0,Positive,Verbe,speak,Khuluma,Praat,Bolela,Thetha,taura,expanded_shona_lexicon,taura
Akulula,Reparle,2.0,Positive,Verbe,speak again,Khuluma futhi,Praat weer,Bolela gape .,Thetha kwakhona,taura zvakare,expanded_shona_lexicon,taura zvakare
Aluja,Remet,3.0,Positive,Verbe,hands over,Izandla ngaphezulu,Hande oor,diatla godimo ga .,Izandla ngaphezulu,maoko pamusoro,expanded_shona_lexicon,maoko pamusoro
Amba,Dis,3.0,Positive,Verbe,say,Khuluma,Sê,Bolela,Yithi,taura,expanded_shona_lexicon,taura
Ambakaja,Supperpose,3.0,Positive,Verbe,suppose,Cabanga,Veronderstel,Nagana,Cinga,ngatitii,expanded_shona_lexicon,ngatitii
Ambula,Ramasse,4.0,Positive,Verbe,pick up,Phakamisa,Tel op,Topa,Phakamisa,nhonga,expanded_shona_lexicon,nhonga
Ambuluja,Depeche,4.0,Positive,Verbe,depeche,I-depeche,Depeche,Depeche .,I-dope,zvinorevache,expanded_shona_lexicon,zvinorevache
Ambulula,Repete,9.0,Positive,Verbe,repeated,-Phindaphiwe,Herhaal,pheta-pheta .,Iphindaphindwe,kudzokororwa,expanded_shona_alt,dzokororwa
Andamuna,Repond,9.0,Positive,Verbe,answers,Ukuphendula,Antwoorde,Dikarabo .,Iimpendulo,mhinduro,expanded_shona_lexicon,mhinduro
Angata,Prend,9.0,Positive,Verbe,takes,Izakahlela,Neem,E tšea .,Ithatha,zvinotora,expanded_shona_alt,inotora
Angatulula,Reprend,9.0,Positive,Verbe,resume,Qalela phansi,Hervat,Thomološa,Phinda Uqalele,tangazve,expanded_shona_lexicon,tangazve
Bilamba,Habits,8.0,Positive,Mot,clothes,Izingubo,Klere,Diaparo,Iimpahla,zvipfeko,expanded_shona_alt,hembe
Bilela,Blague,8.0,Positive,Mot,joke,Ihlaya,Grappie,Metlae,Hlekisa,joke,expanded_shona_loanword,joke
Biluatu,Vetements,-1.0,Negative,Mot,clothes,Izingubo,Klere,Diaparo,Iimpahla,zvipfeko,expanded_shona_alt,hembe
Binsonji,Larmes,7.0,Positive,Mot,tears,Izinyembekathi,Trane,Megokgo,Iinyembezi,misodzi,expanded_shona_lexicon,misodzi
Buela,Entre,7.0,Positive,Verbe,between,Ngaphakathi,Tussen,Magareng,Phakathi,pakati,expanded_shona_lexicon,pakati
Bukenka,Lumiere,7.0,Positive,Mot,light,-Mhlophe,Lig,Seetša,Ukukhanya,chiedza,expanded_shona_lexicon,chiedza
Buloba,Terre,-1.0,Negative,Mot,earth,Inhlabathi,Aarde,Lefase,Umhlaba,pasi,expanded_shona_alt,nyika
Busuyi,Caboche,1.0,Positive,Mot,noggin,Inqwaba,Noggin,Noggin .,Noggin,noggin,expanded_shona_loanword,noggin
Bufuki,Creature,1.0,Positive,Mot,creature,Isilwane,Skepsel,Sebopiwa .,Isidalwa,chisikwa,expanded_shona_lexicon,chisikwa
Buinvuindi,Ecouteurs,3.0,Positive,Mot,headphones,Ama-headphones,Oorfone,Di-headphone .,Iintloko zentloko,mahedhifoni,expanded_shona_lexicon,mahedhifoni
Biuma,Dot,4.0,Positive,Mot,dowry,Isipho semali,Bruidskat,Magadi .,I-dowry,dowry,expanded_shona_loanword,dowry
Biululu,Nuage,5.0,Positive,Mot,cloud,Amafu,Wolk,Leru,Ilifu,gore,expanded_shona_lexicon,gore
Binvundu,Desordre,-3.0,Negative,Mot,mess,Nyakanyekisa,Gemors,Bošaedi,Ukungcola,nyonganiso,expanded_shona_lexicon,nyonganiso
Bilongu,Fleurs,6.0,Positive,Mot,flowers,Izimbali,Blomme,Matšoba a .,Iintyatyambo,maruva,expanded_shona_lexicon,maruva
Kubunya,Plier,8.0,Positive,Verbe,bend,Gobisa,Buig,Koba,Gobe,bend,expanded_shona_loanword,bend
Bulela,Verité,8.0,Positive,Mot,truth,Iqiniso,Waarheid,Bonnete,Inyani,chokwadi,expanded_shona_lexicon,chokwadi
Bujitu,Poid,9.0,Positive,Mot,weight,Isisindo,Gewig,Boima,Ubunzima,uremu,expanded_shona_alt,kurema
Bunsantu,Sainteté,8.0,Positive,Mot,holiness,Ubungcwele,Heiligheid,Bokgethwa .,Ubungcwele,hutsvene,expanded_shona_alt,utsvene
Bunsenji,Imbecilité,-3.0,Negative,Mot,imbecility,Ukumbeílity,Imbesiliteit,Boithabiso .,Ibbelity,kusimba,expanded_shona_lexicon,kusimba
Bantu,gens,1.0,Positive,Mot,people,abantu,mense,batho,abantu,vanhu,expanded_shona_lexicon,vanhu
Bansatu,Saints,9.0,Positive,Mot,saints,Osanta,Heiliges,Bakgethwa .,Iingcwele,vasande,expanded_shona_alt,vatsvene
Banjelu,Anges,1.0,Positive,Mot,angels,Izingelosi,Engele,Barongwa ba .,Iingelosi,ngirozi,expanded_shona_lexicon,ngirozi
Buinvi,Vol,-9.0,Negative,Mot,flight,Ukundiza,Vlug,Go fofa,Indiza,kubhururuka,expanded_shona_lexicon,kubhururuka
Buikila,Ferme,-8.0,Negative,Mot,farm,Ipulazi,Plaas,Polase,Ifama,purazi,expanded_shona_lexicon,purazi
Butaka,Sexe,3.0,Positive,Mot,sex,Ubulili,Seks,Thobalano .,Isondo,bonde,expanded_shona_lexicon,bonde
Bulalu,Lit,2.0,Positive,Mot,bed,Umbhede,Bed,Mpete,Ibhedi,mubhedha,expanded_shona_lexicon,mubhedha
Bufuka,Fertile,6.0,Positive,Mot,fertile,-Zothile,Vrugbaar,Nonnego,Vertile,yakaorera,expanded_shona_lexicon,yakaorera
Buatu,Bateau,5.0,Positive,Mot,boat,Isikebhe,Boot,Seketswana,Isikhephe,chikepe,expanded_shona_lexicon,chikepe
Bukula,Farine,8.0,Positive,Mot,flour,Incushuncushu,Meel,Folouru,Umgubo,hupfu,expanded_shona_lexicon,hupfu
Kuanyisha,Admirer,9.0,Positive,Verbe,admire,Thanda,Bewonder,Kgahlega,Vuma,admire,expanded_shona_loanword,admire
Kupiana,Adopter,1.0,Positive,Verbe,adopt,Qoka,Aanneem,Amogela,Ukwamkelwa,anotora,expanded_shona_lexicon,anotora
Kuvundula,Agiter,-8.0,Negative,Verbe,shake,Xukuza,Skud,Šikinya,Shake,zunza,expanded_shona_alt,kuzunungusa
Kuambila,Annoncer,4.0,Positive,Verbe,announce,Memezela,Kondig aan,Tsebisa .,Ngcwambulo,chiziviso,expanded_shona_alt,zivisai
Kubabidila,Anticiper,5.0,Positive,Verbe,anticipate,Lindela,Verwag,Letela,Lindela,fungidzira,expanded_shona_lexicon,fungidzira
Kusanga,Assembler,9.0,Positive,Verbe,assemble,Qoqana,Monteer,Kopanya .,Dibana,ungana,expanded_shona_lexicon,ungana
Mushipu,Automne,-5.0,Negative,Mot,autumn,Ikwindla,Herfs,Lehlabula,Ekwindla,autumn,expanded_shona_loanword,autumn
Lukinu,Haine,-8.0,Negative,Mot,hate,Ukuzonda,Haat,Hloya,Intiyo,kuvenga,expanded_shona_alt,ruvengo
Kukoma,Repasser,3.0,Positive,Verbe,iron,Insimbi yoku-ayina,Yster,Aene,Intsimbi,simbi,expanded_shona_lexicon,simbi
Lusa,Pitié,4.0,Positive,Mot,pity,Umunyu,Jammer,Kwelobohloko,Nceba,tsitsi,expanded_shona_lexicon,tsitsi
Kutela,Enumerer,6.0,Positive,Verbe,list,Bhala uhlu,Lys,Lenaneo,Uluhlu,rondedzero,expanded_shona_lexicon,rondedzero
Kututa,Frapper,-5.0,Negative,Verbe,hit,Shaya,Tref,Betha,Hit,rova,expanded_shona_lexicon,rova
Kuenda,Marcher,7.0,Positive,Verbe,to walk,Ukuhamba,Om te loop,Go sepela .,Ukuhamba,kufamba,expanded_shona_lexicon,kufamba
Kuseka,Rigoler,3.0,Positive,Verbe,to laugh,Ukuhleka,Om te lag,Go sega .,Ukuhleka,kuseka,expanded_shona_lexicon,kuseka
Kupeta,Trouver,7.0,Positive,Verbe,find,Fumana,Vind,Hwetša,Fumana,tsvaga,expanded_shona_lexicon,tsvaga
Kukumbaja,Accomplir,9.0,Positive,Verbe,accomplish,Feza,Voltooi,Fihlelela,Phumeza,zadzisa,expanded_shona_alt,pedzisa
Kuhuja,Remplir,1.0,Positive,Verbe,fill,Gcwalisa,Vul,Tlatša,Gcwalisa,zadza,expanded_shona_lexicon,zadza
Mulayi,Promesse,6.0,Positive,Mot,promise,Thembisa,Belowe,Tshephišo,Isithembiso,vimbiso,expanded_shona_lexicon,vimbiso
Kupesha,Donner,1.0,Positive,Verbe,give,Khangeza,Gee,Fa,Nika,ipa,expanded_shona_lexicon,ipa
Kuja,Danser,1.0,Positive,Verbe,to dance,Ukudansa,Om te dans,go bina .,Ukudanisa,kutamba,expanded_shona_lexicon,kutamba
Kuimba,Chanter,5.0,Positive,Verbe,sing,Cula,Sing,Opela,Cula,imba,expanded_shona_alt,imbai
Kupangila,Rater,-9.0,Negative,Verbe,miss,Khumbula,Mej,Fetilwe,Phosa,kupotsa,expanded_shona_lexicon,kupotsa
Kupangila,Manquer,-9.0,Negative,Verbe,miss,Khumbula,Mej,Fetilwe,Phosa,kupotsa,expanded_shona_lexicon,kupotsa
Tshikosu,Raccourcis,4.0,Positive,Mot,shortcuts,Amashoshothi,Kortpaaie,Dikgaoletšo .,Iindlela ezimfutshane,shortcuts,expanded_shona_loanword,shortcuts
Kututa,Fouetter,-8.0,Negative,Verbe,whisk,Ipiski,Klits,Whisk .,Whisk,whisk,expanded_shona_loanword,whisk
Dimanya,Savoir,6.0,Positive,Verbe,know,Bona,Weet,Tseba,Yazi,ziva,expanded_shona_lexicon,ziva
Kulala,Dormir,2.0,Positive,Verbe,sleep,Ukulala,Slaap,Robala,Ukulala,kurara,expanded_shona_alt,rara
Kubika,Reveiller,1.0,Positive,Verbe,wake,Phaphama,Word wakker,Tsoga,Vuka,wake,expanded_shona_loanword,wake
Kukanga,Fermer,4.0,Positive,Verbe,close,Ngokuminyanisa,Maak toe,Tswalela,Vala,vhara,expanded_shona_lexicon,vhara
Kulomba,Demander,5.0,Positive,Verbe,ask,Buza,Vra,Kgopela,Buza,bvunza,expanded_shona_lexicon,bvunza
Kualuja,Remettre,2.0,Positive,Verbe,to put back,Ukubuyisela emuva,Om terug te sit,go bušetša morago .,Ukubuyisela umva,kudzosera kumashure,expanded_shona_alt,kudzorera
Kuteka,Deposer,1.0,Positive,Verbe,deposit,Faka,Deposito,Tipositi,Idipozithi,dhipoziti,expanded_shona_lexicon,dhipoziti
Kulamba,Preparer,3.0,Positive,Verbe,prepare,Lungiselela,Berei voor,Beakanya,Lungiselela,gadzirira,expanded_shona_lexicon,gadzirira
Kutua,Manupuler,3.0,Positive,Verbe,manipulate,Khohlisa,Manipuleer,Šomiša bošaedi,Bonisa,manipulate,expanded_shona_loanword,manipulate
Luntandala,Internet,2.0,Positive,Mot,internet,Isiqomanga ka-,Internet,Inthanete .,I-Intanethi,internet,expanded_shona_loanword,internet
Kutshiangunya,Mancher,3.0,Positive,Verbe,mancher,Isigwedlo,Mancher,Mancher .,I-mancher,mancher,expanded_shona_loanword,mancher
Kuduilulula,Ruminer,4.0,Positive,Verbe,ruminating,-Qumbile,Herkou,Ruminating .,Ukuqhuma,kupenya,expanded_shona_lexicon,kupenya
Kunyema,Courir,1.0,Positive,Verbe,run,Gijima,Hardloop,Kitima,Baleka,kumhanya,expanded_shona_alt,mhanyai
kuipata,Chasser,-7.0,Negative,Verbe,hunt,Ukuzingela,Jag,Tsoma,Ukuzingela,kuvhima,expanded_shona_lexicon,kuvhima
Kunvua,Comprendre,2.0,Positive,Verbe,to understand,Ukuqondisisa,Om te verstaan,go kwešiša .,Ukuqonda,kunzwisisa,expanded_shona_lexicon,kunzwisisa
Kukupula,Essuyer,1.0,Positive,Verbe,to wipe,Ukusula,Om af te vee,Go phumola .,Ukusula,kupukuta,expanded_shona_lexicon,kupukuta
Mundindimbi,Ombre,1.0,Positive,Mot,shadow,Ithunzi,Skaduwee,Morithi,Isithunzi,mumvuri,expanded_shona_lexicon,mumvuri
Muedi,Barbe,1.0,Positive,Mot,beard,Intshebe,Baard,Ditedu,Iindevu,ndebvu,expanded_shona_lexicon,ndebvu
Nsuki,Cheveux,2.0,Positive,Mot,hair,Uboya,Hare,Moriri,Iinwele,bvudzi,expanded_shona_lexicon,bvudzi
Kudiabakena,Lamanter,-5.0,Negative,Verbe,lamanter,Olta,Lamanter,Lamanter .,I-Lamter,lamanter,expanded_shona_loanword,lamanter
Kuzakala,Trambler,-9.0,Negative,Verbe,trambler,Umtalamuli,Tramper,Modiri wa tša go swara dihlare .,I-trambler,muchengeti,expanded_shona_lexicon,muchengeti
kulaba,frotter,4.0,Positive,Verbe,rub,hlikihla,vryf,fogohla,rub,rub,expanded_shona_loanword,rub
kutukakaja,separer,4.0,Positive,Verbe,separate,hlungula,skei,kgaogane,hlula,kupatsanura,expanded_shona_alt,paradzana
kuakadila,embrasser,4.0,Positive,Mot,to kiss,Ukuqabula,te soen,go atlana .,ukwanga,kutsvoda,expanded_shona_lexicon,kutsvoda
kutentakaja,entasser,4.0,Positive,Verbe,pile up,kwunqwabelene,ophoop,Kgobola godimo .,pakishana,murwi kumusoro,expanded_shona_alt,unganidza
kubuidikija,couvrir,4.0,Positive,Verbe,cover,mbathisa,dekking,šireletša,ikhava,chifukidzo,expanded_shona_lexicon,chifukidzo
kuibaka,construire,4.0,Positive,Verbe,build,akha,bou,aga,yakha,kuvaka,expanded_shona_lexicon,kuvaka
kuitaba,accepter,4.0,Positive,Verbe,accept,amukela,aanvaar,amogela,yamkela,gamuchira,expanded_shona_alt,bvuma
kubenga,refuser,-2.0,Negative,Verbe,refuse,ala,weier,gana,inyikima,ramba,expanded_shona_alt,kuramba
kudifuanyikijila,imaginer,2.0,Positive,Verbe,imagine,cabanga ngamehlo engqondo,verbeel,nagana,khawufane ucinge,fungidzira,expanded_shona_lexicon,fungidzira
tshisokomenu,refuge,2.0,Positive,Verbe,refuge,inqaba,toevlug,Setšhabelo .,indawo yokusabela,utiziro,expanded_shona_lexicon,utiziro
kunzulula,ouvrir,2.0,Positive,Verbe,open,vula,oopmaak,bula,vula,vhura,expanded_shona_lexicon,vhura
kujandula,decouvrir,2.0,Positive,Verbe,discover,thola,ontdek,utolla,fumanisa,tsvaga,expanded_shona_lexicon,tsvaga
kuvuluka,rappeler,2.0,Positive,Verbe,remind,khumbuza,herinner,gopotša,khumbulo,yeuchidza,expanded_shona_lexicon,yeuchidza
kupuamoyo,oublier,2.0,Positive,Verbe,forget,khohlwa,vergeet,lebala,ulibale,kanganwa,expanded_shona_lexicon,kanganwa
kufunda,ecrire,2.0,Positive,Verbe,to write,ukubhala,te skryf,Go ngwala .,ukubhala,kunyora,expanded_shona_lexicon,kunyora
kusumba,acheter,2.0,Positive,Verbe,buy,thenga,koop,reka,Thenga,tenga,expanded_shona_lexicon,tenga
nvunda,tourbillon,-4.0,Negative,Mot,whirlwind,shirlwind,warrelwind,Ledimo la ledimo .,i-whirlwind,chimbudzi,expanded_shona_alt,chamupupuri
nkuba,foudre,-4.0,Negative,Mot,lightning,unyazi,weerlig,legadima,imibane,mheni,expanded_shona_lexicon,mheni
dikubakuba,tonnere,-4.0,Negative,Mot,thunder,ukuduma,donderweer,ledimo,indudumo,kutinhira,expanded_shona_lexicon,kutinhira
tshiululu,nuage,1.0,Positive,Mot,cloud,amafu,wolk,leru,ilifu,gore,expanded_shona_lexicon,gore
malemba,orage,4.0,Positive,Mot,thunderstorm,isiphepho,donderstorm,Ledimo la go duma .,Indudumo,kutinhira,expanded_shona_alt,mabhanan'ana
kufunda,accuser,-2.0,Negative,Verbe,accuse,beka icala,beskuldig,Latola .,isimangalo,kupomera,expanded_shona_alt,pomera mhosva
kusungulula,discrimination,-3.0,Negative,Mot,discrimination,ubandlululo,diskriminasie,kgethollo,ucalucalulo,kusarura,expanded_shona_alt,rusarura
kuikisha,reposer,1.0,Positive,Verbe,to rest,ukuphumula,om te rus,Go khutša .,ukuphumla,kuzorora,expanded_shona_lexicon,kuzorora
kulomba,mendier,-5.0,Negative,Verbe,beg,cela,smeek,Beg .,cela,kukumbira,expanded_shona_alt,kumbira
mudiavi,gourmant,2.0,Positive,Mot,gluttonous,gqhobasela,vraatsugtige,Go ba le batho ba bantši .,gluttonous,kubhururuka,expanded_shona_lexicon,kubhururuka
kuadija,etaler,2.0,Positive,Verbe,spread,ukubhebhetheka,versprei,phatlalala,usasazeko,paradzira,expanded_shona_lexicon,paradzira
kututula,epoussetter,2.0,Positive,Verbe,dust,uthuli,stof,lerole,uthuli,guruva,expanded_shona_alt,huruva
kulumbuluisha,juger,2.0,Positive,Verbe,judge,gweba icala,oordeel,moahlodi,ijaji,mutongi,expanded_shona_lexicon,mutongi
ndumbulula,juge,2.0,Positive,Mot,judge,gweba icala,oordeel,moahlodi,ijaji,mutongi,expanded_shona_lexicon,mutongi
tshimpumpu,grippe,-3.0,Negative,Mot,flu,imfuluwenza,griep,mokgohlane,umkhuhlane,flu,expanded_shona_alt,furuu
mbangidi,commencement,6.0,Positive,Mot,beginning,ukuqala,begin,mathomong,ukuqala,kutanga,expanded_shona_lexicon,kutanga
kuambula,reprendre,3.0,Positive,Verbe,to resume,Ukuqhubeka kabusha,te hervat,Go thoma gape .,ukuphinda uqalise,kutangazve,expanded_shona_lexicon,kutangazve
ngena,enfer,-9.0,Negative,Mot,hell,isihogo,hel,hele,isihogo,gehena,expanded_shona_lexicon,gehena
kubuela,entrer,1.0,Positive,Verbe,enter,ngena,ingaan,tsena,ngena,pinda,expanded_shona_alt,kupinda
muntu,personne,1.0,Positive,Mot,person,umuntu,persoon,motho,umntu,munhu,expanded_shona_lexicon,munhu
kupatuka,sortir,1.0,Positive,Verbe,to go out,ukuphuma,om uit te gaan,Go tšwa .,ukuphuma,kubuda,expanded_shona_lexicon,kubuda
dididishi,fenetre,1.0,Positive,Mot,window,iwindi,venster,lefasetere,iwindow,hwindo,expanded_shona_lexicon,hwindo
muishi,fumée,-1.0,Negative,Mot,smoke,shunqisa,rook,muši,umsi,utsi,expanded_shona_alt,fodya
muiishi,pilon,2.0,Positive,Mot,pestle,nguonyana,stamper,Pestle .,i-pestle,pestle,expanded_shona_loanword,pestle
lupepela,air,4.0,Positive,Mot,air,umoya,lug,moya,umoya,mhepo,expanded_shona_lexicon,mhepo
mukuna,montagne,4.0,Positive,Mot,mountain,intaba,berg,thaba,intaba,gomo,expanded_shona_lexicon,gomo
kulaamba,ramper,4.0,Positive,Verbe,crawl,gaqa,kruip,gogoba,crawl,kukambaira,expanded_shona_lexicon,kukambaira
Kulamba,preparer,4.0,Positive,Verbe,prepare,lungiselela,voorberei,beakanya,lungiselela,gadzirira,expanded_shona_lexicon,gadzirira
kubombeka,tramper,4.0,Positive,Verbe,tramp,umhambuma,boemelaar,Sehlabi .,tramp,tramp,expanded_shona_loanword,tramp
kukosa,trancher,4.0,Positive,Verbe,slice,sika,sny,selai,isilayi,chidimbu,expanded_shona_lexicon,chidimbu
kupanda,dechirer,-3.0,Negative,Verbe,rip,amongwevu,skeur,gagola,Lala kakuhle,rip,expanded_shona_loanword,rip
kupemba,moucher,4.0,Positive,Verbe,blow your nose,Shaya ikhala lakho,blaas jou neus,Foka nko ya gago .,vuthuza impumlo yakho,ridza mhino dzako,expanded_shona_lexicon,ridza mhino dzako
kusaminamoyi,manquer,-2.0,Negative,Verbe,miss,khumbula,mis,fetilwe,phosa,kupotsa,expanded_shona_lexicon,kupotsa
kujila,chamailler,-1.0,Negative,Verbe,bicker,ubhilibheli,kibbel,Bicker .,ibhayisekile,bicker,expanded_shona_loanword,bicker
kukokangana,tirailler,-6.0,Negative,Verbe,tug,umshushuvu,ruk,Go goga .,tug,tug,expanded_shona_loanword,tug
kukoka,tirer,2.0,Positive,Verbe,to pull,ukudonsa,te trek,Go goga .,ukutsala,kudhonza,expanded_shona_lexicon,kudhonza
kuinama,incliner,2.0,Positive,Verbe,tilt,tsheka,kantel,Sekamane .,tella,tha,expanded_shona_lexicon,tha
kumbula,creuser,2.0,Positive,Verbe,dig,mba,grawe,epa,dig,chera,expanded_shona_lexicon,chera
kutubula,trouer,2.0,Positive,Verbe,hole,umgodi,gat,lešoba,umngxunya,gomba,expanded_shona_lexicon,gomba
kukonya,gratter,-1.0,Negative,Verbe,scratch,dweba,krap,ngwapa,ukukrala,kukwenya,expanded_shona_lexicon,kukwenya
tshivulukilu,souvenir,5.0,Positive,Verbe,memory,ukukhumbula,geheue,kgopolo,imemori,ndangariro,expanded_shona_lexicon,ndangariro
kutonda,repentir,6.0,Positive,Verbe,repentance,ukuphenduka,bekering,tshokologo .,inguquko,kupfidza,expanded_shona_alt,kutendeuka
kutela,coudre,2.0,Positive,Verbe,sew,hida,naaldwerk,rokile,thunga,sew,expanded_shona_alt,kusona
kupela,moudre,1.0,Positive,Verbe,grind,phothula,maal,šila,grind,grind,expanded_shona_loanword,grind
kusuma,mordre,-2.0,Negative,Verbe,to bite,ukuluma,te byt,Go loma .,ukuluma,kuruma,expanded_shona_lexicon,kuruma
kudima,cultivre,3.0,Positive,Verbe,cultivate,zijwayeza,kweek,Hlagolela .,hlakulela,vavarira,expanded_shona_alt,rima
kukuna,semer,2.0,Positive,Verbe,sow,thwalwa,saai,Bjala .,hlwayela,kudyara,expanded_shona_lexicon,kudyara
kuhola,recolter,4.0,Positive,Verbe,harvest,okuvuniweyo,oes,buna,ukuvuna,gohwo,expanded_shona_alt,goho
mulami,gardien,4.0,Positive,Mot,guardian,umondli,voog,Mohlokomedi .,umlondolozi,muchengeti,expanded_shona_lexicon,muchengeti
kuihila,sarcle,4.0,Positive,Mot,weed,ukhula,onkruid,ngwang,ukhula,masora,expanded_shona_alt,sora
kuhakula,castrer,4.0,Positive,Verbe,castrate,xholosa,kastreer,Castrate .,thambisa,kutakurwa,expanded_shona_lexicon,kutakurwa
kutengula,circonsir,4.0,Positive,Verbe,circumcise,soka,besny,Boloki bja go bolotša .,walusa,kudzingisa,expanded_shona_alt,dzingisa
kunungana,murmurer,4.0,Positive,Verbe,whisper,nyenyeza,fluister,hwenahwena,whisper,whisper,expanded_shona_alt,zevezera
kubobesha,murmur,4.0,Positive,Verbe,whisper,nyenyeza,fluister,hwenahwena,whisper,whisper,expanded_shona_alt,zevezera
kuluatshisha,fairehabiller,4.0,Positive,Verbe,to dress,ukugqoka,aan te trek,Go apara .,ukunxiba,kupfeka,expanded_shona_lexicon,kupfeka
kuvuadika,habiller,4.0,Positive,Verbe,dress,gqoka,rok,seaparo,nxiba,chipfeko,expanded_shona_lexicon,chipfeko
munganga,infirmier,4.0,Positive,Mot,nurse,umhlengi,verpleegster,mooki,umongikazi,mukoti,expanded_shona_lexicon,mukoti
kumanyisha,informer,4.0,Positive,Verbe,inform,tshela,inlig,tsebiša,yazisa,zivisa,expanded_shona_lexicon,zivisa
kunvuija,expliquer,4.0,Positive,Verbe,explain,chasisa,verduidelik,hlaloša,chaza,tsanangura,expanded_shona_lexicon,tsanangura
kunua,boire,4.0,Positive,Verbe,drink,phuza,drink,nwa,isiselo,kunwa,expanded_shona_lexicon,kunwa
kusangisha,additionner,4.0,Positive,Verbe,add,enezelela,byvoeg,hlakanya,yongeza,wedzera,expanded_shona_lexicon,wedzera
nvita,guerre,-7.0,Negative,Mot,war,ukulwa,oorlog,ntwa,imfazwe,hondo,expanded_shona_lexicon,hondo
kujika,enterrer,-5.0,Negative,Verbe,bury,ngcwaba,begrawe,boloka,ukungcwaba,kuviga,expanded_shona_alt,viga
kuakaja,arranger,4.0,Positive,Verbe,arrange,lungisa,reël,beakanya,cwangcisa,ronga,expanded_shona_alt,kuronga
kulela,accoucher,4.0,Positive,Verbe,give birth,zala,geboorte gee,go belega .,zala,zvara,expanded_shona_lexicon,zvara
kulengeja,embelir,4.0,Positive,Verbe,beautify,nhle,verfraai,Go kgabiša .,ubuhle,kushora,expanded_shona_alt,shongedza
kukezula,purifier,4.0,Positive,Verbe,purify,hlanza,suiwer,Hlwekiša .,hlamba,chinatsa,expanded_shona_lexicon,chinatsa
kusukula,netoyer,4.0,Positive,Verbe,clean,hlanza,skoon,hlwekile,icocekile,chenesa,expanded_shona_alt,yakachena
kabalamatuku,calendrier,4.0,Positive,Mot,calendar,unsukuzonke,kalender,Tšhupamabaka ya .,ikhalenda,karenda,expanded_shona_lexicon,karenda
kubueja,inserer,4.0,Positive,Verbe,insert,faka,invoeg,tsenya,faka,isa,expanded_shona_alt,pinza
Kuludika,adresser,4.0,Positive,Verbe,address,beka,adres,aterese,idilesi,kero,expanded_shona_lexicon,kero
Kubela,eduquer,4.0,Positive,Verbe,educate,fundisa,opvoed,Ruta .,fundisa,dzidzisa,expanded_shona_lexicon,dzidzisa
Tshienzedi,acte,4.0,Positive,Mot,act,dlala,optree,molao,isenzo,chiito,expanded_shona_lexicon,chiito
Kushimuna,vaincre,4.0,Positive,Verbe,defeat,nqoba,nederlaag,fenya,yoyisiwe,kukunda,expanded_shona_alt,kukundwa
Kutumbisha,louer,4.0,Positive,Verbe,to rent out,ukuqasha,te verhuur,Go hira .,ukuqesha ngaphandle,kubvarura,expanded_shona_alt,kuroja
kukukuila,adorer,4.0,Positive,Verbe,worship,dumisa,aanbidding,tumiša,unqulo,kunamata,expanded_shona_lexicon,kunamata
Kutangalaja,propager,4.0,Positive,Verbe,propagate,landa,voortplant,Phatlalatša .,ukusasaza,kuparadzira,expanded_shona_lexicon,kuparadzira
Dizakala,tremblement,4.0,Positive,Verbe,tremor,ukuzamazama komhlaba okulamalisa amanje,bewing,Go thothomela .,ungcangcazela,trement,expanded_shona_alt,kudedera
Kuzakala,trembler,4.0,Positive,Verbe,tremble,qhaqhazela,bewe,thothomela .,thuthumela,kudedera,expanded_shona_lexicon,kudedera
Kutshibuka,fracturer,-5.0,Negative,Verbe,fracture,ukwaphuka,breuk,Go robega .,ukwaphuka,kupwanyika,expanded_shona_alt,kutyoka
Kukuta,rassasier,3.0,Positive,Verbe,satiate,isilingisi,versadig,Kgegea .,sathise,satiate,expanded_shona_loanword,satiate
Kujima,eteindre,3.0,Positive,Verbe,turn off,vala,skakel af,Tima .,Cima,dzima,expanded_shona_lexicon,dzima
Kutemesha,allumer,3.0,Positive,Verbe,to light up,ukukhanyisa,te verlig,Go boneša .,Ukukhanyisa,kuvhenekera,expanded_shona_lexicon,kuvhenekera
kusemena,approcher,3.0,Positive,Verbe,approach,sondela,benadering,batamela,indlela,nzira,expanded_shona_alt,kusvika
Kuntekela,observer,3.0,Positive,Verbe,observe,phawula,waarneem,lemoga,qaphela,cherechedza,expanded_shona_lexicon,cherechedza
Kufangikisha,ressembler,3.0,Positive,Verbe,look like,kufana ne,lyk,Lebelela bjalo ka .,ibonakala njenge,fanana,expanded_shona_lexicon,fanana
Kumonununa,revoir,3.0,Positive,Verbe,goodbye,Hamba kahle,totsiens,šala gabotse,Sala kakuhle,sara mushe,expanded_shona_lexicon,sara mushe
Kutshina,craindre,3.0,Positive,Verbe,to fear,ukwesaba,te vrees,Go tshaba .,Ukoyika,kutya,expanded_shona_lexicon,kutya
Kuluka,vomir,-3.0,Negative,Verbe,to vomit,ukugabha,om te braak,Go hlatša .,ukuhlanza,kurutsa,expanded_shona_lexicon,kurutsa
Miengu,nauser,-4.0,Negative,Verbe,nause,ngenisa,naarheid,Go hlatša .,i-nause,kusuwa,expanded_shona_lexicon,kusuwa
tshieleka,serment,4.0,Positive,Verbe,oath,isifungo,eed,kano,isifungo,mhiko,expanded_shona_lexicon,mhiko
Kowela,nager,4.0,Positive,Verbe,swim,bhukuda,swem,rutha,ukuqubha,shambira,expanded_shona_alt,kushambira
Kudina,noyer,-2.0,Negative,Verbe,walnut,ziyadliwa,okkerneut,Walnut .,i-walnut,walnut,expanded_shona_loanword,walnut
Kuhuyakana,respirer,5.0,Positive,Verbe,breathe,phefumula,asemhaal,hema,uphefumla,kufema,expanded_shona_alt,fema
Kuinyija,plonger,5.0,Positive,Verbe,dive,ziphonsa ngekhanda emanzini,duik,thinya,dive,dive,expanded_shona_loanword,dive
Kubola,mouiller,-6.0,Negative,Verbe,wet,-manzi,nat,thapile,emanzi,kunyorova,expanded_shona_lexicon,kunyorova
Kubungila,somnoler,3.0,Positive,Verbe,doze,qaphela,sluimer,DOZE .,i-doze,doze,expanded_shona_alt,hope
Kulota,rever,3.0,Positive,Verbe,dream,iphupha,droom,toro,iphupha,kurota,expanded_shona_alt,hope
Butuku,nuit,-5.0,Negative,Mot,night,ubusuku,nag,bošego,busuku,husiku,expanded_shona_lexicon,husiku
Dituku,jour,7.0,Positive,Mot,day,usuku,dag,letšatši,usuku,zuva,expanded_shona_lexicon,zuva
Ditunga,pays,7.0,Positive,Mot,country,izwe,land,naga,ilizwe,nyika,expanded_shona_lexicon,nyika
Kumuenena,dominer,7.0,Positive,Verbe,dominate,busa,oorheers,Laola .,kulawula,kutonga,expanded_shona_alt,tonga
Tshimenga,ville,7.0,Positive,Mot,city,idolobha,stad,toropokgolo,isixeko,guta,expanded_shona_lexicon,guta
Mulondi,village,7.0,Positive,Mot,village,umuzi,dorpie,motse,ilali,musha,expanded_shona_lexicon,musha
Kuvuma,vibrer,7.0,Positive,Verbe,vibrate,vevezela,vibreer,Go thothomela .,hluma,vibrate,expanded_shona_loanword,vibrate
Mulondi,coureur,7.0,Positive,Verbe,runner,umgijimi,hardloper,Semathi .,Imbaleki,mumhanyi,expanded_shona_lexicon,mumhanyi
Momunyi,voyant,7.0,Positive,Verbe,indicator,okokukhonkotha,aanwyser,Sešupo sa .,isalathi,chiratidzo,expanded_shona_lexicon,chiratidzo
Nsanyanga,sentiment,7.0,Positive,Mot,feeling,ukuzwakala,gevoel,maikutlo,imvakalelo,kunzwa,expanded_shona_lexicon,kunzwa
Kujingila,souhaiter,7.0,Positive,Verbe,to wish,ukufisa,te wens,go lakatsa .,ukunqwenela,kushuvira,expanded_shona_alt,kuda
Kukehesha,reduire,7.0,Positive,Verbe,reduce,phungula,verminder,fokotša,ukunciphisa,kuderedza,expanded_shona_lexicon,kuderedza
Mavuala,vague,-4.0,Negative,Mot,wave,vayizela,golf,lephoto,amaza,wave,expanded_shona_loanword,wave
tshipepela,tempete,-4.0,Negative,Mot,storm,isivunguvungu,storm,ledimo,isaqhwithi,dutu,expanded_shona_lexicon,dutu
Kudiombola,decevoir,-4.0,Negative,Verbe,disappoint,dumaza,teleurstel,Kganyoga .,ukuphoxeka,kuodza moyo,expanded_shona_lexicon,kuodza moyo
Munyengi,cambrioleur,-4.0,Negative,Verbe,burglar,umgqekezi,inbreker,Mohodu wa lehodu .,burglar,burglar,expanded_shona_loanword,burglar
Kukankamija,encourager,6.0,Positive,Mot,encourage,khuthaza,aanmoedig,hlohleletša,khuthaza,kurudzira,expanded_shona_alt,kukurudzira
Disankisha,rendreheureux,6.0,Positive,Verbe,make happy,yenza ujabule,gelukkig maak,Dira gore o thabe .,Yonwaba,ita kufara,expanded_shona_alt,fadza
Diambuluisha,aider,6.0,Positive,Verbe,help,Usizo,help,thušo,Nceda,rubatsiro,expanded_shona_lexicon,rubatsiro
Kumupetesha,apporter,6.0,Positive,Verbe,bring,letha,bring,tliša,yizise,uyai,expanded_shona_lexicon,uyai
Ditekemena,esperance,6.0,Positive,Mot,hope,ithemba,hoop,kholofelo,Ithemba,tariro,expanded_shona_lexicon,tariro
Kulongesha,enseigner,6.0,Positive,Verbe,teach,fundisa,leer,ruta,fundisa,dzidzisa,expanded_shona_lexicon,dzidzisa
Kukonkolola,examiner,6.0,Positive,Verbe,examine,hlola,ondersoek,hlahloba,vavanya,ona,expanded_shona_alt,kuongorora
Kanyinganinga,stress,-7.0,Negative,Mot,stress,ubunzima,stres,kgatelelo,uxinzelelo,kushushikana,expanded_shona_lexicon,kushushikana
Kutantamena,supporter,5.0,Positive,Verbe,support,singatha,ondersteun,thekga,inkxaso,tsigiro,expanded_shona_alt,rutsigiro
Kansungansunga,injustice,-3.0,Negative,Mot,injustice,ukwenza okungalungile,onregverdigheid,Go hloka toka .,ukungabikho kokusesikweni,kusaruramisira,expanded_shona_lexicon,kusaruramisira
Kukumbaja,realiser,4.0,Positive,Verbe,realize,bona,besef,lemoga,qaphela,ziva,expanded_shona_lexicon,ziva
Bibunyi,abondance,4.0,Positive,Mot,abundance,ubuningi,oorvloed,bontši,ubuninzi,zvakawanda,expanded_shona_alt,kuwanda
Kumbusha,enlever,4.0,Positive,Verbe,to remove,ukususa,te verwyder,Go Tlosa .,ukususa,kubvisa,expanded_shona_lexicon,kubvisa
Tshijiengu,cercle,4.0,Positive,Mot,circle,zungeza,sirkel,sediko,isangqa,denderedzwa,expanded_shona_lexicon,denderedzwa
Buloba,Terre,4.0,Positive,Mot,earth,Inhlabathi,Aarde,Lefase,Umhlaba,pasi,expanded_shona_alt,nyika
Bionsu,tout,0.0,Neutre,Mot,all,-Nke,Almal,Ka moka,Zonke,zvese,expanded_shona_alt,zvose
Kuikala,etre,0.0,Neutre,Verbe,be,yiba,wees,go ba,yiba,be,expanded_shona_alt,kuva
Bikukibua,Creature,5.0,Positive,Mot,creature,Isilwane,Skepsel,Sebopiwa .,Isidalwa,chisikwa,expanded_shona_lexicon,chisikwa
Moyi,vie,5.0,Positive,Mot,life,impilo,lewe,bophelo,ubomi,hupenyu,expanded_shona_lexicon,hupenyu
Bulelela,Verité,5.0,Positive,Mot,truth,Iqiniso,Waarheid,Bonnete,Inyani,chokwadi,expanded_shona_lexicon,chokwadi
Kufunda,ecrire,5.0,Positive,Verbe,to write,ukubhala,te skryf,Go ngwala .,ukubhala,kunyora,expanded_shona_lexicon,kunyora
Kunianga,abimer,-4.0,Negative,Verbe,damage,umonakalo,skade,tshenyo,umonakalo,kukuvara,expanded_shona_lexicon,kukuvara
Kumanyisha,informer,3.0,Positive,Verbe,inform,tshela,inlig,tsebiša,yazisa,zivisa,expanded_shona_lexicon,zivisa
Biabunyi,beaucoup,3.0,Positive,Mot,a lot,okuningi,baie,kudu,Okuninzi,zvakawanda,expanded_shona_lexicon,zvakawanda
Tshikondo,periode,3.0,Positive,Mot,period,isikhathi,tydperk,paka,ixesha,nguva,expanded_shona_lexicon,nguva
Tshilejelu,exemple,3.0,Positive,Mot,example,isibonelo,voorbeeld,mohlala,umzekelo,muenzaniso,expanded_shona_lexicon,muenzaniso
Dimanyia,connaissance,3.0,Positive,Mot,awareness,ukuzwa,bewustheid,temogo,ukwazisa,kuziva,expanded_shona_lexicon,kuziva
Mpokolo,source,3.0,Positive,Mot,source,umthombo,bron,mothopo,umthombo,kunobva,expanded_shona_lexicon,kunobva
Wa,de,0.0,Neutre,Article,of,iwa-,van,ya,ye,of,expanded_shona_alt,ye
Bakuabu,d'autre,0.0,Neutre,Mot,else,futhi,anders,sengwe,enye into,zvimwe,expanded_shona_lexicon,zvimwe
Kuangata,prendre,2.0,Positive,Verbe,take,hlalela,neem,tšea,thatha,tora,expanded_shona_lexicon,tora
Tshibuashabuasha,univers,2.0,Positive,Mot,universe,umhlaba wonke kanye nezulu,heelal,Legohle la Legohle .,indalo,zvakasikwa,expanded_shona_lexicon,zvakasikwa
Mitoto,etiole,2.0,Positive,Mot,etiole,etiole,etiool,Etiole .,i-eiole,etiole,expanded_shona_loanword,etiole
Butoke,eclairer,2.0,Positive,Verbe,enlighten,akhanyi,verlig,Seetša .,khanyisela,kuvhenekerwa,expanded_shona_lexicon,kuvhenekerwa
Mushindu,façon,2.0,Positive,Mot,way,indlela,manier,tsela,indlela,nzira,expanded_shona_lexicon,nzira
Kuteleja,ecouter,2.0,Positive,Verbe,listen,beka indlebe,luister,theeletša,mamela,teerera,expanded_shona_lexicon,teerera
Diyi,voix,2.0,Positive,Mot,voice,iphimbo,stem,lentšu,ilizwi,izwi,expanded_shona_lexicon,izwi
Mubidi,corps,2.0,Positive,Mot,body,umzimba,liggaam,mmele,umzimba,muviri,expanded_shona_lexicon,muviri
Mashi,sang,2.0,Positive,Mot,blood,igazi,bloed,madi,igazi,ropa,expanded_shona_lexicon,ropa
Kumona,voir,2.0,Positive,Verbe,see,qonda,sien,bona,funda,ona,expanded_shona_alt,maona
Kuitaba,accepter,2.0,Positive,Verbe,accept,amukela,aanvaar,amogela,yamkela,gamuchira,expanded_shona_alt,bvuma
Mpukampuka,hasard,2.0,Positive,Mot,chance,ithuba,kans,sebaka,ithuba,mukana,expanded_shona_lexicon,mukana
tshibingishilu,commencement,2.0,Positive,Mot,beginning,ukuqala,begin,mathomong,ukuqala,kutanga,expanded_shona_lexicon,kutanga
Tshinfuanyi,image,2.0,Positive,Mot,picture,isithombe,prentjie,seswantšho,umfanekiso,mufananidzo,expanded_shona_lexicon,mufananidzo
Ngikadilu,qualiter,2.0,Positive,Mot,quality,isimo,kwaliteit,boleng,Umgangatho,mhando,expanded_shona_lexicon,mhando
Bukokeshi,autoriter,2.0,Positive,Mot,authorize,gunyaza,magtig,Dumelela .,gunyazisa,bvumidza,expanded_shona_alt,mvumo
Dishilangana,different,2.0,Positive,Mot,different,-ahlukile,anders,fapanego,eyahlukileyo,zvakasiyana,expanded_shona_lexicon,zvakasiyana
Kusambila,prier,2.0,Positive,Verbe,pray,cela,bid,rapela,thandaza,namata,expanded_shona_alt,nyengeterai
Kukumbana,convenir,2.0,Positive,Verbe,agree,vumelana,stem saam,dumela,vuma,bvumirana,expanded_shona_alt,bvuma
Bulunda,amitier,2.0,Positive,Mot,friendship,ubudlelwane,vriendskap,segwera,ubuhlobo,hushamwari,expanded_shona_alt,ushamwari
Kulua,venir,2.0,Positive,Verbe,come,woza,kom,tla,yiza,huya,expanded_shona_alt,uya
Mushinga,prix,2.0,Positive,Mot,price,intengo,prys,theko,ixabiso,mutengo,expanded_shona_lexicon,mutengo
kusemena,approcher,2.0,Positive,Verbe,approach,sondela,benadering,batamela,indlela,nzira,expanded_shona_alt,kusvika
Kuambuluisha,aider,2.0,Positive,Verbe,help,Usizo,help,thušo,Nceda,rubatsiro,expanded_shona_lexicon,rubatsiro
Kusamba,consoller,2.0,Positive,Verbe,console,ikhonsoli,konsole,Console .,ikhonkco,console,expanded_shona_loanword,console
Kusankisha,rejouire,2.0,Positive,Verbe,rejoice,thokoza,jubel,Thabang .,Yibani nemihlali,farai,expanded_shona_lexicon,farai
kushintuluka,changer,2.0,Positive,Verbe,to change,ukushintsha,te verander,go fetoga .,ukutshintsha,kuchinja,expanded_shona_lexicon,kuchinja
Makenga,souffrance,2.0,Positive,Mot,suffering,Ukuhlupheka,lyding,go tlaišega,ukubandezeleka,kutambura,expanded_shona_lexicon,kutambura
Kuludika,redresser,2.0,Positive,Verbe,to sort out,Ukuhlunga,uit te sorteer,go rarolla ntle .,Ukuhlela ngaphandle,kuronga,expanded_shona_alt,kugadzirisa
Kuenza,faire,2.0,Positive,Verbe,to do,OKUZO KWENZIWA,OM TE DOEN,go dira .,UKWENZA,kuita,expanded_shona_lexicon,kuita
kulomba,Demander,2.0,Positive,Verbe,ask,Buza,Vra,Kgopela,Buza,bvunza,expanded_shona_lexicon,bvunza
Kupumuna,epancher,2.0,Positive,Verbe,spread,ukubhebhetheka,versprei,phatlalala,usasazeko,paradzira,expanded_shona_lexicon,paradzira
Ditalala,paix,2.0,Positive,Mot,peace,ukuthula,vrede,khutšo,uxolo,runyararo,expanded_shona_alt,rugare
Kudisangisha,reunir,2.0,Positive,Verbe,reunite,hlanganisa futhi,herenig,Kopanya gape .,phinda,reunite,expanded_shona_alt,kusanganazve
Diku,famille,2.0,Positive,Mot,family,umndeni,familie,lapa,usapho,mhuri,expanded_shona_lexicon,mhuri
Tshisumbu,groupe,2.0,Positive,Mot,band,isibopho,band,lepanta,band,bhendi,expanded_shona_lexicon,bhendi
Mikenji,lois,2.0,Positive,Mot,laws,imithetho,wette,Melao .,IMITHETHO,mitemo,expanded_shona_lexicon,mitemo
Ntemu,temoin,2.0,Positive,Mot,witness,fakazela,getuie,hlatse,INgqina,chapupu,expanded_shona_lexicon,chapupu
Kushima,mentir,-3.0,Negative,Verbe,lie,ginqika,lieg,maaka,ubuxoki,kunyepa,expanded_shona_lexicon,kunyepa
Tshisangilu,reunion,4.0,Positive,Mot,meeting,umhlangano,vergadering,kopano,intlanganiso,musangano,expanded_shona_lexicon,musangano
Pamuapa,defois,4.0,Positive,Mot,sometimes,ngesinye isikhathi,soms,nako tše dingwe,ngamaxesha athile,dzimwe nguva,expanded_shona_lexicon,dzimwe nguva
Kuseka,Rigoler,4.0,Positive,Verbe,to laugh,Ukuhleka,Om te lag,Go sega .,Ukuhleka,kuseka,expanded_shona_lexicon,kuseka
Kuibidila,habitude,4.0,Positive,Mot,habit,isiko,gewoonte,setlwaedi,umkhwa,tsika,expanded_shona_lexicon,tsika
Madilu,deuil,-6.0,Negative,Mot,grief,ubuhlungu,hartseer,bohloko,usizi,kusuwa,expanded_shona_lexicon,kusuwa
Kuibaka,construire,3.0,Positive,Verbe,build,akha,bou,aga,yakha,kuvaka,expanded_shona_lexicon,kuvaka
Bipepela,facile,3.0,Positive,Mot,easy,-ncwaba,maklik,bonolo,kulula,nyore,expanded_shona_lexicon,nyore
Kusungula,choisire,3.0,Positive,Verbe,choose,qoka,kies,kgetha,khetha,sarudza,expanded_shona_lexicon,sarudza
kulomba,Demander,3.0,Positive,Verbe,ask,Buza,Vra,Kgopela,Buza,bvunza,expanded_shona_lexicon,bvunza
Bulongolodi,organisation,3.0,Positive,Mot,organization,inhlangano,organisasie,mokgatlo,umbutho,sangano,expanded_shona_lexicon,sangano
Kucimuna,vincrait,3.0,Positive,Mot,vincrait,uhlobo lwe-vincroit,vincrait,Vincrait .,i-vincrait,vincrait,expanded_shona_loanword,vincrait
Kusuminyina,ainsister,3.0,Positive,Verbe,soster,uonkelisi,soster,Soster .,i-soster,soster,expanded_shona_loanword,soster
Kutunguluka,continuer,3.0,Positive,Verbe,continue,qhubeka,gaan voort,tšwela pele,qhubeka,enderera,expanded_shona_lexicon,enderera
Mufuki,createur,3.0,Positive,Mot,creator,UMdali,Skepper,Mmopi .,UMdali,musiki,expanded_shona_lexicon,musiki
Kukokela,soumission,3.0,Positive,Mot,submission,ukuthobela,voorlegging,boikokobetšo,inguquko,kuzviisa pasi,expanded_shona_lexicon,kuzviisa pasi
Disanka,joie,3.0,Positive,Mot,joy,injabulo,vreugde,boipshino,uvuyo,mufaro,expanded_shona_lexicon,mufaro
Kukumbajia,ajouter,3.0,Positive,Verbe,add,enezelela,byvoeg,hlakanya,yongeza,wedzera,expanded_shona_lexicon,wedzera
Mukaji,femme,3.0,Positive,Mot,women,abantu,vroue,basadi,abafazi,vakadzi,expanded_shona_lexicon,vakadzi
mudimu,travail,3.0,Positive,Verbe,work,ukusebenza,werk,mošomo,sebenza,shanda,expanded_shona_lexicon,shanda
Kabutu,destruiction,3.0,Positive,Mot,destruction,isibhicongo,vernietiging,tshenyo,intshabalalo,kuparadzwa,expanded_shona_alt,kuparadza
Lukuka,aviditer,3.0,Positive,Mot,greed,ukuhaha,gierigheid,megabaru,ukubawa,makaro,expanded_shona_alt,kukara
Muana,descendance,3.0,Positive,Mot,descendants,inzalo,afstammelinge,Ditlogolo .,inzala,vazukuru,expanded_shona_lexicon,vazukuru
Biabunyi,immence,3.0,Positive,Mot,immence,-landelana,immens,EmMence .,Immensi,kusevha,expanded_shona_lexicon,kusevha
Lulamatu,fideliter,3.0,Positive,Mot,loyalty,ukuba neqiniso,lojaliteit,botshepegi,ukuthembeka,kuvimbika,expanded_shona_lexicon,kuvimbika
Kudipuekesha,humilter,3.0,Positive,Mot,humiliate,dumaza,verneder,Mokokotlo wa go kokobetša .,hlaziya,zvinonyadzisa,expanded_shona_lexicon,zvinonyadzisa
Kukuba,proteger,3.0,Positive,Verbe,protect,vikela,beskerm,šireletša,khusela,chengetedza,expanded_shona_alt,kudzivirira
Ciendelela,eterniter,3.0,Positive,Mot,eternity,ubungunaphakade,ewigheid,Bosafeleng .,kanaphakade,kusingagumi,expanded_shona_alt,kusingaperi
Dishintuluka,changement,3.0,Positive,Mot,change,phendula,verander,phetogo,utshintsho,shanduko,expanded_shona_lexicon,shanduko
Ditumikila,obeisance,3.0,Positive,Mot,obedience,ukuzwa,gehoorsaamheid,Go kwa .,ukuthobela,kuteerera,expanded_shona_lexicon,kuteerera
disanka,bonheur,3.0,Positive,Mot,happiness,injabulo,geluk,lethabo,ulonwabo,mufaro,expanded_shona_lexicon,mufaro
dibungama,tristesse,-1.0,Negative,Mot,sadness,ukudabuka,hartseer,manyami a go nyama .,usizi,kusuwa,expanded_shona_lexicon,kusuwa
tshinji,colere,-4.0,Negative,Mot,anger,intukuthelo,woede,pefelo,umsindo,kutsamwa,expanded_shona_lexicon,kutsamwa
bowa,peur,-6.0,Negative,Mot,fear,ukwesaba,vrees,tšhoga,uloyiko,kutya,expanded_shona_lexicon,kutya
ditalala,paix,5.0,Positive,Mot,peace,ukuthula,vrede,khutšo,uxolo,runyararo,expanded_shona_alt,rugare
kukuata,reusir,5.0,Positive,Verbe,succeed,phumelela,slaag,atlega,phumelela,budirira,expanded_shona_alt,kubudirira
kubula,echec,-5.0,Negative,Mot,failure,phaphalaza,mislukking,go palelwa,ukusilela,kutadza,expanded_shona_alt,kukundikana
ditekemena,confiance,4.0,Positive,Mot,trust,themba,vertrou,tshepha,ukuthembana,kuvimba,expanded_shona_lexicon,kuvimba
kuseka,sourire,6.0,Positive,Verbe,smile,ukumamatheka,glimlag,myemyela,uncumo,kunyemwerera,expanded_shona_alt,nyemwerero
bisonji,Larmes,-3.0,Negative,Mot,tears,Izinyembekathi,Trane,Megokgo,Iinyembezi,misodzi,expanded_shona_lexicon,misodzi
ditekemena,espoir,2.0,Positive,Mot,hope,ithemba,hoop,kholofelo,Ithemba,tariro,expanded_shona_lexicon,tariro
kuvuluka,souvenir,3.0,Positive,Mot,memory,ukukhumbula,geheue,kgopolo,imemori,ndangariro,expanded_shona_lexicon,ndangariro
kubengakutekemena,desespoir,-7.0,Negative,Mot,despair,phela ithemba,wanhoop,hloboga,Ukuphelelwa lithemba,kupererwa,expanded_shona_lexicon,kupererwa
moyimukola,courage,1.0,Positive,Mot,courage,isibindi,moed,mafolofolo,isibindi,ushingi,expanded_shona_lexicon,ushingi
tungunuka,continuer,1.0,Positive,Verbe,continue,qhubeka,gaan voort,tšwela pele,qhubeka,enderera,expanded_shona_lexicon,enderera
mudikadila,liberter,1.0,Positive,Mot,liberate,khulula,bevry,lokolloa .,ikhululekile,kusunungura,expanded_shona_alt,sunungura
kukudimuna,trasformer,1.0,Positive,Verbe,transform,shintsha,transformeer,Phetogo ya phetošo .,tshintsha,shandura,expanded_shona_lexicon,shandura
kukola,grandir,1.0,Positive,Verbe,to grow,Ukukhula,te groei,go gola .,ukukhula,kukura,expanded_shona_lexicon,kukura
kulongesha,enseigne,1.0,Positive,Mot,taught,wafundisa,geleer,rutile,ifundisiwe,kudzidziswa,expanded_shona_alt,vakadzidziswa
tshisumi,perceverance,1.0,Positive,Mot,perception,ukuqonda,persepsie,temogo,umbono,perception,expanded_shona_alt,maonero
kubela,reprimande,-4.0,Negative,Mot,reprimand,ukujezisa,berisping,Kgalemo .,phinda,kutsiura,expanded_shona_lexicon,kutsiura
kulomba,demander,4.0,Positive,Verbe,ask,buza,vra,kgopela,buza,bvunza,expanded_shona_lexicon,bvunza
bundu,honte,-3.0,Negative,Mot,shame,amahloni,skaamte,mahlabišadihlong,ihlazo,nyadzi,expanded_shona_lexicon,nyadzi
lupepela,air,2.0,Positive,Mot,air,umoya,lug,moya,umoya,mhepo,expanded_shona_lexicon,mhepo
buloba,monde,2.0,Positive,Mot,world,izwe,wêreld,lefase,Umhlaba,nyika,expanded_shona_lexicon,nyika
anumpidieu,immediatement,2.0,Positive,Mot,immediately,eduze,onmiddellik,ka potlako,kwangoko,pakarepo,expanded_shona_lexicon,pakarepo
bualubudimuakuezeka,possible,2.0,Positive,Mot,possible,-enzekayo,moontlik,kgonagalo,kunokwenzeka,zvinogoneka,expanded_shona_lexicon,zvinogoneka
bualubudikabuyimuakuezeka,impossible,-2.0,Negative,Mot,impossible,-ngenakwenzeka,onmoontlik,sa kgonagalego,ayinakwenzeka,hazvigoneke,expanded_shona_alt,hazvigoneki
buabualukayi,pourquoi,0.0,Negative,Mot,why,Ngobani,Hoekom,Ka lebaka la eng,Ngoba,sei,expanded_shona_lexicon,sei
biakana,parfaite,4.0,Positive,Mot,perfect,gweda,perfek,phethegilego,igqibelele,kukwana,expanded_shona_alt,zvakakwana
muenacilema,egoiste,-5.0,Negative,Mot,self-centered,ngokwakho uqobo,selfgesentreerd,Boithati .,ukuzingca,kuzvifunga,expanded_shona_alt,kuzvida
umueka,visible,6.0,Positive,Mot,visible,qavile,sigbaar,Go bonagala .,ibonakale,inoonekwa,expanded_shona_alt,zvinooneka
kayilulamatu,infidele,-3.0,Negative,Mot,unfaithful,-ngenalo iqiniso,ontrou,Go se botege .,enganyanisekanga,vasina kutendeka,expanded_shona_lexicon,vasina kutendeka
lulamatu,fidele,3.0,Positive,Mot,faithful,-thembekile,getrou,botega,ithembekile,kutendeka,expanded_shona_alt,akatendeka
disengelela,supplication,3.0,Positive,Mot,supplication,ukunxusa,smeking,Kgopelo .,ukucela,kuteterera,expanded_shona_lexicon,kuteterera
dipingana,retour,3.0,Positive,Mot,back,-dlulile,terug,morago,umva,kumashure,expanded_shona_alt,shure
dikudimuna,variation,3.0,Positive,Mot,variation,ukuphenduka,variasie,Phapano .,umahluko,kusiyana,expanded_shona_lexicon,kusiyana
dikuatshisha,contribuer,3.0,Positive,Verbe,contribute,nikela,bydra,na le seabe,ngegalelo,batsira,expanded_shona_lexicon,batsira
dikanyina,menace,-5.0,Negative,Mot,threat,ukusongela,bedreiging,matšhošetši,isoyikiso,kutyisidzira,expanded_shona_lexicon,kutyisidzira
dijimina,disparaitre,-6.0,Negative,Mot,disappear,nyamalala,verdwyn,nyamelela,nyamalala,nyangarika,expanded_shona_lexicon,nyangarika
difuilalusa,pardon,1.0,Positive,Mot,pardon,xolela,verskoning,tshwarelo,uxolelo,kuregerera,expanded_shona_alt,ruregerero
dibela,discipline,1.0,Positive,Mot,discipline,imfundiso yokulalela,dissipline,kgalema,uqeqesho,kurangwa,expanded_shona_alt,chirango
dibingishibua,justification,1.0,Positive,Mot,justification,ukuthethelela isizathu esizwakalayo,regverdiging,Go lokafatšwa .,ukuzithethelela,kururamisa,expanded_shona_lexicon,kururamisa
kutangila,surveillance,1.0,Positive,Mot,monitoring,ukuqapha,monitering,Go bea leihlo .,ukubeka iliso,kuongorora,expanded_shona_lexicon,kuongorora
mukawu,jalousie,-8.0,Negative,Mot,jealousy,umona,jaloesie,Lehufa .,umona,godo,expanded_shona_lexicon,godo
kuanyishibua,satisfaction,4.0,Positive,Mot,satisfaction,ukugculiseka,tevredenheid,kgotsofalo,ulwaneliseko,kugutsikana,expanded_shona_lexicon,kugutsikana
dinyingalala,regret,-8.0,Negative,Mot,regret,zisola,spyt,maswabi,ukuzisola,kuzvidemba,expanded_shona_lexicon,kuzvidemba
disanka,enthousiasme,4.0,Positive,Mot,enthusiasm,ugqozi,entoesiasme,mafolofolo,inzondelelo,kushingairira,expanded_shona_alt,shungu
kushikija,determination,4.0,Positive,Mot,determination,ukunquma,vasberadenheid,phegelelo,ukuzimisela,kutsunga,expanded_shona_lexicon,kutsunga
kukina,hair,-5.0,Negative,Mot,hate,ukuzonda,haat,hloya,intiyo,kuvenga,expanded_shona_lexicon,kuvenga
dielekana,inquietude,-4.0,Negative,Mot,worry,khathazeka,bekommer,tshwenyega,Ixhala,kunetseka,expanded_shona_lexicon,kunetseka
dilenga,bonne,3.0,Positive,Mot,good,Kuhle ngokuncomekayo,Goed,Gabotse,Kulungile,kugona,expanded_shona_lexicon,kugona
dituku,journée,3.0,Positive,Mot,daytime,isikhathi sasemini,dagtyd,Motšehare .,ixesha lexesha,masikati,expanded_shona_lexicon,masikati
muedi,barbe,3.0,Positive,Mot,beard,intshebe,baard,ditedu,iindevu,ndebvu,expanded_shona_lexicon,ndebvu
mukana,bouche,3.0,Positive,Mot,mouth,umlomo,mond,molomo,umlomo,muromo,expanded_shona_lexicon,muromo
diboko,bras,3.0,Positive,Mot,arm,hlomisa,arm,letsogo,ingalo,ruoko,expanded_shona_lexicon,ruoko
bongo,cerveau,3.0,Positive,Mot,brain,ingqondo,brein,bjoko,Ingqondo,uropi,expanded_shona_lexicon,uropi
kasuki,cheveu,3.0,Positive,Mot,hair,uboya,hare,moriri,iinwele,bvudzi,expanded_shona_lexicon,bvudzi
kampombe,cheville,3.0,Positive,Mot,ankle,isinqe,enkel,kokoilane,i-ankle,ankle,expanded_shona_loanword,ankle
lukofi,cil,3.0,Positive,Mot,eyelash,ukhophe,wimpers,Eyelash .,iliso,eyelash,expanded_shona_loanword,eyelash
muoyo,cœur,3.0,Positive,Mot,heart,inhliziyo,hart,pelo,Intliziyo,moyo,expanded_shona_alt,mwoyo
nuongo,colonnevertébrale,3.0,Positive,Mot,vertebral column,Ikholomu yeVertebral,werwelkolom,Kholomo ya mokokotlo .,Ikholamu ye-vertebral,vertebral column,expanded_shona_loanword,vertebral column
mubidi,corps,3.0,Positive,Mot,body,umzimba,liggaam,mmele,umzimba,muviri,expanded_shona_lexicon,muviri
libadi,cote,3.0,Positive,Mot,side,usebe,kant,lehlakore,icala,padivi,expanded_shona_lexicon,padivi
nshingu,cou,3.0,Positive,Mot,neck,intamo,nek,molala,intamo,mutsipa,expanded_shona_lexicon,mutsipa
lukenyibu,coude,3.0,Positive,Mot,elbow,indololwane,elmboog,setšu,lbow,elbow,expanded_shona_alt,gokora
tshibalubalu,crane,3.0,Positive,Mot,skull,ithambo lekhanda,skedel,Lehata .,skill,dehenya,expanded_shona_lexicon,dehenya
tshibelo,cuisse,3.0,Positive,Mot,thigh,ithanga,bobeen,serope,ithanga,chidya,expanded_shona_lexicon,chidya
dinu,dent,3.0,Positive,Mot,tooth,izinyo,tand,leino,izinyo,zino,expanded_shona_lexicon,zino
munu,doigt,3.0,Positive,Mot,finger,umunwe,vinger,monwana,umnwe,chigunwe,expanded_shona_alt,munwe
nyima,dos,3.0,Positive,Mot,back,-dlulile,terug,morago,umva,kumashure,expanded_shona_alt,shure
dikaya,épaule,3.0,Positive,Mot,shoulder,igxalaba,skouer,legetla,igxalaba,pfudzi,expanded_shona_alt,bendekete
tshifu,estomac,3.0,Positive,Mot,stomach,isisu,maag,dimpa,isisu,dumbu,expanded_shona_lexicon,dumbu
ditaku,fesse,3.0,Positive,Mot,buttock,isinqe,boud,Marago .,i-buttock,buttock,expanded_shona_loanword,buttock
mutshima,foie,3.0,Positive,Mot,liver,isibindi,lewer,sebete,isibindi,chiropa,expanded_shona_lexicon,chiropa
mpala,front,3.0,Positive,Mot,forehead,imvelelo,voorkop,phatla,ibunzi,pahuma,expanded_shona_alt,huma
tsinu,genou,3.0,Positive,Mot,knee,idolo,knie,khuru,idolo,ibvi,expanded_shona_lexicon,ibvi
diminu,gorge,3.0,Positive,Mot,throat,umphimbo,keel,mogolo,umqala,pahuro,expanded_shona_alt,huro
kunyema,courrir,3.0,Positive,Verbe,run,gijima,hardloop,kitima,baleka,kumhanya,expanded_shona_lexicon,kumhanya
kudila,pleurer,-7.0,Negative,Verbe,cry,memeza,huil,lla,khala,kuchema,expanded_shona_lexicon,kuchema
kusambila,prier,5.0,Positive,Verbe,pray,cela,bid,rapela,thandaza,namata,expanded_shona_alt,nyengeterai
kudima,cultiver,5.0,Positive,Verbe,cultivate,zijwayeza,kweek,Hlagolela .,hlakulela,vavarira,expanded_shona_alt,rima
kusalula,labourer,5.0,Positive,Verbe,plow,hlakula,ploeg,Mogoma .,ukulima,kurima,expanded_shona_alt,gejo
luteta,graine,5.0,Positive,Mot,seed,inhlwanyelo,saad,peu,imbewu,mbeu,expanded_shona_lexicon,mbeu
munya,soleil,5.0,Positive,Mot,sun,ilanga,son,letšatši,ilanga,zuva,expanded_shona_lexicon,zuva
budimi,champ,5.0,Positive,Mot,field,idlelo,veld,tšhemo,intsimi,munda,expanded_shona_lexicon,munda
bowa,champignon,5.0,Positive,Mot,mushroom,ikhowe,sampioen,tlokwane,imashurumi,mushwa,expanded_shona_alt,howa
buanga,fêtiche,-1.0,Negative,Mot,fetish,fetish,fetisj,Fetish .,thambisa,fetish,expanded_shona_loanword,fetish
manga,medicaments,2.0,Positive,Mot,drugs,Izidakamizwa,dwelms,Dihlare-tagi .,iziyobisi,zvinodhaka,expanded_shona_lexicon,zvinodhaka
kudia,manger,2.0,Positive,Verbe,eat,-dla,eet,ja,yitya,idya,expanded_shona_alt,kudya
tshisanji,radio,2.0,Positive,Mot,radio,iwayilense,radio,Seyalemoya .,irediyo,radio,expanded_shona_alt,redhiyo
tshisangilu,ristourne,2.0,Positive,Mot,rebate,ukubuyiselwa emuva,korting,Pušetšo .,isaphulelo,rebate,expanded_shona_loanword,rebate
kasengulu,tamis,2.0,Positive,Mot,sieve,luswano,sif,Sefe ya go se be le mohola .,sieve,sieve,expanded_shona_loanword,sieve
njiwu,danger,-6.0,Negative,Verbe,hazard,inkatho,gevaar,kotsi,ingozi,njodzi,expanded_shona_lexicon,njodzi
kulongolola,arranger,3.0,Positive,Verbe,arrange,lungisa,reël,beakanya,cwangcisa,ronga,expanded_shona_alt,kuronga
bunyi,Motbre,3.0,Positive,Mot,motbre,IMotbre,Motbre,MOTBRE .,Isiqu,motbre,expanded_shona_loanword,motbre
kukezula,purifier,3.0,Positive,Verbe,purify,hlanza,suiwer,Hlwekiša .,hlamba,chinatsa,expanded_shona_lexicon,chinatsa
kubikakulufu,ressuciter,1.0,Positive,Verbe,resurrect,vusa,opstaan,Tsoša .,vusa,kumera,expanded_shona_alt,kumutsa
bangilu,debut,1.0,Positive,Mot,beginning,ukuqala,begin,mathomong,ukuqala,kutanga,expanded_shona_lexicon,kutanga
kubika,sereveiller,1.0,Positive,Verbe,wake up,Vuka,wakker word,tsoga,Vuka,muka,expanded_shona_lexicon,muka
kulala,dormir,1.0,Positive,Verbe,sleep,ukulala,slaap,robala,ukulala,kurara,expanded_shona_alt,hope
nshinga,fil,1.0,Positive,Mot,thread,intanjana,draad,garane,intambo,thread,expanded_shona_loanword,thread
bubi,mal,-1.0,Negative,Mot,wrong,-ngalungile,verkeerd,phošo,ayilunganga,zvakaipa,expanded_shona_lexicon,zvakaipa
disanka,joie,4.0,Positive,Mot,joy,injabulo,vreugde,boipshino,uvuyo,mufaro,expanded_shona_lexicon,mufaro
buta,sandre,3.0,Positive,Mot,zander,wander,snoekbaars,Zander .,iZander,zander,expanded_shona_loanword,zander
tshingoma,arme,-4.0,Negative,Mot,armed,-hlomile,gewapen,O hlometše ka dibetša .,ixhobile,zvombo,expanded_shona_alt,nezvombo
nkuasa,chaise,2.0,Positive,Mot,chair,isihlalo,stoel,setulo,isitulo,chigaro,expanded_shona_lexicon,chigaro
diba,montre,2.0,Positive,Mot,watch,qapha,kyk,bogela,jonga,tarisa,expanded_shona_lexicon,tarisa
ngondo,lune,2.0,Positive,Mot,moon,inyanga,maan,ngwedi,inyanga,mwedzi,expanded_shona_lexicon,mwedzi
ditu,journer,2.0,Positive,Mot,day,usuku,dag,letšatši,usuku,zuva,expanded_shona_lexicon,zuva
nyama,animal,2.0,Positive,Mot,animal,isilwane,dier,phoofolo,isilwanyana,mhuka,expanded_shona_lexicon,mhuka
lumingu,semaine,2.0,Positive,Mot,week,isonto,week,beke,iveki,vhiki,expanded_shona_lexicon,vhiki
nsangilu,assemblée,2.0,Positive,Mot,assembly,umbuthano,samestelling,kopano,indibano,gungano,expanded_shona_alt,ungano
biheta,résulat,2.0,Positive,Mot,result,umphumela,resultaat,poelo,isiphumo,mhedzisiro,expanded_shona_lexicon,mhedzisiro
mateta,examen,2.0,Positive,Mot,exam,ukuhlola,eksamen,tlhahlobo,iimviwo,bvunzo,expanded_shona_lexicon,bvunzo
kunyema,fuir,2.0,Positive,Verbe,flee,baleka,vlug,ngwega,saleke,tiza,expanded_shona_lexicon,tiza
kusama,maladie,-2.0,Negative,Mot,disease,isifo,siekte,bolwetši,isifo,chirwere,expanded_shona_lexicon,chirwere
ludimi,langue,4.0,Positive,Mot,language,ulimi,taal,polelo,ulwimi,mutauro,expanded_shona_lexicon,mutauro
matshi,oreille,4.0,Positive,Mot,ear,indlebe,oor,tsebe,indlebe,nzeve,expanded_shona_lexicon,nzeve
nshingu,cou,4.0,Positive,Mot,neck,intamo,nek,molala,intamo,mutsipa,expanded_shona_lexicon,mutsipa
muaku,Mot,4.0,Positive,Mot,word,Uhlamvu lwegama,Woord,Lentšu,Igama,izwi,expanded_shona_alt,shoko
kusomba,s'asseoire,4.0,Positive,Verbe,sit down,Hlala phansi,gaan sit,Dula fase .,Hlala phantsi,gara pasi,expanded_shona_lexicon,gara pasi
ngondo,mois,4.0,Positive,Mot,month,inyanga,maand,kgwedi,inyanga,mwedzi,expanded_shona_lexicon,mwedzi
kulua,venir,4.0,Positive,Verbe,come,woza,kom,tla,yiza,huya,expanded_shona_alt,uya
kuya,partir,4.0,Positive,Verbe,leave,shiya,verlaat,tloga,shiya,zivisa,expanded_shona_alt,siya
tshibasa,banc,4.0,Positive,Mot,bench,isihlalo eside,bank,panka,ibhentshi,bhenji,expanded_shona_lexicon,bhenji
dibeji,papier,4.0,Positive,Mot,paper,iphepha,papier,pampiri,iphepha,pepa,expanded_shona_alt,bepa
kabudimbua,sachet,4.0,Positive,Mot,bag,isikhwama,sak,mokotla,ibhegi,bhegi,expanded_shona_lexicon,bhegi
kabudimbua,macadame,4.0,Positive,Mot,macadame,I-MacaDame,makadam,Macadame .,macadame,macadame,expanded_shona_loanword,macadame
njila,route,4.0,Positive,Mot,road,umgwaqo,pad,tsela,indlela,mugwagwa,expanded_shona_lexicon,mugwagwa
benketshi,sceau,4.0,Positive,Mot,seal,ukubeka uphawu,seël,tswalela,itywina,chisimbiso,expanded_shona_lexicon,chisimbiso
kusamuna,louer,4.0,Positive,Verbe,to rent out,ukuqasha,te verhuur,Go hira .,ukuqesha ngaphandle,kubvarura,expanded_shona_alt,kuroja
kosha,brûler,4.0,Positive,Verbe,burn,shisa,brand,fiša,tshisa,kupisa,expanded_shona_lexicon,kupisa
luwongu,ravin,4.0,Positive,Mot,ravine,udonga,kloof,Moedi wa Moroko .,ravine,ravine,expanded_shona_loanword,ravine
bulalu,lit,4.0,Positive,Mot,bed,umbhede,bed,mpete,ibhedi,mubhedha,expanded_shona_lexicon,mubhedha
mitshi,arbre,4.0,Positive,Mot,tree,Isihlahla,BOOM,MOHLARE,Umthi,muti,expanded_shona_lexicon,muti
kushiya,laisser,4.0,Positive,Verbe,to leave,ukuhamba,om te vertrek,go tloga .,ukuhamba,kusiya,expanded_shona_alt,kuenda
dingeya,mangue,4.0,Positive,Mot,mango,i-Mango,mango,Mango .,imango,mango,expanded_shona_loanword,mango
tshimuma,fruit,4.0,Positive,Mot,fruit,isithelo,vrugte,seenywa,iziqhamo,michero,expanded_shona_alt,muchero
kabuta,malette,4.0,Positive,Mot,briefcase,isudikesi lezincwadi,aktetas,Mokotla wa dipuku .,ibrinter,chikwama,expanded_shona_lexicon,chikwama
bukula,farine,4.0,Positive,Mot,flour,incushuncushu,meel,folouru,umgubo,hupfu,expanded_shona_alt,upfu
kutokesha,blanchir,1.0,Positive,Verbe,whiten,mhlophe,bleek,Se se šweu .,whiten,whiten,expanded_shona_loanword,whiten
butoka,blancheur,1.0,Positive,Mot,whiteness,ubumsulwa,witheid,Bosweu .,imhlophe,white,expanded_shona_alt,kuchena
kufunda,ecrire,1.0,Positive,Verbe,to write,ukubhala,te skryf,Go ngwala .,ukubhala,kunyora,expanded_shona_lexicon,kunyora
kunvua,entendre,1.0,Positive,Verbe,hear,zwa,hoor,kwa,yiva,inzwa,expanded_shona_lexicon,inzwa
kuteleja,ecouter,1.0,Positive,Verbe,listen,beka indlebe,luister,theeletša,mamela,teerera,expanded_shona_lexicon,teerera
kusengelela,supplier,1.0,Positive,Verbe,beg,cela,smeek,Beg .,cela,kukumbira,expanded_shona_alt,kumbira
bitotshi,boue,1.0,Positive,Mot,mud,ibishi,modder,leraga,udaka,matope,expanded_shona_alt,madhaka
kulongesha,enseigner,1.0,Positive,Verbe,teach,fundisa,leer,ruta,fundisa,dzidzisa,expanded_shona_lexicon,dzidzisa
kuvuala,porter,1.0,Positive,Verbe,to carry,ukuthwala,te dra,go rwala .,ukubamba,kutakura,expanded_shona_lexicon,kutakura
ndenji,bebiteur,1.0,Positive,Mot,bebiteur,ibheyili,bebiteur,Bebeber .,bebiteur,bebiteur,expanded_shona_loanword,bebiteur
kunaya,jouer,1.0,Positive,Verbe,play,dlala,speel,raloka,dlala,tamba,expanded_shona_lexicon,tamba
mubangila,fiancer,1.0,Positive,Mot,get engaged,ubandakanyeka,verloof raak,Get e beeleditšwe .,thenjiswe umtshato,gamuchira,expanded_shona_alt,kuroorana
muanzankongolu,arcenciel,1.0,Positive,Mot,rainbow,uthingo lwenkosazana,reënboog,Molalatladi .,umnyama,rainbow,expanded_shona_alt,murarabungu
nvula,pluie,1.0,Positive,Mot,rain,imvula,reën,pula,imvula,kunaya,expanded_shona_alt,mvura
tumbela,arachide,1.0,Positive,Mot,peanut,intongomane,grondboontjiebotter,Peanut .,peanut,peanut,expanded_shona_alt,nzungu
kubola,pourrir,-2.0,Negative,Mot,rot,bola,vrot,Bola .,ukubola,kuora,expanded_shona_lexicon,kuora
moyi,salutation,3.0,Positive,Mot,greeting,izwi lokubingelela,groete,madume,imibuliso,kukwazisa,expanded_shona_alt,kwaziso
luzadi,ongle,3.0,Positive,Mot,nail,isipikili,spyker,lenala,isipikili,mbambo,expanded_shona_alt,chipikiri
mushiku,lèvre,3.0,Positive,Mot,lip,udebe,lip,Molomo .,imilebe,muromo,expanded_shona_lexicon,muromo
tshina,troue,3.0,Positive,Mot,hole,umgodi,gat,lešoba,umngxunya,gomba,expanded_shona_lexicon,gomba
lukita,tombeau,3.0,Positive,Mot,tomb,ithuna,graf,Lebitla .,ingcwaba,tomb,expanded_shona_alt,guva
musheta,cercueil,3.0,Positive,Mot,coffin,ibhokisi lokungcwaba,kis,Lekese .,ibhokisi,bhokisi,expanded_shona_lexicon,bhokisi
kutanda,gronder,3.0,Positive,Verbe,scold,bhokela,skel,omanya,phawula,tuka,expanded_shona_alt,tsiura
mukela,sel,3.0,Positive,Mot,salt,usawoti,sout,letswai,ityiwa,munyu,expanded_shona_lexicon,munyu
lukombu,baler,3.0,Positive,Mot,baler,uvusana,baler,Baler .,i-baler,bailer,expanded_shona_lexicon,bailer
kuasa,brancher,3.0,Positive,Verbe,connect,hlangana,verbind,kopanya,qhagamshela,batanidza,expanded_shona_lexicon,batanidza
kulela,accoucher,3.0,Positive,Verbe,give birth,zala,geboorte gee,go belega .,zala,zvara,expanded_shona_lexicon,zvara
kulonga,etudier,3.0,Positive,Verbe,to study,ozokufunda,om te studeer,go ithuta .,ukufunda,kudzidza,expanded_shona_lexicon,kudzidza
kuvuala,s'abiller,3.0,Positive,Verbe,to dress,ukugqoka,aan te trek,Go apara .,ukunxiba,kupfeka,expanded_shona_lexicon,kupfeka
kuenda,marcher,3.0,Positive,Verbe,to walk,ukuhamba,te loop,Go sepela .,ukuhamba,kufamba,expanded_shona_lexicon,kufamba
kuamba,dire,3.0,Positive,Verbe,say,khuluma,sê,bolela,yithi,taura,expanded_shona_alt,iti
kuakula,parler,3.0,Positive,Verbe,talk,shumayela,praat,bolela,thetha,taura,expanded_shona_lexicon,taura
kudia,manger,3.0,Positive,Verbe,eat,-dla,eet,ja,yitya,idya,expanded_shona_alt,kudya
kusumba,acheter,3.0,Positive,Verbe,buy,thenga,koop,reka,Thenga,tenga,expanded_shona_lexicon,tenga
kubanda,monter,3.0,Positive,Verbe,to go up,ukukhuphuka,om op te gaan,go ya godimo .,ukuya phezulu,kukwira,expanded_shona_lexicon,kukwira
kubenga,refuser,3.0,Positive,Verbe,refuse,ala,weier,gana,inyikima,ramba,expanded_shona_alt,kuramba
kupatuka,sortir,3.0,Positive,Verbe,to go out,ukuphuma,om uit te gaan,Go tšwa .,ukuphuma,kubuda,expanded_shona_lexicon,kubuda
kusomba,s'assoir,3.0,Positive,Verbe,sit down,Hlala phansi,gaan sit,Dula fase .,Hlala phantsi,gara pasi,expanded_shona_lexicon,gara pasi
kulenga,toucher,3.0,Positive,Verbe,to touch,Ukuthinta,aan te raak,Go kgoma .,ukuchukumisa,kubata,expanded_shona_lexicon,kubata
kutuala,emener,3.0,Positive,Verbe,take away,ukudla okudlela endlini,wegneem,dijo tša tseleng,Yise kude,tora woenda nazvo,expanded_shona_lexicon,tora woenda nazvo
kuimansha,jetter,3.0,Positive,Verbe,throw away,Kulahle,weggooi,Lahlela .,Lahla ngaphandle,rasa,expanded_shona_lexicon,rasa
kubugna,plier,3.0,Positive,Verbe,bend,gobisa,buig,koba,gobe,bend,expanded_shona_loanword,bend
kuenza,fair,3.0,Positive,Verbe,fair,-hle,regverdig,lokilego,ubulungisa,zvakanaka,expanded_shona_lexicon,zvakanaka
kulekala,laisser,3.0,Positive,Verbe,to leave,ukuhamba,om te vertrek,go tloga .,ukuhamba,kusiya,expanded_shona_alt,kuenda
kumvua,ecouter,3.0,Positive,Verbe,listen,beka indlebe,luister,theeletša,mamela,teerera,expanded_shona_lexicon,teerera
kukuluka,tomber,-1.0,Negative,Verbe,to fall,ukuwa,om te val,Go wa .,ukuwa,kudonha,expanded_shona_lexicon,kudonha
kunanga,aimer,2.0,Positive,Verbe,to like,uzothanda,te hou,go rata .,ukuthanda,kuda,expanded_shona_lexicon,kuda
kulala,dormir,2.0,Positive,Verbe,sleep,ukulala,slaap,robala,ukulala,kurara,expanded_shona_alt,hope
bulalu,lit,2.0,Positive,Verbe,bed,umbhede,bed,mpete,ibhedi,mubhedha,expanded_shona_lexicon,mubhedha
mupana,pantallon,2.0,Positive,Mot,pants,amabhulukwana,broek,marokgwana,ibhulukhwe,madhiri,expanded_shona_alt,bhurukwa
nkanzu,robe,2.0,Positive,Mot,dress,gqoka,rok,seaparo,nxiba,chipfeko,expanded_shona_lexicon,chipfeko
kulomba,demander,2.0,Positive,Verbe,ask,buza,vra,kgopela,buza,bvunza,expanded_shona_lexicon,bvunza
kuibila,frauder,3.0,Positive,Verbe,defraud,khwabanisa,bedrieg,Go fora ka go fora .,qhawula,defraud,expanded_shona_alt,kubiridzira
kututa,tapper,6.0,Positive,Verbe,tap,umpompi,tik,thepe,Thepha,tinya,expanded_shona_lexicon,tinya
mesa,table,5.0,Positive,Mot,table,itafula,tafel,tafola,itafile,tafura,expanded_shona_lexicon,tafura
kupingana,rentrer,3.0,Positive,Verbe,to return,ukubuya,om terug te keer,go boela morago .,ukubuya,kudzoka,expanded_shona_lexicon,kudzoka
kusomba,s'assoire,3.0,Positive,Verbe,sits down,uhlala phansi,gaan sit,O dula fase .,ihlala phantsi,anogara pasi,expanded_shona_lexicon,anogara pasi
kupeta,trouver,5.0,Positive,Verbe,find,fumana,vind,hwetša,fumana,tsvaga,expanded_shona_lexicon,tsvaga
tatu,père,3.0,Positive,Mot,father,uyihlo,vader,papa,utata,baba,expanded_shona_lexicon,baba
mamu,mère,3.0,Positive,Mot,mother,umame,ma,mma,umama,amai,expanded_shona_lexicon,amai
mwana,enfant,3.0,Positive,Mot,child,ingane,kind,ngwana,umntwana,mwana,expanded_shona_lexicon,mwana
mukaji,femme,3.0,Positive,Mot,women,abantu,vroue,basadi,abafazi,vakadzi,expanded_shona_lexicon,vakadzi
mutelu,chemise,3.0,Positive,Mot,shirt,ihembe,hemp,gempe,ihempe,shirt,expanded_shona_alt,hembe
lupangu,parcelle,3.0,Positive,Mot,plot,isakhiwo sendaba,plot,maanomabe,iyelenqe,zano,expanded_shona_lexicon,zano
tshibuta,malette,3.0,Positive,Mot,briefcase,isudikesi lezincwadi,aktetas,Mokotla wa dipuku .,ibrinter,chikwama,expanded_shona_lexicon,chikwama
bilatu,chaussure,3.0,Positive,Mot,shoe,isihlangu,skoen,Seeta .,isihlangu,shangu,expanded_shona_lexicon,shangu
moyo,cœur,3.0,Positive,Mot,heart,inhliziyo,hart,pelo,Intliziyo,moyo,expanded_shona_alt,mwoyo
machi,sang,3.0,Positive,Mot,blood,igazi,bloed,madi,igazi,ropa,expanded_shona_lexicon,ropa
mukolu,jambe,3.0,Positive,Mot,leg,umlenze,been,leoto,umlenze,gumbo,expanded_shona_lexicon,gumbo
disu,oeuil,3.0,Positive,Mot,eye,ihlo,oog,leihlo,iliso,ziso,expanded_shona_lexicon,ziso
maboko,bras,3.0,Positive,Mot,arm,hlomisa,arm,letsogo,ingalo,ruoko,expanded_shona_lexicon,ruoko
makasa,pierds,3.0,Positive,Mot,stones,amabona,klippe,Maswika .,amatye,matombo,expanded_shona_lexicon,matombo
minu,doigts,3.0,Positive,Mot,fingers,iminwe,vingers,Menwana .,iminwe,zvigunwe,expanded_shona_lexicon,zvigunwe
mayi,œufs,3.0,Positive,Mot,eggs,Amaqanda,eiers,Mae a .,amaqanda,mazai,expanded_shona_lexicon,mazai
tshiadi,poitrine,3.0,Positive,Mot,chest,ibhokisi,bors,kgara,isifuba,chipfuva,expanded_shona_lexicon,chipfuva
mongu,dot,3.0,Positive,Mot,dowry,isipho semali,bruidskat,Magadi .,i-dowry,dowry,expanded_shona_alt,roora
kaombu,talont,3.0,Positive,Mot,heel,isithende,hak,Serethe .,isithende,chitsitsinho,expanded_shona_lexicon,chitsitsinho
mulume,mari,3.0,Positive,Mot,husband,umyeni,man,molekane wa monna,umyeni,murume,expanded_shona_lexicon,murume
mbuji,chèvre,3.0,Positive,Mot,goat,imbuzi,bok,pudi,ibhokhwe,mbudzi,expanded_shona_lexicon,mbudzi
ngomba,vache,3.0,Positive,Mot,cow,imanzi,koei,kgomo,inkomo,mombe,expanded_shona_alt,mhou
nyunyi,oiseaux,3.0,Positive,Mot,birds,Izinyoni,voëls,Dinonyana .,Iintaka,shiri,expanded_shona_lexicon,shiri
nyoka,serpent,3.0,Positive,Mot,snake,inyoka,slang,noga,inyoka,nyoka,expanded_shona_lexicon,nyoka
nguluba,porc,3.0,Positive,Mot,pork,inyama yengulube,varkvleis,nama ya kolobe,inyama yehagu,nyama yenguruve,expanded_shona_lexicon,nyama yenguruve
dibata,canard,3.0,Positive,Mot,duck,idada,eend,lepelepele,idada,dhadha,expanded_shona_lexicon,dhadha
mbotsha,kobail,3.0,Positive,Mot,kobail,imbonayili,kobail,Kobail .,I-Kobil,kobail,expanded_shona_loanword,kobail
nzevu,elephant,3.0,Positive,Mot,elephant,indlovu,olifant,tlou,elephants,nzou,expanded_shona_lexicon,nzou
lomba,salamandre,3.0,Positive,Mot,salamander,ISalamander,salamander,Salamander .,I-salamander,salamander,expanded_shona_loanword,salamander
ntambua,lion,3.0,Positive,Mot,lion,ingonyama,leeu,tau,ingonyama,shumba,expanded_shona_lexicon,shumba
kangenena,insecte,3.0,Positive,Mot,insect,isilokazane,insek,khunkhwane,izinambuzane,chipembenene,expanded_shona_lexicon,chipembenene
tshitala,coque,3.0,Positive,Mot,hull,indikimba yomkhumbi,romp,Hull .,hull,hull,expanded_shona_loanword,hull
tshikuka,poule,3.0,Positive,Mot,chicken,inyama yenkukhu,hoender,nama ya kgogo,inkukhu,huku,expanded_shona_lexicon,huku
mayi,eau,3.0,Positive,Mot,water,nisela,water,meetse,amanzi,mvura,expanded_shona_lexicon,mvura
lupuichi,poussière,3.0,Positive,Mot,dust,uthuli,stof,lerole,uthuli,guruva,expanded_shona_alt,huruva
mudilu,feu,3.0,Positive,Mot,fire,shisa,vuur,mollo,umlilo,moto,expanded_shona_lexicon,moto
mvula,pluie,3.0,Positive,Mot,rain,imvula,reën,pula,imvula,kunaya,expanded_shona_alt,mvura
mukidi,ravin,3.0,Positive,Mot,ravine,udonga,kloof,Moedi wa Moroko .,ravine,ravine,expanded_shona_loanword,ravine
tshiomba,manioc,3.0,Positive,Mot,cassava,ummeli,maniok,Cassava .,cassava,cassava,expanded_shona_alt,mufarinya
mafuta,ouil,3.0,Positive,Mot,yes,yebo,ja,Ee,Ewe,ehe,expanded_shona_lexicon,ehe
makala,braise,3.0,Positive,Mot,braised,-bonakala,gesmoor,E betlilwe ka braised .,qhalazwe,braising,expanded_shona_lexicon,braising
mutshi,arbre,3.0,Positive,Mot,tree,Isihlahla,BOOM,MOHLARE,Umthi,muti,expanded_shona_lexicon,muti
dibwa,pierre,3.0,Positive,Mot,rock,itshe elikhulu,rots,letlapa,iliwa,dombo,expanded_shona_lexicon,dombo
mashinda,hèrbe,3.0,Positive,Mot,grass,isikhotha,gras,bjang,ingca,huswa,expanded_shona_alt,uswa
nsoka,cailloux,3.0,Positive,Mot,pebbles,amatshe amadevu,klippies,Pebbles .,iipebhu,mabwe,expanded_shona_alt,hurungudo
binu,jenoux,3.0,Positive,Mot,jenoux,UJenoux,jenoux,Jenoux .,jenoux,jeneux,expanded_shona_lexicon,jeneux
nzubu,maison,3.0,Positive,Mot,house,Indlu,Huis,Ntlo,Indlu,imba,expanded_shona_lexicon,imba
lumuenu,vittre,3.0,Positive,Mot,window,iwindi,venster,lefasetere,iwindow,hwindo,expanded_shona_lexicon,hwindo
tshiamua,piesse,3.0,Positive,Mot,pieness,iqhwa,vroomheid,Pieness .,nguwe,pieness,expanded_shona_loanword,pieness
mpala,frond,3.0,Positive,Mot,frond,amaqhwa,blaarblad,Frond .,i-frond,frond,expanded_shona_loanword,frond
makuta,argent,3.0,Positive,Mot,money,imali,geld,tšhelete,imali,mari,expanded_shona_lexicon,mari
losa,riz,3.0,Positive,Mot,rice,ilayisi eliluhlaza elingaphekiwe,rys,raese,irayisi,mupunga,expanded_shona_lexicon,mupunga
binsonji,larme,3.0,Positive,Mot,tear,ukudabula,skeur,gagola,iinyembezi,misodzi,expanded_shona_lexicon,misodzi
maleta,lettre,3.0,Positive,Mot,letter,uhlamvu lokulandelana kwamagama,brief,lengwalo,ileta,tsamba,expanded_shona_lexicon,tsamba
nsuki,cheveux,3.0,Positive,Mot,hair,uboya,hare,moriri,iinwele,bvudzi,expanded_shona_lexicon,bvudzi
bualu,problème,3.0,Positive,Mot,issue,izindaba okuphikiswana ngazo,kwessie,tlhagišo,khupha,nyaya,expanded_shona_lexicon,nyaya
kuimba,chanter,3.0,Positive,Verbe,sing,cula,sing,opela,cula,imba,expanded_shona_lexicon,imba
musambu,chanson,3.0,Positive,Mot,song,iculo,liedjie,koša,ingoma,rwiyo,expanded_shona_lexicon,rwiyo
diulu,ciel,3.0,Positive,Mot,sky,isibhakabhaka,lug,lefaufau,isibhakabhaka,denga,expanded_shona_lexicon,denga
muyiki,causerie,3.0,Positive,Mot,chat,ukuxoxa,gesels,boledišana,incoko,chat,expanded_shona_loanword,chat
kupueka,descendre,3.0,Positive,Verbe,to come down,ukwehla,om af te kom,go tla fase .,ukuza phantsi,kuti uburuke,expanded_shona_alt,kuburuka
nzebwa,courant,3.0,Positive,Mot,fluent,qephuza,vlot,boreledi,inyani,fluent,expanded_shona_loanword,fluent
lulengu,paresse,3.0,Positive,Mot,laziness,ubuvila,luiheid,Botswa .,ubuvila,usimbe,expanded_shona_alt,nungo
mabela,lait,3.0,Positive,Mot,milk,ubisi,melk,maswi,ubisi,mukaka,expanded_shona_lexicon,mukaka
bulenga,bonté,3.0,Positive,Mot,goodness,ukulunga,goedheid,Botho .,ukulunga,kunaka,expanded_shona_lexicon,kunaka
bulunda,amitié,3.0,Positive,Mot,friendship,ubudlelwane,vriendskap,segwera,ubuhlobo,hushamwari,expanded_shona_alt,ushamwari
mulunda,ami,3.0,Positive,Mot,friend,umngane,vriend,Mogwera .,umhlobo,shamwari,expanded_shona_lexicon,shamwari
muimvi,voleur,3.0,Positive,Mot,thief,isela,dief,lehodu,isela,mbavha,expanded_shona_lexicon,mbavha
Anyïma,Ame,3.0,Positive,Mot,soul,Umuphefumulo,Siel,Moya,Umphefumlo,mweya,expanded_shona_lexicon,mweya
Bipeta,Résultats,3.0,Positive,Mot,results,Umphumela,Resultate,Dipoelo,Iziphumo,mhedzisiro,expanded_shona_lexicon,mhedzisiro
Bowa,Peur,1.0,Negative,Mot,fear,Ukwesaba,Vrees,Tšhoga,Uloyiko,kutya,expanded_shona_lexicon,kutya
Buakana,Bonté,3.0,Positive,Mot,goodness,Ukulunga,Goedheid,Botho .,Ukulunga,kunaka,expanded_shona_alt,runako
Bubi,Péché,1.0,Negative,Mot,fishing,Ukufakaza,Visvang,Go rea dihlapi .,Ukuloba,kubata hove,expanded_shona_lexicon,kubata hove
Budikadidi,Liberté,3.0,Positive,Mot,freedom,Inkululeko,Vryheid,Tokologo,Inkululeko,rusununguko,expanded_shona_lexicon,rusununguko
Buenzeji,Impact,1.0,Negative,Mot,impact,Umphumela,Impak,Kamego,Ifuthe,kukanganisa,expanded_shona_lexicon,kukanganisa
Bukenka,Lumière,3.0,Positive,Mot,light,-Mhlophe,Lig,Seetša,Ukukhanya,chiedza,expanded_shona_lexicon,chiedza
Bukokeshi,Pouvoir,3.0,Positive,Mot,power,Ubuqhwaga,Krag,Maatla,Amandla,simba,expanded_shona_lexicon,simba
Bukola,Force,3.0,Positive,Mot,strength,Izithukuthuku,Sterkte,Maatla,Amandla,simba,expanded_shona_lexicon,simba
Bulanda,Pauvreté,1.0,Negative,Mot,poverty,Ukuntula,Armoede,Bodiidi,Intlupheko,urombo,expanded_shona_lexicon,urombo
Bulelela,Vérité,3.0,Positive,Mot,truth,Iqiniso,Waarheid,Bonnete,Inyani,chokwadi,expanded_shona_lexicon,chokwadi
Bundu,Honte,2.0,Negative,Mot,shame,Amahloni,Skande,Mahlabišadihlong,Ihlazo,nyadzi,expanded_shona_lexicon,nyadzi
Butshimunyi,Victoire,3.0,Positive,Mot,victory,Ukwahlula,Oorwinning,Phenyo .,Uloyiso,kukunda,expanded_shona_lexicon,kukunda
Butumbi,Gloire,3.0,Positive,Mot,glory,Ubukhosi,Glorie,Kgalalelo .,Uzuko,kubwinya,expanded_shona_lexicon,kubwinya
Diakabi,Malheur,-5.0,Negative,Mot,misfortune,-Nenhliziyo,Ongeluk,Madimabe .,Intlekele,zvakashata,expanded_shona_alt,nhamo
Diambuluisha,Aide,4.0,Positive,Mot,help,Usizo,Help,Thušo,Nceda,rubatsiro,expanded_shona_lexicon,rubatsiro
Dibanditshibua,Elévation,4.0,Positive,Mot,elevation,Ukuphakamisa,Hoogte,Bophagamo .,Ukuphakama,kukwirira,expanded_shona_lexicon,kukwirira
Dibenesha,Bénédiction,4.0,Positive,Mot,blessing,Isibusiso,Seën,Tšhegofatšo .,Intsikelelo,chikomborero,expanded_shona_alt,ropafadzo
Dibungama,Tristesse,-6.0,Negative,Mot,sadness,Ukudabuka,Hartseer,manyami a go nyama .,Usizi,kusuwa,expanded_shona_lexicon,kusuwa
Difesto,Fête,4.0,Positive,Mot,party,Inhlangano,Partytjie,Mokgatlo,Itheko,party,expanded_shona_loanword,party
Difutu,Salaire,4.0,Positive,Mot,salary,Umholo,Salaris,Mogolo,Umvuzo,muhoro,expanded_shona_lexicon,muhoro
Dijikula,Déclaration,4.0,Positive,Verbe,statement,Ukulandisa,Verklaring,Setatemente,Ingxelo,chirevo,expanded_shona_lexicon,chirevo
Dijinga,Désir,4.0,Positive,Mot,desire,Fisa,Begeerte,Kganyogo,Umnqweno,chishuwo,expanded_shona_lexicon,chishuwo
Dikankamika,Exhortation,4.0,Positive,Mot,exhortation,Isikhuthazo,Vermaning,Kgothatšo .,Isibongozo,kurudziro,expanded_shona_lexicon,kurudziro
Dikima,Audace,4.0,Positive,Mot,audacity,Okukholweni,Vermetelheid,sebete sa go ba le sebete .,Ukuphazamiseka,kuoneka,expanded_shona_lexicon,kuoneka
Dikokela,Soumission,4.0,Positive,Mot,submission,Ukuthobela,Voorlegging,Boikokobetšo,Inguquko,kuzviisa pasi,expanded_shona_lexicon,kuzviisa pasi
Dikumbana,Capacité,4.0,Positive,Mot,ability,Ikhono,Vermoë,Bokgoni,Ubuchule,kugona,expanded_shona_lexicon,kugona
Dilomba,Requête,4.0,Positive,Mot,request,Nxusa,Versoek,Kgopelo,Isicelo,chikumbiro,expanded_shona_lexicon,chikumbiro
Dimanya,Connaissance,4.0,Positive,Mot,awareness,Ukuzwa,Bewustheid,Temogo,Ukwazisa,kuziva,expanded_shona_lexicon,kuziva
Dimanyisha,Annonce,4.0,Positive,Mot,announcement,Isimemezelo,Aankondiging,Tsebišo,Isibhengezo,chiziviso,expanded_shona_lexicon,chiziviso
Dipa,Don,4.0,Positive,Mot,don,Donne,Don,Don .,Don,don,expanded_shona_loanword,don
Dipangadika,Décision,4.0,Positive,Mot,decision,Isiphetho,Besluit,Sephetho,Isigqibo,chisarudzo,expanded_shona_alt,sarudzo
Disama,Maladie,-3.0,Negative,Mot,disease,Isifo,Siekte,Bolwetši,Isifo,chirwere,expanded_shona_lexicon,chirwere
Disuludibua,Délivrance,1.0,Positive,Mot,deliverance,Ukukhululwa,Bevryding,Tokollo .,Ukuhlangulwa,kununurwa,expanded_shona_lexicon,kununurwa
Ditabuja,Foi,1.0,Positive,Mot,faith,Ukholo,Geloof,Tumelo,Ukholo,kutenda,expanded_shona_lexicon,kutenda
Ditawuluka,Séparation,1.0,Positive,Mot,separation,Ukwahlukaniswa,Skeiding,Karoganyo ya karogano .,Ukwahlula,kuparadzaniswa,expanded_shona_alt,kuparadzana
Ditekemena,Espérance,1.0,Positive,Mot,hope,Ithemba,Hoop,Kholofelo,Ithemba,tariro,expanded_shona_lexicon,tariro
Ditetshibua,Tentation,1.0,Positive,Mot,temptation,Isilingo,Versoeking,Moleko .,Isilingo,muyedzo,expanded_shona_alt,muedzo
Dituampanda,Assister,1.0,Positive,Verbe,to assist,Ukusiza,Om te help,go thuša .,Ukunceda,kubatsira,expanded_shona_lexicon,kubatsira
Dituamushinga,Considérer,1.0,Positive,Verbe,consider,Cabanga,Oorweeg,Akanya,Cinga,funga,expanded_shona_lexicon,funga
Ditumikila,Obéissance,1.0,Positive,Mot,obedience,Ukuzwa,Gehoorsaamheid,Go kwa .,Ukuthobela,kuteerera,expanded_shona_lexicon,kuteerera
Kabingila,Raison,1.0,Positive,Mot,reason,Isisusa,Rede,Lebaka,Isizathu,chikonzero,expanded_shona_lexicon,chikonzero
Kalasisa,Exercice,1.0,Positive,Mot,exercise,Vocavoca,Oefen,Itšhidulla,Umthambo,kurovedza muviri,expanded_shona_lexicon,kurovedza muviri
Kalumbila,Objectif,1.0,Positive,Mot,objective,-Kuphokophelelwe,Doelwit,Nepo,Injongo,chinangwa,expanded_shona_lexicon,chinangwa
Kuambulula,Reprendre,1.0,Positive,Verbe,to resume,Ukuqhubeka kabusha,Om te hervat,Go thoma gape .,Ukuphinda uqalise,kutangazve,expanded_shona_alt,kuenderera mberi
Kudima,Cultiver,1.0,Positive,Verbe,cultivate,Zijwayeza,Kweek,Hlagolela .,Hlakulela,vavarira,expanded_shona_alt,dzidzisai
Kudiundisha,Elargir,1.0,Positive,Mot,expand,Nweba,Brei uit,Katološa,Yandisa,wedzera,expanded_shona_lexicon,wedzera
Kueyemena,Confier,1.0,Positive,Verbe,entrust,Xhumeka,Vertrou,Gafa .,Faka,kupa,expanded_shona_lexicon,kupa
Kuibaka,Construire,1.0,Positive,Verbe,build,Akha,Bou,Aga,Yakha,kuvaka,expanded_shona_alt,vaka
Kujandula,Découvrir,1.0,Positive,Verbe,discover,Thola,Ontdek,Utolla,Fumanisa,tsvaga,expanded_shona_lexicon,tsvaga
Kujimina,Disparaître,1.0,Positive,Verbe,disappear,Nyamalala,Verdwyn,Nyamelela,Nyamalala,nyangarika,expanded_shona_alt,kunyangarika
Kukukuila,Adorer,1.0,Positive,Verbe,worship,Dumisa,Aanbidding,Tumiša,Unqulo,kunamata,expanded_shona_lexicon,kunamata
Kulenga,Toucher,1.0,Positive,Verbe,to touch,Ukuthinta,Om aan te raak,Go kgoma .,Ukuchukumisa,kubata,expanded_shona_lexicon,kubata
Kuluka,Vomir,-2.0,Negative,Verbe,to vomit,Ukugabha,Om te braak,Go hlatša .,Ukuhlanza,kurutsa,expanded_shona_lexicon,kurutsa
Kumanyinula,Reconnaitre,3.0,Positive,Mot,recognize,Khumbula,Herken,Lemoga,Qaphela,ziva,expanded_shona_lexicon,ziva
Kumva,Comprendre,3.0,Positive,Mot,to understand,Ukuqondisisa,Om te verstaan,go kwešiša .,Ukuqonda,kunzwisisa,expanded_shona_lexicon,kunzwisisa
Kunanukila,Persévérance,3.0,Positive,Mot,perseverance,Ukuphikelela,Volharding,Kgotlelelo,Unyamezelo,kutsungirira,expanded_shona_lexicon,kutsungirira
Kunyoka,Punir,3.0,Positive,Verbe,punish,Hlawulisa,Straf,Go otla .,Ukohlwaya,kuranga,expanded_shona_alt,ranga
Kunyunguluka,Contourner,3.0,Positive,Verbe,bypass,Ukudlula ecaleni,Omseil,Bypass .,I-bypass,bypass,expanded_shona_loanword,bypass
Kusamba,Consoler,3.0,Positive,Verbe,console,Ikhonsoli,Konsole,Console .,Ikhonkco,console,expanded_shona_loanword,console
Kusambila,Prier,3.0,Positive,Verbe,pray,Cela,Bid,Rapela,Thandaza,namata,expanded_shona_lexicon,namata
Kusankishibua,Satisfaire,3.0,Positive,Mot,satisfy,Gculisa,Bevredig,Kgotsofatša,Yanelisa,kugutsa,expanded_shona_lexicon,kugutsa
Kusekelela,Célébrer,3.0,Positive,Verbe,celebrate,Gubha,Vier,Keteka,Bhiyozela,pemberera,expanded_shona_lexicon,pemberera
Kusemena,S'approcher,3.0,Positive,Verbe,approach,Sondela,Benadering,Batamela,Indlela,nzira,expanded_shona_lexicon,nzira
Kusoka,Invoquer,3.0,Positive,Verbe,invoke,Cela,Aanroep,Invoke .,Ivode,invoke,expanded_shona_loanword,invoke
Kusumbulula,Racheter,3.0,Positive,Verbe,redeem,Hlenga,Verlos,Phološa,Intlawulo,nununura,expanded_shona_alt,dzikinura
Kuteleja,Ecouter,3.0,Positive,Verbe,listen,Beka indlebe,Luister,Theeletša,Mamela,teerera,expanded_shona_lexicon,teerera
Kutonda,Confesser,3.0,Positive,Verbe,confess,Hlanza,Bely,Ipolela,Vuma,reurura,expanded_shona_lexicon,reurura
Kutshina,Craindre,3.0,Positive,Verbe,to fear,Ukwesaba,Om te vrees,Go tshaba .,Ukoyika,kutya,expanded_shona_lexicon,kutya
Kutumbisha,Louer,3.0,Positive,Verbe,to rent out,Ukuqasha,Om uit te verhuur,Go hira .,Ukuqesha ngaphandle,kubvarura,expanded_shona_alt,kuroja
Kuzanjika,Exalter,3.0,Positive,Mot,exalt,Ungalli,Verhef,Go phagamišwa .,Iphakamile,kukwidziridza,expanded_shona_lexicon,kukwidziridza
Lujoku,Lenteur,3.0,Positive,Mot,slowness,Slowniss,Traagheid,Go nanya .,Ukucotha,slowns,expanded_shona_alt,kunonoka
Lukota,Crise,3.0,Positive,Mot,crisis,Esibucayi,Krisis,Tlhakatlhakano,Ingxaki,dambudziko,expanded_shona_lexicon,dambudziko
Lulamatu,Fidélité,3.0,Positive,Mot,loyalty,Ukuba neqiniso,Lojaliteit,Botshepegi,Ukuthembeka,kuvimbika,expanded_shona_lexicon,kuvimbika
Lungenyi,Sagesse,3.0,Positive,Mot,wisdom,Ukuhlakanipha,Wysheid,Bohlale,Ubulumko,uchenjeri,expanded_shona_lexicon,uchenjeri
Lusa,Compensions,3.0,Positive,Mot,compensation,Imbuyiselo,Vergoeding,Pušetšo ya .,Imbuyekezo,muripo,expanded_shona_lexicon,muripo
Lutambishi,Orgueil,3.0,Positive,Mot,pride,Ukuziqhenya,Trots,Boitumelo,Ikratshi,kudada,expanded_shona_alt,kuzvikudza
Lutatu,Peine,-4.0,Negative,Mot,penalty,Inhlawulo,Straf,Kotlo .,Isohlwayo,chirango,expanded_shona_lexicon,chirango
Mafi,Mensonge,-4.0,Negative,Mot,lie,Ginqika,Lieg,Maaka,Ubuxoki,kunyepa,expanded_shona_alt,nhema
Menyi,Intelligence,5.0,Positive,Mot,intelligence,Ubuhlakani,Intelligensie,Bohlodi,Ubukrelekrele,kungwara,expanded_shona_lexicon,kungwara
Milayi,Promesses,5.0,Positive,Mot,promises,Ukuthenjiswa,Beloftes,Ditshepišo .,Izithembiso,zvipikirwa,expanded_shona_lexicon,zvipikirwa
Mimuemua,Sourire,5.0,Positive,Verbe,smile,Ukumamatheka,Glimlag,Myemyela,Uncumo,kunyemwerera,expanded_shona_lexicon,kunyemwerera
Muanu,Conte,5.0,Positive,Mot,tale,Indaba,Verhaal,Tale .,Tale,ngano,expanded_shona_lexicon,ngano
Mufanu,Ressemblance,5.0,Positive,Mot,resemblance,Inswebu,Ooreenkomstigheid,Go swana .,Ukufana,kufanana,expanded_shona_lexicon,kufanana
Mutshiawudi,Jalousie,-7.0,Negative,Mot,jealousy,Umona,Jaloesie,Lehufa .,Umona,godo,expanded_shona_lexicon,godo
Mveva,Sentiment,4.0,Positive,Mot,feeling,Ukuzwakala,Gevoel,Maikutlo,Imvakalelo,kunzwa,expanded_shona_lexicon,kunzwa
Ngasa,Grace,4.0,Positive,Mot,grace,Umusa,Genade,Mohau .,Ubabalo,nyasha,expanded_shona_lexicon,nyasha
Njiwu,Danger,4.0,Positive,Verbe,hazard,Inkatho,Gevaar,Kotsi,Ingozi,njodzi,expanded_shona_lexicon,njodzi
Nshobu,Défis,4.0,Positive,Mot,challenges,Izinselele,Uitdagings,Ditlhohlo .,Imiceli mngeni,zvinonetsa,expanded_shona_alt,matambudziko
Nsungu,EMotion,4.0,Positive,Mot,emotion,Umumo wenhliziyo,Emosie,Maikutlo .,Imvakalelo,manzwiro,expanded_shona_lexicon,manzwiro
Nyota,Soif,4.0,Positive,Mot,thirsty,-Omile,Dors,Nyorilwe,Unxaniwe,nyota,expanded_shona_lexicon,nyota
Nyuma,esprit,4.0,Positive,Mot,spirit,inhliziyo,gees,moya,umoya,mweya,expanded_shona_lexicon,mweya
Nzala,Famine,-6.0,Negative,Mot,famine,Indlala,Hongersnood,Tlala,Indlala,nzara,expanded_shona_lexicon,nzara
Tshihidi,Dimension,2.0,Positive,Mot,dimension,Ubukhulu,Dimensie,Tekanyo ya tekanyo .,Ubukhulu,dimension,expanded_shona_loanword,dimension
Tshikadilu,Comportement,2.0,Positive,Mot,behavior,Ukuziphatha,Gedrag,Maitshwaro,Indlela yokuziphatha,maitiro,expanded_shona_lexicon,maitiro
Tshikashi,Acclamation,2.0,Positive,Mot,acclamation,Ukuminyazela,Akklamasie,Acclamation .,Isiqinisekiso,kuunganidza,expanded_shona_lexicon,kuunganidza
Tshinji,Colère,-1.0,Negative,Mot,anger,Intukuthelo,Woede,Pefelo,Umsindo,kutsamwa,expanded_shona_alt,hasha
Tshishima,Miracle,3.0,Positive,Mot,miracle,Umlingo,Wonderwerk,Mohlolo,Ummangaliso,chishamiso,expanded_shona_lexicon,chishamiso
Tshitanaja,Distraction,3.0,Positive,Mot,distraction,Isiphazamiso,Afleiding,tšhitišo .,Isiphazamiso,kukanganisa,expanded_shona_alt,kuvhiringidza
Tshiwumbishi,Obstacle,3.0,Positive,Mot,obstacle,Isiphazamiso,Hindernis,Lepheko,Umqobo,chipinganidzo,expanded_shona_alt,chipingamupinyi
nkuansa,chaise,3.0,Positive,Mot,chair,isihlalo,stoel,setulo,isitulo,chigaro,expanded_shona_lexicon,chigaro
mesa,table,3.0,Positive,Mot,table,itafula,tafel,tafola,itafile,tafura,expanded_shona_lexicon,tafura
tshinu,mortier,3.0,Positive,Mot,mortar,isigqulo,mortel,Sekontiri .,udaka,dhaka,expanded_shona_lexicon,dhaka
muinshi,pilon,3.0,Positive,Mot,pestle,nguonyana,stamper,Pestle .,i-pestle,pestle,expanded_shona_loanword,pestle
dilongu,assiette,3.0,Positive,Mot,plate,ipuleti,bord,poleiti,iplate,ndiro,expanded_shona_lexicon,ndiro
kumona,voir,3.0,Positive,Verbe,see,qonda,sien,bona,funda,ona,expanded_shona_alt,maona
tshilamba,habit,3.0,Positive,Mot,clothing,okokugqoka,klere,Diaparo .,impahla,zvipfeko,expanded_shona_lexicon,zvipfeko
mashinyi,vehicule,3.0,Positive,Mot,vehicle,into yokuhamba,voertuig,senamelwa,imoto,mota,expanded_shona_alt,motokari
kasolonyi,essence,3.0,Positive,Mot,essence,umnyombo,essensie,gabotsebotse,ubunyani,essence,expanded_shona_loanword,essence
ndeka,avion,3.0,Positive,Mot,plane,indiza eqinile,vliegtuig,sefofane,inqwelomoya,ndege,expanded_shona_lexicon,ndege
muinvi,voleur,-4.0,Negative,Mot,thief,isela,dief,lehodu,isela,mbavha,expanded_shona_lexicon,mbavha
muloji,sorcier,-7.0,Negative,Mot,sorcerer,umthakela,towenaar,Moloi .,ithambo,muroyi,expanded_shona_lexicon,muroyi
ndumba,prostituer,-3.0,Negative,Mot,prostitute,isifebe,prostituut,Mogweba-ka-mmele .,ihenyukazi,pfambi,expanded_shona_lexicon,pfambi
tshintu,chose,5.0,Positive,Mot,thing,into,ding,selo,into,chinhu,expanded_shona_lexicon,chinhu
dikopu,gobelet,5.0,Positive,Mot,cup,inkomishi,koppie,komiki,ikomityi,mukombe,expanded_shona_lexicon,mukombe
lukutu,ceuilleur,5.0,Positive,Mot,picker,umgoti,plukker,Mokgethi .,ipeyinti,picker,expanded_shona_loanword,picker
nsuki,cheveux,5.0,Positive,Mot,hair,uboya,hare,moriri,iinwele,bvudzi,expanded_shona_lexicon,bvudzi
matshi,sang,5.0,Positive,Mot,blood,igazi,bloed,madi,igazi,ropa,expanded_shona_lexicon,ropa
Disu,œil,5.0,Positive,Mot,eye,ihlo,oog,leihlo,iliso,ziso,expanded_shona_lexicon,ziso
menu,dents,5.0,Positive,Mot,teeth,amazinyo,tande,meno,amazinyo,mazino,expanded_shona_lexicon,mazino
ludimi,langue,5.0,Positive,Mot,language,ulimi,taal,polelo,ulwimi,mutauro,expanded_shona_lexicon,mutauro
mitoto,etoiles,5.0,Positive,Mot,stars,izinkanyezi,sterre,Dinaledi .,iinkwenkwezi,nyeredzi,expanded_shona_lexicon,nyeredzi
ngondu,lune,5.0,Positive,Mot,moon,inyanga,maan,ngwedi,inyanga,mwedzi,expanded_shona_lexicon,mwedzi
diba,soleil,5.0,Positive,Mot,sun,ilanga,son,letšatši,ilanga,zuva,expanded_shona_lexicon,zuva
tshisalu,marcher,5.0,Positive,Verbe,to walk,ukuhamba,te loop,Go sepela .,ukuhamba,kufamba,expanded_shona_lexicon,kufamba
kaleji,feuilledemanioc,5.0,Positive,Mot,cassava leaf,Iqabunga le-Cassava,maniok blaar,Letlakala la cassava .,Igqabi laseCassava,mashizha cagesava,expanded_shona_alt,shizha remufarinya
tshilunga,feuilledepatate,5.0,Positive,Mot,potato leaf,Iqabunga lamazambane,aartappel blaar,Letlakala la ditapola .,Igqabi leetapile,mbatatisi shizha,expanded_shona_alt,shizha rembatatisi
matala,maïs,5.0,Positive,Mot,but,kepha,maar,eupša,Kodwa,asi,expanded_shona_lexicon,asi
ngaji,noixdepalme,5.0,Positive,Mot,palmnut,ingsundu,palmneut,Palmnut .,I-Palmnut,palmnut,expanded_shona_loanword,palmnut
mafuta,huile,5.0,Positive,Mot,oil,amafutha,olie,oli,ioyile,mafuta,expanded_shona_lexicon,mafuta
mayi,eau,5.0,Positive,Mot,water,nisela,water,meetse,amanzi,mvura,expanded_shona_lexicon,mvura
mabela,seins,5.0,Positive,Mot,tits,ama-tits,tiete,Ditete .,tits,tits,expanded_shona_alt,matinji
mutu,tête,5.0,Positive,Mot,head,ikhanda,kop,hlogo,intloko,musoro,expanded_shona_lexicon,musoro
mapapa,babouches,5.0,Positive,Mot,slippers,-dlulisayo,pantoffels,Di-Slippers .,amatywina,slippers,expanded_shona_loanword,slippers
bisabata,chaussures,5.0,Positive,Mot,shoes,izicathulo,skoene,dieta,izihlangu,shangu,expanded_shona_lexicon,shangu
musoku,village,5.0,Positive,Mot,village,umuzi,dorpie,motse,ilali,musha,expanded_shona_lexicon,musha
tshimenga,ville,5.0,Positive,Mot,city,idolobha,stad,toropokgolo,isixeko,guta,expanded_shona_lexicon,guta
ditunga,pays,5.0,Positive,Mot,country,izwe,land,naga,ilizwe,nyika,expanded_shona_lexicon,nyika
musulu,rivière,5.0,Positive,Mot,river,umfula,rivier,noka,umlambo,rwizi,expanded_shona_lexicon,rwizi
tshikela,poisson,5.0,Positive,Mot,fish,bhibhiya,vis,hlapi,intlanzi,hove,expanded_shona_lexicon,hove
ngomba,vâche,5.0,Positive,Mot,cow,imanzi,koei,kgomo,inkomo,mombe,expanded_shona_alt,mhou
kabua,chien,5.0,Positive,Mot,dog,inja,hond,mpša,inja,imbwa,expanded_shona_lexicon,imbwa
kalulu,cobaille,5.0,Positive,Mot,cobaille,cobaille,kobaille,Cobaille .,cobhaille,cobeille,expanded_shona_lexicon,cobeille
mbuji,chevre,5.0,Positive,Mot,goat,imbuzi,bok,pudi,ibhokhwe,mbudzi,expanded_shona_lexicon,mbudzi
mbumba,sceau,5.0,Positive,Mot,seal,ukubeka uphawu,seël,tswalela,itywina,chisimbiso,expanded_shona_lexicon,chisimbiso
mbidika,cruche,5.0,Positive,Mot,jug,ijug,kruik,Jug .,jug,jug,expanded_shona_loanword,jug
difu,ventre,5.0,Positive,Mot,belly,isisu,maag,mpa,isisu,dumbu,expanded_shona_lexicon,dumbu
mala,instins,5.0,Positive,Mot,instincts,imvelo,instinkte,Ditshekamelo tša tlhago .,Iimvakalelo,mafungiro,expanded_shona_lexicon,mafungiro
moyi,cœur,5.0,Positive,Mot,heart,inhliziyo,hart,pelo,Intliziyo,moyo,expanded_shona_alt,mwoyo
tshibi,porte,5.0,Positive,Mot,door,isicabha,deur,monyako .,umnyango,gonhi,expanded_shona_lexicon,gonhi
didishi,fénêtre,5.0,Positive,Mot,window,iwindi,venster,lefasetere,iwindow,hwindo,expanded_shona_lexicon,hwindo
mulonda,tuyau,5.0,Positive,Mot,pipe,ipayipi,pyp,Phala .,umbhobho,pombi,expanded_shona_lexicon,pombi
kuenza,faire,5.0,Positive,Verbe,to do,OKUZO KWENZIWA,OM TE DOEN,go dira .,UKWENZA,kuita,expanded_shona_lexicon,kuita
kuamba,dire,5.0,Positive,Verbe,say,khuluma,sê,bolela,yithi,taura,expanded_shona_alt,iti
nyunyi,oiseau,5.0,Positive,Mot,bird,inyoni,voël,nonyana,intaka,shiri,expanded_shona_lexicon,shiri
tshianda,sorcellerie,5.0,Positive,Mot,witchcraft,ubuthakathi,heksery,Boloi .,ubugqwirha,uroyi,expanded_shona_lexicon,uroyi
mutelu,chemise,5.0,Positive,Mot,shirt,ihembe,hemp,gempe,ihempe,shirt,expanded_shona_alt,hembe
mupanu,pantalon,5.0,Positive,Mot,pants,amabhulukwana,broek,marokgwana,ibhulukhwe,madhiri,expanded_shona_alt,bhurukwa
mukanda,livre,5.0,Positive,Mot,book,ibhuku,boek,puku,incwadi,bhuku,expanded_shona_lexicon,bhuku
kulonga,etudier,5.0,Positive,Verbe,to study,ozokufunda,om te studeer,go ithuta .,ukufunda,kudzidza,expanded_shona_lexicon,kudzidza
kufunda,ecrire,5.0,Positive,Verbe,to write,ukubhala,te skryf,Go ngwala .,ukubhala,kunyora,expanded_shona_lexicon,kunyora
kuakula,parler,5.0,Positive,Verbe,talk,shumayela,praat,bolela,thetha,taura,expanded_shona_lexicon,taura
bualu,probleme,5.0,Positive,Mot,issue,izindaba okuphikiswana ngazo,kwessie,tlhagišo,khupha,nyaya,expanded_shona_lexicon,nyaya
mulongeshi,enseignant,5.0,Positive,Mot,teacher,uthishela,onderwyser,morutiši,utitshala,mudzidzisi,expanded_shona_lexicon,mudzidzisi
kalasa,école,5.0,Positive,Mot,school,isikole,skool,sekolo,isikolo,chikoro,expanded_shona_lexicon,chikoro
luya,chaleur,5.0,Positive,Mot,heat,ukushisa,hitte,phišo,ubushushu,kupisa,expanded_shona_lexicon,kupisa
butuku,lanuit,5.0,Positive,Mot,night,ubusuku,nag,bošego,busuku,husiku,expanded_shona_lexicon,husiku
kamua,téléphone,5.0,Positive,Mot,phone,ifoni,foon,mogala,ifowuni,runhare,expanded_shona_alt,foni
mudilu,feu,5.0,Positive,Mot,fire,shisa,vuur,mollo,umlilo,moto,expanded_shona_lexicon,moto
mudimu,travail,5.0,Positive,Mot,work,umsebenzi,werk,mošomo,sebenza,shanda,expanded_shona_lexicon,shanda
dina,Mot,5.0,Positive,Mot,word,Uhlamvu lwegama,Woord,Lentšu,Igama,izwi,expanded_shona_alt,shoko
dibeji,papier,5.0,Positive,Mot,paper,iphepha,papier,pampiri,iphepha,pepa,expanded_shona_alt,bepa
nzadi,orteils,5.0,Positive,Mot,toes,izinzwane,tone,menwana ya maoto,iinzwane,zvigunwe,expanded_shona_lexicon,zvigunwe
minu,doigts,5.0,Positive,Mot,fingers,iminwe,vingers,Menwana .,iminwe,zvigunwe,expanded_shona_lexicon,zvigunwe
kabadi,harmoir,5.0,Positive,Mot,harmoir,I-Harloir,harmoir,Harmoir .,iharmoir,harmoir,expanded_shona_loanword,harmoir
kasaka,berceau,5.0,Positive,Mot,cradle,imbeleko,wieg,Cradle .,cradle,cradle,expanded_shona_loanword,cradle
luesu,casserole,5.0,Positive,Mot,pan,ipani,pan,pane,ipani,pan,expanded_shona_loanword,pan
nshima,foufou,5.0,Positive,Mot,foufou,i-foufou,foufou,Foufou .,i-foufou,foufou,expanded_shona_loanword,foufou
tshidimu,année,5.0,Positive,Mot,year,unyaka,jaar,ngwaga,unyaka,gore,expanded_shona_lexicon,gore
dituku,jour,5.0,Positive,Mot,day,usuku,dag,letšatši,usuku,zuva,expanded_shona_lexicon,zuva
munyinyi,viande,5.0,Positive,Mot,meat,inyama,vleis,nama,inyama,nyama,expanded_shona_lexicon,nyama
njilu,obergine,5.0,Positive,Mot,eggplant,isitshalo seqanda,eiervrug,mohlareselee,isityalo seqanda,eggplant,expanded_shona_loanword,eggplant
mulembua,combo,5.0,Positive,Mot,combo,isivalo,kombinasie,Combo .,combo,combo,expanded_shona_loanword,combo
kunda,haricot,5.0,Positive,Mot,bean,ubhontshisi,boontjie,Bean .,imbotyi,bhinzi,expanded_shona_lexicon,bhinzi
tumbela,arachides,5.0,Positive,Mot,peanuts,amantongomane,grondboontjies,Dinawana .,I-peanuts,peanuts,expanded_shona_alt,nzungu
nsoya,soja,5.0,Positive,Mot,soy,isosi,soja,Soya .,isoy,soy,expanded_shona_loanword,soy
tshiomba,manioc,5.0,Positive,Mot,cassava,ummeli,maniok,Cassava .,cassava,cassava,expanded_shona_alt,mufarinya
bulalu,lit,5.0,Positive,Mot,bed,umbhede,bed,mpete,ibhedi,mubhedha,expanded_shona_lexicon,mubhedha
kubala,lire,5.0,Positive,Verbe,read,funda,lees,bala,funda,verenga,expanded_shona_lexicon,verenga
nzubu,maison,5.0,Positive,Mot,house,Indlu,Huis,Ntlo,Indlu,imba,expanded_shona_lexicon,imba
lutanda,veranda,5.0,Positive,Mot,veranda,i-veranda,stoep,Veranda .,veranda,veranda,expanded_shona_loanword,veranda
nkumba,toilette,5.0,Positive,Mot,toilet,ukuzilungisa,toilet,ntlwana ya boithomelo,indlu yangasese,chimbuzi,expanded_shona_lexicon,chimbuzi
katambua,tabouret,5.0,Positive,Mot,stool,isihlalo esinyoneni,stoelgang,mantle,isitulo,chitsiko,expanded_shona_lexicon,chitsiko
malata,tole,5.0,Positive,Mot,sheet metal,ishidi yensimbi,plaatmetaal,Tšhipi ya letlakala .,I-SHICHE SETY,simbi yesimbi,expanded_shona_lexicon,simbi yesimbi
nyinduwabujitu,marteau,5.0,Positive,Mot,hammer,isicandulo,hamer,Hammer .,isando,nyundo,expanded_shona_alt,sando
tshibasa,bancs,5.0,Positive,Mot,benches,amabhentshi,bankies,Dipanka .,Iibhentshi,mabhenji,expanded_shona_lexicon,mabhenji
tshingalu,brouette,5.0,Positive,Mot,wheelbarrow,ibhala,kruiwa,koloyana ya maotwana .,I-Wheelbarrow,wheelbarrow,expanded_shona_alt,bhara
tshimanu,murs,5.0,Positive,Mot,walls,izindonga,mure,Maboto a .,iindonga,madziro,expanded_shona_alt,masvingo
nkonfua,cille,5.0,Positive,Mot,eyelash,ukhophe,wimpers,Eyelash .,iliso,eyelash,expanded_shona_loanword,eyelash
kuya,aller,5.0,Positive,Verbe,go,hamba ngemoto,gaan,eya,yiya,enda,expanded_shona_lexicon,enda
kulua,venir,5.0,Positive,Verbe,come,woza,kom,tla,yiza,huya,expanded_shona_alt,uya
kunyema,courire,5.0,Positive,Verbe,run,gijima,hardloop,kitima,baleka,kumhanya,expanded_shona_lexicon,kumhanya
kukola,grandir,5.0,Positive,Verbe,to grow,Ukukhula,te groei,go gola .,ukukhula,kukura,expanded_shona_lexicon,kukura
kunenga,tarder,2.0,Positive,Verbe,delay,libazisa,vertraging,diega,ukulibaziseka,kunonoka,expanded_shona_lexicon,kunonoka
kabadi,armoire,2.0,Positive,Mot,cupboard,ikhabethe,kas,khatepote,ikhabhathi,mukombe,expanded_shona_alt,kabati
disanga,joix,2.0,Positive,Mot,joy,injabulo,vreugde,boipshino,uvuyo,mufaro,expanded_shona_lexicon,mufaro
lumu,honneur,2.0,Positive,Mot,honor,udumo,eer,hlompha,imbeko,kukudzwa,expanded_shona_alt,rukudzo
kunyenga,ravir,2.0,Positive,Verbe,delight,thokozela,genot,lethabo,ndiyavuya,kunakidzwa,expanded_shona_alt,mufaro
disambila,priere,2.0,Positive,Verbe,prayer,isicelo,gebed,Thapelo .,Umthandazo,munamato,expanded_shona_alt,munyengetero
kubenesha,benir,2.0,Positive,Verbe,bless,busisa,seën,šegofatša,zisikelele,komborera,expanded_shona_alt,ropafadzai
disu,œil,2.0,Positive,Mot,eye,ihlo,oog,leihlo,iliso,ziso,expanded_shona_lexicon,ziso
dinu,dent,2.0,Positive,Mot,tooth,izinyo,tand,leino,izinyo,zino,expanded_shona_lexicon,zino
dishi,oreille,2.0,Positive,Mot,ear,indlebe,oor,tsebe,indlebe,nzeve,expanded_shona_lexicon,nzeve
lusenga,sable,2.0,Positive,Mot,sand,isihlabathi,sand,santa,isanti,jecha,expanded_shona_lexicon,jecha
lulengu,negligence,2.0,Positive,Verbe,neglect,ukunganaki,verwaarlosing,hlokomologa,ukungakhathalelwa,kuregeredza,expanded_shona_lexicon,kuregeredza
kwela,mettre,2.0,Positive,Verbe,put,beka,sit,bea,faka,isa,expanded_shona_lexicon,isa
kuteka,placer,2.0,Positive,Verbe,place,beka,plek,lefelo,indawo,nzvimbo,expanded_shona_lexicon,nzvimbo
kutuma,envoyer,2.0,Positive,Verbe,send,thumela,stuur,romela,thumela,tumira,expanded_shona_lexicon,tumira
kuendesha,conduire,2.0,Positive,Verbe,to drive,ukushayela,te bestuur,Go otlela .,ukuqhuba,kutyaira,expanded_shona_lexicon,kutyaira
muaba,lieu,2.0,Positive,Mot,place,beka,plek,lefelo,indawo,nzvimbo,expanded_shona_lexicon,nzvimbo
nyoka,serpent,-5.0,Negative,Mot,snake,inyoka,slang,noga,inyoka,nyoka,expanded_shona_lexicon,nyoka
dikaya,epaule,1.0,Positive,Mot,shoulder,igxalaba,skouer,legetla,igxalaba,pfudzi,expanded_shona_alt,bendekete
dikisha,repos,1.0,Positive,Verbe,rest,thulisa,rus,khutša,phumla,zorora,expanded_shona_lexicon,zorora
kuibaka,construire,1.0,Positive,Verbe,build,akha,bou,aga,yakha,kuvaka,expanded_shona_lexicon,kuvaka
mayi,eau,1.0,Positive,Mot,water,nisela,water,meetse,amanzi,mvura,expanded_shona_lexicon,mvura
shingu,cou,1.0,Positive,Mot,neck,intamo,nek,molala,intamo,mutsipa,expanded_shona_lexicon,mutsipa
mukanda,bible,1.0,Positive,Mot,bible,IBhayibheli,Bybel,Beibele .,Ibhayibhile,bhaibheri,expanded_shona_lexicon,bhaibheri
manyi,onction,1.0,Positive,Mot,anointing,ukugcotshwa,salwing,Tlotšo .,Ukuthanjiswa,kuzodza,expanded_shona_alt,kuzodzwa
kufunda,ecrire,1.0,Positive,Mot,to write,ukubhala,te skryf,Go ngwala .,ukubhala,kunyora,expanded_shona_lexicon,kunyora
dimanya,connaissance,1.0,Positive,Mot,awareness,ukuzwa,bewustheid,temogo,ukwazisa,kuziva,expanded_shona_lexicon,kuziva
mungenyi,sagesse,1.0,Positive,Mot,wisdom,ubuhlakani,wysheid,bohlale,Ubulumko,uchenjeri,expanded_shona_lexicon,uchenjeri
menji,intelligence,1.0,Positive,Mot,intelligence,ubuhlakani,intelligensie,bohlodi,ubukrelekrele,kungwara,expanded_shona_alt,njere
tshibangishilu,commencement,1.0,Positive,Verbe,beginning,ukuqala,begin,mathomong,ukuqala,kutanga,expanded_shona_lexicon,kutanga
lutulu,patience,1.0,Positive,Mot,patience,ukubekezela,geduld,boiketlo,umonde,kutsungirira,expanded_shona_alt,mwoyo murefu
nkurusa,croix,1.0,Positive,Mot,cross,inkathazo,kruis,sefapano,umnqamlezo,muchinjiko,expanded_shona_lexicon,muchinjiko
diampa,pain,1.0,Positive,Mot,bread,isinkwa,brood,borotho,isonka,chingwa,expanded_shona_lexicon,chingwa
mvinyo,vigne,1.0,Positive,Verbe,vine,isithombe esithandelayo,wingerdstok,Morara .,umdiliya,muzambiringa,expanded_shona_lexicon,muzambiringa
bulela,verite,1.0,Positive,Verbe,truth,iqiniso,waarheid,bonnete,inyani,chokwadi,expanded_shona_lexicon,chokwadi
kuimba,chanter,1.0,Positive,Verbe,sing,cula,sing,opela,cula,imba,expanded_shona_lexicon,imba
bowa,peur,1.0,Positive,Verbe,fear,ukwesaba,vrees,tšhoga,uloyiko,kutya,expanded_shona_lexicon,kutya
kanemu,respect,1.0,Positive,Verbe,respect,hlonipha,respek,hlompha,imbeko,remekedza,expanded_shona_alt,rukudzo
dinanga,amour,1.0,Positive,Mot,love,thanda,liefde,lerato,uthando,rudo,expanded_shona_lexicon,rudo
mudimu,emploi,1.0,Positive,Mot,job,umsebenzi,werk,mošomo,umsebenzi,jobho,expanded_shona_alt,basa
kukuna,planter,1.0,Positive,Verbe,plant,tshala,plant,semela,tyala,chirimwa,expanded_shona_lexicon,chirimwa
muntu,tete,1.0,Positive,Mot,head,ikhanda,kop,hlogo,intloko,musoro,expanded_shona_lexicon,musoro
diboku,bras,1.0,Positive,Mot,arm,hlomisa,arm,letsogo,ingalo,ruoko,expanded_shona_lexicon,ruoko
nzubu,maison,1.0,Positive,Mot,house,Indlu,Huis,Ntlo,Indlu,imba,expanded_shona_lexicon,imba
butaka,sexe,1.0,Positive,Mot,sex,ubulili,seks,Thobalano .,isondo,bonde,expanded_shona_lexicon,bonde
kuenda,marcher,1.0,Positive,Verbe,to walk,ukuhamba,te loop,Go sepela .,ukuhamba,kufamba,expanded_shona_lexicon,kufamba
kuitaba,croire,1.0,Positive,Verbe,believe,kholelwa,glo,dumela,kholwa,tenda,expanded_shona_alt,tendai
luteta,graine,1.0,Positive,Mot,seed,inhlwanyelo,saad,peu,imbewu,mbeu,expanded_shona_lexicon,mbeu
lusenga,sable,1.0,Positive,Mot,sand,isihlabathi,sand,santa,isanti,jecha,expanded_shona_lexicon,jecha
mashi,sang,1.0,Positive,Mot,blood,igazi,bloed,madi,igazi,ropa,expanded_shona_lexicon,ropa
lukutu,cuilliere,1.0,Positive,Mot,spoon,isipuni,lepel,lelepola,isipuni,chipunu,expanded_shona_lexicon,chipunu
tshiadi,pointrine,1.0,Positive,Mot,pointrine,pointrine,pointrine,Sešupo sa go šupa .,iqhinga,pointrine,expanded_shona_loanword,pointrine
bijitu,poid,1.0,Positive,Mot,weight,isisindo,gewig,boima,ubunzima,uremu,expanded_shona_lexicon,uremu
dilomba,demande,1.0,Positive,Verbe,request,nxusa,versoek,kgopelo,isicelo,chikumbiro,expanded_shona_lexicon,chikumbiro
ditekemena,esparance,1.0,Positive,Mot,space,ibanga,spasie,sekgoba,indawo,nzvimbo,expanded_shona_lexicon,nzvimbo
dianyisha,admirer,1.0,Positive,Verbe,admire,thanda,bewonder,kgahlega,vuma,admire,expanded_shona_alt,kuyemura
dilolo,soir,1.0,Positive,Mot,evening,kusihlwa,aand,mantšiboa,ngokuhlwa,manheru,expanded_shona_lexicon,manheru
mukuna,montagne,1.0,Positive,Mot,mountain,intaba,berg,thaba,intaba,gomo,expanded_shona_lexicon,gomo
makuta,argent,1.0,Positive,Mot,money,imali,geld,tšhelete,imali,mari,expanded_shona_lexicon,mari
tshiama,fer,1.0,Positive,Mot,iron,insimbi yoku-ayina,yster,aene,intsimbi,simbi,expanded_shona_lexicon,simbi
mudilu,feu,1.0,Positive,Mot,fire,shisa,vuur,mollo,umlilo,moto,expanded_shona_lexicon,moto
kusuba,acheter,1.0,Positive,Verbe,buy,thenga,koop,reka,Thenga,tenga,expanded_shona_lexicon,tenga
kulela,acoucher,1.0,Positive,Verbe,give birth,zala,geboorte gee,go belega .,zala,zvara,expanded_shona_lexicon,zvara
kupangila,rater,-4.0,Negative,Verbe,miss,khumbula,mis,fetilwe,phosa,kupotsa,expanded_shona_lexicon,kupotsa
kudiata,pietuner,-2.0,Negative,Verbe,pietuner,ingqungutela,pietuner,Pietuner .,pietunger,pietuner,expanded_shona_loanword,pietuner
kudinga,mentir,-4.0,Negative,Verbe,lie,ginqika,lieg,maaka,ubuxoki,kunyepa,expanded_shona_lexicon,kunyepa
buloba,terre,4.0,Positive,Mot,earth,inhlabathi,aarde,lefase,Umhlaba,pasi,expanded_shona_lexicon,pasi
kabala,lire,4.0,Positive,Verbe,read,funda,lees,bala,funda,verenga,expanded_shona_lexicon,verenga
kuinama,incliner,4.0,Positive,Verbe,tilt,tsheka,kantel,Sekamane .,tella,tha,expanded_shona_lexicon,tha
kupuekesha,baisser,-4.0,Negative,Verbe,lower,shonisa,laer,fasana,isezantsi,kuderera,expanded_shona_alt,pasi
kushima,nier,-5.0,Negative,Verbe,deny,phika,ontken,gana,kuyakhanyela,ramba,expanded_shona_alt,kuramba
buteketa,faiblesse,-7.0,Negative,Verbe,weakness,ubuthaka,swakheid,bofokodi,ubuthathaka,kushaya simba,expanded_shona_alt,utera
kulambula,offrir,3.0,Positive,Verbe,to offer,ukunikela,aan te bied,go fana ka tlhagiso .,ukunikeza,kupa,expanded_shona_lexicon,kupa
kulombola,dirger,3.0,Positive,Verbe,lead,hola,lei,eta pele,khokelela,tungamira,expanded_shona_lexicon,tungamira
kuambula,transporter,3.0,Positive,Mot,carry,thwala,dra,rwala,phatha,takura,expanded_shona_lexicon,takura
kuiba,voler,-7.0,Negative,Verbe,fly,ndiza,vlieg,fofa,bhabha,bhururuka,expanded_shona_lexicon,bhururuka
kupana,vendre,-1.0,Negative,Verbe,sell,thengisa,verkoop,rekiša,thengisa,tengesa,expanded_shona_lexicon,tengesa
mashinyi,vehicule,1.0,Positive,Mot,vehicle,into yokuhamba,voertuig,senamelwa,imoto,mota,expanded_shona_alt,motokari
kulenga,toucher,1.0,Positive,Verbe,to touch,Ukuthinta,aan te raak,Go kgoma .,ukuchukumisa,kubata,expanded_shona_lexicon,kubata
kuambulula,repeter,1.0,Positive,Verbe,repeat,phinda,herhaal,bušeletša,phinda,dzokorora,expanded_shona_lexicon,dzokorora
kudila,pleurer,1.0,Positive,Verbe,cry,memeza,huil,lla,khala,kuchema,expanded_shona_lexicon,kuchema
mvula,pluie,1.0,Positive,Mot,rain,imvula,reën,pula,imvula,kunaya,expanded_shona_alt,mvura
tshimanu,mur,1.0,Positive,Mot,wall,udonga,muur,leboto,udonga,wall,expanded_shona_loanword,wall
ditumba,coin,1.0,Positive,Mot,corner,ingosi,hoek,sekhutlo,kwikona,kona,expanded_shona_lexicon,kona
tshibenda,courbure,1.0,Positive,Mot,curvature,cunuture,kromming,Go kobega .,i-curvature,curvature,expanded_shona_loanword,curvature
mulangi,bouteille,1.0,Positive,Mot,bottle,ibhodlela,bottel,lebotlelo,ibhotile,bhodhoro,expanded_shona_lexicon,bhodhoro
nzolu,poule,1.0,Positive,Mot,chicken,inyama yenkukhu,hoender,nama ya kgogo,inkukhu,huku,expanded_shona_lexicon,huku
kuseka,sourire,1.0,Positive,Verbe,smile,ukumamatheka,glimlag,myemyela,uncumo,kunyemwerera,expanded_shona_alt,nyemwerero
kabanya,partager,1.0,Positive,Verbe,share,abelana,deel,abelana,isabelo,goverana,expanded_shona_lexicon,goverana
kubenesha,benir,1.0,Positive,Verbe,bless,busisa,seën,šegofatša,zisikelele,komborera,expanded_shona_alt,ropafadzai
kunanga,aimer,1.0,Positive,Verbe,to like,uzothanda,te hou,go rata .,ukuthanda,kuda,expanded_shona_lexicon,kuda
lutatu,peine,1.0,Positive,Mot,penalty,inhlawulo,straf,Kotlo .,isohlwayo,chirango,expanded_shona_lexicon,chirango
kela,couteau,1.0,Positive,Mot,knife,igotshwa,mes,thipa,isitshixo,banga,expanded_shona_lexicon,banga
dibaya,planche,1.0,Positive,Mot,plank,iplank,plank,Lepolanka .,iplanga,plank,expanded_shona_loanword,plank
cilamba,pagne,1.0,Positive,Mot,loincloth,i-loincloth,lendelap,Lešela la letheka .,i-lourceth,loincloth,expanded_shona_alt,chiuno
makala,braise,1.0,Positive,Mot,braised,-bonakala,gesmoor,E betlilwe ka braised .,qhalazwe,braising,expanded_shona_lexicon,braising
lukinu,heine,1.0,Positive,Verbe,eh,eh,eh,Eh .,eh,eh,expanded_shona_loanword,eh
luse,pardon,1.0,Positive,Verbe,pardon,xolela,verskoning,tshwarelo,uxolelo,kuregerera,expanded_shona_alt,ruregerero
disanga,joie,1.0,Positive,Verbe,joy,injabulo,vreugde,boipshino,uvuyo,mufaro,expanded_shona_lexicon,mufaro
nyota,soif,1.0,Positive,Verbe,thirsty,-omile,dors,nyorilwe,unxaniwe,nyota,expanded_shona_lexicon,nyota
musoko,village,1.0,Positive,Mot,village,umuzi,dorpie,motse,ilali,musha,expanded_shona_lexicon,musha
bungi,beaucoup,0.0,Neutre,Mot,a lot,okuningi,baie,kudu,Okuninzi,zvakawanda,expanded_shona_lexicon,zvakawanda
muaku,parole,2.0,Positive,Mot,speech,intshumayelo,toespraak,polelo,intetho,kutaura,expanded_shona_lexicon,kutaura
nzubu,maison,2.0,Positive,Mot,house,Indlu,Huis,Ntlo,Indlu,imba,expanded_shona_lexicon,imba
butoke,lumiere,2.0,Positive,Mot,light,-mhlophe,lig,seetša,ukukhanya,chiedza,expanded_shona_lexicon,chiedza
midima,tenebres,2.0,Positive,Mot,darkness,ubumnyama,duisternis,Lefsifsi .,ubumnyama,rima,expanded_shona_lexicon,rima
bulelela,verite,2.0,Positive,Mot,truth,iqiniso,waarheid,bonnete,inyani,chokwadi,expanded_shona_lexicon,chokwadi
moyi,cœur,2.0,Positive,Mot,heart,inhliziyo,hart,pelo,Intliziyo,moyo,expanded_shona_alt,mwoyo
kumanya,connaittre,2.0,Positive,Verbe,know,bona,weet,tseba,yazi,ziva,expanded_shona_lexicon,ziva
lumu,gloire,2.0,Positive,Mot,glory,ubukhosi,glorie,Kgalalelo .,uzuko,kubwinya,expanded_shona_alt,mbiri
mukenji,loi,2.0,Positive,Mot,law,umthetho,wet,molao,umthetho,mutemo,expanded_shona_lexicon,mutemo
ngasa,grace,2.0,Positive,Mot,grace,umusa,genade,Mohau .,ubabalo,nyasha,expanded_shona_lexicon,nyasha
mukoko,brebis,2.0,Positive,Mot,sheep,imvu,skape,nku,iigusha,gwai,expanded_shona_alt,hwai
dituku,jour,2.0,Positive,Mot,day,usuku,dag,letšatši,usuku,zuva,expanded_shona_lexicon,zuva
ngombe,bœuf,2.0,Positive,Mot,beef,inyama yenkomo,beesvleis,nama ya kgomo,inyama yenkomo,nyama yemombe,expanded_shona_lexicon,nyama yemombe
diiyi,œuf,2.0,Positive,Mot,egg,iqanda,eier,lee,iqanda,zai,expanded_shona_lexicon,zai
cinu,mortier,2.0,Positive,Mot,mortar,isigqulo,mortel,Sekontiri .,udaka,dhaka,expanded_shona_lexicon,dhaka
muinshi,pilon,2.0,Positive,Mot,pestle,nguonyana,stamper,Pestle .,i-pestle,pestle,expanded_shona_loanword,pestle
bukola,force,2.0,Positive,Mot,strength,izithukuthuku,sterkte,maatla,amandla,simba,expanded_shona_lexicon,simba
bukenga,bougie,2.0,Positive,Mot,candle,ikhandlela,kers,Kerese .,ikhandlela,kenduru,expanded_shona_lexicon,kenduru
diulu,ciel,2.0,Positive,Mot,sky,isibhakabhaka,lug,lefaufau,isibhakabhaka,denga,expanded_shona_lexicon,denga
buloba,terre,2.0,Positive,Mot,earth,inhlabathi,aarde,lefase,Umhlaba,pasi,expanded_shona_lexicon,pasi
bulengela,bonte,2.0,Positive,Mot,goodness,ukulunga,goedheid,Botho .,ukulunga,kunaka,expanded_shona_lexicon,kunaka
ditekemena,espoir,2.0,Positive,Verbe,hope,ithemba,hoop,kholofelo,Ithemba,tariro,expanded_shona_lexicon,tariro
matshi,oreille,2.0,Positive,Mot,ear,indlebe,oor,tsebe,indlebe,nzeve,expanded_shona_lexicon,nzeve
diboku,bras,2.0,Positive,Mot,arm,hlomisa,arm,letsogo,ingalo,ruoko,expanded_shona_lexicon,ruoko
mukolu,jambe,2.0,Positive,Mot,leg,umlenze,been,leoto,umlenze,gumbo,expanded_shona_lexicon,gumbo
nsuki,cheveux,2.0,Positive,Mot,hair,uboya,hare,moriri,iinwele,bvudzi,expanded_shona_lexicon,bvudzi
mutelu,chemise,2.0,Positive,Mot,shirt,ihembe,hemp,gempe,ihempe,shirt,expanded_shona_alt,hembe
mapapa,babouche,2.0,Positive,Mot,slipper,ihlibhisi,pantoffel,Seeta sa go thelela .,tyibilika,slipper,expanded_shona_loanword,slipper
mesa,table,2.0,Positive,Mot,table,itafula,tafel,tafola,itafile,tafura,expanded_shona_lexicon,tafura
diakabi,malheur,2.0,Positive,Mot,misfortune,-nenhliziyo,ongeluk,Madimabe .,intlekele,zvakashata,expanded_shona_alt,nhamo
kanyinganyinga,regret,2.0,Positive,Verbe,regret,zisola,spyt,maswabi,ukuzisola,kuzvidemba,expanded_shona_lexicon,kuzvidemba
kaheja,mepris,2.0,Positive,Verbe,contempt,ukudelela,minagting,lenyatšo,ukudelela,kuzvidza,expanded_shona_lexicon,kuzvidza
lutambishi,orgueil,2.0,Positive,Verbe,pride,ukuziqhenya,trots,boitumelo,ikratshi,kudada,expanded_shona_lexicon,kudada
bumuntu,dignite,2.0,Positive,Mot,dignity,isithunzi,waardigheid,seriti,isidima,kukudzwa,expanded_shona_alt,chiremerera
vinta,guerre,2.0,Positive,Mot,war,ukulwa,oorlog,ntwa,imfazwe,hondo,expanded_shona_lexicon,hondo
lulamatu,attachement,2.0,Positive,Verbe,attachment,ukwengeza,aanhangsel,sekgomaretšwa,ukunamathisela,kubatanidzwa,expanded_shona_lexicon,kubatanidzwa
makanda,force,2.0,Positive,Mot,strength,izithukuthuku,sterkte,maatla,amandla,simba,expanded_shona_lexicon,simba
dibungama,tristesse,-3.0,Negative,Verbe,sadness,ukudabuka,hartseer,manyami a go nyama .,usizi,kusuwa,expanded_shona_lexicon,kusuwa
tshinji,colere,-4.0,Negative,Verbe,anger,intukuthelo,woede,pefelo,umsindo,kutsamwa,expanded_shona_lexicon,kutsamwa
diakalenga,heureux,5.0,Positive,Mot,happy,-eneme,gelukkig,thabile,ndonwabile,kufara,expanded_shona_lexicon,kufara
nzala,faim,-1.0,Negative,Verbe,hunger,iphango,honger,Tlala .,indlala,nzara,expanded_shona_lexicon,nzara
buakana,justice,4.0,Positive,Mot,justice,ubulungiswa,geregtigheid,toka,ubulungisa,kururamisira,expanded_shona_lexicon,kururamisira
mutoke,pur,4.0,Positive,Mot,pure,-nalutho,suiwer,hlwekile,icocekile,yakachena,expanded_shona_lexicon,yakachena
ditalala,paix,4.0,Positive,Mot,peace,ukuthula,vrede,khutšo,uxolo,runyararo,expanded_shona_alt,rugare
kupenda,insulter,-6.0,Negative,Mot,insult,eyisa,belediging,maroga,ukuthuka,kutuka,expanded_shona_alt,kutukana
kushima,mentir,-1.0,Negative,Verbe,lie,ginqika,lieg,maaka,ubuxoki,kunyepa,expanded_shona_lexicon,kunyepa
kulomba,demander,3.0,Positive,Verbe,ask,buza,vra,kgopela,buza,bvunza,expanded_shona_lexicon,bvunza
kulamba,preparer,3.0,Positive,Verbe,prepare,lungiselela,voorberei,beakanya,lungiselela,gadzirira,expanded_shona_lexicon,gadzirira
kulu,sommet,3.0,Positive,Mot,summit,isiqongo,beraad,sehloa,ingqungquthela,summit,expanded_shona_loanword,summit
muendu,lampe,3.0,Positive,Mot,lamp,ilambu,lamp,lebone,isibane,rambi,expanded_shona_lexicon,rambi
butumbi,gloire,3.0,Positive,Mot,glory,ubukhosi,glorie,Kgalalelo .,uzuko,kubwinya,expanded_shona_alt,mbiri
lupingu,statue,3.0,Positive,Mot,statue,isifanekiso,standbeeld,sehlwaseeme,umfanekiso,chifananidzo,expanded_shona_lexicon,chifananidzo
muishi,flame,3.0,Positive,Mot,flame,ilangabi,vlam,Kgabo .,idangatye,murazvo,expanded_shona_lexicon,murazvo
mala,alcool,3.0,Positive,Mot,alcohol,utshwala,alkohol,alkhoholo,utywala,doro,expanded_shona_lexicon,doro
dibua,pierre,3.0,Positive,Mot,rock,itshe elikhulu,rots,letlapa,iliwa,dombo,expanded_shona_lexicon,dombo
dilata,tole,3.0,Positive,Mot,sheet metal,ishidi yensimbi,plaatmetaal,Tšhipi ya letlakala .,I-SHICHE SETY,simbi yesimbi,expanded_shona_lexicon,simbi yesimbi
njila,route,3.0,Positive,Mot,road,umgwaqo,pad,tsela,indlela,mugwagwa,expanded_shona_lexicon,mugwagwa
lumuenu,armoire,3.0,Positive,Mot,cupboard,ikhabethe,kas,khatepote,ikhabhathi,mukombe,expanded_shona_alt,kabati
tshilaamba,pont,3.0,Positive,Mot,bridge,ibhuloho,brug,leporogo,ibhulorho,bhiriji,expanded_shona_alt,zambuko
kunyema,courir,3.0,Positive,Verbe,run,gijima,hardloop,kitima,baleka,kumhanya,expanded_shona_lexicon,kumhanya
kunaya,jouer,3.0,Positive,Verbe,play,dlala,speel,raloka,dlala,tamba,expanded_shona_lexicon,tamba
kudila,pleurer,-4.0,Negative,Verbe,cry,memeza,huil,lla,khala,kuchema,expanded_shona_lexicon,kuchema
kuakula,parler,1.0,Positive,Verbe,talk,shumayela,praat,bolela,thetha,taura,expanded_shona_lexicon,taura
kujadika,affirmer,1.0,Positive,Verbe,affirm,nyanisa,bevestig,Tiiša .,qinisekisa,simbisa,expanded_shona_lexicon,simbisa
kulaya,promettre,1.0,Positive,Verbe,promise,thembisa,belofte,tshephišo,isithembiso,vimbiso,expanded_shona_lexicon,vimbiso
kuadamuna,repondre,1.0,Positive,Verbe,answer,impendulo,antwoord,karabo,Impendulo,mhinduro,expanded_shona_lexicon,mhinduro
kudia,manger,1.0,Positive,Verbe,eat,-dla,eet,ja,yitya,idya,expanded_shona_alt,kudya
kunua,boire,1.0,Positive,Verbe,drink,phuza,drink,nwa,isiselo,kunwa,expanded_shona_lexicon,kunwa
kudiata,pietiner,1.0,Positive,Verbe,trample,swayela,vertrap,Kgatelelo ya madi .,inyanya,tsika,expanded_shona_alt,tsikirira
kusungula,choisir,1.0,Positive,Verbe,choose,qoka,kies,kgetha,khetha,sarudza,expanded_shona_lexicon,sarudza
tshiibi,porte,1.0,Positive,Verbe,door,isicabha,deur,monyako .,umnyango,gonhi,expanded_shona_lexicon,gonhi
kufila,donner,1.0,Positive,Verbe,give,khangeza,gee,fa,nika,ipa,expanded_shona_lexicon,ipa
kuangata,recevoir,1.0,Positive,Verbe,receive,thola,ontvang,amogela,yamkela,gamuchira,expanded_shona_lexicon,gamuchira
kufuka,créer,1.0,Positive,Verbe,create,dala,skep,hlama,dala,gadzira,expanded_shona_lexicon,gadzira
binsonji,larme,1.0,Positive,Mot,tear,ukudabula,skeur,gagola,iinyembezi,misodzi,expanded_shona_lexicon,misodzi
kujamaja,danser,1.0,Positive,Verbe,to dance,ukudansa,om te dans,go bina .,ukudanisa,kutamba,expanded_shona_lexicon,kutamba
kuyahamuaba,partir,1.0,Positive,Verbe,leave,shiya,verlaat,tloga,shiya,zivisa,expanded_shona_alt,siya
kulua,viens,1.0,Positive,Mot,come,woza,kom,tla,yiza,huya,expanded_shona_alt,uya
bishi,comment,1.0,Positive,Mot,how,Kanjani,hoe,bjang,Njani,sei,expanded_shona_lexicon,sei
difikadilenga,bienvenu,1.0,Positive,Mot,welcome,ukuthakaselwa,welkom,le amogetšwe,Wamkelekile,mauya,expanded_shona_lexicon,mauya
bubi,mauvais,-4.0,Negative,Mot,bad,-ngalungile,sleg,mpe,kubi,zvakaipa,expanded_shona_lexicon,zvakaipa
kunua,boire,-1.0,Negative,Verbe,drink,phuza,drink,nwa,isiselo,kunwa,expanded_shona_lexicon,kunwa
kutuladifu,avorter,-4.0,Negative,Verbe,abort,shiya amanzi,aborteer,mpa ya mpa .,ukulahla,kubvisa,expanded_shona_alt,kubvisa pamuviri
kuenzacintu,créer,6.0,Positive,Verbe,create,dala,skep,hlama,dala,gadzira,expanded_shona_lexicon,gadzira
kusasa,fleterisse,6.0,Positive,Mot,fletisse,ifushalafu,fletisse,FLETISSE .,I-FLIISSE,bletisse,expanded_shona_lexicon,bletisse
kuelamenji,pensee,6.0,Positive,Verbe,thought,umcabango,gedink,kgopolo,ingcinga,kufunga,expanded_shona_lexicon,kufunga
bunkolotu,increduliter,6.0,Positive,Verbe,disbelieve,disbelieve,nie glo nie,Go se dumele .,ukungakholelwa,kusatenda,expanded_shona_lexicon,kusatenda
mbangishilu,commencer,6.0,Positive,Verbe,to start,ukuqala,te begin,Go thoma .,ukuqala,kutanga,expanded_shona_lexicon,kutanga
kijikija,fin,6.0,Positive,Mot,end,Ukugcina,EINDE,MAFELELO,ISIPHELO,kupera,expanded_shona_lexicon,kupera
kuibacintu,derober,6.0,Positive,Verbe,steal,ntshontsha,steel,utswa,ukuba,kuba,expanded_shona_lexicon,kuba
karereji,snober,6.0,Positive,Verbe,snub,ithanga,snuif,Snub .,i-snub,snub,expanded_shona_loanword,snub
kuabanyangana,partager,6.0,Positive,Verbe,share,abelana,deel,abelana,isabelo,goverana,expanded_shona_lexicon,goverana
kufila,donner,6.0,Positive,Verbe,give,khangeza,gee,fa,nika,ipa,expanded_shona_lexicon,ipa
kujinga,desire,6.0,Positive,Verbe,desire,fisa,begeerte,kganyogo,umnqweno,chishuwo,expanded_shona_alt,chido
kunshintuluka,changer,6.0,Positive,Verbe,to change,ukushintsha,te verander,go fetoga .,ukutshintsha,kuchinja,expanded_shona_lexicon,kuchinja
kudisha,nourire,6.0,Positive,Verbe,feed,idili,voer,fepa,yondla,kudyisa,expanded_shona_lexicon,kudyisa
kushebeya,tuer,-2.0,Negative,Verbe,kill,bulala,doodmaak,bolaya,bulala,kuuraya,expanded_shona_lexicon,kuuraya
tshikisu,mechant,3.0,Positive,Verbe,wicked,-bi,goddelose,bokgopo,ongendawo,wakaipa,expanded_shona_alt,akaipa
dijinga,volonter,3.0,Positive,Mot,will,isifiso,sal,tla,iya,kuda,expanded_shona_lexicon,kuda
kutumikila,obeir,3.0,Positive,Verbe,obey,thobela,gehoorsaam,obamela,thobela,teerera,expanded_shona_lexicon,teerera
lulamantu,fidelite,3.0,Positive,Verbe,loyalty,ukuba neqiniso,lojaliteit,botshepegi,ukuthembeka,kuvimbika,expanded_shona_lexicon,kuvimbika
kulamata,atacher,3.0,Positive,Verbe,attach,hlanganisa,heg,kgomaretša,qhoboshela,batanidza,expanded_shona_lexicon,batanidza
kuiba,voler,-5.0,Negative,Verbe,fly,ndiza,vlieg,fofa,bhabha,bhururuka,expanded_shona_lexicon,bhururuka
kukenga,soufrire,-4.0,Negative,Verbe,sulfur,isibabule,swael,Sulphur .,isalfure,sarufa,expanded_shona_lexicon,sarufa
kukulakaja,veillire,1.0,Positive,Mot,wake up,Vuka,wakker word,tsoga,Vuka,muka,expanded_shona_lexicon,muka
pidiewu,bientôt,1.0,Positive,Mot,soon,Ngokushesha,Binnekort,Ka pela,Kungekudala,munguva pfupi,expanded_shona_alt,nenguva isipi
kuhola,cueillire,1.0,Positive,Verbe,pick,vuna,kies,topa,khetha,nhonga,expanded_shona_lexicon,nhonga
difikapamuaba,arrivee,1.0,Positive,Verbe,arrival,ukufika,aankoms,go fihla,ukufika,kusvika,expanded_shona_lexicon,kusvika
babi,prudent,1.0,Positive,Mot,careful,-nakayo,versigtig,hlokomela,ngononophelo,chenjera,expanded_shona_alt,ngwarira
bimpa,bien,1.0,Positive,Mot,good,Kuhle ngokuncomekayo,GOED,GABOTSE,KULUNGILE,kugona,expanded_shona_lexicon,kugona
kuseka,rire,1.0,Positive,Mot,laugh,gigitheka,lag,sega,hleka,kuseka,expanded_shona_alt,seka
kuabulula,repeter,1.0,Positive,Verbe,repeat,phinda,herhaal,bušeletša,phinda,dzokorora,expanded_shona_lexicon,dzokorora
kutangila,regarder,1.0,Positive,Verbe,look,bheka,kyk,lebelela,jonga,tarisa,expanded_shona_lexicon,tarisa
kuenza,faire,1.0,Positive,Verbe,to do,OKUZO KWENZIWA,OM TE DOEN,go dira .,UKWENZA,kuita,expanded_shona_lexicon,kuita
kujulacintu,soulever,1.0,Positive,Verbe,raise,phakamisa,verhoog,godiša,phakamisa,simudza,expanded_shona_lexicon,simudza
kujuka,reveiller,1.0,Positive,Verbe,wake,phaphama,wakker word,tsoga,vuka,wake,expanded_shona_loanword,wake
kushala,rester,1.0,Positive,Verbe,stay,hlala,bly,dula,hlala,gara,expanded_shona_lexicon,gara
kuhikila,causer,1.0,Positive,Verbe,cause,dala,oorsaak,hlola,unobangela,chikonzero,expanded_shona_lexicon,chikonzero
kutumamuntu,deleguer,1.0,Positive,Verbe,delegate,inxusa,delegeer,Moemedi .,umthunywa,nhume,expanded_shona_lexicon,nhume
malanda,relation,1.0,Positive,Mot,relationship,ukuzalana,verhouding,kamano,ubudlelwane,hukama,expanded_shona_alt,ukama
bobumua,union,1.0,Positive,Mot,union,inyunyana,vakbond,Union .,umanyano,union,expanded_shona_alt,mubatanidzwa
kutumacintu,envoyer,1.0,Positive,Verbe,send,thumela,stuur,romela,thumela,tumira,expanded_shona_lexicon,tumira
kulaya,promesse,1.0,Positive,Verbe,promise,thembisa,belofte,tshephišo,isithembiso,vimbiso,expanded_shona_lexicon,vimbiso
kurujamolayi,accomplire,1.0,Positive,Verbe,accomplish,feza,bereik,fihlelela,phumeza,zadzisa,expanded_shona_lexicon,zadzisa
kusabakena,rencontrer,1.0,Positive,Mot,meet,hlangana,ontmoet,kopana,dibana,kusangana,expanded_shona_lexicon,kusangana
kulondabualu,ranconter,1.0,Positive,Mot,to tell,Ukutshela,te vertel,go bolela .,ukuxela,kutaura,expanded_shona_lexicon,kutaura
butuku,nuit,1.0,Positive,Mot,night,ubusuku,nag,bošego,busuku,husiku,expanded_shona_lexicon,husiku
mudinda,matin,1.0,Positive,Mot,morning,Ekuseni,Oggend,Mesong,Ntseni,mangwanani,expanded_shona_lexicon,mangwanani
kukubaja,ajoutre,1.0,Positive,Verbe,add,enezelela,byvoeg,hlakanya,yongeza,wedzera,expanded_shona_lexicon,wedzera
kukeresha,diminuer,1.0,Positive,Verbe,decrease,nciphisa,afneem,fokotša,ukwehla,kuderera,expanded_shona_alt,kuderedza
kuhishisha,depasser,1.0,Positive,Verbe,exceed,dlula,oorskry,fetiša,gqitha,pfuura,expanded_shona_alt,kudarika
kuvudija,augmenter,1.0,Positive,Verbe,increase,ukukhula,verhoog,oketša,Nyusa,kuwedzera,expanded_shona_lexicon,kuwedzera
cihidi,niveau,1.0,Positive,Mot,level,-lingene,vlak,kelo,inqanaba,level,expanded_shona_loanword,level
kufilamuenenu,commenter,1.0,Positive,Verbe,comment,ukubeka umbono,kommentaar lewer,swayaswaya,uluvo,kutaura,expanded_shona_lexicon,kutaura
kukudimuna,interpreter,1.0,Positive,Verbe,interpret,humusha,interpreteer,hlatholla,tolika,kududzira,expanded_shona_alt,dudzira
bimpabikola,superbe,1.0,Positive,Mot,stunning,isimanga,verstommend,tumišegago,ukumangalisa,zvinoshamisa,expanded_shona_lexicon,zvinoshamisa
disama,maladie,1.0,Positive,Mot,disease,isifo,siekte,bolwetši,isifo,chirwere,expanded_shona_lexicon,chirwere
lukosu,toux,1.0,Positive,Mot,cough,khwehlela,hoes,gohlola,ukukhohlela,kukosora,expanded_shona_alt,chikosoro
difu,ventre,1.0,Positive,Mot,belly,isisu,maag,mpa,isisu,dumbu,expanded_shona_lexicon,dumbu
bualubudibuezeka,evenement,1.0,Positive,Mot,event,isigigaba,gebeurtenis,tiragalo,umcimbi,chiitiko,expanded_shona_lexicon,chiitiko
kubanga,debut,1.0,Positive,Mot,beginning,ukuqala,begin,mathomong,ukuqala,kutanga,expanded_shona_lexicon,kutanga
kukanga,fermer,1.0,Positive,Verbe,close,ngokuminyanisa,naby,tswalela,vala,vhara,expanded_shona_alt,pedyo
dibanjidibua,investutire,1.0,Positive,Verbe,invest,tshala imali,belê,beeletša,tyala imali,invest,expanded_shona_loanword,invest
dilongeshibua,farmation,1.0,Positive,Mot,farming,ukulima,boerdery,Bolemirui .,ukulima,kurima,expanded_shona_lexicon,kurima
kukonkola,toquer,1.0,Positive,Verbe,knock,dukluza,klop,Knock .,nkqonkqoza,gogodza,expanded_shona_lexicon,gogodza
kukalaba,ramper,1.0,Positive,Verbe,crawl,gaqa,kruip,gogoba,crawl,kukambaira,expanded_shona_lexicon,kukambaira
kuitaba,decrocher,1.0,Positive,Verbe,pick up,Phakamisa,optel,topa,Phakamisa,nhonga,expanded_shona_lexicon,nhonga
cidicihitakudifuma,resement,1.0,Positive,Mot,resement,indawo,resement,Sefofane sa go tsošološa .,ukuphindaphinda,kuonekwa,expanded_shona_lexicon,kuonekwa
bualubuenyi,nouvelle,1.0,Positive,Mot,new,-kwanamuhla,nuut,mpsha,intsha,nyowani,expanded_shona_alt,itsva
kujingulula,decouvere,1.0,Positive,Verbe,discover,thola,ontdek,utolla,fumanisa,tsvaga,expanded_shona_lexicon,tsvaga
kuibaka,construiction,1.0,Positive,Mot,construction,ukwakha,konstruksie,kago,ukwakhiwa,kuvaka,expanded_shona_lexicon,kuvaka
mushimi,source,1.0,Positive,Mot,source,umthombo,bron,mothopo,umthombo,kunobva,expanded_shona_lexicon,kunobva
difutu,salaire,1.0,Positive,Mot,salary,umholo,salaris,mogolo,umvuzo,muhoro,expanded_shona_lexicon,muhoro
manayi,amisement,1.0,Positive,Mot,friendship,ubudlelwane,vriendskap,segwera,ubuhlobo,hushamwari,expanded_shona_alt,ushamwari
difucila,location,1.0,Positive,Mot,rental,ukuqashwa,huur,Khiriso ya khiro .,irente,rental,expanded_shona_loanword,rental
kuyobola,provoquer,1.0,Positive,Verbe,to provoke,ukucasula,uit te lok,Go hlohleletša .,ukucaphukisa,kumutsa,expanded_shona_alt,kudenha
biamushindu,different,1.0,Positive,Mot,different,-ahlukile,anders,fapanego,eyahlukileyo,zvakasiyana,expanded_shona_lexicon,zvakasiyana
kujamaja,tremousser,1.0,Positive,Verbe,jiggle,jithaka isibindi,skud,jiggle .,jiggle,jiggle,expanded_shona_loanword,jiggle
kunyunga,mouvement,1.0,Positive,Mot,movement,ukuzamazama,beweging,mosepelo,intshukumo,kufamba,expanded_shona_lexicon,kufamba
tulu,someil,1.0,Positive,Mot,sleep,ukulala,slaap,robala,ukulala,kurara,expanded_shona_alt,hope
citanaji,divertisement,1.0,Positive,Mot,entertainment,umdlalo,vermaak,boithabišo,ukuzonwabisa,varaidzo,expanded_shona_lexicon,varaidzo
nyungilukilu,environnement,1.0,Positive,Mot,environment,indawo ezungezile,omgewing,tikologo,okusingqongileyo,nzvimbo,expanded_shona_alt,zvakatipoteredza
cidicienzeka,foctionnement,1.0,Positive,Mot,operation,ukuhlinza,operasie,opareišene,ukusebenza,kuvhiya,expanded_shona_alt,oparesheni
cilenga,beau,1.0,Positive,Mot,beautiful,-bukekayo,pragtig,botse,entle,runako,expanded_shona_lexicon,runako
lupeepepele,vent,1.0,Positive,Mot,wind,songa,wind,phefo,umoya,mhepo,expanded_shona_lexicon,mhepo
cinwinu,verre,1.0,Positive,Mot,glass,ekhanyayo,glas,galase,iglasi,girazi,expanded_shona_lexicon,girazi
cisalu,vaccin,1.0,Positive,Mot,vaccine,umuthi wokugcaba,entstof,moento,isitofu sokugonya,vaccine,expanded_shona_loanword,vaccine
mikadila,libre,1.0,Positive,Verbe,free,khululekile,gratis,lokologile,simahla,yemahara,expanded_shona_alt,vakasununguka
kapepelelupepele,Air,1.0,Positive,Mot,air,Umoya,Lug,Moya,Umoya,mhepo,expanded_shona_lexicon,mhepo
Mutshi,Arbre,1.0,Positive,Mot,tree,Isihlahla,BOOM,MOHLARE,Umthi,muti,expanded_shona_lexicon,muti
Mujiluwamashimakunze,Artère,1.0,Positive,Mot,artery,Umthambo wegazi,slagaar,mothapo wa mothapo .,Ubugcisa,artery,expanded_shona_loanword,artery
MuediMuevu,Barbe,1.0,Positive,Mot,beard,Intshebe,Baard,Ditedu,Iindevu,ndebvu,expanded_shona_lexicon,ndebvu
Mutshi,Bois,1.0,Positive,Mot,drink,Phuza,Drink,Nwa,Isiselo,kunwa,expanded_shona_alt,inwai
Mukana,Bouche,1.0,Positive,Mot,mouth,Umlomo,Mond,Molomo,Umlomo,muromo,expanded_shona_lexicon,muromo
Ditamba,Branche,1.0,Positive,Mot,branch,Igatsha,Tak,Lekala,Isebe,bazi,expanded_shona_lexicon,bazi
Diboko,Bras,1.0,Positive,Mot,arm,Hlomisa,Arm,Letsogo,Ingalo,ruoko,expanded_shona_lexicon,ruoko
DitshimaDifuima,Brouillard,1.0,Positive,Mot,fog,Inkungu,Mis,Kgodi,Inkungu,fog,expanded_shona_loanword,fog
Bongabwamuntu,Cerveau,1.0,Positive,Mot,brain,Ingqondo,Brein,Bjoko,Ingqondo,uropi,expanded_shona_lexicon,uropi
KadilKapia,Chaleur,1.0,Positive,Mot,heat,Ukushisa,Verhit,Phišo,Ubushushu,kupisa,expanded_shona_lexicon,kupisa
Lusukikasuki,Cheveu,1.0,Positive,Mot,hair,Uboya,Hare,Moriri,Iinwele,bvudzi,expanded_shona_lexicon,bvudzi
Kampombekampombo,Cheville,1.0,Positive,Mot,ankle,Isinqe,Enkel,Kokoilane,I-ankle,ankle,expanded_shona_loanword,ankle
Diulu,Ciel,1.0,Positive,Mot,sky,Isibhakabhaka,Hemel,Lefaufau,Isibhakabhaka,denga,expanded_shona_lexicon,denga
Lukofi,Cil,1.0,Positive,Mot,eyelash,Ukhophe,Wimper,Eyelash .,Iliso,eyelash,expanded_shona_loanword,eyelash
Muoyo,Cœur,1.0,Positive,Mot,heart,Inhliziyo,Hart,Pelo,Intliziyo,moyo,expanded_shona_alt,mwoyo
MubidiMbidi,Corps,1.0,Positive,Mot,body,Umzimba,Liggaam,Mmele,Umzimba,muviri,expanded_shona_lexicon,muviri
LubadiLubaleLubanji,Côte,1.0,Positive,Mot,side,Usebe,Kant,Lehlakore,Icala,padivi,expanded_shona_lexicon,padivi
Nshingu,Cou,1.0,Positive,Mot,neck,Intamo,Nek,Molala,Intamo,mutsipa,expanded_shona_lexicon,mutsipa
Lukenyibu,Coude,1.0,Positive,Mot,elbow,Indololwane,Elmboog,Setšu,Lbow,elbow,expanded_shona_alt,gokora
DikaluDilangi,Couleur,1.0,Positive,Mot,color,Umbala,Kleur,Mmala,Umbala,ruvara,expanded_shona_lexicon,ruvara
TshibalubaluKabalubalu,Crâne,1.0,Positive,Mot,skull,Ithambo lekhanda,Skedel,Lehata .,Skill,dehenya,expanded_shona_lexicon,dehenya
TshibeluTshioko,Cuisse,1.0,Positive,Mot,thigh,Ithanga,Bobeen,Serope,Ithanga,chidya,expanded_shona_lexicon,chidya
Dinu,Dent,1.0,Positive,Mot,tooth,Izinyo,Tand,Leino,Izinyo,zino,expanded_shona_lexicon,zino
TshipepeleButoke,Désert,1.0,Positive,Mot,desert,Hlamuka,Woestyn,Leganata,Intlango,renje,expanded_shona_lexicon,renje
Munu,Doigt,1.0,Positive,Mot,finger,Umunwe,Vinger,Monwana,Umnwe,chigunwe,expanded_shona_lexicon,chigunwe
Nyima,Dos,1.0,Positive,Mot,back,-Dlulile,Terug,Morago,Umva,kumashure,expanded_shona_lexicon,kumashure
Maayi,Eau,1.0,Positive,Mot,water,Nisela,Water,Meetse,Amanzi,mvura,expanded_shona_lexicon,mvura
MupenyiMukenya,Eclair,1.0,Positive,Mot,flash,Unyampu,Flits,Gadima,Ifleshi,flash,expanded_shona_loanword,flash
DikayaDipeka,Epaule,1.0,Positive,Mot,shoulder,Igxalaba,Skouer,Legetla,Igxalaba,pfudzi,expanded_shona_lexicon,pfudzi
TshifuTshifue,Estomac,1.0,Positive,Mot,stomach,Isisu,Maag,Dimpa,Isisu,dumbu,expanded_shona_lexicon,dumbu
Mutooto,Etoile,1.0,Positive,Mot,star,Inkanyezi,Ster,Naledi,Inkanyezi,nyeredzi,expanded_shona_lexicon,nyeredzi
TshiamuTshifike,Fer,1.0,Positive,Mot,iron,Insimbi yoku-ayina,Yster,Aene,Intsimbi,simbi,expanded_shona_lexicon,simbi
DitakuDitengi,Fesse,1.0,Positive,Mot,buttock,Isinqe,Boudjie,Marago .,I-buttock,buttock,expanded_shona_loanword,buttock
Dibeji,Feuille,1.0,Positive,Mot,leaf,Ikhasi,Blaar,Lehlare,Amagqabi,mashizha,expanded_shona_lexicon,mashizha
Tshilongo,Fleur,1.0,Positive,Mot,flower,Umqhakazo,Blom,Letšoba,Intyatyambo,ruva,expanded_shona_lexicon,ruva
Musulu,Fleuve,1.0,Positive,Mot,river,Umfula,Rivier,Noka,Umlambo,rwizi,expanded_shona_lexicon,rwizi
Mutshima,Foie,1.0,Positive,Mot,liver,Isibindi,Lewer,Sebete,Isibindi,chiropa,expanded_shona_lexicon,chiropa
Ditu,Forêt,1.0,Positive,Mot,forest,Ihlathi,Bos,Lešoka,Ihlathi,sango,expanded_shona_lexicon,sango
Mashika,Froid,1.0,Positive,Verbe,cold,Ukubanda,Koud,Tonya,Kubanda,kutonhora,expanded_shona_lexicon,kutonhora
Mpala,Front,1.0,Positive,Mot,forehead,Imvelelo,Voorkop,Phatla,Ibunzi,pahuma,expanded_shona_alt,huma
MuinshiMuishi,Fumée,1.0,Positive,Verbe,smoke,Shunqisa,Rook,Muši,Umsi,utsi,expanded_shona_alt,kusvuta
Tshinu,Genou,1.0,Positive,Mot,knee,Idolo,Knie,Khuru,Idolo,ibvi,expanded_shona_lexicon,ibvi
MaayiMakuatakaneDibue,Glace,1.0,Positive,Mot,ice,Iqhwa,Ys,Aese,Ice,ice,expanded_shona_loanword,ice
DiminuMuminu,Gorge,1.0,Positive,Mot,throat,Umphimbo,Keel,Mogolo,Umqala,pahuro,expanded_shona_alt,huro
Lukundu,Hanche,1.0,Positive,Mot,hip,Inqulu,Heup,Noka,Hip,hip,expanded_shona_loanword,hip
TshisosaTshilu,Herbe,1.0,Positive,Mot,grass,Isikhotha,Gras,Bjang,Ingca,huswa,expanded_shona_alt,uswa
NkoloTshidilaTshitamba,Île,1.0,Positive,Mot,island,Isiqhingi,Eiland,Sehlakahlaka,Isiqithi,island,expanded_shona_loanword,island
DitangalalaDiaMaayi,Inondation,1.0,Positive,Mot,flood,Isikhukhula,Vloed,Mafula,Umkhukula,mafashama,expanded_shona_alt,mafashamo
Dila,Intestin,1.0,Positive,Mot,intestine,Izibilini,Derm,Mala .,Amathumbu,mudumbu,expanded_shona_lexicon,mudumbu
Mukolo,Jambe,1.0,Positive,Mot,leg,Umlenze,Been,Leoto,Umlenze,gumbo,expanded_shona_lexicon,gumbo
Ditama,Joue,1.0,Positive,Verbe,plays,Idlala,Toneelstukke,Dipapadi tša go bapala .,Imidlalo,anotamba,expanded_shona_alt,mitambo
Dijiba,Lac,1.0,Positive,Mot,lake,Ichweba,Meer,Letsha,Ichibi,dziva,expanded_shona_lexicon,dziva
Ludimi,Langue,1.0,Positive,Mot,language,Ulimi,Taal,Polelo,Ulwimi,mutauro,expanded_shona_lexicon,mutauro
Tshinsonji,Larme,1.0,Positive,Mot,tear,Ukudabula,Skeur,Gagola,Iinyembezi,misodzi,expanded_shona_lexicon,misodzi
Mushiku,Lèvre,1.0,Positive,Mot,lip,Udebe,Lip,Molomo .,Imilebe,muromo,expanded_shona_lexicon,muromo
Munya,Lumière,1.0,Positive,Mot,light,-Mhlophe,Lig,Seetša,Ukukhanya,chiedza,expanded_shona_lexicon,chiedza
Muenji,Lune,1.0,Positive,Mot,moon,Inyanga,Maan,Ngwedi,Inyanga,mwedzi,expanded_shona_lexicon,mwedzi
Lubanga,Mâchoire,1.0,Positive,Mot,jaw,Umhlathi,Kaakbeen,Mohlagare,Hlathi,shaya,expanded_shona_alt,rushaya
Tshianza,Main,1.0,Positive,Mot,hand,Isandla,Hand,Seatla,Isandla,ruoko,expanded_shona_lexicon,ruoko
Tshibanga,Menton,1.0,Positive,Mot,chin,Isilevu,Ken,Seledu,Chin,chin,expanded_shona_loanword,chin
Mbu,Mer,1.0,Positive,Mot,sea,Ulwandle,See,Lewatle,Ulwandle,gungwa,expanded_shona_lexicon,gungwa
Buloba,Monde,1.0,Positive,Mot,world,Izwe,Wêreld,Lefase,Umhlaba,nyika,expanded_shona_lexicon,nyika
Mukuna,Montagne,1.0,Positive,Mot,mountain,Intaba,Berg,Thaba,Intaba,gomo,expanded_shona_lexicon,gomo
Mumpenya,Moustache,1.0,Positive,Mot,mustache,Amadevu,Snor,Ditedu .,Iindevu,ndebvu,expanded_shona_lexicon,ndebvu
MusunyiDikoyi,Muscle,1.0,Positive,Mot,muscle,Isicubu,Spier,Mošifa,Umsipha,tsandanyama,expanded_shona_lexicon,tsandanyama
Mumpempe,Narine,1.0,Positive,Mot,nostril,Ikhala,Neusgat,Lešobana la nko .,Impumlo,mhino,expanded_shona_lexicon,mhino
Bonga,Nerf,1.0,Positive,Mot,nerve,Umuzwa,Senuwee,methapo ya kutlo .,I-nerve,nerve,expanded_shona_loanword,nerve
Diulu,Nez,1.0,Positive,Mot,nose,Ikhala,Neus,Nko,Impumlo,mhino,expanded_shona_lexicon,mhino
Muofo,Motbril,1.0,Positive,Mot,motbril,Isimfushane,Motbril,Motbril .,I-morbbril,motbril,expanded_shona_loanword,motbril
Dikoshi,Nuque,1.0,Positive,Mot,neck,Intamo,Nek,Molala,Intamo,mutsipa,expanded_shona_lexicon,mutsipa
Disu,Œil,1.0,Positive,Mot,eye,Ihlo,Oog,Leihlo,Iliso,ziso,expanded_shona_lexicon,ziso
Luzadi,Ongle,1.0,Positive,Mot,nail,Isipikili,Spyker,Lenala,Isipikili,mbambo,expanded_shona_alt,chipikiri
Ditshi,Oreille,1.0,Positive,Mot,ear,Indlebe,Oor,Tsebe,Indlebe,nzeve,expanded_shona_lexicon,nzeve
MuanawaNkasa,Orteil,1.0,Positive,Mot,toe,Uqukula,Toe,Monwana wa leoto .,Toe,toe,expanded_shona_loanword,toe
Mufuba,Os,1.0,Positive,Mot,bone,Ithambo,Been,Lerapo,Ithambo,pfupa,expanded_shona_lexicon,pfupa
Tshilafinye,Paupière,1.0,Positive,Mot,eyelid,Ijwabu leso,Ooglid,Lephego la mahlo .,I-eyelid,eyelid,expanded_shona_loanword,eyelid
Dikoba,Peau,1.0,Positive,Mot,skin,Isikhumba,Vel,Letlalo,Ulusu,ganda,expanded_shona_lexicon,ganda
Dikasa,Pied,1.0,Positive,Mot,foot,Unyawo,Voet,Leoto,Inyawo,tsoka,expanded_shona_lexicon,tsoka
Nshinguwadiboko,Poignet,1.0,Positive,Mot,wrist,Isihlakala,Pols,Letheka,I-wrist,wrist,expanded_shona_loanword,wrist
Dinkomo,Poing,1.0,Positive,Mot,fist,Inqindi,Vuis,Seatla sa go swara seatla .,Inqindi,chibhakera,expanded_shona_lexicon,chibhakera
Tshiadi,Poitrine,1.0,Positive,Mot,chest,Ibhokisi,Bors,Kgara,Isifuba,chipfuva,expanded_shona_lexicon,chipfuva
Tshiala,Pouce,1.0,Positive,Mot,thumb,Ugquza,Duim,Monwana o mogolo,Isithupha,chigunwe,expanded_shona_lexicon,chigunwe
Mujiluudiutaka,pouls,1.0,Positive,Mot,pulse,ukushaya komthambo,pols,Pulse .,pulse,pulse,expanded_shona_loanword,pulse
Tshisulusulu,Poumon,1.0,Positive,Mot,lung,Iphaphu,Long,Maswafo .,Imiphunga,mapapu,expanded_shona_lexicon,mapapu
LupuishiLusoka,Poussière,1.0,Positive,Mot,dust,Uthuli,Stof,Lerole,Uthuli,guruva,expanded_shona_lexicon,guruva
KonyiKamuma,Rein,1.0,Positive,Mot,kidney,Insonge yasolwandle,Nier,Pshio,Izintso,itsvo,expanded_shona_lexicon,itsvo
MunyenguMufudi,Ride,1.0,Positive,Mot,wrinkled,Ehlanganiswe,Gerimpeld,Wrinkled .,Icinyiwe,akapwanyika,expanded_shona_lexicon,akapwanyika
LuteMate,Salive,1.0,Positive,Mot,saliva,Amathe,Speeksel,Mathe a .,Amathe,mate,expanded_shona_lexicon,mate
Mashi,Sang,1.0,Positive,Mot,blood,Igazi,Bloed,Madi,Igazi,ropa,expanded_shona_lexicon,ropa
Dibele,Sein,1.0,Positive,Mot,breast,Isibele,Bors,Letswele,Ibele,mazamu,expanded_shona_alt,zamu
Dikiki,Sourcil,1.0,Positive,Mot,eyebrow,Ishiya,Wenkbrou,Eyebrow .,Iliso,eyebrow,expanded_shona_alt,tsiye
BikoyikoyiMifuba,Squelette,1.0,Positive,Mot,skeleton,Uphahla lomzimba,Geraamte,Lerapo la marapo .,Ithambo,skeleton,expanded_shona_loanword,skeleton
Tshisululu,Sueur,1.0,Positive,Mot,sweat,Juluka,Sweet,Sethitho,Ukubila,ziya,expanded_shona_lexicon,ziya
Tshikankanya,Talon,1.0,Positive,Mot,heel,Isithende,Hak,Serethe .,Isithende,chitsitsinho,expanded_shona_lexicon,chitsitsinho
Mujilu,Veine,1.0,Positive,Mot,vein,Umthambo,Aar,Mothalo .,Umthambo,vein,expanded_shona_loanword,vein
Difu,Ventre,1.0,Positive,Mot,belly,Isisu,Maag,Mpa,Isisu,dumbu,expanded_shona_lexicon,dumbu
Mpala,Visage,1.0,Positive,Mot,face,Ubuso,Gesig,Sefahlogo,Ubuso,chiso,expanded_shona_lexicon,chiso
Mashika,Froid,1.0,Positive,Mot,cold,Ukubanda,Koud,Tonya,Kubanda,kutonhora,expanded_shona_lexicon,kutonhora
MuinshiMuishi,Fumée,1.0,Positive,Mot,smoke,Shunqisa,Rook,Muši,Umsi,utsi,expanded_shona_alt,kusvuta
Ditama,Joue,1.0,Positive,Mot,plays,Idlala,Toneelstukke,Dipapadi tša go bapala .,Imidlalo,anotamba,expanded_shona_lexicon,anotamba
Lubanga,Mâchoire,3.0,Positive,Mot,jaw,Umhlathi,Kaakbeen,Mohlagare,Hlathi,shaya,expanded_shona_alt,rushaya
Tshianza,Main,3.0,Positive,Mot,hand,Isandla,Hand,Seatla,Isandla,ruoko,expanded_shona_lexicon,ruoko
Tshibanga,Menton,3.0,Positive,Mot,chin,Isilevu,Ken,Seledu,Chin,chin,expanded_shona_loanword,chin
Mbu,Mer,3.0,Positive,Mot,sea,Ulwandle,See,Lewatle,Ulwandle,gungwa,expanded_shona_lexicon,gungwa
Buloba,Monde,3.0,Positive,Mot,world,Izwe,Wêreld,Lefase,Umhlaba,nyika,expanded_shona_lexicon,nyika
Mukuna,Montagne,3.0,Positive,Mot,mountain,Intaba,Berg,Thaba,Intaba,gomo,expanded_shona_lexicon,gomo
Mumpenya,Moustache,3.0,Positive,Mot,mustache,Amadevu,Snor,Ditedu .,Iindevu,ndebvu,expanded_shona_lexicon,ndebvu
MusunyiDikoyi,Muscle,3.0,Positive,Mot,muscle,Isicubu,Spier,Mošifa,Umsipha,tsandanyama,expanded_shona_lexicon,tsandanyama
Mumpempe,Narine,3.0,Positive,Mot,nostril,Ikhala,Neusgat,Lešobana la nko .,Impumlo,mhino,expanded_shona_lexicon,mhino
Bonga,Nerf,3.0,Positive,Mot,nerve,Umuzwa,Senuwee,methapo ya kutlo .,I-nerve,nerve,expanded_shona_loanword,nerve
Diulu,Nez,3.0,Positive,Mot,nose,Ikhala,Neus,Nko,Impumlo,mhino,expanded_shona_lexicon,mhino
Muofo,Motbril,3.0,Positive,Mot,motbril,Isimfushane,Motbril,Motbril .,I-morbbril,motbril,expanded_shona_loanword,motbril
Dikoshi,Nuque,3.0,Positive,Mot,neck,Intamo,Nek,Molala,Intamo,mutsipa,expanded_shona_lexicon,mutsipa
Disu,Œil,3.0,Positive,Mot,eye,Ihlo,Oog,Leihlo,Iliso,ziso,expanded_shona_lexicon,ziso
Luzadi,Ongle,3.0,Positive,Mot,nail,Isipikili,Spyker,Lenala,Isipikili,mbambo,expanded_shona_alt,chipikiri
Ditshi,Oreille,3.0,Positive,Mot,ear,Indlebe,Oor,Tsebe,Indlebe,nzeve,expanded_shona_lexicon,nzeve
MuanawaNkasa,Orteil,3.0,Positive,Mot,toe,Uqukula,Toe,Monwana wa leoto .,Toe,toe,expanded_shona_loanword,toe
Mufuba,Os,3.0,Positive,Mot,bone,Ithambo,Been,Lerapo,Ithambo,pfupa,expanded_shona_lexicon,pfupa
Tshilafinye,Paupière,3.0,Positive,Mot,eyelid,Ijwabu leso,Ooglid,Lephego la mahlo .,I-eyelid,eyelid,expanded_shona_loanword,eyelid
Dikoba,Peau,3.0,Positive,Mot,skin,Isikhumba,Vel,Letlalo,Ulusu,ganda,expanded_shona_lexicon,ganda
Dikasa,Pied,3.0,Positive,Mot,foot,Unyawo,Voet,Leoto,Inyawo,tsoka,expanded_shona_lexicon,tsoka
Nshinguwadiboko,Poignet,3.0,Positive,Mot,wrist,Isihlakala,Pols,Letheka,I-wrist,wrist,expanded_shona_loanword,wrist
Dinkomo,Poing,3.0,Positive,Mot,fist,Inqindi,Vuis,Seatla sa go swara seatla .,Inqindi,chibhakera,expanded_shona_lexicon,chibhakera
Tshiadi,Poitrine,3.0,Positive,Mot,chest,Ibhokisi,Bors,Kgara,Isifuba,chipfuva,expanded_shona_lexicon,chipfuva
Tshiala,Pouce,3.0,Positive,Mot,thumb,Ugquza,Duim,Monwana o mogolo,Isithupha,chigunwe,expanded_shona_lexicon,chigunwe
Mujiluudiutaka,pouls,3.0,Positive,Mot,pulse,ukushaya komthambo,pols,Pulse .,pulse,pulse,expanded_shona_loanword,pulse
Tshisulusulu,Poumon,3.0,Positive,Mot,lung,Iphaphu,Long,Maswafo .,Imiphunga,mapapu,expanded_shona_lexicon,mapapu
LupuishiLusoka,Poussière,3.0,Positive,Mot,dust,Uthuli,Stof,Lerole,Uthuli,guruva,expanded_shona_lexicon,guruva
KonyiKamuma,Rein,3.0,Positive,Mot,kidney,Insonge yasolwandle,Nier,Pshio,Izintso,itsvo,expanded_shona_lexicon,itsvo
MunyenguMufudi,Ride,3.0,Positive,Mot,wrinkled,Ehlanganiswe,Gerimpeld,Wrinkled .,Icinyiwe,akapwanyika,expanded_shona_lexicon,akapwanyika
LuteMate,Salive,3.0,Positive,Mot,saliva,Amathe,Speeksel,Mathe a .,Amathe,mate,expanded_shona_lexicon,mate
Mashi,Sang,3.0,Positive,Mot,blood,Igazi,Bloed,Madi,Igazi,ropa,expanded_shona_lexicon,ropa
Dibele,Sein,3.0,Positive,Mot,breast,Isibele,Bors,Letswele,Ibele,mazamu,expanded_shona_alt,zamu
Dikiki,Sourcil,3.0,Positive,Mot,eyebrow,Ishiya,Wenkbrou,Eyebrow .,Iliso,eyebrow,expanded_shona_alt,tsiye
BikoyikoyiMifuba,Squelette,3.0,Positive,Mot,skeleton,Uphahla lomzimba,Geraamte,Lerapo la marapo .,Ithambo,skeleton,expanded_shona_loanword,skeleton
Tshisululu,Sueur,3.0,Positive,Mot,sweat,Juluka,Sweet,Sethitho,Ukubila,ziya,expanded_shona_lexicon,ziya
Tshikankanya,Talon,3.0,Positive,Mot,heel,Isithende,Hak,Serethe .,Isithende,chitsitsinho,expanded_shona_lexicon,chitsitsinho
Mujilu,Veine,3.0,Positive,Mot,vein,Umthambo,Aar,Mothalo .,Umthambo,vein,expanded_shona_loanword,vein
Difu,Ventre,3.0,Positive,Mot,belly,Isisu,Maag,Mpa,Isisu,dumbu,expanded_shona_lexicon,dumbu
Mpala,Visage,3.0,Positive,Mot,face,Ubuso,Gesig,Sefahlogo,Ubuso,chiso,expanded_shona_lexicon,chiso
Muji,Racine,3.0,Positive,Mot,root,Impande,Wortel,Modu,Ingcambu,midzi,expanded_shona_lexicon,midzi
kuya,partir,3.0,Positive,Verbe,leave,shiya,verlaat,tloga,shiya,zivisa,expanded_shona_alt,siya
kuja,danser,3.0,Positive,Verbe,to dance,ukudansa,om te dans,go bina .,ukudanisa,kutamba,expanded_shona_lexicon,kutamba
kumuana,voir,3.0,Positive,Verbe,see,qonda,sien,bona,funda,ona,expanded_shona_alt,maona
kuelameji,penser,3.0,Positive,Verbe,think,cabanga,dink,nagana,cinga,funga,expanded_shona_lexicon,funga
kualukila,revenir,3.0,Positive,Verbe,to come back,ukubuya,om terug te kom,go boa .,ukubuya,kudzoka,expanded_shona_lexicon,kudzoka
kuyalubilu,fuir,3.0,Positive,Verbe,flee,baleka,vlug,ngwega,saleke,tiza,expanded_shona_lexicon,tiza
kunyingalala,regretter,-3.0,Negative,Verbe,regret,zisola,spyt,maswabi,ukuzisola,kuzvidemba,expanded_shona_lexicon,kuzvidemba
kutangalaja,disperser,-6.0,Negative,Verbe,disperse,hlakaza,versprei,Disperse .,ukusasazeka,durperse,expanded_shona_lexicon,durperse
kuabanya,partager,3.0,Positive,Verbe,share,abelana,deel,abelana,isabelo,goverana,expanded_shona_lexicon,goverana
kuakaja,ranger,5.0,Positive,Verbe,put away,beka,wegsit,Bea kgole .,beka kude,bvisa,expanded_shona_lexicon,bvisa
kuhangila,manque,-3.0,Negative,Verbe,lack,ukuntula,gebrek,tlhokego,ukunqongophala,kushaya,expanded_shona_lexicon,kushaya
kulenga,toucher,4.0,Positive,Verbe,to touch,Ukuthinta,aan te raak,Go kgoma .,ukuchukumisa,kubata,expanded_shona_lexicon,kubata
kukuata,attrapper,4.0,Positive,Verbe,catch,nqaka,vang,swara,bamba,kubata,expanded_shona_lexicon,kubata
kuseka,sourir,3.0,Positive,Verbe,smile,ukumamatheka,glimlag,myemyela,uncumo,kunyemwerera,expanded_shona_alt,nyemwerero
kuakaja,corriger,3.0,Positive,Verbe,to correct,ukulungisa,reg te stel,Go phošolla .,ukulungisa,kururamisa,expanded_shona_alt,kugadzirisa
kuhetulula,recevoir,3.0,Positive,Verbe,receive,thola,ontvang,amogela,yamkela,gamuchira,expanded_shona_lexicon,gamuchira
kumuanununa,revoir,3.0,Positive,Verbe,goodbye,Hamba kahle,totsiens,šala gabotse,Sala kakuhle,sara mushe,expanded_shona_lexicon,sara mushe
kufunda,accuser,-4.0,Negative,Verbe,accuse,beka icala,beskuldig,Latola .,isimangalo,kupomera,expanded_shona_alt,pomera mhosva
kutalama,vigilant,3.0,Positive,Verbe,vigilant,-phaphalisa,waaksaam,Go phafoga .,phaphili,vakasvinura,expanded_shona_alt,wakangwarira
kuangata,prendre,3.0,Positive,Verbe,take,hlalela,neem,tšea,thatha,tora,expanded_shona_lexicon,tora
kubenga,refuser,-5.0,Negative,Verbe,refuse,ala,weier,gana,inyikima,ramba,expanded_shona_alt,kuramba
kunanga,aimer,3.0,Positive,Verbe,to like,uzothanda,te hou,go rata .,ukuthanda,kuda,expanded_shona_lexicon,kuda
kuheta,reception,3.0,Positive,Verbe,reception,ihhovisi elamukela izivakashi ehhotela,ontvangs,boamogelabaeng,ukwamkelwa,kugamuchira,expanded_shona_lexicon,kugamuchira
kusambila,prier,3.0,Positive,Verbe,pray,cela,bid,rapela,thandaza,namata,expanded_shona_alt,nyengeterai
kuenzabibi,pecher,-3.0,Negative,Verbe,sin,ona,sonde,Sebe .,isono,chivi,expanded_shona_lexicon,chivi
kuyisha,precher,3.0,Positive,Verbe,preach,shumayela,preek,Rerella .,Shumayela,paridza,expanded_shona_lexicon,paridza
kumanyisha,informer,3.0,Positive,Verbe,inform,tshela,inlig,tsebiša,yazisa,zivisa,expanded_shona_lexicon,zivisa
kuamba,communiquer,3.0,Positive,Verbe,communicate,tshela,kommunikeer,kgokagana,nxibelelana,tauriranai,expanded_shona_alt,communication
kuhecha,offrir,3.0,Positive,Verbe,to offer,ukunikela,te bied,go fana ka tlhagiso .,ukunikeza,kupa,expanded_shona_lexicon,kupa
kunyingalaja,offenser,3.0,Positive,Verbe,offend,ona,aanstoot gee,Go kgopiša .,khubekisa,kugumbura,expanded_shona_lexicon,kugumbura
kumbuka,quitter,-4.0,Negative,Verbe,to leave,ukuhamba,om te vertrek,go tloga .,ukuhamba,kusiya,expanded_shona_alt,kuenda
kututa,frapper,-3.0,Negative,Verbe,hit,shaya,tref,betha,hit,rova,expanded_shona_lexicon,rova
kozola,dessiner,3.0,Positive,Verbe,draw,dweba,teken,thala,zoba,dhirowa,expanded_shona_lexicon,dhirowa
bubanji,richesse,4.0,Positive,Mot,wealth,ingcebo,rykdom,lehumo,ubutyebi,pfuma,expanded_shona_alt,upfumi
disanka,joie,3.0,Positive,Mot,joy,injabulo,vreugde,boipshino,uvuyo,mufaro,expanded_shona_lexicon,mufaro
lukinu,haine,-3.0,Negative,Mot,hate,ukuzonda,haat,hloya,intiyo,kuvenga,expanded_shona_lexicon,kuvenga
ciji,mechant,-4.0,Negative,Mot,wicked,-bi,goddelose,bokgopo,ongendawo,wakaipa,expanded_shona_alt,akaipa
kutuma,envoyer,3.0,Positive,Verbe,send,thuma,stuur,romela,thumela,tumira,expanded_shona_lexicon,tumira
kuambulula,repeter,3.0,Positive,Verbe,repeat,phinda,herhaal,bušeletša,phinda,dzokorora,expanded_shona_lexicon,dzokorora
kusokoka,cacher,-3.0,Negative,Verbe,hide,bhaca,wegsteek,fihla,fihla,kuvanda,expanded_shona_lexicon,kuvanda
kuleja,exposer,3.0,Positive,Verbe,expose,dalula,blootlê,bonagatša,chaza,kufumura,expanded_shona_lexicon,kufumura
nkuasa,chaise,3.0,Positive,Verbe,chair,isihlalo,stoel,setulo,isitulo,chigaro,expanded_shona_lexicon,chigaro
katambua,tabourer,3.0,Positive,Mot,plow,hlakula,ploeg,Mogoma .,ukulima,kurima,expanded_shona_alt,gejo
kukola,grandire,3.0,Positive,Verbe,grow,thuthuka,groei,gola,kukhula,kukura,expanded_shona_lexicon,kukura
kupueka,desandre,3.0,Positive,Verbe,desandre,iderande,desandre,Desandre .,I-Dedredre,desandre,expanded_shona_loanword,desandre
kualukila,reguler,3.0,Positive,Verbe,regulate,beka umthetho wenqubo,reguleer,Laola .,lawula,dzora,expanded_shona_lexicon,dzora
meji,sagesse,3.0,Positive,Mot,wisdom,ubuhlakani,wysheid,bohlale,Ubulumko,uchenjeri,expanded_shona_lexicon,uchenjeri
dinanga,amour,3.0,Positive,Mot,love,thanda,liefde,lerato,uthando,rudo,expanded_shona_lexicon,rudo
lungenji,intelligence,3.0,Positive,Mot,intelligence,ubuhlakani,intelligensie,bohlodi,ubukrelekrele,kungwara,expanded_shona_alt,njere
kudila,pleurer,-3.0,Negative,Verbe,cry,memeza,huil,lla,khala,kuchema,expanded_shona_lexicon,kuchema
cibuta,sac,3.0,Positive,Mot,bag,isikhwama,sak,mokotla,ibhegi,bhegi,expanded_shona_lexicon,bhegi
citendelelu,eglise,5.0,Positive,Mot,church,isonto,kerk,kereke,icawe,chechi,expanded_shona_lexicon,chechi
lumuenu,miroir,4.0,Positive,Mot,mirror,isibuko,spieël,seipone,isibuko,girazi,expanded_shona_lexicon,girazi
kulombola,diriger,2.0,Positive,Verbe,direct,qondisa,direk,lebiša,ngqo,zvakananga,expanded_shona_lexicon,zvakananga
kutela,proclamer,4.0,Positive,Verbe,proclaim,memezela,verkondig,Tsebang phatlalatsa .,vakalisa,daidzirai,expanded_shona_alt,paridzai
kukumbaja,ajouter,6.0,Positive,Verbe,add,enezelela,byvoeg,hlakanya,yongeza,wedzera,expanded_shona_lexicon,wedzera
kuheja,saboter,-5.0,Negative,Verbe,sabotage,ukuketula,sabotasie,Sabotage .,i-sabotage,sabotage,expanded_shona_loanword,sabotage
kulongolola,preparer,6.0,Positive,Verbe,prepare,lungiselela,voorberei,beakanya,lungiselela,gadzirira,expanded_shona_lexicon,gadzirira
kuinyika,Motmer,3.0,Positive,Verbe,motmer,Umhumushi,Motmer,Motmer .,Umzobo,motmer,expanded_shona_loanword,motmer
kuiba,voler,-2.0,Negative,Verbe,fly,ndiza,vlieg,fofa,bhabha,bhururuka,expanded_shona_lexicon,bhururuka
kuangatulula,reprendre,5.0,Positive,Verbe,to resume,Ukuqhubeka kabusha,te hervat,Go thoma gape .,ukuphinda uqalise,kutangazve,expanded_shona_lexicon,kutangazve
terminer,finir,4.0,Positive,Verbe,finish,pheza,klaarmaak,fetša,gqiba,kupedzisa,expanded_shona_lexicon,kupedzisa
cilongelu,ecole,6.0,Positive,Mot,school,isikole,skool,sekolo,isikolo,chikoro,expanded_shona_lexicon,chikoro
kuntetula,copier,3.0,Positive,Verbe,copy,kopisha,kopieer,Khopi .,ikopi,kopi,expanded_shona_lexicon,kopi
kukehecha,diminuer,-3.0,Negative,Verbe,decrease,nciphisa,afneem,fokotša,ukwehla,kuderera,expanded_shona_alt,kuderedza
kuambula,transporter,3.0,Positive,Verbe,carry,thwala,dra,rwala,phatha,takura,expanded_shona_lexicon,takura
machinyi,vehucule,4.0,Positive,Mot,vehicle,into yokuhamba,voertuig,senamelwa,imoto,mota,expanded_shona_alt,motokari
kusambuka,traverser,4.0,Positive,Verbe,to cross,ukuwela,om oor te steek,go tshela .,ukuwela,kuyambuka,expanded_shona_lexicon,kuyambuka
cilamba,pont,3.0,Positive,Mot,bridge,ibhuloho,brug,leporogo,ibhulorho,bhiriji,expanded_shona_alt,zambuko
kuikila,atterir,4.0,Positive,Verbe,land,izwe,grond,naga,umhlaba,ivhu,expanded_shona_lexicon,ivhu
cisumbu,groupe,5.0,Positive,Mot,band,isibopho,band,lepanta,band,bhendi,expanded_shona_lexicon,bhendi
mukanda,livre,4.0,Positive,Mot,book,ibhuku,boek,puku,incwadi,bhuku,expanded_shona_lexicon,bhuku
mukandawanzambi,bible,3.0,Positive,Mot,bible,IBhayibheli,Bybel,Beibele .,Ibhayibhile,bhaibheri,expanded_shona_lexicon,bhaibheri
kusangisha,ransembler,3.0,Positive,Verbe,gather,hlangana,versamel,kgoboketša,uqokelela,unganidza,expanded_shona_lexicon,unganidza
kuakaja,nettoyer,4.0,Positive,Verbe,to clean,Ukucoca,om skoon te maak,Go Hlwekiša .,ukucoca,kuchenesa,expanded_shona_lexicon,kuchenesa
kuteka,placer,4.0,Positive,Verbe,place,beka,plek,lefelo,indawo,nzvimbo,expanded_shona_lexicon,nzvimbo
kubusha,enlever,3.0,Positive,Verbe,to remove,ukususa,te verwyder,Go Tlosa .,ukususa,kubvisa,expanded_shona_lexicon,kubvisa
kunvuala,porter,2.0,Positive,Verbe,to carry,ukuthwala,te dra,go rwala .,ukubamba,kutakura,expanded_shona_lexicon,kutakura
kuimba,chanter,4.0,Positive,Verbe,sing,cula,sing,opela,cula,imba,expanded_shona_lexicon,imba
kuiba,voler,-3.0,Negative,Verbe,fly,ndiza,vlieg,fofa,bhabha,bhururuka,expanded_shona_lexicon,bhururuka
kushituluka,changer,5.0,Positive,Verbe,to change,ukushintsha,te verander,go fetoga .,ukutshintsha,kuchinja,expanded_shona_lexicon,kuchinja
kueza,faire,4.0,Positive,Verbe,to do,OKUZO KWENZIWA,OM TE DOEN,go dira .,UKWENZA,kuita,expanded_shona_lexicon,kuita
kuya,Aller,3.0,Positive,Verbe,go,Hamba ngemoto,Gaan,Eya,Yiya,enda,expanded_shona_lexicon,enda
kunanga,Aimer,3.0,Positive,Verbe,to like,Uzothanda,Om van te hou,go rata .,Ukuthanda,kuda,expanded_shona_lexicon,kuda
kudia,Manger,3.0,Positive,Verbe,eat,-Dla,Eet,Ja,Yitya,idya,expanded_shona_lexicon,idya
kunua,Boire,4.0,Positive,Verbe,drink,Phuza,Drink,Nwa,Isiselo,kunwa,expanded_shona_alt,inwai
kuimba,Chanter,5.0,Positive,Verbe,sing,Cula,Sing,Opela,Cula,imba,expanded_shona_alt,imbai
kuja,Danser,5.0,Positive,Verbe,to dance,Ukudansa,Om te dans,go bina .,Ukudanisa,kutamba,expanded_shona_lexicon,kutamba
kulonga,Étudier,5.0,Positive,Verbe,to study,Ozokufunda,Om te studeer,go ithuta .,Ukufunda,kudzidza,expanded_shona_lexicon,kudzidza
kuakula,Parler,5.0,Positive,Verbe,talk,Shumayela,Praat,Bolela,Thetha,taura,expanded_shona_lexicon,taura
kuteleja,Écouter,3.0,Positive,Verbe,listen,Beka indlebe,Luister,Theeletša,Mamela,teerera,expanded_shona_lexicon,teerera
kutangila,Regarder,2.0,Positive,Verbe,look,Bheka,Kyk,Lebelela,Jonga,tarisa,expanded_shona_lexicon,tarisa
kufunda,Écrire,2.0,Positive,Verbe,to write,Ukubhala,Om te skryf,Go ngwala .,Ukubhala,kunyora,expanded_shona_lexicon,kunyora
kunyema,Courir,1.0,Positive,Verbe,run,Gijima,Hardloop,Kitima,Baleka,kumhanya,expanded_shona_alt,mhanyai
kuenda,Marcher,1.0,Positive,Verbe,to walk,Ukuhamba,Om te loop,Go sepela .,Ukuhamba,kufamba,expanded_shona_lexicon,kufamba
kutumpika,Sauter,3.0,Positive,Verbe,jump,Gxuma,Spring,Tshela,Xhuma,kusvetuka,expanded_shona_lexicon,kusvetuka
kuiba,Voler,-4.0,Negative,Verbe,fly,Ndiza,Vlieg,Fofa,Bhabha,bhururuka,expanded_shona_lexicon,bhururuka
kowela,Nager,4.0,Positive,Verbe,swim,Bhukuda,Swem,Rutha,Ukuqubha,shambira,expanded_shona_lexicon,shambira
shinga,file,2.0,Positive,Mot,file,ifayili,lêer,faele,ifayile,faira,expanded_shona_lexicon,faira
kubuka,Voyager,2.0,Positive,Verbe,to travel,Uuku ngcebeleka,Om te reis,Go sepela .,Ukuhamba,kufamba,expanded_shona_lexicon,kufamba
kubabidila,Prévoir,1.0,Positive,Verbe,to expect,Ukulindela,Om te verwag,Go letela .,Ukulindela,kutarisira,expanded_shona_lexicon,kutarisira
kuidila,Attendre,3.0,Positive,Verbe,to wait for,Ukulinda,Om te wag,go leta .,Ukulinda,kumirira,expanded_shona_lexicon,kumirira
kuakidila,Embrasser,3.0,Positive,Verbe,to kiss,Ukuqabula,Om te soen,go atlana .,Ukwanga,kutsvoda,expanded_shona_lexicon,kutsvoda
kusela,Épouser,4.0,Positive,Verbe,marry,Gcagca,Trou,Nyala .,Tshata,roora,expanded_shona_alt,kuroora
kuedesha,Conduire,3.0,Positive,Verbe,to drive,Ukushayela,Om te bestuur,Go otlela .,Ukuqhuba,kutyaira,expanded_shona_lexicon,kutyaira
tshibuta,sac,4.0,Positive,Mot,bag,isikhwama,sak,mokotla,ibhegi,bhegi,expanded_shona_lexicon,bhegi
kuloba,Pêcher,4.0,Positive,Verbe,sin,Ona,Sonde,Sebe .,Isono,chivi,expanded_shona_lexicon,chivi
kulota,Rêver,3.0,Positive,Verbe,dream,Iphupha,Droom,Toro,Iphupha,kurota,expanded_shona_lexicon,kurota
kuindila,Attendre,2.0,Positive,Verbe,to wait for,Ukulinda,Om te wag,go leta .,Ukulinda,kumirira,expanded_shona_lexicon,kumirira
kuitaba,Croire,1.0,Positive,Verbe,believe,Kholelwa,Glo,Dumela,Kholwa,tenda,expanded_shona_lexicon,tenda
kuakidila,Recevoir,3.0,Positive,Verbe,receive,Thola,Ontvang,Amogela,Yamkela,gamuchira,expanded_shona_lexicon,gamuchira
kufila,Donner,3.0,Positive,Verbe,give,Khangeza,Gee,Fa,Nika,ipa,expanded_shona_lexicon,ipa
kupeta,Avoir,3.0,Positive,Verbe,to have,Ukuba nakho,Om te hê,go ba le .,Ukufumana,kuva,expanded_shona_lexicon,kuva
kuikala,Être,3.0,Positive,Verbe,be,Yiba,Wees,Go ba,Yiba,be,expanded_shona_alt,iva
kueza,Faire,3.0,Positive,Verbe,do,Enza,Doen,Dira,Yenza,ita,expanded_shona_lexicon,ita
kuakidila,Accueillir,3.0,Positive,Verbe,to welcome,Ukwamukela,Om te verwelkom,go amogela .,Wamkelekile,kugamuchira,expanded_shona_lexicon,kugamuchira
kusomba,Louer,2.0,Positive,Verbe,to rent out,Ukuqasha,Om uit te verhuur,Go hira .,Ukuqesha ngaphandle,kubvarura,expanded_shona_alt,kuroja
kubandisha,Elever,3.0,Positive,Verbe,raise,Phakamisa,Verhoog,Godiša,Phakamisa,simudza,expanded_shona_alt,simudzai
kumanya,Savoir,2.0,Positive,Verbe,know,Bona,Weet,Tseba,Yazi,ziva,expanded_shona_lexicon,ziva
kulua,Venir,3.0,Positive,Verbe,come,Woza,Kom,Tla,Yiza,huya,expanded_shona_alt,uya
kuya,Partir,2.0,Positive,Verbe,leave,Shiya,Los,Tloga,Shiya,zivisa,expanded_shona_alt,siya
kualukila,Rentrer,2.0,Positive,Verbe,to return,Ukubuya,Om terug te keer,go boela morago .,Ukubuya,kudzoka,expanded_shona_alt,kudzokera
kulopoka,Sortir,4.0,Positive,Verbe,to go out,Ukuphuma,Om uit te gaan,Go tšwa .,Ukuphuma,kubuda,expanded_shona_lexicon,kubuda
kuangula,Découvrir,3.0,Positive,Verbe,discover,Thola,Ontdek,Utolla,Fumanisa,tsvaga,expanded_shona_lexicon,tsvaga
kufuka,Inventer,4.0,Positive,Verbe,invent,Enzaka,Uitvind,Hlama,Yila,gadzira,expanded_shona_lexicon,gadzira
kuibaka,Construire,3.0,Positive,Verbe,build,Akha,Bou,Aga,Yakha,kuvaka,expanded_shona_alt,vaka
kabubula,Détruire,-3.0,Negative,Verbe,destroy,Bulala,Vernietig,Senya,Utshabalalisa,paradza,expanded_shona_alt,paradzai
kukosa,Casser,-3.0,Negative,Verbe,to break,Uzophula,Om te breek,Go thuba .,Ukwephula,kuputsa,expanded_shona_alt,kutyora
kukepesha,Réduire,-4.0,Negative,Verbe,reduce,Phungula,Verminder,Fokotša,Ukunciphisa,kuderedza,expanded_shona_alt,deredza
kuvua,Comprendre,3.0,Positive,Verbe,to understand,Ukuqondisisa,Om te verstaan,go kwešiša .,Ukuqonda,kunzwisisa,expanded_shona_lexicon,kunzwisisa
kulonga,Apprendre,4.0,Positive,Verbe,learn,Funda,Leer,Ithuta,Funda,dzidza,expanded_shona_lexicon,dzidza
kulongesha,Enseigner,4.0,Positive,Verbe,teach,Fundisa,Leer,Ruta,Fundisa,dzidzisa,expanded_shona_alt,dzidzisai
kelesha,Proposer,3.0,Positive,Verbe,to propose,Ukuphakamisa,Om voor te stel,Go šišinya .,Ukuphakamisa,kuraira,expanded_shona_lexicon,kuraira
kubenga,Refuser,-3.0,Negative,Verbe,refuse,Ala,Weier,Gana,Inyikima,ramba,expanded_shona_lexicon,ramba
kusungula,Choisir,3.0,Positive,Verbe,choose,Qoka,Kies,Kgetha,Khetha,sarudza,expanded_shona_lexicon,sarudza
kuva,Écouter,5.0,Positive,Verbe,listen,Beka indlebe,Luister,Theeletša,Mamela,teerera,expanded_shona_lexicon,teerera
kumona,Observer,2.0,Positive,Verbe,observe,Phawula,Neem waar,Lemoga,Qaphela,cherechedza,expanded_shona_lexicon,cherechedza
kuelalungenyi,Réfléchir,3.0,Positive,Verbe,to reflect on,Ukucabanga ngakho,Om oor na te dink,go naganišiša ka .,Ukucingisisa,kufungisisa,expanded_shona_lexicon,kufungisisa
kudikonkoloja,Méditer,1.0,Positive,Verbe,meditate,Cabanga ujule,Mediteer,Naganišiša .,Camngca,fungisisa,expanded_shona_lexicon,fungisisa
mutelu,Chémise,5.0,Positive,Verbe,shirt,Ihembe,Hemp,Gempe,Ihempe,shirt,expanded_shona_loanword,shirt
makasa,Pieds,3.0,Positive,Verbe,feet,Amale,Voete,Maoto,Iinyawo,tsoka,expanded_shona_lexicon,tsoka
kutekemena,Espérer,2.0,Positive,Verbe,hope,Ithemba,Hoop,Kholofelo,Ithemba,tariro,expanded_shona_lexicon,tariro
kuseka,Sourire,6.0,Positive,Verbe,smile,Ukumamatheka,Glimlag,Myemyela,Uncumo,kunyemwerera,expanded_shona_lexicon,kunyemwerera
kudila,Pleurer,-3.0,Negative,Verbe,cry,Memeza,Huil,Lla,Khala,kuchema,expanded_shona_alt,chema
kukenya,Rire,4.0,Positive,Verbe,laugh,Gigitheka,Lag,Sega,Hleka,kuseka,expanded_shona_alt,seka
kuelalubila,Crier,3.0,Positive,Verbe,shout,Memeza,Skree,Goeletša,Khwaza,pururudza,expanded_shona_alt,shevedzera
kunungana,Chuchoter,-4.0,Negative,Verbe,whisper,Nyenyeza,Fluister,Hwenahwena,Whisper,whisper,expanded_shona_alt,zevezera
kumanisha,Communiquer,2.0,Positive,Verbe,communicate,Tshela,Kommunikeer,Kgokagana,Nxibelelana,tauriranai,expanded_shona_alt,kurukurai
kuvuija,Expliquer,5.0,Positive,Verbe,explain,Chasisa,Verduidelik,Hlaloša,Chaza,tsanangura,expanded_shona_lexicon,tsanangura
kutubisha,Célébrer,4.0,Positive,Verbe,celebrate,Gubha,Vier,Keteka,Bhiyozela,pemberera,expanded_shona_lexicon,pemberera
kututabikashi,Applaudir,2.0,Positive,Verbe,applaud,Halalisa,Applous,Go opa diatla .,I-applaud,zvirongwa,expanded_shona_alt,kuombera maoko
kuitaba,Supporter,2.0,Positive,Verbe,support,Singatha,Ondersteuning,Thekga,Inkxaso,tsigiro,expanded_shona_lexicon,tsigiro
kubenga,Contester,4.0,Positive,Verbe,challenge,Cela,Uitdaging,Tlhotlo,Umngeni,dambudziko,expanded_shona_lexicon,dambudziko
kuditshipa,Jurer,6.0,Positive,Verbe,swear,Thuka,Sweer,Ikana,Ukufunga,kupika,expanded_shona_lexicon,kupika
kushima,Mentir,-4.0,Negative,Verbe,lie,Ginqika,Lieg,Maaka,Ubuxoki,kunyepa,expanded_shona_alt,nhema
kuyukila,Dire,3.0,Positive,Verbe,say,Khuluma,Sê,Bolela,Yithi,taura,expanded_shona_lexicon,taura
kulonda,Raconter,2.0,Positive,Verbe,tell,Tshela,Vertel,Botša,Xelela,taura,expanded_shona_lexicon,taura
suki,Cheveux,6.0,Positive,Mot,hair,Uboya,Hare,Moriri,Iinwele,bvudzi,expanded_shona_lexicon,bvudzi
kubikila,Appeler,2.0,Positive,Verbe,to call,Ukushayela ucingo,Om te bel,go bitša .,Ukubiza,kufona,expanded_shona_lexicon,kufona
kuepuka,Eviter,5.0,Positive,Verbe,avoid,Xwaya,Vermy,Efoga,Kunqande,dzivisa,expanded_shona_lexicon,dzivisa
kuakidila,Accueillir,2.0,Positive,Verbe,to welcome,Ukwamukela,Om te verwelkom,go amogela .,Wamkelekile,kugamuchira,expanded_shona_lexicon,kugamuchira
kuelamoyi,Saluer,1.0,Positive,Verbe,greet,Thakazela,Groet,Dumediša,Ubulisa,kukwazisa,expanded_shona_alt,kwazisai
kukelesha,Encourager,4.0,Positive,Verbe,encourage,Khuthaza,Moedig aan,Hlohleletša,Khuthaza,kurudzira,expanded_shona_alt,kurudzirai
kukoleshangala,Consoler,2.0,Positive,Verbe,console,Ikhonsoli,Konsole,Console .,Ikhonkco,console,expanded_shona_loanword,console
kueza,Agir,3.0,Positive,Verbe,act,Dlala,Wet,Molao,Isenzo,chiito,expanded_shona_lexicon,chiito
kuadamuna,Réagir,5.0,Positive,Verbe,react,Phendula,Reageer,React .,Phendula,ita,expanded_shona_lexicon,ita
suki,Cheveux,3.0,Positive,Mot,hair,Uboya,Hare,Moriri,Iinwele,bvudzi,expanded_shona_lexicon,bvudzi
kukubaja,Accomplir,3.0,Positive,Verbe,accomplish,Feza,Voltooi,Fihlelela,Phumeza,zadzisa,expanded_shona_alt,pedzisa
kueza,Réaliser,4.0,Positive,Verbe,realize,Bona,Besef,Lemoga,Qaphela,ziva,expanded_shona_lexicon,ziva
kukuata,Réussir,3.0,Positive,Verbe,succeed,Phumelela,Sukses,Atlega,Phumelela,budirira,expanded_shona_lexicon,budirira
kubula,Échouer,-3.0,Positive,Verbe,fail,Phutha,Misluk,Palelwa,Usilele,kutadza,expanded_shona_lexicon,kutadza
kulongolo,Améliorer,3.0,Positive,Verbe,improve,Thuthukisa,Verbeter,Kaonafala,Phucula,kunatsiridza,expanded_shona_alt,vandudza
kushituluka,Changer,5.0,Positive,Verbe,to change,Ukushintsha,Om te verander,go fetoga .,Ukutshintsha,kuchinja,expanded_shona_lexicon,kuchinja
kukudimuna,Transformer,2.0,Positive,Verbe,transform,Shintsha,Transformeer,Phetogo ya phetošo .,Tshintsha,shandura,expanded_shona_lexicon,shandura
kushitulula,Modifier,3.0,Positive,Verbe,to modify,Ukuguqula,Om te wysig,go fetola .,Ukuguqula,kugadziridza,expanded_shona_lexicon,kugadziridza
kukukuila,Adorer,5.0,Positive,Verbe,worship,Dumisa,Aanbidding,Tumiša,Unqulo,kunamata,expanded_shona_lexicon,kunamata
kukina,Détester,-4.0,Negative,Verbe,hate,Ukuzonda,Haat,Hloya,Intiyo,kuvenga,expanded_shona_alt,ruvengo
kushebula,Ignorer,-4.0,Negative,Verbe,ignore,Nganaki,Ignoreer,Hlokomologa,Ukungahoyi,hanya,expanded_shona_lexicon,hanya
kumanyinula,Reconnaître,3.0,Positive,Verbe,recognize,Khumbula,Herken,Lemoga,Qaphela,ziva,expanded_shona_lexicon,ziva
kuanyisha,Admirer,2.0,Positive,Verbe,admire,Thanda,Bewonder,Kgahlega,Vuma,admire,expanded_shona_loanword,admire
kunemeka,Respecter,1.0,Positive,Verbe,respect,Hlonipha,Respek,Hlompha,Imbeko,remekedza,expanded_shona_lexicon,remekedza
Mujilu,Artère,4.0,Positive,Mot,artery,Umthambo wegazi,slagaar,mothapo wa mothapo .,Ubugcisa,artery,expanded_shona_loanword,artery
Muedi,Barbe,4.0,Positive,Mot,beard,Intshebe,Baard,Ditedu,Iindevu,ndebvu,expanded_shona_lexicon,ndebvu
Mukana,Bouche,2.0,Positive,Mot,mouth,Umlomo,Mond,Molomo,Umlomo,muromo,expanded_shona_lexicon,muromo
Diboko,Bras,5.0,Positive,Mot,arm,Hlomisa,Arm,Letsogo,Ingalo,ruoko,expanded_shona_lexicon,ruoko
Bongo,Cerveau,3.0,Positive,Mot,brain,Ingqondo,Brein,Bjoko,Ingqondo,uropi,expanded_shona_lexicon,uropi
Lusuki,Cheveu,2.0,Positive,Mot,hair,Uboya,Hare,Moriri,Iinwele,bvudzi,expanded_shona_lexicon,bvudzi
Kampombe,Cheville,5.0,Positive,Mot,ankle,Isinqe,Enkel,Kokoilane,I-ankle,ankle,expanded_shona_loanword,ankle
Lukofi,Cil,3.0,Positive,Mot,eyelash,Ukhophe,Wimper,Eyelash .,Iliso,eyelash,expanded_shona_loanword,eyelash
Muoyo,Cœur,5.0,Positive,Mot,heart,Inhliziyo,Hart,Pelo,Intliziyo,moyo,expanded_shona_alt,mwoyo
Muongo,Colonnevertebrale,3.0,Positive,Mot,spine,Umgogodla,Ruggraat,Mokokotlo wa .,I-spine,musana,expanded_shona_alt,muzongoza
Mbidi,Corps,6.0,Positive,Mot,body,Umzimba,Liggaam,Mmele,Umzimba,muviri,expanded_shona_lexicon,muviri
Lubadi,Cote,4.0,Positive,Mot,side,Usebe,Kant,Lehlakore,Icala,padivi,expanded_shona_lexicon,padivi
Nsingu,Cou,3.0,Positive,Mot,neck,Intamo,Nek,Molala,Intamo,mutsipa,expanded_shona_lexicon,mutsipa
Tshibalubalu,Crane,6.0,Positive,Mot,skull,Ithambo lekhanda,Skedel,Lehata .,Skill,dehenya,expanded_shona_lexicon,dehenya
Lukenyibu,Coude,3.0,Positive,Mot,elbow,Indololwane,Elmboog,Setšu,Lbow,elbow,expanded_shona_alt,gokora
Tshibelo,Cuissse,2.0,Positive,Mot,thigh,Ithanga,Bobeen,Serope,Ithanga,chidya,expanded_shona_lexicon,chidya
Dino,Dent,1.0,Positive,Mot,tooth,Izinyo,Tand,Leino,Izinyo,zino,expanded_shona_lexicon,zino
Munu,Doingt,1.0,Positive,Mot,finger,Umunwe,Vinger,Monwana,Umnwe,chigunwe,expanded_shona_lexicon,chigunwe
Dikaya,Epaule,1.0,Positive,Mot,shoulder,Igxalaba,Skouer,Legetla,Igxalaba,pfudzi,expanded_shona_lexicon,pfudzi
Tshifu,Estomac,3.0,Positive,Mot,stomach,Isisu,Maag,Dimpa,Isisu,dumbu,expanded_shona_lexicon,dumbu
Ditaku,Fesse,4.0,Positive,Mot,buttock,Isinqe,Boudjie,Marago .,I-buttock,buttock,expanded_shona_loanword,buttock
Mutshima,Foie,3.0,Positive,Mot,liver,Isibindi,Lewer,Sebete,Isibindi,chiropa,expanded_shona_lexicon,chiropa
Mpala,Front,3.0,Positive,Mot,forehead,Imvelelo,Voorkop,Phatla,Ibunzi,pahuma,expanded_shona_alt,huma
Tshinu,Genou,5.0,Positive,Mot,knee,Idolo,Knie,Khuru,Idolo,ibvi,expanded_shona_lexicon,ibvi
Muminu,Gorge,5.0,Positive,Mot,throat,Umphimbo,Keel,Mogolo,Umqala,pahuro,expanded_shona_alt,huro
Lukundu,Hanche,2.0,Positive,Mot,hip,Inqulu,Heup,Noka,Hip,hip,expanded_shona_loanword,hip
Dila,Intestin,2.0,Positive,Mot,intestine,Izibilini,Derm,Mala .,Amathumbu,mudumbu,expanded_shona_lexicon,mudumbu
Mukolo,Jambe,5.0,Positive,Mot,leg,Umlenze,Been,Leoto,Umlenze,gumbo,expanded_shona_lexicon,gumbo
Ditama,Joue,2.0,Positive,Mot,plays,Idlala,Toneelstukke,Dipapadi tša go bapala .,Imidlalo,anotamba,expanded_shona_alt,mitambo
Ludimi,Langue,2.0,Positive,Mot,language,Ulimi,Taal,Polelo,Ulwimi,mutauro,expanded_shona_lexicon,mutauro
Tshinsonyi,Larme,5.0,Positive,Mot,tear,Ukudabula,Skeur,Gagola,Iinyembezi,misodzi,expanded_shona_lexicon,misodzi
Mushiku,Lèvre,6.0,Positive,Mot,lip,Udebe,Lip,Molomo .,Imilebe,muromo,expanded_shona_lexicon,muromo
Lubanga,Machoire,4.0,Positive,Mot,jaw,Umhlathi,Kaakbeen,Mohlagare,Hlathi,shaya,expanded_shona_alt,rushaya
Lubanga,Menton,4.0,Positive,Mot,chin,Isilevu,Ken,Seledu,Chin,chin,expanded_shona_loanword,chin
Musunyi,Muscle,3.0,Positive,Mot,muscle,Isicubu,Spier,Mošifa,Umsipha,tsandanyama,expanded_shona_lexicon,tsandanyama
Bongo,Nerf,2.0,Positive,Mot,nerve,Umuzwa,Senuwee,methapo ya kutlo .,I-nerve,nerve,expanded_shona_loanword,nerve
Diulu,Nez,2.0,Positive,Mot,nose,Ikhala,Neus,Nko,Impumlo,mhino,expanded_shona_lexicon,mhino
Muofo,Motbrile,5.0,Positive,Mot,motbrile,Umhambisi,Motbriel,Motbrile .,Motbble,motbrile,expanded_shona_loanword,motbrile
Muanawankasa,Orteil,3.0,Positive,Mot,toe,Uqukula,Toe,Monwana wa leoto .,Toe,toe,expanded_shona_loanword,toe
Mufuba,Os,2.0,Positive,Mot,bone,Ithambo,Been,Lerapo,Ithambo,pfupa,expanded_shona_lexicon,pfupa
Tshilafinyeb,Paupière,6.0,Positive,Mot,eyelid,Ijwabu leso,Ooglid,Lephego la mahlo .,I-eyelid,eyelid,expanded_shona_loanword,eyelid
Dikoba,Peau,5.0,Positive,Mot,skin,Isikhumba,Vel,Letlalo,Ulusu,ganda,expanded_shona_lexicon,ganda
Dikasa,Pied,8.0,Positive,Mot,foot,Unyawo,Voet,Leoto,Inyawo,tsoka,expanded_shona_lexicon,tsoka
Nshingu,Poignet,9.0,Positive,Mot,wrist,Isihlakala,Pols,Letheka,I-wrist,wrist,expanded_shona_loanword,wrist
Dikoma,Poing,4.0,Positive,Mot,fist,Inqindi,Vuis,Seatla sa go swara seatla .,Inqindi,chibhakera,expanded_shona_lexicon,chibhakera
Tshiadi,Pouce,2.0,Positive,Mot,thumb,Ugquza,Duim,Monwana o mogolo,Isithupha,chigunwe,expanded_shona_lexicon,chigunwe
Mijilu,Pouls,1.0,Positive,Mot,pulse,Ukushaya komthambo,Polsslag,Pulse .,Pulse,pulse,expanded_shona_loanword,pulse
Tshisulusulu,Poumon,6.0,Positive,Mot,lung,Iphaphu,Long,Maswafo .,Imiphunga,mapapu,expanded_shona_lexicon,mapapu
Konyi,Rein,7.0,Positive,Mot,kidney,Insonge yasolwandle,Nier,Pshio,Izintso,itsvo,expanded_shona_lexicon,itsvo
Munyengu,Ride,5.0,Positive,Mot,wrinkled,Ehlanganiswe,Gerimpeld,Wrinkled .,Icinyiwe,akapwanyika,expanded_shona_lexicon,akapwanyika
Mate,Salive,3.0,Positive,Mot,saliva,Amathe,Speeksel,Mathe a .,Amathe,mate,expanded_shona_lexicon,mate
Dibele,Sein,7.0,Positive,Mot,breast,Isibele,Bors,Letswele,Ibele,mazamu,expanded_shona_alt,zamu
Dikiki,Sourcil,4.0,Positive,Mot,eyebrow,Ishiya,Wenkbrou,Eyebrow .,Iliso,eyebrow,expanded_shona_alt,tsiye
Bitoyikoyi,Squelette,3.0,Positive,Mot,skeleton,Uphahla lomzimba,Geraamte,Lerapo la marapo .,Ithambo,skeleton,expanded_shona_loanword,skeleton
Tshisululu,Sueur,4.0,Positive,Mot,sweat,Juluka,Sweet,Sethitho,Ukubila,ziya,expanded_shona_lexicon,ziya
Tshikankanya,Talon,4.0,Positive,Mot,heel,Isithende,Hak,Serethe .,Isithende,chitsitsinho,expanded_shona_lexicon,chitsitsinho
Mujilu,Veine,2.0,Positive,Mot,vein,Umthambo,Aar,Mothalo .,Umthambo,vein,expanded_shona_loanword,vein
Difu,Ventre,6.0,Positive,Mot,belly,Isisu,Maag,Mpa,Isisu,dumbu,expanded_shona_lexicon,dumbu
Mpala,Visage,4.0,Positive,Mot,face,Ubuso,Gesig,Sefahlogo,Ubuso,chiso,expanded_shona_lexicon,chiso
Dinda,Matin,3.0,Positive,Mot,morning,Ekuseni,Oggend,Mesong,Ntseni,mangwanani,expanded_shona_lexicon,mangwanani
Mujalamuwadida,Midi,6.0,Positive,Mot,noon,Imini,Middag,Mosegare,Emini,masikati,expanded_shona_lexicon,masikati
Dilolo,Soir,4.0,Positive,Mot,evening,Kusihlwa,Aand,Mantšiboa,Ngokuhlwa,manheru,expanded_shona_lexicon,manheru
Bufuku,Nuit,-4.0,Negative,Mot,night,Ubusuku,Nag,Bošego,Busuku,husiku,expanded_shona_lexicon,husiku
Dituku,Jour,3.0,Positive,Mot,day,Usuku,Dag,Letšatši,Usuku,zuva,expanded_shona_lexicon,zuva
Lubingu,Semaine,2.0,Positive,Mot,week,Isonto,Week,Beke,Iveki,vhiki,expanded_shona_lexicon,vhiki
Ngondo,Mois,1.0,Positive,Mot,month,Inyanga,Maand,Kgwedi,Inyanga,mwedzi,expanded_shona_lexicon,mwedzi
Tshidimu,Anneé,2.0,Positive,Mot,year,Unyaka,Jaar,Ngwaga,Unyaka,gore,expanded_shona_lexicon,gore
Munute,Minute,7.0,Positive,Mot,minute,-Nci,Minuut,Motsotso,Mzuzu,mineti,expanded_shona_lexicon,mineti
Dida,Heure,8.0,Positive,Mot,hour,Ihora,Uur,Iri,Yure,awa,expanded_shona_lexicon,awa
Makelele,Hier,9.0,Positive,Mot,yesterday,Izolo,Gister,Maabane,Izolo,nezuro,expanded_shona_lexicon,nezuro
Lelo,Aujourd'hui,4.0,Positive,Mot,today,Namhlanje,Vandag,Lehono,Namhlanje,nhasi,expanded_shona_lexicon,nhasi
Makelela,Demain,3.0,Positive,Mot,tomorrow,Kusasa,Môre,Gosasa,Ngomso,mangwana,expanded_shona_lexicon,mangwana
Dimwe,Lundi,2.0,Positive,Mot,monday,UMsombuluko,Maandag,Mošupologo,uMvulo,muvhuro,expanded_shona_lexicon,muvhuro
Dibiidi,Mardi,5.0,Positive,Mot,tuesday,ULwesibili,Dinsdag,Labobedi,uLwesibini,chipiri,expanded_shona_lexicon,chipiri
Disatu,Mercredi,8.0,Positive,Mot,wednesday,OLwesithathu,Woensdag,Laboraro,uLwesithathu,chitatu,expanded_shona_lexicon,chitatu
Dinayi,Jeudi,4.0,Positive,Mot,thursday,ULwesine,DONDERDAG,LABONE,ULWESINE,china,expanded_shona_lexicon,china
Ditanu,Vendredi,3.0,Positive,Mot,friday,Olwesihlanu,Vrydag,Labohlano,uLwesihlanu,chishanu,expanded_shona_lexicon,chishanu
Disambombo,Samedi,2.0,Positive,Mot,saturday,UMgqibelo,SATERDAG,MOKIBELO,UMGQIBELO,mugovera,expanded_shona_lexicon,mugovera
Lumingu,Dimanche,3.0,Positive,Mot,sunday,ISonto,Sondag,Sontaga,iCawe,svondo,expanded_shona_lexicon,svondo
Nyama,Animal,2.0,Positive,Mot,animal,Isilwane,Dier,Phoofolo,Isilwanyana,mhuka,expanded_shona_lexicon,mhuka
Lubulubulu,Abeille,5.0,Positive,Mot,bee,Inyosi,By,Nosi,Inyosi,nyuchi,expanded_shona_lexicon,nyuchi
Muanawamukoko,Agneau,7.0,Positive,Mot,lamb,inyama yemvu,Lam,Kwana,inyama yegusha,gwayana,expanded_shona_lexicon,gwayana
Mukanku,Aigle,7.0,Positive,Mot,eagle,Ukhozi,Arend,Ntšhu,Ukhozi,eagle,expanded_shona_alt,gondo
Mpunda,Ane,3.0,Positive,Mot,donkey,Imbongolo,Donkie,Tonki,Idonki,mbongoro,expanded_shona_lexicon,mbongoro
Ntande,Araignée,1.0,Positive,Mot,spider,Isicabucabu,Spinnekop,Segokgo .,Isigcawu,spider,expanded_shona_loanword,spider
Ntuba,Autruche,2.0,Positive,Mot,ostrich,Intshe,Volstruis,Mpšhe .,Istrich,ostrich,expanded_shona_loanword,ostrich
Dibata,Canard,2.0,Positive,Mot,duck,Idada,Eend,Lepelepele,Idada,dhadha,expanded_shona_lexicon,dhadha
Kasha,Cerf,5.0,Positive,Mot,deer,Izidubhu,Hert,Tshepe,Inyamakazi,nondo,expanded_shona_lexicon,nondo
Mfulansa,Chameau,6.0,Positive,Mot,camel,Ikameli,Kameel,Kamela .,Inkamela,ngamera,expanded_shona_lexicon,ngamera
Mpusu,Chat,7.0,Positive,Mot,cat,Ikati,Kat,Katse,Ikati,katsi,expanded_shona_lexicon,katsi
Kabalo,Cheval,1.0,Positive,Mot,horse,Ihhashi,Perd,Pere,Ihashe,bhiza,expanded_shona_lexicon,bhiza
Mbuji,Chèvre,2.0,Positive,Mot,goat,Imbuzi,Bok,Pudi,Ibhokhwe,mbudzi,expanded_shona_lexicon,mbudzi
Kabwa,Chien,4.0,Positive,Mot,dog,Inja,Hond,Mpša,Inja,imbwa,expanded_shona_lexicon,imbwa
Ngulube,Cochon,5.0,Positive,Mot,pig,Ingulube,Vark,Kolobe,Ihagu,nguruve,expanded_shona_lexicon,nguruve
Nzolo,Coq,6.0,Positive,Mot,rooster,Iqhude,Haan,Mokoko .,Roster,jongwe,expanded_shona_lexicon,jongwe
Lukala,Crabe,4.0,Positive,Mot,crab,Udoti,Krap,Letlapakgerere,Unonkala,crab,expanded_shona_alt,gakanje
Tshiula,Crapaud,7.0,Positive,Mot,toad,Iselesele,Padda,Toad .,Toad,toad,expanded_shona_loanword,toad
Ngandu,Crocodile,7.0,Positive,Mot,crocodile,Ingwenya,Krokodil,Kwena .,Ingwenya,gogo,expanded_shona_alt,garwe
Kabundi,Ecureuil,2.0,Positive,Mot,squirrel,Ingwejeje,Eekhoring,Sehlora,Squirrel,squirrel,expanded_shona_loanword,squirrel
Nzevu,Eléphant,4.0,Positive,Mot,elephant,Indlovu,Olifant,Tlou,Elephants,nzou,expanded_shona_lexicon,nzou
Dilandi,Escargot,3.0,Positive,Mot,snail,Umnenke,Slak,Kgopa,Inkumba,sutu,expanded_shona_alt,hozhwa
Kankenene,Fourmi,3.0,Positive,Mot,ant,Itsheketshe,Mier,Ant .,Imbovane,svoshwa,expanded_shona_lexicon,svoshwa
Ngomba,Girafe,5.0,Positive,Mot,giraffe,Indlulamithi,Kameelperd,Thutlwa .,Indlulamthi,twiza,expanded_shona_lexicon,twiza
Nsokumuntu,Gorille,6.0,Positive,Mot,gorilla,Igorila,Gorilla,Gorilla .,Gorilla,gorilla,expanded_shona_loanword,gorilla
Maleyaya,Malaria,-3.0,Negative,Mot,malaria,Umalalejayu ngobuqileki,Malaria,Malaria .,Isilamu,marariya,expanded_shona_lexicon,marariya
Malunvu,Alcool,-4.0,Negative,Mot,alcohol,Utshwala,Alkohol,Alkhoholo,Utywala,doro,expanded_shona_lexicon,doro
Manga,Fétiche,-3.0,Negative,Mot,fetish,Fetish,Fetisj,Fetish .,Thambisa,fetish,expanded_shona_loanword,fetish
Ngumu,Information,3.0,Positive,Mot,information,Ulwazi,Inligting,Tshedimošo,Ulwazi,ruzivo,expanded_shona_lexicon,ruzivo
Blaba,Sable,6.0,Positive,Mot,sand,Isihlabathi,Sand,Santa,Isanti,jecha,expanded_shona_lexicon,jecha
Buta,Sandre,4.0,Positive,Mot,zander,Wander,Zander,Zander .,IZander,zander,expanded_shona_loanword,zander
Makuta,Argent,5.0,Positive,Mot,money,Imali,Geld,Tšhelete,Imali,mari,expanded_shona_lexicon,mari
Mamu,Mère,2.0,Positive,Mot,mother,Umame,Moeder,Mma,Umama,amai,expanded_shona_lexicon,amai
Tatu,Père,6.0,Positive,Mot,father,Uyihlo,Vader,Papa,Utata,baba,expanded_shona_lexicon,baba
Dilongesha,Enseignement,7.0,Positive,Mot,education,Imfundo,Onderwys,Thuto,Imfundo,dzidzo,expanded_shona_lexicon,dzidzo
Mulongeshi,enseignant,9.0,Positive,Mot,teacher,uthishela,onderwyser,morutiši,utitshala,mudzidzisi,expanded_shona_lexicon,mudzidzisi
Kubungama,Tristesse,-4.0,Negative,Mot,sadness,Ukudabuka,Hartseer,manyami a go nyama .,Usizi,kusuwa,expanded_shona_lexicon,kusuwa
Musangu,Oreiller,3.0,Positive,Mot,pillow,Iphilo,Kussing,Mosamelo,Umqamelo,pilo,expanded_shona_lexicon,pilo
Vunda_vunda,Tourbillon,5.0,Positive,Mot,whirlwind,Shirlwind,Warrelwind,Ledimo la ledimo .,I-whirlwind,chimbudzi,expanded_shona_alt,chamupupuri
Nvula,Pluie,3.0,Positive,Mot,rain,Imvula,Reën,Pula,Imvula,kunaya,expanded_shona_alt,mvura
Bihu,punaise,2.0,Positive,Mot,thumbtack,I-Thumbtack,duimstok,Thumbtack .,thlock,thumbnack,expanded_shona_lexicon,thumbnack
Songakaji,Jeunefemme,7.0,Positive,Mot,youngwoman,Thinta,Jongvrou,Mosadi yo mofsa .,Umncinci,mudikimanan,expanded_shona_lexicon,mudikimanan
Songaluma,Jeunehomme,9.0,Positive,Mot,youngman,Konyana,Jongman,Youngman .,Indoda encinci,wechidiki,expanded_shona_lexicon,wechidiki
Maseba,Oncle,6.0,Positive,Mot,uncle,Umalume,Oom,Malome,Umalume,babamunini,expanded_shona_alt,sekuru
tatumukaji,Tante,5.0,Positive,Mot,aunt,Anti,Tannie,Rakgadi,Umakazi,tete,expanded_shona_lexicon,tete
kuenza,Faire,2.0,Positive,Mot,do,Enza,Doen,Dira,Yenza,ita,expanded_shona_lexicon,ita
Menyi,Urine,1.0,Positive,Mot,urine,Umshobingo,Urine,Moroto .,Umchamo,urini,expanded_shona_alt,weti
Tuasakadila,Merci,5.0,Positive,Mot,thanks,Ukuthakasela,DANKIE,KE A LEBOGA,ENKOSI,ndatenda,expanded_shona_lexicon,ndatenda
Kulala,Dormir,5.0,Positive,Mot,sleep,Ukulala,Slaap,Robala,Ukulala,kurara,expanded_shona_alt,rara
KuTuta,Frappe,-4.0,Negative,Mot,struck,-Gwashisayo,Geslaan,Bethilwe,Wabetha,akarova,expanded_shona_alt,akarohwa
Kunyungulaka,Tourner,3.0,Positive,Mot,turn,Phenduka,Draai,Fetoga,Jika,tendeuka,expanded_shona_lexicon,tendeuka
KuBâla,Lire,4.0,Positive,Mot,read,Funda,Lees,Bala,Funda,verenga,expanded_shona_lexicon,verenga
KUdia,Manger,2.0,Positive,Mot,eat,-Dla,Eet,Ja,Yitya,idya,expanded_shona_lexicon,idya
Disama,Maladie,-2.0,Negative,Mot,disease,Isifo,Siekte,Bolwetši,Isifo,chirwere,expanded_shona_lexicon,chirwere
Ufua,Mort,-3.0,Negative,Mot,dead,-Fileyo,Dood,Hlokofetše,Ufile,akafa,expanded_shona_alt,vakafa
Mufua,Décédée,-1.0,Negative,Mot,deceased,-Shonileyo,Oorlede,Mohu,Nkcizi,akafa,expanded_shona_lexicon,akafa
Nkenena,Fourmis,5.0,Positive,Mot,ants,Amashefa,Miere,Ditšhošwane .,Iimbovane,masvosve,expanded_shona_lexicon,masvosve
Kanyunyi,Oiseau,3.0,Positive,Mot,bird,Inyoni,Voël,Nonyana,Intaka,shiri,expanded_shona_lexicon,shiri
Mubuluka,Fou,-4.0,Negative,Mot,mad,Phambeneyo,Mal,Gafa,Hlanya,kupenga,expanded_shona_lexicon,kupenga
Mubanji,Riche,4.0,Positive,Mot,rich,Nothile,Ryk,Humile,Sisityebi,mupfumi,expanded_shona_lexicon,mupfumi
Musedibua,Marier,2.0,Positive,Mot,marry,Gcagca,Trou,Nyala .,Tshata,roora,expanded_shona_alt,kuroora
Kalulu,Lapin,3.0,Positive,Mot,rabbit,Unogwaja,Konyn,Mmutla,Umvundla,tsuro,expanded_shona_lexicon,tsuro
Dikalu,Vélo,7.0,Positive,Mot,bike,Ibhanoyi,Fiets,Paesekela,Ibhayisekile,bhasikoro,expanded_shona_lexicon,bhasikoro
Bowa,Peur,-4.0,Negative,Mot,fear,Ukwesaba,Vrees,Tšhoga,Uloyiko,kutya,expanded_shona_lexicon,kutya
Boowa,Champignons,9.0,Positive,Mot,mushrooms,Amakhowe,Sampioene,Di-mushroom .,Amakhowa,howa,expanded_shona_lexicon,howa
Diba,Heure,4.0,Positive,Mot,hour,Ihora,Uur,Iri,Yure,awa,expanded_shona_lexicon,awa
Kaheji,Saboté,-5.0,Negative,Mot,sabotaged,-Chithiwe,Gesaboteer,Sabotaged .,I-sabotiment,sabotday,expanded_shona_alt,kuparadza
Mukana,Bouche,4.0,Positive,Mot,mouth,Umlomo,Mond,Molomo,Umlomo,muromo,expanded_shona_lexicon,muromo
Dingeya,Mangue,6.0,Positive,Mot,mango,i-Mango,Mango,Mango .,imango,mango,expanded_shona_loanword,mango
NtaMbua,lion,9.0,Positive,Mot,lion,ingonyama,leeu,tau,ingonyama,shumba,expanded_shona_lexicon,shumba
Soku,Singe,5.0,Positive,Mot,monkey,Inkawu,Aap,Kgabo,Inkawu,monkey,expanded_shona_alt,tsoko
Zevu,Eléphant,3.0,Positive,Mot,elephant,Indlovu,Olifant,Tlou,Elephants,nzou,expanded_shona_lexicon,nzou
Mulangi,bouteille,4.0,Positive,Mot,bottle,ibhodlela,bottel,lebotlelo,ibhotile,bhodhoro,expanded_shona_lexicon,bhodhoro
Mayi,Eau,3.0,Positive,Mot,water,Nisela,Water,Meetse,Amanzi,mvura,expanded_shona_lexicon,mvura
Muela,Machette,-4.0,Negative,Mot,machete,-Edwala,Machete,Machete .,I-machete,machete,expanded_shona_loanword,machete
Kasuyi,Hache,-4.0,Negative,Mot,ax,Izenube,Byl,Selepe .,I-ax,demo,expanded_shona_lexicon,demo
Tshasu,Bêche,2.0,Positive,Mot,spade,Ukhuni,Graaf,Spade .,Spade,spade,expanded_shona_loanword,spade
Nteta,Bâche,2.0,Positive,Mot,tarpaulin,I-tarpaulin,Seil,Tarpaulin .,I-tarpaulin,tarpauluin,expanded_shona_lexicon,tarpauluin
Bulalu,Moussa,1.0,Positive,Mot,moussa,MOSSA,Moussa,Moussa .,Moussa,moussa,expanded_shona_loanword,moussa
Kuhenda,Injurier,-3.0,Negative,Mot,insult,Eyisa,Belediging,Maroga,Ukuthuka,kutuka,expanded_shona_lexicon,kutuka
Kutata,Tamiser,4.0,Positive,Mot,sieve,Luswano,Sif,Sefe ya go se be le mohola .,Sieve,sieve,expanded_shona_loanword,sieve
Tangila,Regarde,3.0,Positive,Mot,look at,Bheka,Kyk na,Lebelela .,Jonga kwi,tarisa,expanded_shona_lexicon,tarisa
Lala,Dors,2.0,Positive,Mot,sleep,Ukulala,Slaap,Robala,Ukulala,kurara,expanded_shona_alt,rara
Anu,Seulement,5.0,Positive,Mot,only,-Nye,Slegs,Fela,Kuphela,chete,expanded_shona_lexicon,chete
Angata,Prends,6.0,Positive,Mot,take,Hlalela,Neem,Tšea,Thatha,tora,expanded_shona_lexicon,tora
Ambula,Transporte,8.0,Positive,Mot,transport,Thutha,Vervoer,Senamelwa,Ezothutho,kutakura,expanded_shona_lexicon,kutakura
Alunja,Remet,9.0,Positive,Mot,hands over,Izandla ngaphezulu,Hande oor,diatla godimo ga .,Izandla ngaphezulu,maoko pamusoro,expanded_shona_lexicon,maoko pamusoro
Alukila,Retourne,6.0,Positive,Mot,return,Buyisela emuva,Keer terug,Boa,Buyela,dzoka,expanded_shona_lexicon,dzoka
Dikasa,Pieds,5.0,Positive,Mot,feet,Amale,Voete,Maoto,Iinyawo,tsoka,expanded_shona_lexicon,tsoka
Amba,Dit,4.0,Positive,Mot,said,Wathi,Gesê,Boletše,Yatsho,akadaro,expanded_shona_lexicon,akadaro
Ambakaja,Superposer,4.0,Positive,Mot,overlay,Nqiba,Oorleg,Overlay .,Ngaphezulu,pamusoro,expanded_shona_lexicon,pamusoro
Ambulula,Répète,1.0,Positive,Mot,repeated,-Phindaphiwe,Herhaal,pheta-pheta .,Iphindaphindwe,kudzokororwa,expanded_shona_alt,dzokororwa
Ambelu,Dehors,3.0,Positive,Mot,out,Ngaphandle,Uit,Ntle,Ngaphandle,kunze,expanded_shona_lexicon,kunze
Dilongo,Assiette,2.0,Positive,Mot,plate,Ipuleti,Plaat,Poleiti,Iplate,ndiro,expanded_shona_lexicon,ndiro
BaLedi,Parents,6.0,Positive,Mot,parents,Abazali,Ouers,Batswadi,Abazali,vabereki,expanded_shona_lexicon,vabereki
Banga,Commence,7.0,Positive,Mot,begin,Qala,Begin,Thoma,Qala,tanga,expanded_shona_lexicon,tanga
Tshifulu,Chapeau,8.0,Positive,Mot,hat,Imbenge,Hoed,katiba .,Umnqwazi,hat,expanded_shona_loanword,hat
Tshilamba,Habit,9.0,Positive,Mot,clothing,Okokugqoka,Kleredrag,Diaparo .,Impahla,zvipfeko,expanded_shona_lexicon,zvipfeko
Tshilamba,Pond,4.0,Positive,Mot,pond,Isiziba,Dam,Letangwana,Ichibi,pond,expanded_shona_alt,dziva
Tshisamba,Origine,3.0,Positive,Mot,origin,Ukudabuka,Oorsprong,Setlogo,Imvelaphi,mabviro,expanded_shona_lexicon,mabviro
Manayi,Jeu,2.0,Positive,Mot,game,Igemu,Spel,Papadi,Umdlalo,mutambo,expanded_shona_lexicon,mutambo
Tshibulundu,Ballon,1.0,Positive,Mot,ball,Ibhola,Bal,Kgwele,Ibhola,bhora,expanded_shona_lexicon,bhora
Cingu_mapanga,Cigale,1.0,Positive,Mot,cicada,I-cicada,Cicada,CicAda .,Cicada,cicada,expanded_shona_loanword,cicada
Kuhanga,Echoué,3.0,Positive,Mot,failed,Yehlulekile,Misluk,Paletšwe,Ayiphumelelanga,yakundikana,expanded_shona_alt,akundikana
Kuhangila,Manqué,-4.0,Negative,Mot,lack,Ukuntula,Gebrek,Tlhokego,Ukunqongophala,kushaya,expanded_shona_lexicon,kushaya
Dikenga,Souffrance,-3.0,Negative,Mot,suffering,Ngokuhlushwa,Lyding,Go tlaišega,Ukubandezeleka,kutambura,expanded_shona_lexicon,kutambura
Dikenga,Galère,-4.0,Negative,Mot,galley,Ugibele,Galei,Galley .,Gallay,galley,expanded_shona_loanword,galley
Dinanga,Amour,3.0,Positive,Mot,love,Thanda,Liefde,Lerato,Uthando,rudo,expanded_shona_lexicon,rudo
Dignoka,Punition,2.0,Positive,Mot,punishment,Inhlawulo,Straf,Kotlo .,Isohlwayo,kurangwa,expanded_shona_alt,chirango
Mubanji,Riche,1.0,Positive,Mot,rich,Nothile,Ryk,Humile,Sisityebi,mupfumi,expanded_shona_lexicon,mupfumi
Bulanda,Pauvreté,-5.0,Negative,Mot,poverty,Ukuntula,Armoede,Bodiidi,Intlupheko,urombo,expanded_shona_lexicon,urombo
Budisu,Orgueil,-2.0,Negative,Mot,pride,Ukuziqhenya,Trots,Boitumelo,Ikratshi,kudada,expanded_shona_alt,kuzvikudza
Dihoyi,Misère,-1.0,Negative,Mot,misery,Ubuhlungu,Ellende,Masetlapelo,Ububi,kusuwa,expanded_shona_alt,nhamo
Matandu,Querelle,-1.0,Negative,Mot,quarrel,Xabana,Twis,Kgakgana,Ixampe,kupopotedzana,expanded_shona_alt,kukakavadzana
Bulaku,Injure,-1.0,Negative,Mot,insult,Eyisa,Belediging,Maroga,Ukuthuka,kutuka,expanded_shona_lexicon,kutuka
Mujika,Célibataire,4.0,Negative,Mot,bachelor,Impohlo,Baccalaureus,Kgope,I-bachelor,bachelor,expanded_shona_loanword,bachelor
Mulobi,Conducteur,5.0,Positive,Mot,driver,Umshayeli,Bestuurder,Mootledi .,Umqhubi,mutyairi,expanded_shona_lexicon,mutyairi
Mibi,Pécher,-3.0,Negative,Mot,sin,Ona,Sonde,Sebe .,Isono,chivi,expanded_shona_lexicon,chivi
Kakone,ÉcoMotiste,7.0,Positive,Mot,ecomotist,Udokotela we-ecolomoti,EcoMotist,Ecomotist .,I-ecomotist,ecomotist,expanded_shona_loanword,ecomotist
Magnimela,Ingénieur,7.0,Positive,Mot,engineer,Unjiniyela,Ingenieur,Moentšineere,Injineli,injiniya,expanded_shona_lexicon,injiniya
Bihu,Punaise,-1.0,Negative,Mot,thumbtack,I-Thumbtack,Duimstok,Thumbtack .,Thlock,thumbnack,expanded_shona_lexicon,thumbnack
bilunga,patate,5.0,Positive,Mot,potato,izambane,aartappel,letsapane,amazambane,mbatatisi,expanded_shona_lexicon,mbatatisi
mayi,eau,8.0,Positive,Mot,water,nisela,water,meetse,amanzi,mvura,expanded_shona_lexicon,mvura
Nsoku,singe,-3.0,Negative,Mot,monkey,inkawu,aap,kgabo,inkawu,monkey,expanded_shona_loanword,monkey
dinanga,amour,8.0,Positive,Mot,love,thanda,liefde,lerato,uthando,rudo,expanded_shona_lexicon,rudo
kanemu,respect,7.0,Positive,Mot,respect,hlonipha,respek,hlompha,imbeko,remekedza,expanded_shona_alt,rukudzo
ditumikila,obeissance,6.0,Positive,Mot,obedience,ukuzwa,gehoorsaamheid,Go kwa .,ukuthobela,kuteerera,expanded_shona_lexicon,kuteerera
lusa,pardon,8.0,Positive,Mot,pardon,xolela,verskoning,tshwarelo,uxolelo,kuregerera,expanded_shona_alt,ruregerero
luaku,viens,5.0,Positive,Mot,come,woza,kom,tla,yiza,huya,expanded_shona_alt,uya
kuata,prend,7.0,Positive,Mot,takes,izakahlela,neem,E tšea .,ithatha,zvinotora,expanded_shona_alt,inotora
lusaa,pitié,5.0,Positive,Mot,pity,umunyu,jammer,kwelobohloko,nceba,tsitsi,expanded_shona_lexicon,tsitsi
kalulu,lapin,4.0,Positive,Mot,rabbit,unogwaja,haas,mmutla,umvundla,tsuro,expanded_shona_lexicon,tsuro
nioka,serpent,-2.0,Negative,Mot,snake,inyoka,slang,noga,inyoka,nyoka,expanded_shona_lexicon,nyoka
mpatu,canard,3.0,Positive,Mot,duck,idada,eend,lepelepele,idada,dhadha,expanded_shona_lexicon,dhadha
masanka,joie,3.0,Positive,Mot,joy,injabulo,vreugde,boipshino,uvuyo,mufaro,expanded_shona_lexicon,mufaro
bipeta,resultat,3.0,Positive,Mot,result,umphumela,resultaat,poelo,isiphumo,mhedzisiro,expanded_shona_lexicon,mhedzisiro
nsuki,cheuveux,3.0,Positive,Mot,hair,uboya,hare,moriri,iinwele,bvudzi,expanded_shona_lexicon,bvudzi
nkuasa,chaise,3.0,Positive,Mot,chair,isihlalo,stoel,setulo,isitulo,chigaro,expanded_shona_lexicon,chigaro
tshibasa,banc,3.0,Positive,Mot,bench,isihlalo eside,bank,panka,ibhentshi,bhenji,expanded_shona_lexicon,bhenji
mapapa,babouche,3.0,Positive,Mot,slipper,ihlibhisi,pantoffel,Seeta sa go thelela .,tyibilika,slipper,expanded_shona_loanword,slipper
bisabata,chaussure,3.0,Positive,Mot,shoe,isihlangu,skoen,Seeta .,isihlangu,shangu,expanded_shona_lexicon,shangu
mpusu,chat,3.0,Positive,Mot,cat,ikati,kat,katse,ikati,katsi,expanded_shona_lexicon,katsi
luremba,caholin,3.0,Positive,Mot,caholin,inselela,caholin,Caholin .,ICaholin,caholin,expanded_shona_loanword,caholin
nkotshi,veste,3.0,Positive,Mot,jacket,ibhantshi,baadjie,baki,ijacket,jekete,expanded_shona_alt,bhachi
muanya,diasteme,3.0,Positive,Mot,diastema,idiamema,diasteem,Distema .,I-Diastea,diastema,expanded_shona_loanword,diastema
ndaku,partez,3.0,Positive,Mot,leave,shiya,verlaat,tloga,shiya,zivisa,expanded_shona_alt,siya
kambumba,seau,3.0,Positive,Mot,bucket,ibhakede,emmer,pakete,ibhakethi,ndoo,expanded_shona_alt,bhaketi
kabasa,tabouret,3.0,Positive,Mot,stool,isihlalo esinyoneni,stoelgang,mantle,isitulo,chitsiko,expanded_shona_lexicon,chitsiko
mutshioku,fatigue,-4.0,Negative,Mot,fatigue,ukudinwa,moegheid,lapile kudu,ukudinwa,kupera simba,expanded_shona_alt,kuneta
kankudumbua,pigeon,1.0,Positive,Mot,pigeon,ijuba,duif,leeba,ijuba,njiva,expanded_shona_lexicon,njiva
tshibuta,sac,1.0,Positive,Mot,bag,isikhwama,sak,mokotla,ibhegi,bhegi,expanded_shona_lexicon,bhegi
musulu,riviere,1.0,Positive,Mot,river,umfula,rivier,noka,umlambo,rwizi,expanded_shona_lexicon,rwizi
lomba,demande,1.0,Positive,Verbe,request,nxusa,versoek,kgopelo,isicelo,chikumbiro,expanded_shona_lexicon,chikumbiro
luaku,viens,1.0,Positive,Mot,come,woza,kom,tla,yiza,huya,expanded_shona_alt,uya
dikisha,repos,1.0,Positive,Mot,rest,thulisa,rus,khutša,phumla,zorora,expanded_shona_lexicon,zorora
losa,riz,1.0,Positive,Mot,rice,ilayisi eliluhlaza elingaphekiwe,rys,raese,irayisi,mupunga,expanded_shona_lexicon,mupunga
nkunda,haricot,1.0,Positive,Mot,bean,ubhontshisi,boontjie,Bean .,imbotyi,bhinzi,expanded_shona_lexicon,bhinzi
diba,montre,1.0,Positive,Mot,watch,qapha,kyk,bogela,jonga,tarisa,expanded_shona_lexicon,tarisa
bubanji,richesse,1.0,Positive,Mot,wealth,ingcebo,rykdom,lehumo,ubutyebi,pfuma,expanded_shona_alt,upfumi
Kunvua,ecouter,1.0,Positive,Verbe,listen,beka indlebe,luister,theeletša,mamela,teerera,expanded_shona_lexicon,teerera
Kumona,voir,1.0,Positive,Verbe,see,qonda,sien,bona,funda,ona,expanded_shona_alt,maona
Makasa,pied,1.0,Positive,Mot,foot,unyawo,voet,leoto,inyawo,tsoka,expanded_shona_lexicon,tsoka
Kulamba,preparer,1.0,Positive,Verbe,prepare,lungiselela,voorberei,beakanya,lungiselela,gadzirira,expanded_shona_lexicon,gadzirira
Kuteka,deposser,1.0,Positive,Verbe,dispossess,indawo eshitshazayo,onteien,go lahlwa .,hlasela,kudzingwa,expanded_shona_alt,torera
Kuangata,prendre,1.0,Positive,Verbe,take,hlalela,neem,tšea,thatha,tora,expanded_shona_lexicon,tora
Kuenda,marcher,1.0,Positive,Verbe,to walk,ukuhamba,te loop,Go sepela .,ukuhamba,kufamba,expanded_shona_lexicon,kufamba
Kuvuala,porter,1.0,Positive,Verbe,to carry,ukuthwala,te dra,go rwala .,ukubamba,kutakura,expanded_shona_lexicon,kutakura
Kutela,coudre,1.0,Positive,Verbe,sew,hida,naaldwerk,rokile,thunga,sew,expanded_shona_alt,kusona
Kusumba,acheter,1.0,Positive,Verbe,buy,thenga,koop,reka,Thenga,tenga,expanded_shona_lexicon,tenga
Kuteka,deposer,1.0,Positive,Verbe,deposit,faka,deposito,tipositi,idipozithi,dhipoziti,expanded_shona_lexicon,dhipoziti
Kusukula,nettoyer,1.0,Positive,Verbe,to clean,Ukucoca,om skoon te maak,Go Hlwekiša .,ukucoca,kuchenesa,expanded_shona_lexicon,kuchenesa
Bisekiseki,legumes,1.0,Positive,Mot,vegetables,imifino,groente,merogo,imifuno,miriwo,expanded_shona_alt,muriwo
Nsuwu,soupe,1.0,Positive,Mot,soup,isobho,sop,sopo,isobho,sup,expanded_shona_alt,muto
Kusomba,s'asoire,1.0,Positive,Verbe,sit down,Hlala phansi,gaan sit,Dula fase .,Hlala phantsi,gara pasi,expanded_shona_lexicon,gara pasi
Kuendesha,rouler,1.0,Positive,Verbe,to roll,ukugoqa,te rol,Go kgokologa .,ukuqengqeleka,kutenderera,expanded_shona_alt,kukunguruka
Machinyi,voiture,1.0,Positive,Mot,car,imoto,motor,mmotoro,imoto,mota,expanded_shona_alt,motokari
Kadiendelandela,Moto,1.0,Positive,Mot,motorcycle,Isithuthuthu,Motorfiets,Sethuthuthu .,Isithuthuthu,mudhudhudhu,expanded_shona_lexicon,mudhudhudhu
Dikalu,velo,1.0,Positive,Mot,bike,ibhanoyi,fiets,paesekela,ibhayisekile,bhasikoro,expanded_shona_lexicon,bhasikoro
Nsuki,cheveux,1.0,Positive,Mot,hair,uboya,hare,moriri,iinwele,bvudzi,expanded_shona_lexicon,bvudzi
Bilamba,habit,1.0,Positive,Mot,clothing,okokugqoka,klere,Diaparo .,impahla,zvipfeko,expanded_shona_lexicon,zvipfeko
Tshimanu,mure,1.0,Positive,Mot,ripe,petekile,ryp,butšwitše,kuvuthiwe,kuibva,expanded_shona_alt,maibva
Kuwuyakana,respirer,1.0,Positive,Verbe,breathe,phefumula,asemhaal,hema,uphefumla,kufema,expanded_shona_alt,fema
Bukula,farine,1.0,Positive,Mot,flour,incushuncushu,meel,folouru,umgubo,hupfu,expanded_shona_alt,upfu
Tshiomba,manioc,1.0,Positive,Mot,cassava,ummeli,maniok,Cassava .,cassava,cassava,expanded_shona_alt,mufarinya
Matala,Maïs,1.0,Positive,Mot,but,Kepha,Maar,Eupša,Kodwa,asi,expanded_shona_lexicon,asi
Menu,dents,1.0,Positive,Mot,teeth,amazinyo,tande,meno,amazinyo,mazino,expanded_shona_lexicon,mazino
Nshinga,fil,1.0,Positive,Mot,thread,intanjana,draad,garane,intambo,thread,expanded_shona_loanword,thread
Mievu,barbe,1.0,Positive,Mot,beard,intshebe,baard,ditedu,iindevu,ndebvu,expanded_shona_lexicon,ndebvu
Cilongo,fleur,1.0,Positive,Mot,flower,umqhakazo,blom,letšoba,intyatyambo,ruva,expanded_shona_lexicon,ruva
Dilongu,assiete,1.0,Positive,Mot,plate,ipuleti,bord,poleiti,iplate,ndiro,expanded_shona_lexicon,ndiro
Mbidika,crush,1.0,Positive,Mot,crush,hlikihla,verpletter,šila,kutyumza,kupwanya,expanded_shona_lexicon,kupwanya
Dikowu,gobelet,1.0,Positive,Mot,cup,inkomishi,koppie,komiki,ikomityi,mukombe,expanded_shona_lexicon,mukombe
Tshiamua,fer,1.0,Positive,Mot,iron,insimbi yoku-ayina,yster,aene,intsimbi,simbi,expanded_shona_lexicon,simbi
Buanga,médicaments,1.0,Positive,Mot,drugs,Izidakamizwa,dwelms,Dihlare-tagi .,iziyobisi,zvinodhaka,expanded_shona_lexicon,zvinodhaka
Milombu,prière,1.0,Positive,Verbe,prayer,isicelo,gebed,Thapelo .,Umthandazo,munamato,expanded_shona_alt,munyengetero
Misambu,chanson,1.0,Positive,Mot,song,iculo,liedjie,koša,ingoma,rwiyo,expanded_shona_lexicon,rwiyo
Tshisanji,radio,1.0,Positive,Mot,radio,iwayilense,radio,Seyalemoya .,irediyo,radio,expanded_shona_alt,redhiyo
Kutemeshe,allumer,1.0,Positive,Verbe,to light up,ukukhanyisa,te verlig,Go boneša .,Ukukhanyisa,kuvhenekera,expanded_shona_lexicon,kuvhenekera
Bianza,main,1.0,Positive,Mot,hand,isandla,hand,seatla,isandla,ruoko,expanded_shona_lexicon,ruoko
Maboku,bras,1.0,Positive,Mot,arm,hlomisa,arm,letsogo,ingalo,ruoko,expanded_shona_lexicon,ruoko
Kukuata,tenir,1.0,Positive,Verbe,hold,bamba,hou,swara,bambelela,batisisa,expanded_shona_alt,bata
Nkosthi,veste,1.0,Positive,Mot,jacket,ibhantshi,baadjie,baki,ijacket,jekete,expanded_shona_alt,bhachi
Mutelu,chemise,1.0,Positive,Mot,shirt,ihembe,hemp,gempe,ihempe,shirt,expanded_shona_alt,hembe
Nkanzu,robe,1.0,Positive,Mot,dress,gqoka,rok,seaparo,nxiba,chipfeko,expanded_shona_lexicon,chipfeko
Bimuma,fruits,1.0,Positive,Mot,fruits,Ama-Fruits,vrugte,Ditholwana .,iziqhamo,zvibereko,expanded_shona_alt,michero
Mbota,bouton,1.0,Positive,Mot,button,inkinobho,knoppie,kunope,iqhosha,bhatani,expanded_shona_lexicon,bhatani
Disu,oeil,1.0,Positive,Mot,eye,ihlo,oog,leihlo,iliso,ziso,expanded_shona_lexicon,ziso
Matshi,oreille,1.0,Positive,Mot,ear,indlebe,oor,tsebe,indlebe,nzeve,expanded_shona_lexicon,nzeve
Diulu,nez,1.0,Positive,Mot,nose,ikhala,neus,nko,impumlo,mhino,expanded_shona_lexicon,mhino
Tshifulu,chapeau,1.0,Positive,Mot,hat,imbenge,hoed,katiba .,umnqwazi,hat,expanded_shona_loanword,hat
Nshingu,cou,1.0,Positive,Mot,neck,intamo,nek,molala,intamo,mutsipa,expanded_shona_lexicon,mutsipa
Mikolu,jambes,1.0,Positive,Mot,legs,izembe,bene,Maoto .,imilenze,makumbo,expanded_shona_lexicon,makumbo
Nzadi,ongle,1.0,Positive,Mot,nail,isipikili,spyker,lenala,isipikili,mbambo,expanded_shona_alt,chipikiri
Kumusha,enlever,1.0,Positive,Verbe,to remove,ukususa,te verwyder,Go Tlosa .,ukususa,kubvisa,expanded_shona_lexicon,kubvisa
tshivunga,jupons,1.0,Positive,Mot,petticoats,petticoats,onderrokke,Di-Petticoat .,I-PETTIOATS,petticoats,expanded_shona_loanword,petticoats
nzala,famine,1.0,Positive,Mot,famine,indlala,hongersnood,tlala,indlala,nzara,expanded_shona_lexicon,nzara
kumuana,Voir,1.0,Positive,Verbe,see,Qonda,Sien,Bona,Funda,ona,expanded_shona_alt,maona
kunyema,Fuir,1.0,Positive,Verbe,flee,Baleka,Vlug,Ngwega,Saleke,tiza,expanded_shona_alt,tizai
kunaya,Jouer,1.0,Positive,Verbe,play,Dlala,Speel,Raloka,Dlala,tamba,expanded_shona_lexicon,tamba
kuhotela,Importuner,-5.0,Negative,Verbe,annoy,Casula,Irriteer,Lapiša,Ukucaphukisa,annoy,expanded_shona_loanword,annoy
tshisanji,Radio,3.0,Positive,Mot,radio,Iwayilense,Radio,Seyalemoya .,Irediyo,radio,expanded_shona_loanword,radio
mukaji,Femme,3.0,Positive,Mot,women,Abantu,Vroue,Basadi,Abafazi,vakadzi,expanded_shona_lexicon,vakadzi
buimpa,Beauté,3.0,Positive,Mot,beauty,Ubuhle,Skoonheid,Bobotse,Ubuhle,runako,expanded_shona_lexicon,runako
ndundu,Ballon,3.0,Positive,Mot,ball,Ibhola,Bal,Kgwele,Ibhola,bhora,expanded_shona_lexicon,bhora
bulaba,Terre,3.0,Positive,Mot,earth,Inhlabathi,Aarde,Lefase,Umhlaba,pasi,expanded_shona_alt,nyika
duilu,Ciel,3.0,Positive,Mot,sky,Isibhakabhaka,Hemel,Lefaufau,Isibhakabhaka,denga,expanded_shona_lexicon,denga
dibua,Pierre,3.0,Positive,Mot,rock,Itshe elikhulu,Rots,Letlapa,Iliwa,dombo,expanded_shona_lexicon,dombo
tshinkeunda,Papayer,3.0,Positive,Verbe,papaya,I-papaya,Papaja,Papaya .,Ipapaya,papaya,expanded_shona_loanword,papaya
tshiadi,Poitrine,3.0,Positive,Mot,chest,Ibhokisi,Bors,Kgara,Isifuba,chipfuva,expanded_shona_lexicon,chipfuva
tshilama,Pagne,3.0,Positive,Mot,loincloth,I-loincloth,Lendelap,Lešela la letheka .,I-lourceth,loincloth,expanded_shona_loanword,loincloth
dikohu,Gobelet,3.0,Positive,Mot,cup,Inkomishi,Beker,Komiki,Ikomityi,mukombe,expanded_shona_lexicon,mukombe
bisabata,Chaussure,3.0,Positive,Mot,shoe,Isihlangu,Skoen,Seeta .,Isihlangu,shangu,expanded_shona_lexicon,shangu
tshibuta,Malette,3.0,Positive,Mot,briefcase,Isudikesi lezincwadi,Aktetas,Mokotla wa dipuku .,Ibrinter,chikwama,expanded_shona_lexicon,chikwama
muhanu,Pantalon,3.0,Positive,Mot,pants,Amabhulukwana,Broek,Marokgwana,Ibhulukhwe,madhiri,expanded_shona_lexicon,madhiri
mutelu,Chemise,3.0,Positive,Mot,shirt,Ihembe,Hemp,Gempe,Ihempe,shirt,expanded_shona_loanword,shirt
nzala,Famine,-7.0,Negative,Mot,famine,Indlala,Hongersnood,Tlala,Indlala,nzara,expanded_shona_lexicon,nzara
nkuasa,Chaise,2.0,Positive,Mot,chair,Isihlalo,Stoel,Setulo,Isitulo,chigaro,expanded_shona_lexicon,chigaro
bula,Lit,2.0,Positive,Mot,bed,Umbhede,Bed,Mpete,Ibhedi,mubhedha,expanded_shona_lexicon,mubhedha
tshimfuanyi,Visage,2.0,Positive,Mot,face,Ubuso,Gesig,Sefahlogo,Ubuso,chiso,expanded_shona_lexicon,chiso
malata,Tôles,2.0,Positive,Mot,sheet metal,Ishidi yensimbi,Plaatmetaal,Tšhipi ya letlakala .,I-SHICHE SETY,simbi yesimbi,expanded_shona_alt,sheet simbi
bukula,Farine,2.0,Positive,Mot,flour,Incushuncushu,Meel,Folouru,Umgubo,hupfu,expanded_shona_lexicon,hupfu
mucima,Foie,2.0,Positive,Mot,liver,Isibindi,Lewer,Sebete,Isibindi,chiropa,expanded_shona_lexicon,chiropa
ditabuja,Foi,2.0,Positive,Mot,faith,Ukholo,Geloof,Tumelo,Ukholo,kutenda,expanded_shona_lexicon,kutenda
musangu,Fois,2.0,Positive,Mot,times,Izikhathi,Tye,Dinako .,Amaxesha,nguva,expanded_shona_lexicon,nguva
musambu,Chanson,2.0,Positive,Mot,song,Iculo,Liedjie,Koša,Ingoma,rwiyo,expanded_shona_lexicon,rwiyo
lubalenga,Rate,2.0,Positive,Mot,missed,-Phuthwe,Gemis,E fošitšwe .,Iphoswe,ndakarasikirwa,expanded_shona_alt,ndakapotsa
moyi,Cœur,2.0,Positive,Mot,heart,Inhliziyo,Hart,Pelo,Intliziyo,moyo,expanded_shona_alt,mwoyo
buloji,Sorcellerie,-5.0,Negative,Mot,witchcraft,Ubuthakathi,Heksery,Boloi .,Ubugqwirha,uroyi,expanded_shona_alt,huroyi
Oiseau=nyunyi,Oiseau,6.0,Positive,Mot,bird,Inyoni,Voël,Nonyana,Intaka,shiri,expanded_shona_lexicon,shiri
nkosa,Souris,-2.0,Negative,Mot,mouse,Igundane,Muis,Legotlo,Imouse,mbeva,expanded_shona_lexicon,mbeva
nyama,Animaux,1.0,Positive,Mot,animals,Isilwane,Diere,Diphoofolo .,Izilwanyana,mhuka,expanded_shona_lexicon,mhuka
dihota,Bêtise,1.0,Positive,Mot,stupidity,Ubulima,Dwaasheid,Bošilo .,Ubudenge,upenzi,expanded_shona_alt,kupusa
kabonkoshi,Crane,1.0,Positive,Mot,skull,Ithambo lekhanda,Skedel,Lehata .,Skill,dehenya,expanded_shona_lexicon,dehenya
kulala,Dormir,1.0,Positive,Mot,sleep,Ukulala,Slaap,Robala,Ukulala,kurara,expanded_shona_alt,rara
tshikolowu,Torchon,1.0,Positive,Mot,tea towel,Ithawula itiye,Teedoek,toulo ya tee .,Ithawula iti,tewe tauro,expanded_shona_alt,tea tauro
mutshi,Plante,1.0,Positive,Mot,plant,Tshala,Plant,Semela,Tyala,chirimwa,expanded_shona_lexicon,chirimwa
mbindi,Corps,1.0,Positive,Mot,body,Umzimba,Liggaam,Mmele,Umzimba,muviri,expanded_shona_lexicon,muviri
nzembua,Courant,1.0,Positive,Mot,fluent,Qephuza,Vlot,Boreledi,Inyani,fluent,expanded_shona_loanword,fluent
ngumu,Information,1.0,Positive,Mot,information,Ulwazi,Inligting,Tshedimošo,Ulwazi,ruzivo,expanded_shona_lexicon,ruzivo
kuakula,Parler,1.0,Positive,Verbe,talk,Shumayela,Praat,Bolela,Thetha,taura,expanded_shona_lexicon,taura
kudia,Manger,1.0,Positive,Verbe,eat,-Dla,Eet,Ja,Yitya,idya,expanded_shona_lexicon,idya
kuvila,Nier,1.0,Positive,Verbe,deny,Phika,Ontken,Gana,Kuyakhanyela,ramba,expanded_shona_lexicon,ramba
maja,Danse,1.0,Positive,Verbe,dance,Giya,Dans,Tantsha,Umdaniso,kutamba,expanded_shona_lexicon,kutamba
kutuadija,Désormais,1.0,Positive,Mot,from now on,Kusuka manje,Van nou af,Go tloga bjale go ya pele .,Ukususela ngoku ukuya phambili,kubva zvino zvichienda mberi,expanded_shona_lexicon,kubva zvino zvichienda mberi
bulongama,Ordre,1.0,Positive,Mot,order,Hlela,Bestel,Tatelano,Iodolo,kurongeka,expanded_shona_lexicon,kurongeka
tshitalu,Cadavre,-7.0,Negative,Mot,corpse,Isidumbu,Lyk,Setopo .,Isidumbu,chitunha,expanded_shona_lexicon,chitunha
lufu,Mort,-9.0,Negative,Mot,dead,-Fileyo,Dood,Hlokofetše,Ufile,akafa,expanded_shona_alt,vakafa
nzambi,Dieu,9.0,Positive,Mot,god,UNkulunkulu,God,Modimo,Thixo,mwari,expanded_shona_lexicon,mwari
musalayi,Militaire,-2.0,Negative,Mot,military,-Nenkani,Militêr,Sešole,Emkhosini,mauto,expanded_shona_lexicon,mauto
pulushi,Policier,-1.0,Negative,Mot,policeman,Iphoyisa lendoda,Polisieman,lephodisa la lephodisa .,Ipolisa,mupurisa,expanded_shona_lexicon,mupurisa
kukumbaja,Ajouter,3.0,Positive,Verbe,add,Enezelela,Voeg by,Hlakanya,Yongeza,wedzera,expanded_shona_lexicon,wedzera
muloji,Sorcier,-7.0,Negative,Mot,wizard,Iwumbuzane,Towenaar,Moloi .,Iwizard,wizard,expanded_shona_loanword,wizard
mianda,Histoire,4.0,Positive,Mot,history,Umlando,Geskiedenis,Histori,Imbali,nhoroondo,expanded_shona_lexicon,nhoroondo
kuleja,Montrer,4.0,Positive,Mot,to show,Ukukhombisa,Om te wys,Go bontšha .,Ukubonisa,kuratidza,expanded_shona_lexicon,kuratidza
bindidimbi,Image,4.0,Positive,Mot,picture,Isithombe,Prentjie,Seswantšho,Umfanekiso,mufananidzo,expanded_shona_lexicon,mufananidzo
ndumba,Pute,4.0,Positive,Mot,whore,Isifebe,Hoer,Sefebe .,Helre,ndiani,expanded_shona_alt,hure
nzubu,Maison,4.0,Positive,Mot,home,Ikhaya,Tuis,Gae,Ikhaya,imba,expanded_shona_alt,kumba
kulama,Protéger,4.0,Positive,Verbe,protect,Vikela,Beskerm,Šireletša,Khusela,chengetedza,expanded_shona_alt,dzivirira
nsentedi,Sentinelle,4.0,Positive,Mot,sentinel,Isithunywa,Sentinel,Sentinel .,I-sitinel,sentinel,expanded_shona_loanword,sentinel
nyoka,Serpent,-5.0,Negative,Mot,snake,Inyoka,Slang,Noga,Inyoka,nyoka,expanded_shona_lexicon,nyoka
bualu,Probleme,3.0,Positive,Mot,issue,Izindaba okuphikiswana ngazo,Kwessie,Tlhagišo,Khupha,nyaya,expanded_shona_lexicon,nyaya
mudimu,Travail,3.0,Positive,Mot,work,Ukusebenza,Werk,Mošomo,Sebenza,shanda,expanded_shona_alt,basa
munyinyi,Viande,3.0,Positive,Mot,meat,Inyama,Vleis,Nama,Inyama,nyama,expanded_shona_lexicon,nyama
tshito,Plâtre,3.0,Positive,Mot,plaster,Ukhonkolo,Gips,Polasetara .,Udaka,plaster,expanded_shona_loanword,plaster
mputa,Plaie,3.0,Positive,Mot,wound,Limaza,Wond,Sešo,Inxeba,ronda,expanded_shona_lexicon,ronda
tshimanu,Mur,3.0,Positive,Mot,wall,Udonga,Muur,Leboto,Udonga,wall,expanded_shona_loanword,wall
tshingoma,Arme,-3.0,Negative,Mot,armed,-Hlomile,Gewapen,O hlometše ka dibetša .,Ixhobile,zvombo,expanded_shona_lexicon,zvombo
kulekela,Laisser,5.0,Positive,Mot,to leave,Ukuhamba,Om te vertrek,go tloga .,Ukuhamba,kusiya,expanded_shona_alt,kuti uende
kuehuka,Eviter,5.0,Positive,Mot,avoid,Xwaya,Vermy,Efoga,Kunqande,dzivisa,expanded_shona_lexicon,dzivisa
muinshi,Pilon,5.0,Positive,Mot,pestle,Nguonyana,stamper,Pestle .,I-pestle,pestle,expanded_shona_loanword,pestle
muhanji,Malaxeur,5.0,Positive,Mot,mixer,Okokuxuba,Menger,Motswaki .,Umxube,musanganiswa,expanded_shona_lexicon,musanganiswa
tshinu,Mortier,5.0,Positive,Mot,mortar,Isigqulo,Mortier,Sekontiri .,Udaka,dhaka,expanded_shona_lexicon,dhaka
mpuku,Rat,5.0,Positive,Mot,rat,Igundane,Rot,Legotlo,Rat,rat,expanded_shona_loanword,rat
mbindi,Corps,5.0,Positive,Mot,body,Umzimba,Liggaam,Mmele,Umzimba,muviri,expanded_shona_lexicon,muviri
luhangu,Parcelle,5.0,Positive,Mot,plot,Isakhiwo sendaba,Plot,Maanomabe,Iyelenqe,zano,expanded_shona_lexicon,zano
lubilu,Vitesse,5.0,Positive,Mot,speed,Isivinini,Spoed,Lebelo,Isantya,kumhanya,expanded_shona_lexicon,kumhanya
tshibi,Porte,5.0,Positive,Mot,door,Isicabha,Deur,monyako .,Umnyango,gonhi,expanded_shona_lexicon,gonhi
disu,Œil,5.0,Positive,Mot,eye,Ihlo,Oog,Leihlo,Iliso,ziso,expanded_shona_lexicon,ziso
ditshi,Oreille,5.0,Positive,Mot,ear,Indlebe,Oor,Tsebe,Indlebe,nzeve,expanded_shona_lexicon,nzeve
dinanga,Amour,5.0,Positive,Mot,love,Thanda,Liefde,Lerato,Uthando,rudo,expanded_shona_lexicon,rudo
mukanda,Livre,5.0,Positive,Mot,book,Ibhuku,Boek,Puku,Incwadi,bhuku,expanded_shona_lexicon,bhuku
mutshi,Arbre,5.0,Positive,Mot,tree,Isihlahla,BOOM,MOHLARE,Umthi,muti,expanded_shona_lexicon,muti
bukondo,Filet,5.0,Positive,Mot,net,Inethi,Netto,Nete,Inethi,net,expanded_shona_loanword,net
bisonsa,Herbes,5.0,Positive,Mot,herbs,Amakhakhasi,Kruie,mešunkwane .,Amayeza,herbs,expanded_shona_loanword,herbs
mukidi,Canal,5.0,Positive,Mot,channel,Insungubezi,Kanaal,Mokero wa kanale .,Ijelo,chiteshi,expanded_shona_lexicon,chiteshi
katumba,Tracteur,5.0,Positive,Mot,tractor,Ugandaganda,Trekker,Terekere .,Itrektara,trekta,expanded_shona_alt,tarakita
mateta,Examen,5.0,Positive,Mot,exam,Ukuhlola,Eksamen,Tlhahlobo,Iimviwo,bvunzo,expanded_shona_lexicon,bvunzo
lukombo,Balais,5.0,Positive,Mot,brooms,Imishanelo,Besems,Mafielo a .,Umtshayelo,brooms,expanded_shona_alt,mitsvairo
lumbombo,Hypocrisie,-6.0,Negative,Mot,hypocrisy,Ubuzenyesi,Skynheiligheid,Boikaketši .,Uhanahaniso,unyengeri,expanded_shona_lexicon,unyengeri
Akula,parle,2.0,Positive,Verbe,speak,khuluma,praat,bolela,thetha,taura,expanded_shona_lexicon,taura
Akulula,reparler,2.0,Positive,Verbe,talk again,Khuluma futhi,praat weer,Bolela gape .,thetha kwakhona,taura zvakare,expanded_shona_lexicon,taura zvakare
Akaja,Arranger,2.0,Positive,Verbe,arrange,Hlela,Reël,Beakanya,Cwangcisa,ronga,expanded_shona_lexicon,ronga
Akajulula,réarranger,2.0,Positive,Verbe,rearrange,hlela kabusha,herrangskik,Rearrange .,cwangcisa kwakhona,rearrorange,expanded_shona_alt,gadzirisa
Ambulula,répète,2.0,Positive,Verbe,repeated,-phindaphiwe,herhaal,pheta-pheta .,iphindaphindwe,kudzokororwa,expanded_shona_alt,akadzokororwa
Aluja,remet,2.0,Positive,Verbe,hands over,izandla ngaphezulu,oorhandig,diatla godimo ga .,izandla ngaphezulu,maoko pamusoro,expanded_shona_lexicon,maoko pamusoro
Alujulula,réremettre,2.0,Positive,Verbe,remit,amukela,opdrag,Thomelo ya thomelo .,hlawula,remit,expanded_shona_loanword,remit
Andamuna,repond,2.0,Positive,Verbe,answers,ukuphendula,antwoorde,Dikarabo .,iimpendulo,mhinduro,expanded_shona_lexicon,mhinduro
Ambuluja,dépêcher,2.0,Positive,Verbe,hurry,shesha,haastig,phakiša,khawuleza,kurumidza,expanded_shona_lexicon,kurumidza
Amba:dire,dire,2.0,Positive,Verbe,say,khuluma,sê,bolela,yithi,taura,expanded_shona_alt,iti
Ambulula,répéter,2.0,Positive,Verbe,repeat,phinda,herhaal,bušeletša,phinda,dzokorora,expanded_shona_lexicon,dzokorora
Angula,ramasser,2.0,Positive,Verbe,pick up,Phakamisa,optel,topa,Phakamisa,nhonga,expanded_shona_lexicon,nhonga
Angulula,reramasse,2.0,Positive,Verbe,pick up again,Thatha futhi,weer optel,Tšea gape .,thatha kwakhona,tora zvakare,expanded_shona_lexicon,tora zvakare
Ambakaja,superposer,2.0,Positive,Verbe,superimpose,ukuphukhulumisa,superponeer,superimpose .,isuse,superimpose,expanded_shona_loanword,superimpose
Andamuna,répondre,2.0,Positive,Verbe,answer,impendulo,antwoord,karabo,Impendulo,mhinduro,expanded_shona_lexicon,mhinduro
Angata,prend,2.0,Positive,Verbe,takes,izakahlela,neem,E tšea .,ithatha,zvinotora,expanded_shona_alt,inotora
Bukenka,lumière,2.0,Positive,Verbe,light,-mhlophe,lig,seetša,ukukhanya,chiedza,expanded_shona_lexicon,chiedza
Bikasa,cérémoniecoutumière,2.0,Positive,Mot,customary ceremony,Umkhosi Owesiko,gebruiklike seremonie,Moletlo wa Setlwaedi .,Umnyhadala wesintu,custary ceremony,expanded_shona_alt,mhemberero yetsika
Buloba,terre,2.0,Positive,Mot,earth,inhlabathi,aarde,lefase,Umhlaba,pasi,expanded_shona_lexicon,pasi
Binsonji,leslarmes,2.0,Positive,Mot,tears,izinyembekathi,trane,megokgo,Iinyembezi,misodzi,expanded_shona_lexicon,misodzi
Bilela,jeu,2.0,Positive,Mot,game,igemu,speletjie,papadi,umdlalo,mutambo,expanded_shona_lexicon,mutambo
Bilamba,habits,2.0,Positive,Mot,clothes,izingubo,klere,diaparo,iimpahla,zvipfeko,expanded_shona_lexicon,zvipfeko
Biluatu,vêtements,2.0,Positive,Mot,clothes,izingubo,klere,diaparo,iimpahla,zvipfeko,expanded_shona_lexicon,zvipfeko
Busuyi,Caboche,2.0,Positive,Mot,noggin,Inqwaba,Noggin,Noggin .,Noggin,noggin,expanded_shona_loanword,noggin
Bufuki,créature,2.0,Positive,Mot,creature,isilwane,skepsel,Sebopiwa .,isidalwa,chisikwa,expanded_shona_lexicon,chisikwa
Biunvuidi,écouteurs,2.0,Positive,Mot,headphones,Ama-headphones,oorfone,Di-headphone .,iintloko zentloko,mahedhifoni,expanded_shona_lexicon,mahedhifoni
Biuma,dote,2.0,Positive,Mot,dowry,isipho semali,bruidskat,Magadi .,i-dowry,dowry,expanded_shona_alt,roora
Binvundu,désordres,-8.0,Negative,Mot,disorders,ukuphaziseka,versteurings,Mathata a .,ukuphazamiseka,kusagadzikana,expanded_shona_lexicon,kusagadzikana
Bilongu,fleurs,6.0,Positive,Mot,flowers,izimbali,blomme,Matšoba a .,Iintyatyambo,maruva,expanded_shona_lexicon,maruva
Bunia,plier,6.0,Positive,Verbe,bend,gobisa,buig,koba,gobe,bend,expanded_shona_loanword,bend
Bulela,connaissance,6.0,Positive,Mot,awareness,ukuzwa,bewustheid,temogo,ukwazisa,kuziva,expanded_shona_lexicon,kuziva
Bujitu,poind,6.0,Positive,Mot,point,khomba,punt,šupa,inqaku,poindi,expanded_shona_lexicon,poindi
Bunsantu,sainteté,6.0,Positive,Mot,holiness,ubungcwele,heiligheid,Bokgethwa .,ubungcwele,hutsvene,expanded_shona_alt,utsvene
Busenji,imbécillité,-3.0,Negative,Mot,imbecility,ukumbeílity,imbesiliteit,Boithabiso .,ibbelity,kusimba,expanded_shona_lexicon,kusimba
Bantu,lesgens,4.0,Positive,Mot,people,abantu,mense,batho,abantu,vanhu,expanded_shona_lexicon,vanhu
Bansantu,lessaints,4.0,Positive,Mot,the saints,Abangcwele,die heiliges,Bakgethwa .,AbaNgcwele,vatsvene,expanded_shona_lexicon,vatsvene
Banjelu,lesanges,4.0,Positive,Mot,angels,izingelosi,engele,Barongwa ba .,iingelosi,ngirozi,expanded_shona_lexicon,ngirozi
Buinvi,levol,-7.0,Negative,Mot,levol,inyohlilokazi,levol,Levol .,ILevs,levol,expanded_shona_loanword,levol
Buikila,ferme,-5.0,Negative,Mot,farm,ipulazi,plaas,polase,ifama,purazi,expanded_shona_lexicon,purazi
Butaka,sexe,3.0,Positive,Mot,sex,ubulili,seks,Thobalano .,isondo,bonde,expanded_shona_lexicon,bonde
Bualu,lit,3.0,Positive,Mot,bed,umbhede,bed,mpete,ibhedi,mubhedha,expanded_shona_lexicon,mubhedha
Bufuka,fertile,3.0,Positive,Mot,fertile,-zothile,vrugbaar,nonnego,vertile,yakaorera,expanded_shona_lexicon,yakaorera
Bueja,entre,3.0,Positive,Mot,between,ngaphakathi,tussen,magareng,phakathi,pakati,expanded_shona_lexicon,pakati
Buatu,bateau,3.0,Positive,Mot,boat,isikebhe,boot,seketswana,isikhephe,chikepe,expanded_shona_lexicon,chikepe
Benga,réfut,3.0,Positive,Mot,rebuttal,-buyembuliwe,weerlegging,Kganetšo ya go ganetša .,I-regtal,rebuttal,expanded_shona_loanword,rebuttal
Bukula,farine,3.0,Positive,Mot,flour,incushuncushu,meel,folouru,umgubo,hupfu,expanded_shona_alt,upfu
Busa,l'oseille,3.0,Positive,Mot,sorrel,isingwana sesifulo,suring,Sorrel .,i-sorrel,sorrel,expanded_shona_loanword,sorrel
Bundu,honte,-7.0,Negative,Mot,shame,amahloni,skaamte,mahlabišadihlong,ihlazo,nyadzi,expanded_shona_lexicon,nyadzi
Bintu,choses,3.0,Positive,Mot,things,izinto,dinge,dilo,izinto,zvinhu,expanded_shona_lexicon,zvinhu
Bilela,blague,3.0,Positive,Mot,joke,ihlaya,grap,metlae,hlekisa,joke,expanded_shona_loanword,joke
Bînenka,trèsbien,3.0,Positive,Mot,alright,Phenduleki,Goed,Go lokile,Kulungile,horaiti,expanded_shona_lexicon,horaiti
Dîku,famille,3.0,Positive,Mot,family,umndeni,familie,lapa,usapho,mhuri,expanded_shona_lexicon,mhuri
Bidia,foufou,3.0,Positive,Mot,foufou,i-foufou,foefou,Foufou .,i-foufou,foufou,expanded_shona_loanword,foufou
Dikalu,vélo,3.0,Positive,Mot,bike,ibhanoyi,fiets,paesekela,ibhayisekile,bhasikoro,expanded_shona_lexicon,bhasikoro
Dikasa,pied,3.0,Positive,Mot,foot,unyawo,voet,leoto,inyawo,tsoka,expanded_shona_lexicon,tsoka
Disambila,prière,3.0,Positive,Mot,prayer,isicelo,gebed,Thapelo .,Umthandazo,munamato,expanded_shona_alt,munyengetero
Dikumi,dix,3.0,Positive,Mot,ten,ishumi,tien,lesome,Shumi,gumi,expanded_shona_lexicon,gumi
Difu,ventre,3.0,Positive,Mot,belly,isisu,maag,mpa,isisu,dumbu,expanded_shona_lexicon,dumbu
Diakalenga,bonheur,3.0,Positive,Mot,happiness,injabulo,geluk,lethabo,ulonwabo,mufaro,expanded_shona_lexicon,mufaro
Dîkisha,repot,3.0,Positive,Mot,repot,phisha futhi,verpot,Repot .,repot,repot,expanded_shona_loanword,repot
Dikumbi,parapluie,3.0,Positive,Mot,umbrella,isambulela,sambreel,amporela,isambrela,umbrella,expanded_shona_alt,amburera
Dindila,attente,3.0,Positive,Mot,waiting,-lindizayo,wag,letile,ndilinde,kumirira,expanded_shona_lexicon,kumirira
Disoso,trou,3.0,Positive,Mot,hole,umgodi,gat,lešoba,umngxunya,gomba,expanded_shona_lexicon,gomba
Dikela,petittrou,3.0,Positive,Mot,little hole,umgodi omncane,klein gaatjie,Lesoba le Lenyenyane .,umngxunya omncinci,gomba diki,expanded_shona_alt,gomba duku
Dilongu,casserole,3.0,Positive,Mot,pan,ipani,pan,pane,ipani,pan,expanded_shona_loanword,pan
Ditalaji,l'ombrage,3.0,Positive,Mot,shading,ukuhlangulela,skadu,Go dira moriti .,i-shading,shading,expanded_shona_loanword,shading
Diata,piétiner,3.0,Positive,Mot,trample,swayela,vertrap,Kgatelelo ya madi .,inyanya,tsika,expanded_shona_alt,tsikirira
Dienzejibua,obligation,3.0,Positive,Mot,obligation,isibopho,verpligting,tlamego,uxanduva,chisungo,expanded_shona_alt,mutoro
Diandamuna,réponse,3.0,Positive,Mot,answer,impendulo,antwoord,karabo,Impendulo,mhinduro,expanded_shona_lexicon,mhinduro
Dikokesha,gouverner,3.0,Positive,Verbe,govern,phatha,regeer,mmušo wa go buša .,wisa umthetho,kutonga,expanded_shona_lexicon,kutonga
Diobesha,marquer,3.0,Positive,Verbe,mark,beka,merk,Letshwao .,uphawu,maka,expanded_shona_lexicon,maka
Dituntumuna,transporter,3.0,Positive,Verbe,carry,thwala,dra,rwala,phatha,takura,expanded_shona_lexicon,takura
Diambuluisha,aider,3.0,Positive,Verbe,help,Usizo,help,thušo,Nceda,rubatsiro,expanded_shona_lexicon,rubatsiro
Dibandishibua,élever,3.0,Positive,Verbe,raise,phakamisa,verhoog,godiša,phakamisa,simudza,expanded_shona_lexicon,simudza
Dibanjija,dédicacé,3.0,Positive,Mot,dedication,ukunikela,toewyding,kabelo,Ukunikezelwa,kuzvitsaurira,expanded_shona_alt,kuzvipira
Dilombodibua,êtreconduit,3.0,Positive,Mot,to be driven,Ukuqhutshwa,bestuur te word,go ba le go otlelwa .,ukuqhutywa,kuti uendeswa,expanded_shona_alt,kufambiswa
Dipangadika,décision,3.0,Positive,Mot,decision,isiphetho,besluit,sephetho,isigqibo,chisarudzo,expanded_shona_lexicon,chisarudzo
Didisuila,publier,3.0,Positive,Verbe,publish,khiphela ukuthengisa,publiseer,Phatlalatša .,shicilela,paridza,expanded_shona_alt,buditsa
Disama,maladie,3.0,Positive,Mot,disease,isifo,siekte,bolwetši,isifo,chirwere,expanded_shona_lexicon,chirwere
Diepuka,dévier,3.0,Positive,Verbe,deviate,phambuka,afwyk,Go fapoga .,phambuka,kutsauka,expanded_shona_lexicon,kutsauka
Dielakana,confondre,3.0,Positive,Verbe,to confuse,Ukudida,te verwar,Go ferekanya .,ukudideka,kuvhiringidza,expanded_shona_alt,kuvhiringa
Dialakana,envier,3.0,Positive,Verbe,envy,umona,afguns,duma,umona,godo,expanded_shona_alt,shanje
Dîtu,forêt,3.0,Positive,Mot,forest,ihlathi,woud,lešoka,ihlathi,sango,expanded_shona_lexicon,sango
Ebeja,demander,3.0,Positive,Verbe,ask,buza,vra,kgopela,buza,bvunza,expanded_shona_lexicon,bvunza
Elela,mettre,3.0,Positive,Verbe,put,beka,sit,bea,faka,isa,expanded_shona_lexicon,isa
Elesha,mettredansunechose,3.0,Positive,Verbe,put in something,faka okuthile,iets insit,Bea selo se sengwe .,beka into,isa mune chimwe chinhu,expanded_shona_lexicon,isa mune chimwe chinhu
Enzela,faire,3.0,Positive,Verbe,to do,OKUZO KWENZIWA,OM TE DOEN,go dira .,UKWENZA,kuita,expanded_shona_lexicon,kuita
Enzulula,refaire,3.0,Positive,Verbe,redo,yenzamula,oordoen,Redo .,redo,redo,expanded_shona_loanword,redo
Enda,marche,3.0,Positive,Verbe,walk,vakasha,loop,sepela,hamba,famba,expanded_shona_lexicon,famba
Endulula,remarche,3.0,Positive,Verbe,walk again,uhambe futhi,loop weer,Sepela gape .,hamba kwakhona,famba zvakare,expanded_shona_lexicon,famba zvakare
Eku,ici,3.0,Positive,Mot,here,lapha,hier,mo,Apha,pano,expanded_shona_lexicon,pano
Enda,marcher,3.0,Positive,Verbe,to walk,ukuhamba,te loop,Go sepela .,ukuhamba,kufamba,expanded_shona_lexicon,kufamba
Funda,écrire,3.0,Positive,Verbe,to write,ukubhala,te skryf,Go ngwala .,ukubhala,kunyora,expanded_shona_lexicon,kunyora
Fundulula,réécrire,3.0,Positive,Verbe,rewrite,loba futhi,herskryf,Ngwala gape .,phinda ubhale,nyorazve,expanded_shona_lexicon,nyorazve
Fimbu,foué,3.0,Positive,Mot,crazy,-phambene,gek,gafago,razy,kupenga,expanded_shona_lexicon,kupenga
Ikila,causer,3.0,Positive,Verbe,cause,dala,oorsaak,hlola,unobangela,chikonzero,expanded_shona_lexicon,chikonzero
Indila,attend,3.0,Positive,Verbe,wait,linda,wag,leta,yima,mirira,expanded_shona_lexicon,mirira
Ikala,soit,0.0,Neutre,Verbe,either,noma,óf,e ka ba,nokuba,zvimwe,expanded_shona_alt,kana
Kasuyi,haché,3.0,Positive,Mot,ax,izenube,byl,Selepe .,i-ax,demo,expanded_shona_lexicon,demo
Kela,couto,3.0,Positive,Mot,couto,couto,couto,Couto .,couto,couti,expanded_shona_lexicon,couti
Kalalu,berceau,3.0,Positive,Mot,cradle,imbeleko,wieg,Cradle .,cradle,cradle,expanded_shona_loanword,cradle
Kalulu,lapin,3.0,Positive,Mot,rabbit,unogwaja,haas,mmutla,umvundla,tsuro,expanded_shona_lexicon,tsuro
Kawundu,eguille,3.0,Positive,Mot,eguille,Eguille,eguille,Eguille .,I-Egyuil,egegele,expanded_shona_lexicon,egegele
Kenga,souffres,3.0,Positive,Mot,suffer,hlupheka,ly,tlaišega,yiva,tambura,expanded_shona_lexicon,tambura
Kanga,ferme,3.0,Positive,Mot,farm,ipulazi,plaas,polase,ifama,purazi,expanded_shona_lexicon,purazi
Konga,s'informer,3.0,Positive,Verbe,get informed,Thola ulwazi,word ingelig,Tsebišwa .,funda,zivisa,expanded_shona_alt,kuwana ruzivo
Kupuekela,abaissement,3.0,Positive,Mot,lowering,ukwehlisa,verlaging,Go Theoga .,ukuthoba,kuderedza,expanded_shona_lexicon,kuderedza
Kulekela,abandon,3.0,Positive,Mot,abandonment,ukulahlwa,verlating,Go Tloga .,ukuyeka,kusiiwa,expanded_shona_lexicon,kusiiwa
Mukumike,abattu,3.0,Positive,Mot,dejected,kudalwe,neerslagtig,E nyamile .,ivunyiwe,kushatiswa,expanded_shona_lexicon,kushatiswa
Mudishikamine,affranchi,3.0,Positive,Mot,freed,-thunjya,bevry,E lokolotšwe .,ikhululwe,kusunungurwa,expanded_shona_alt,vasunungurwa
Muenatshinyangu,abominable,3.0,Positive,Mot,abominable,kungeteki,afskuwelik,Se se šišinyegago .,amasikizi,zvinonyangadza,expanded_shona_lexicon,zvinonyangadza
Bidia,agapes,3.0,Positive,Mot,feast,idili,fees,monyanya,umthendeleko,mabiko,expanded_shona_lexicon,mabiko
Kujimija,abolition,3.0,Positive,Mot,abolition,ukuqedelana,afskaffing,Go fedišwa .,ukupheliswa,kubviswa,expanded_shona_lexicon,kubviswa
Tshiakanetshiditshianyisha,agreeable,3.0,Positive,Mot,agreeable,-hle,aangenaam,E amogelega .,iyavunywa,zvinobvumirwa,expanded_shona_alt,zvinogamuchirika
Tshiabuny,abondamment,3.0,Positive,Mot,abundantly,kakhulu,oorvloedig,ka bontši .,kakhulu,zvakawanda,expanded_shona_lexicon,zvakawanda
Bidimu,age,3.0,Positive,Mot,age,iminyaka,ouderdom,mengwaga,iminyaka,zera,expanded_shona_lexicon,zera
Kuvula,abondance,3.0,Positive,Mot,abundance,ubuningi,oorvloed,bontši,ubuninzi,zvakawanda,expanded_shona_alt,kuwanda
Dieba,aiguillon,3.0,Positive,Mot,sting,tinyela,steek,loma,ukubetha,kuruma,expanded_shona_lexicon,kuruma
Kumusha,abrogation,3.0,Positive,Mot,repeal,susa,herroep,Go phumolwa .,iyarhoxiswa,kudzinga,expanded_shona_alt,kubvisa
Mapuapua,aile,3.0,Positive,Mot,wing,iphiko,vlerk,Lephego la lephego .,iphiko,wing,expanded_shona_alt,bapiro
Dipumbishibua,absence,3.0,Positive,Mot,absence,ukungabibikho,afwesigheid,se be gona,ukungabikho,kusavapo,expanded_shona_lexicon,kusavapo
Kukuabu,ailleurs,3.0,Positive,Mot,elsewhere,kwenye indawo,elders,Felo go gongwe .,kwenye indawo,kumwe kunhu,expanded_shona_alt,kumwewo
Bululu,absinthe,3.0,Positive,Mot,absinthe,Absinthe,absint,Absinthe .,i-absinthe,absinther,expanded_shona_lexicon,absinther
Tshimuenenu,airapparencevisuel,3.0,Positive,Mot,airappearancevisual,i-airAantancevisual,lugvoorkoms visueel,Sefofane sa go tšwelela ka sefofaneng,i-airappiance,kukonzeresa,expanded_shona_lexicon,kukonzeresa
Menemene,absolument,3.0,Positive,Mot,absolutely,nakanjani,absoluut,ka nnete,ngokupheleleyo,zvechokwadi,expanded_shona_alt,zvachose
Tshituilu,aire,3.0,Positive,Mot,area,indawo,gebied,tikologo,indawo,nharaunda,expanded_shona_lexicon,nharaunda
Tshiakuitaba,acceptable,3.0,Positive,Mot,acceptable,-mukelekile,aanvaarbaar,E amogelegago .,yamkelekile,zvinogamuchirika,expanded_shona_lexicon,zvinogamuchirika
Butalale,aise,3.0,Positive,Mot,easy,-ncwaba,maklik,bonolo,kulula,nyore,expanded_shona_lexicon,nyore
Tshibueledi,accès,3.0,Positive,Mot,access,tholakala,toegang,fihlelela,fikelela,kupinda,expanded_shona_lexicon,kupinda
Mupepele,aisé,3.0,Positive,Mot,easy,-ncwaba,maklik,bonolo,kulula,nyore,expanded_shona_lexicon,nyore
Kudiunda,accroissement,3.0,Positive,Mot,increase,ukukhula,verhoog,oketša,Nyusa,kuwedzera,expanded_shona_lexicon,kuwedzera
Tshiakudia,aliment,3.0,Positive,Mot,food,ukudla,kos,dijo,ukutya,chikafu,expanded_shona_lexicon,chikafu
Dikumbana,accomplissement,3.0,Positive,Mot,accomplishment,ubungcweti,prestasie,Phihlelelo .,impumelelo,kuita,expanded_shona_alt,kubudirira
Mifuanu,allégorique,3.0,Positive,Mot,allegorical,ngokusobala,allegories,Seswantšhetšo .,allegorical,allogorical,expanded_shona_alt,zvedimikira
Diyidimue,accord,3.0,Positive,Mot,agreement,isivumelwano,ooreenkoms,tumelelano,isivumelwano,chibvumirano,expanded_shona_lexicon,chibvumirano
Disanka,allégresse,3.0,Positive,Mot,joy,injabulo,vreugde,boipshino,uvuyo,mufaro,expanded_shona_lexicon,mufaro
Mubandi,accusateur,3.0,Positive,Mot,accuser,umgqugquzeli,aanklaer,Molatodiši .,umtyholwa,vapomeri,expanded_shona_alt,mupomeri
Tshipungidi,alliance,3.0,Positive,Mot,alliance,isivumelwano sokubambisana,alliansie,Selekane sa .,umanyano,alliance,expanded_shona_alt,mubatanidzwa
Bubandi,accusation,3.0,Positive,Mot,charge,khokhisa,hef,lefiša,intlawulo,mhosva,expanded_shona_lexicon,mhosva
Bulopo,ambassade,3.0,Positive,Mot,embassy,indawo yokuhlala noma ihhovisi lenxusa,ambassade,Botseta .,inzala,embassy,expanded_shona_loanword,embassy
Dipeta,acquisition,3.0,Positive,Mot,acquisition,okutholakele,verkryging,phihlelelo,ukufunyanwa,kutora,expanded_shona_alt,kuwana
Bulunda,amitié,3.0,Positive,Mot,friendship,ubudlelwane,vriendskap,segwera,ubuhlobo,hushamwari,expanded_shona_alt,ushamwari
Tshienzedi,action,3.0,Positive,Mot,action,ukwenza,aksie,kgato,isenzo,chiito,expanded_shona_lexicon,chiito
Bikole,amèrement,3.0,Positive,Mot,bitterly,-babayo,bitterlik,ka go baba .,ngokukrakra,zvinoshungurudza,expanded_shona_alt,zvinovava
Disuminyina,activité,3.0,Positive,Mot,activity,ukukhuthala,aktiwiteit,mošomo,Umsebenzi,chiitiko,expanded_shona_lexicon,chiitiko
Tshidimu,an,3.0,Positive,Mot,year,unyaka,jaar,ngwaga,unyaka,gore,expanded_shona_lexicon,gore
Muenamudimu,administrateur,3.0,Positive,Mot,administrator,umsingathi,administrateur,Molaodi .,umlawuli,administrator,expanded_shona_loanword,administrator
Mulawu,anathème,3.0,Positive,Mot,anathema,uhlobo,anathema,Anathema .,i-antiather,anatherema,expanded_shona_lexicon,anatherema
Kudimusha,admonestation,3.0,Positive,Mot,admonition,ukuqondiswa kwendlu,vermaning,Keletšo .,isibongozo,kuraira,expanded_shona_alt,yambiro
Nkambua,ancêtre,3.0,Positive,Mot,ancestor,ukhokho,voorouer,Mogologolo .,ukhokho,ancestor,expanded_shona_alt,tateguru
Dipiana,adoption,3.0,Positive,Mot,adoption,ukuthabatha,aanneming,Go amogelwa ga bana .,ukuqaphela,kugamuchirwa,expanded_shona_lexicon,kugamuchirwa
Dikenga,angoisse,3.0,Positive,Mot,anguish,usizi,angs,tlalelo ya tlalelo .,Intlungu,kushungurudzika,expanded_shona_alt,kurwadziwa
Mukukuidi,adorateur,3.0,Positive,Mot,worshiper,umkhulekeli,aanbidder,Morapedi .,umnquli,vanamati,expanded_shona_alt,munamati
Dimueneka,apparition,3.0,Positive,Mot,appearance,ukubonakala,voorkoms,ponagalo,imbonakalo,chitarisiko,expanded_shona_lexicon,chitarisiko
Masandi,adultère,-5.0,Negative,Mot,adultery,ukuphinga,owerspel,Bohlotlolo .,ukukrexeza,upombwe,expanded_shona_lexicon,upombwe
Dibikila,appel,1.0,Positive,Mot,call,memeza,bel,bitša,umnxeba,kufona,expanded_shona_lexicon,kufona
Muenalukuna,adversaire,-1.0,Negative,Mot,opponent,isitha,opponent,Moganetši .,umchasi,mupikisi,expanded_shona_alt,muvengi
Dibikidibua,vocation,1.0,Positive,Mot,vocation,ubizo,roeping,Pitso ya .,umsebenzi,basa,expanded_shona_lexicon,basa
Nsangilu,assemblée,1.0,Positive,Mot,assembly,umbuthano,samestelling,kopano,indibano,gungano,expanded_shona_alt,ungano
Musoko,bourgeoise,1.0,Positive,Mot,bourgeois,bourgeois,bourgeois,Bo-bourgeois .,bourgeois,bourgeois,expanded_shona_loanword,bourgeois
Tshibombu,bourse,1.0,Positive,Mot,sotck exchange,SOTCK Exchange,sotck ruil,Phapanyetsano ya Sotck .,Ukutshintshiselana nge-sotck,sotck exchange,expanded_shona_loanword,sotck exchange
Ditamba,branche,1.0,Positive,Mot,branch,igatsha,tak,lekala,isebe,bazi,expanded_shona_lexicon,bazi
Mutoyi,bruit,1.0,Positive,Mot,noise,isixokoxoko,geraas,lešata,ingxolo,ruzha,expanded_shona_lexicon,ruzha
Tshikutu,buisson,1.0,Positive,Mot,bush,ihlathi,bossie,sethokgwa,ityholo,bush,expanded_shona_alt,gwenzi
MunuWamaluvu,buveur,1.0,Positive,Mot,drinker,uphuzile,drinker,Monwi .,isrinker,kudhakwa,expanded_shona_alt,chinwiwa
Ditalala,calme,1.0,Positive,Mot,calm,ukuthula,kalm,homola,ukuzola,dzikama,expanded_shona_alt,kudzikama
Musonguedianganyi,calomniateur,-7.0,Negative,Mot,slanderer,umnyundeyeli,lasteraar,Motho yo a senyago leina .,umhlebi,selderer,expanded_shona_alt,mucheri
Tshitudilu,camp,5.0,Positive,Mot,camp,khempa,kamp,Kampo ya .,inkampu,musasa,expanded_shona_lexicon,musasa
Kapita,capitaine,5.0,Positive,Mot,captain,induna yamasosha,kaptein,Mokapotene .,umphathi,kaputeni,expanded_shona_alt,mutungamiri
Mupika,captif,5.0,Positive,Mot,captive,-banjiwe,gevange,Go thopša .,thinta,vatapwa,expanded_shona_alt,musungwa
Lukanu,captivité,5.0,Positive,Mot,captivity,ukubanjwa,gevangenskap,Bothopša .,ukuthinjwa,kutapwa,expanded_shona_lexicon,kutapwa
Carrefour,masangu,5.0,Positive,Mot,masangu,masangu,masagu,Masangu .,masangu,mashur,expanded_shona_lexicon,mashur
Bukole,ardeur,5.0,Positive,Mot,ardor,adlangi kahle,ywer,Go ba le phišego .,i-ardor,aoror,expanded_shona_alt,shungu
Tshimuenenu,aspect,5.0,Positive,Mot,appearance,ukubonakala,voorkoms,ponagalo,imbonakalo,chitarisiko,expanded_shona_lexicon,chitarisiko
Mushipianganyi,assassin,-3.0,Negative,Mot,assassin,umbulali womholi womphakathi,sluipmoordenaar,Mmolai wa .,ukubulala,assassin,expanded_shona_alt,mhondi
Mikalu,borne,1.0,Positive,Mot,terminal,Isikhumulo,terminaal,Terminal .,Indawo yokukhwelela,terminal,expanded_shona_loanword,terminal
Musonguedianganyi,calomniateur,-3.0,Negative,Mot,slanderer,umnyundeyeli,lasteraar,Motho yo a senyago leina .,umhlebi,selderer,expanded_shona_alt,mucheri
Tshitudilu,camp,2.0,Positive,Mot,camp,khempa,kamp,Kampo ya .,inkampu,musasa,expanded_shona_lexicon,musasa
Kapita,capitaine,2.0,Positive,Mot,captain,induna yamasosha,kaptein,Mokapotene .,umphathi,kaputeni,expanded_shona_alt,mutungamiri
Mupika,captif,2.0,Positive,Mot,captive,-banjiwe,gevange,Go thopša .,thinta,vatapwa,expanded_shona_alt,musungwa
Tshibombu,bourse,2.0,Positive,Mot,sotck exchange,SOTCK Exchange,sotck ruil,Phapanyetsano ya Sotck .,Ukutshintshiselana nge-sotck,sotck exchange,expanded_shona_loanword,sotck exchange
Ditamba,branche,2.0,Positive,Mot,branch,igatsha,tak,lekala,isebe,bazi,expanded_shona_lexicon,bazi
Mutoyi,bruit,2.0,Positive,Mot,noise,isixokoxoko,geraas,lešata,ingxolo,ruzha,expanded_shona_lexicon,ruzha
Tshikutu,buisson,2.0,Positive,Mot,bush,ihlathi,bossie,sethokgwa,ityholo,bush,expanded_shona_alt,gwenzi
MunuWamaluvu,buveur,2.0,Positive,Mot,drinker,uphuzile,drinker,Monwi .,isrinker,kudhakwa,expanded_shona_alt,chinwiwa
Ditalala,calme,2.0,Positive,Mot,calm,ukuthula,kalm,homola,ukuzola,dzikama,expanded_shona_alt,kudzikama
Bukole,ardeur,2.0,Positive,Mot,ardor,adlangi kahle,ywer,Go ba le phišego .,i-ardor,aoror,expanded_shona_alt,shungu
Tshimuenenu,aspect,2.0,Positive,Mot,appearance,ukubonakala,voorkoms,ponagalo,imbonakalo,chitarisiko,expanded_shona_lexicon,chitarisiko
Mushipianganyi,assassin,2.0,Positive,Mot,assassin,umbulali womholi womphakathi,sluipmoordenaar,Mmolai wa .,ukubulala,assassin,expanded_shona_alt,mhondi
Dikima,assurance,2.0,Positive,Mot,insurance,umshwalense,versekering,inšorentshe,i-inshurensi,inishuwarenzi,expanded_shona_lexicon,inishuwarenzi
Kuindila,attente,2.0,Positive,Mot,waiting,-lindizayo,wag,letile,ndilinde,kumirira,expanded_shona_lexicon,kumirira
Ntema,attention,2.0,Positive,Mot,attention,ukuqaphela,aandag,tlhokomelo,ingqalelo,kutariswa,expanded_shona_alt,kutarisa
Dikamakama,audace,4.0,Positive,Mot,audacity,Okukholweni,vermetelheid,sebete sa go ba le sebete .,ukuphazamiseka,kuoneka,expanded_shona_lexicon,kuoneka
Munvui,auditeur,4.0,Positive,Mot,listener,umlaleli,luisteraar,Motheeletši .,mphulaphuli,muteereri,expanded_shona_lexicon,muteereri
Mushipu,automne,4.0,Positive,Mot,autumn,ikwindla,herfs,lehlabula,ekwindla,autumn,expanded_shona_alt,matsutso
Bukokeshi,autorité,4.0,Positive,Mot,authority,isiphathimandla,gesag,taolo,igunya,chiremera,expanded_shona_lexicon,chiremera
Didiundisha,avancement,4.0,Positive,Mot,advancement,ukuqhubekela phambili,vooruitgang,Kgatelopele .,ukuqhubela phambili,kufambira mberi,expanded_shona_lexicon,kufambira mberi
Ditamba,avantage,4.0,Positive,Mot,advantage,imbuyiselo,voordeel,mohola,inzuzo,mukana,expanded_shona_lexicon,mukana
Lukuka,Lukuka:avare,4.0,Positive,Mot,lukuka: miserly,Lukaka: kabi,Lukuka: gierig,Lukuka: ke na le maikutlo a go hloka maikutlo a go se be le mohola.,UKeka: gwenxa,lukuka: zvakaipa,expanded_shona_alt,lukeka: nhamo
Tshipiminu,balance,4.0,Positive,Mot,balance,ukuzimelela,balans,palantshe,ibhalansi,balance,expanded_shona_loanword,balance
Tshilulu,bande,4.0,Positive,Mot,band,isibopho,band,lepanta,band,bhendi,expanded_shona_lexicon,bhendi
Mikalu,borne,4.0,Positive,Mot,terminal,Isikhumulo,terminaal,Terminal .,Indawo yokukhwelela,terminal,expanded_shona_loanword,terminal
Musoko,bourgeoise,4.0,Positive,Mot,bourgeois,bourgeois,bourgeois,Bo-bourgeois .,bourgeois,bourgeois,expanded_shona_loanword,bourgeois
Tshibombu,bourse,4.0,Positive,Mot,sotck exchange,SOTCK Exchange,sotck ruil,Phapanyetsano ya Sotck .,Ukutshintshiselana nge-sotck,sotck exchange,expanded_shona_loanword,sotck exchange
Ditamba,branche,4.0,Positive,Mot,branch,igatsha,tak,lekala,isebe,bazi,expanded_shona_lexicon,bazi
Mutoyi,bruit,4.0,Positive,Mot,noise,isixokoxoko,geraas,lešata,ingxolo,ruzha,expanded_shona_lexicon,ruzha
Tshikutu,buisson,4.0,Positive,Mot,bush,ihlathi,bossie,sethokgwa,ityholo,bush,expanded_shona_alt,gwenzi
MunuWamaluvu,buveur,4.0,Positive,Mot,drinker,uphuzile,drinker,Monwi .,isrinker,kudhakwa,expanded_shona_alt,chinwiwa
Ditalala,calme,4.0,Positive,Mot,calm,ukuthula,kalm,homola,ukuzola,dzikama,expanded_shona_alt,kudzikama
Tshitudilu,camp,1.0,Positive,Mot,camp,khempa,kamp,Kampo ya .,inkampu,musasa,expanded_shona_lexicon,musasa
Kapita,capitaine,1.0,Positive,Mot,captain,induna yamasosha,kaptein,Mokapotene .,umphathi,kaputeni,expanded_shona_alt,mutungamiri
Mupika,captif,-3.0,Negative,Mot,captive,-banjiwe,gevange,Go thopša .,thinta,vatapwa,expanded_shona_alt,musungwa
Lukanu,captivité,-7.0,Negative,Mot,captivity,ukubanjwa,gevangenskap,Bothopša .,ukuthinjwa,kutapwa,expanded_shona_lexicon,kutapwa
Carrefour,masangu,2.0,Positive,Mot,masangu,masangu,masagu,Masangu .,masangu,mashur,expanded_shona_lexicon,mashur
Tshimuenenu,aspect,1.0,Positive,Mot,appearance,ukubonakala,voorkoms,ponagalo,imbonakalo,chitarisiko,expanded_shona_lexicon,chitarisiko
Mushipianganyi,assassin,-9.0,Negative,Mot,assassin,umbulali womholi womphakathi,sluipmoordenaar,Mmolai wa .,ukubulala,assassin,expanded_shona_alt,mhondi
Carrefour,masangu,1.0,Positive,Mot,masangu,masangu,masagu,Masangu .,masangu,mashur,expanded_shona_lexicon,mashur
Bukole,ardeur,1.0,Positive,Mot,ardor,adlangi kahle,ywer,Go ba le phišego .,i-ardor,aoror,expanded_shona_alt,shungu
bunyi,Motbre,1.0,Positive,Mot,motbre,IMotbre,Motbre,MOTBRE .,Isiqu,motbre,expanded_shona_loanword,motbre
bapita,Motbreux,1.0,Positive,Mot,motbreux,UMotbreux,Motbreux,Motbreux .,I-streblex,motbndux,expanded_shona_lexicon,motbndux
kufikisha,noircir,1.0,Positive,Mot,blacken,-mayela,swart word,blacken .,mnyama,blacken,expanded_shona_loanword,blacken
kudisha,nourir,1.0,Positive,Mot,feed,idili,voer,fepa,yondla,kudyisa,expanded_shona_lexicon,kudyisa
kuledibua,naitre,1.0,Positive,Mot,to be born,Ukuzalwa,gebore te word,Go belegwa .,ukuzalwa,kuberekwa,expanded_shona_alt,kuzvarwa
tshipiatshipia,nouveau,1.0,Positive,Mot,new,-kwanamuhla,nuut,mpsha,intsha,nyowani,expanded_shona_alt,itsva
tetu,nous,0.0,Neutre,Mot,we,Thina,Ons,Rena,Thina,isu,expanded_shona_lexicon,isu
kukoma,repasser,2.0,Positive,Verbe,iron,insimbi yoku-ayina,yster,aene,intsimbi,simbi,expanded_shona_lexicon,simbi
lusa,pitié,2.0,Positive,Verbe,pity,umunyu,jammer,kwelobohloko,nceba,tsitsi,expanded_shona_lexicon,tsitsi
kutela,énumérer,2.0,Positive,Verbe,list,bhala uhlu,lys,lenaneo,uluhlu,rondedzero,expanded_shona_lexicon,rondedzero
kututa,frapper,2.0,Positive,Verbe,hit,shaya,tref,betha,hit,rova,expanded_shona_lexicon,rova
kuenda,marcher,2.0,Positive,Verbe,to walk,ukuhamba,te loop,Go sepela .,ukuhamba,kufamba,expanded_shona_lexicon,kufamba
kuseka,rigoler,2.0,Positive,Verbe,to laugh,ukuhleka,om te lag,Go sega .,ukuhleka,kuseka,expanded_shona_lexicon,kuseka
mimueka,sourire,2.0,Positive,Mot,smile,ukumamatheka,glimlag,myemyela,uncumo,kunyemwerera,expanded_shona_alt,nyemwerero
kuseka,rire,2.0,Positive,Mot,laugh,gigitheka,lag,sega,hleka,kuseka,expanded_shona_alt,seka
kupeta,trouver,2.0,Positive,Verbe,find,fumana,vind,hwetša,fumana,tsvaga,expanded_shona_lexicon,tsvaga
kukumbaja,accomplir,2.0,Positive,Verbe,accomplish,feza,bereik,fihlelela,phumeza,zadzisa,expanded_shona_lexicon,zadzisa
kuhuja,remplir,2.0,Positive,Verbe,fill,gcwalisa,vul,tlatša,gcwalisa,zadza,expanded_shona_lexicon,zadza
mulayi,promesse,2.0,Positive,Verbe,promise,thembisa,belofte,tshephišo,isithembiso,vimbiso,expanded_shona_lexicon,vimbiso
kupesha,donner,2.0,Positive,Verbe,give,khangeza,gee,fa,nika,ipa,expanded_shona_lexicon,ipa
kuja,danser,2.0,Positive,Verbe,to dance,ukudansa,om te dans,go bina .,ukudanisa,kutamba,expanded_shona_lexicon,kutamba
kuimba,chanter,2.0,Positive,Verbe,sing,cula,sing,opela,cula,imba,expanded_shona_lexicon,imba
kupangila,rater,2.0,Positive,Verbe,miss,khumbula,mis,fetilwe,phosa,kupotsa,expanded_shona_lexicon,kupotsa
tshikosu,raccourcis,2.0,Positive,Mot,shortcuts,amashoshothi,kortpaaie,Dikgaoletšo .,iindlela ezimfutshane,shortcuts,expanded_shona_loanword,shortcuts
kututa,fouetter,2.0,Positive,Verbe,whip,thwebula,sweep,Sefepi .,i-whip,chikwapu,expanded_shona_alt,chikwapuro
dimanya,savoir,2.0,Positive,Verbe,know,bona,weet,tseba,yazi,ziva,expanded_shona_lexicon,ziva
kubika,réveiller,2.0,Positive,Verbe,wake,phaphama,wakker word,tsoga,vuka,wake,expanded_shona_loanword,wake
kukanga,fermer,2.0,Positive,Verbe,close,ngokuminyanisa,naby,tswalela,vala,vhara,expanded_shona_alt,pedyo
kualuja,remettre,2.0,Positive,Verbe,to put back,Ukubuyisela emuva,terug te sit,go bušetša morago .,ukubuyisela umva,kudzosera kumashure,expanded_shona_alt,kuisa shure
kuteka,déposer,2.0,Positive,Verbe,deposit,faka,deposito,tipositi,idipozithi,dhipoziti,expanded_shona_lexicon,dhipoziti
kulamba,préparer,2.0,Positive,Verbe,prepare,lungiselela,voorberei,beakanya,lungiselela,gadzirira,expanded_shona_lexicon,gadzirira
kutua,manipuler,2.0,Positive,Verbe,manipulate,khohlisa,manipuleer,šomiša bošaedi,bonisa,manipulate,expanded_shona_loanword,manipulate
lutandala,internet,2.0,Positive,Mot,internet,Isiqomanga ka-,Internet,Inthanete .,I-Intanethi,internet,expanded_shona_loanword,internet
kutshiankunya,mâcher,2.0,Positive,Verbe,chew,hlafuna,kou,sohla,chew,chew,expanded_shona_loanword,chew
kudilulula,ruminer,2.0,Positive,Verbe,ruminate,hlaba,herkou,Ruminate .,ruminate,rumbavate,expanded_shona_lexicon,rumbavate
kunyema,courir,2.0,Positive,Verbe,run,gijima,hardloop,kitima,baleka,kumhanya,expanded_shona_lexicon,kumhanya
kuipata,chasser,2.0,Positive,Verbe,chase,jaha,jaag,kitimiša,ukusukela,chase,expanded_shona_loanword,chase
kunvua,comprendre,2.0,Positive,Verbe,to understand,ukuqondisisa,te verstaan,Go kwešiša .,ukuqonda,kunzwisisa,expanded_shona_lexicon,kunzwisisa
kukupula,essuyer,2.0,Positive,Verbe,to wipe,ukusula,om af te vee,Go phumola .,ukusula,kupukuta,expanded_shona_lexicon,kupukuta
bukenka,lumière,2.0,Positive,Mot,light,-mhlophe,lig,seetša,ukukhanya,chiedza,expanded_shona_lexicon,chiedza
mundidimbi,ombre,2.0,Positive,Mot,shadow,ithunzi,skaduwee,morithi,isithunzi,mumvuri,expanded_shona_lexicon,mumvuri
muedi,barbe,2.0,Positive,Mot,beard,intshebe,baard,ditedu,iindevu,ndebvu,expanded_shona_lexicon,ndebvu
kudiabakena,lamenter,2.0,Positive,Verbe,lament,umgulila wezulu,weeklaag,Sello .,isijwili,kuungudza,expanded_shona_alt,kuchema
kuzakala,trembler,2.0,Positive,Verbe,tremble,qhaqhazela,bewe,thothomela .,thuthumela,kudedera,expanded_shona_lexicon,kudedera
kulaba,frotter,2.0,Positive,Verbe,rub,hlikihla,vryf,fogohla,rub,rub,expanded_shona_loanword,rub
nvunda,tourbillon,2.0,Positive,Mot,whirlwind,shirlwind,warrelwind,Ledimo la ledimo .,i-whirlwind,chimbudzi,expanded_shona_alt,chamupupuri
mukenya,eclaire,4.0,Positive,Mot,illuminated,kukhanyiswe,verlig,E bonešitšwe .,ikhanyisiwe,kuvhenekerwa,expanded_shona_lexicon,kuvhenekerwa
tshiululu,nuage,4.0,Positive,Mot,cloud,amafu,wolk,leru,ilifu,gore,expanded_shona_lexicon,gore
kufunda,accuser,4.0,Positive,Mot,accuse,beka icala,beskuldig,Latola .,isimangalo,kupomera,expanded_shona_alt,pomera mhosva
kansungansunga,discrimination,4.0,Positive,Mot,discrimination,ubandlululo,diskriminasie,kgethollo,ucalucalulo,kusarura,expanded_shona_alt,rusarura
kuikisha,reposer,4.0,Positive,Verbe,to rest,ukuphumula,om te rus,Go khutša .,ukuphumla,kuzorora,expanded_shona_lexicon,kuzorora
mulombi,mendier,4.0,Positive,Mot,beg,cela,smeek,Beg .,cela,kukumbira,expanded_shona_alt,kumbira
mudiavi,gourmand,4.0,Positive,Mot,gourmand,igourmand,fynproewers,Gourmand .,IGurmand,gourmand,expanded_shona_loanword,gourmand
muenantanda,citoyen,4.0,Positive,Mot,citizen,isakhamuzi,burger,modudi,ummi,mugari,expanded_shona_lexicon,mugari
kuadija,étaler,4.0,Positive,Verbe,spread,ukubhebhetheka,versprei,phatlalala,usasazeko,paradzira,expanded_shona_lexicon,paradzira
kuihila,sarcler,4.0,Positive,Verbe,weed,ukhula,onkruid,ngwang,ukhula,masora,expanded_shona_alt,sora
kutengula,circoncire,4.0,Positive,Verbe,circumcise,soka,besny,Boloki bja go bolotša .,walusa,kudzingisa,expanded_shona_alt,dzingisa
kubobesha,murmure,4.0,Positive,Verbe,murmur,ukhololo,murmureer,Go ngunanguna .,murmur,kugunun'una,expanded_shona_alt,gunun'una
kuluatshika,vêtir,4.0,Positive,Verbe,clothe,mbathisa,aantrek,Seaparo sa go apara .,nxiba,pre prefe,expanded_shona_alt,pfeka
kuadika,habiller,4.0,Positive,Verbe,dress,gqoka,rok,seaparo,nxiba,chipfeko,expanded_shona_lexicon,chipfeko
nvita,guerre,4.0,Positive,Mot,war,ukulwa,oorlog,ntwa,imfazwe,hondo,expanded_shona_lexicon,hondo
kujika,enterrer,4.0,Positive,Verbe,bury,ngcwaba,begrawe,boloka,ukungcwaba,kuviga,expanded_shona_alt,viga
kuakaja,ajuster,4.0,Positive,Verbe,adjust,fanelisa,aanpas,beakanya,lungisa,gadzirisa,expanded_shona_lexicon,gadzirisa
kulengeja,embellir,4.0,Positive,Verbe,embellish,hubela,versier,Embellish .,emzuzwini,embellish,expanded_shona_loanword,embellish
kutokesha,purifier,4.0,Positive,Verbe,purify,hlanza,suiwer,Hlwekiša .,hlamba,chinatsa,expanded_shona_lexicon,chinatsa
kabalamatuku,calendier,4.0,Positive,Mot,calendar,unsukuzonke,kalender,Tšhupamabaka ya .,ikhalenda,karenda,expanded_shona_lexicon,karenda
kuela,insérer,4.0,Positive,Verbe,insert,faka,invoeg,tsenya,faka,isa,expanded_shona_alt,pinza
kuludika,dresser,4.0,Positive,Verbe,dress,gqoka,rok,seaparo,nxiba,chipfeko,expanded_shona_lexicon,chipfeko
kubela,éduquer,4.0,Positive,Verbe,educate,fundisa,opvoed,Ruta .,fundisa,dzidzisa,expanded_shona_lexicon,dzidzisa
tshienzedi,acte,4.0,Positive,Mot,act,dlala,optree,molao,isenzo,chiito,expanded_shona_lexicon,chiito
kutshimuna,vaincre,4.0,Positive,Verbe,defeat,nqoba,nederlaag,fenya,yoyisiwe,kukunda,expanded_shona_alt,kukundwa
kutumbisha,louer,4.0,Positive,Verbe,to rent out,ukuqasha,te verhuur,Go hira .,ukuqesha ngaphandle,kubvarura,expanded_shona_alt,kuroja
kutangalaja,propager,4.0,Positive,Verbe,propagate,landa,voortplant,Phatlalatša .,ukusasaza,kuparadzira,expanded_shona_lexicon,kuparadzira
dizakala,tremblement,4.0,Positive,Mot,tremor,ukuzamazama komhlaba okulamalisa amanje,bewing,Go thothomela .,ungcangcazela,trement,expanded_shona_alt,kudedera
kuzakala,trembler,4.0,Positive,Verbe,tremble,qhaqhazela,bewe,thothomela .,thuthumela,kudedera,expanded_shona_lexicon,kudedera
kutshibuka,fracturer,-4.0,Negative,Verbe,fracture,ukwaphuka,breuk,Go robega .,ukwaphuka,kupwanyika,expanded_shona_alt,kutyoka
kukuta,rassasier,3.0,Positive,Verbe,satiate,isilingisi,versadig,Kgegea .,sathise,satiate,expanded_shona_loanword,satiate
kujima,eteindre,3.0,Positive,Verbe,turn off,vala,skakel af,Tima .,Cima,dzima,expanded_shona_lexicon,dzima
kutemesha,allumer,3.0,Positive,Verbe,to light up,ukukhanyisa,te verlig,Go boneša .,Ukukhanyisa,kuvhenekera,expanded_shona_lexicon,kuvhenekera
tshipiminu,mesure,3.0,Positive,Verbe,measure,kala,meet,lekanya,umlinganiso,kuyera,expanded_shona_alt,chiyero
kumonununa,revoir,3.0,Positive,Verbe,goodbye,Hamba kahle,totsiens,šala gabotse,Sala kakuhle,sara mushe,expanded_shona_lexicon,sara mushe
kutshina,craindre,-1.0,Negative,Verbe,to fear,ukwesaba,te vrees,Go tshaba .,Ukoyika,kutya,expanded_shona_lexicon,kutya
miengu,nauser,-1.0,Negative,Mot,nause,ngenisa,naarheid,Go hlatša .,i-nause,kusuwa,expanded_shona_lexicon,kusuwa
tshieleka,serment,2.0,Positive,Mot,oath,isifungo,eed,kano,isifungo,mhiko,expanded_shona_lexicon,mhiko
kowela,nager,2.0,Positive,Verbe,swim,bhukuda,swem,rutha,ukuqubha,shambira,expanded_shona_alt,kushambira
kudina,noyer,2.0,Positive,Verbe,walnut,ziyadliwa,okkerneut,Walnut .,i-walnut,walnut,expanded_shona_loanword,walnut
kuhuyakana,respirer,2.0,Positive,Verbe,breathe,phefumula,asemhaal,hema,uphefumla,kufema,expanded_shona_alt,fema
kuinyija,plonger,2.0,Positive,Verbe,dive,ziphonsa ngekhanda emanzini,duik,thinya,dive,dive,expanded_shona_loanword,dive
kubola,mouiller,2.0,Positive,Verbe,wet,-manzi,nat,thapile,emanzi,kunyorova,expanded_shona_lexicon,kunyorova
kubungila,somnoler,2.0,Positive,Verbe,doze,qaphela,sluimer,DOZE .,i-doze,doze,expanded_shona_alt,hope
kulota,rever,2.0,Positive,Verbe,dream,iphupha,droom,toro,iphupha,kurota,expanded_shona_alt,hope
butuku,nuit,2.0,Positive,Mot,night,ubusuku,nag,bošego,busuku,husiku,expanded_shona_lexicon,husiku
ditunga,pays,2.0,Positive,Mot,country,izwe,land,naga,ilizwe,nyika,expanded_shona_lexicon,nyika
kumuenena,dominer,2.0,Positive,Verbe,dominate,busa,oorheers,Laola .,kulawula,kutonga,expanded_shona_alt,tonga
tshimenga,ville,2.0,Positive,Mot,city,idolobha,stad,toropokgolo,isixeko,guta,expanded_shona_lexicon,guta
musoku,village,2.0,Positive,Mot,village,umuzi,dorpie,motse,ilali,musha,expanded_shona_lexicon,musha
kuvuma,vibrer,2.0,Positive,Mot,vibrate,vevezela,vibreer,Go thothomela .,hluma,vibrate,expanded_shona_loanword,vibrate
mulondi,coureur,2.0,Positive,Mot,runner,umgijimi,hardloper,Semathi .,Imbaleki,mumhanyi,expanded_shona_lexicon,mumhanyi
momunyi,voyan,2.0,Positive,Mot,clairvoyant,I-Clairvoyant,heldersiende,Clairvoyant .,i-clairvoyant,clirvoyant,expanded_shona_lexicon,clirvoyant
nsanyanga,sentiment,2.0,Positive,Mot,feeling,ukuzwakala,gevoel,maikutlo,imvakalelo,kunzwa,expanded_shona_lexicon,kunzwa
kujingila,souhaiter,2.0,Positive,Verbe,to wish,ukufisa,te wens,go lakatsa .,ukunqwenela,kushuvira,expanded_shona_alt,kuda
kukehesha,reduire,2.0,Positive,Verbe,reduce,phungula,verminder,fokotša,ukunciphisa,kuderedza,expanded_shona_lexicon,kuderedza
mavuala,Vagues,-1.0,Negative,Mot,waves,Amatafula,Golwe,Maphoto .,Amaza,mafungu,expanded_shona_lexicon,mafungu
tshipepela,tempête,-3.0,Negative,Mot,storm,isivunguvungu,storm,ledimo,isaqhwithi,dutu,expanded_shona_lexicon,dutu
kudiombo,décevoir,-7.0,Negative,Verbe,disappoint,dumaza,teleurstel,Kganyoga .,ukuphoxeka,kuodza moyo,expanded_shona_lexicon,kuodza moyo
kusambakaja,melanger,4.0,Positive,Verbe,mix,xuba,meng,Motswako .,xuba,musanganiswa,expanded_shona_lexicon,musanganiswa
kufua,mourir,-9.0,Negative,Verbe,die,shona,sterf,hlokofala,ufe,kufa,expanded_shona_lexicon,kufa
kushima,mentir,-4.0,Negative,Verbe,lie,ginqika,lieg,maaka,ubuxoki,kunyepa,expanded_shona_lexicon,kunyepa
kulomba,mendier,-3.0,Negative,Verbe,beg,cela,smeek,Beg .,cela,kukumbira,expanded_shona_alt,kumbira
mulombi,mendiant,-2.0,Negative,Mot,beggar,isinxibi,bedelaar,Mokgopedi wa go hlokomela batho .,umvelisi,mupemhi,expanded_shona_lexicon,mupemhi
kukumbana,meriter,1.0,Positive,Verbe,deserve,fanela,verdien,swanelwa ke,kufanelekile,zvakakodzera,expanded_shona_lexicon,zvakakodzera
dikumbana,merite,1.0,Positive,Verbe,deserved,-sifanelile,verdien,E tshwanetse .,kufanelekile,zvakakodzera,expanded_shona_lexicon,zvakakodzera
mudimu,metier,1.0,Positive,Verbe,job,umsebenzi,werk,mošomo,umsebenzi,jobho,expanded_shona_alt,basa
mashimi,mensonge,1.0,Positive,Mot,lie,ginqika,lieg,maaka,ubuxoki,kunyepa,expanded_shona_lexicon,kunyepa
munyengi,cambrioleur,-4.0,Negative,Mot,burglar,umgqekezi,inbreker,Mohodu wa lehodu .,burglar,burglar,expanded_shona_loanword,burglar
lukombu,Balais,3.0,Positive,Mot,brooms,Imishanelo,Besems,Mafielo a .,Umtshayelo,brooms,expanded_shona_alt,mitsvairo
dipeji,Papier,3.0,Positive,Mot,paper,Iphepha,Papier,Pampiri,Iphepha,pepa,expanded_shona_lexicon,pepa
mapapa,Babouche,3.0,Positive,Mot,babouche,Ababungu,Babouche,Babouche .,I-babouche,babouche,expanded_shona_alt,babauche
dingaya,Manguier,3.0,Positive,Mot,mango,i-Mango,Mango,Mango .,imango,mango,expanded_shona_loanword,mango
dinyuka,Éponge,3.0,Positive,Mot,sponge,Isiponji,Spons,Sepontšhe .,Isiponji,chipanje,expanded_shona_lexicon,chipanje
sabanga,Savon,3.0,Positive,Mot,soap,Insipho,Seep,Sešepe,Isepha,sipo,expanded_shona_lexicon,sipo
dilata,Tôle,3.0,Positive,Mot,sheet metal,Ishidi yensimbi,Plaatmetaal,Tšhipi ya letlakala .,I-SHICHE SETY,simbi yesimbi,expanded_shona_alt,sheet simbi
dibaya,Bois,3.0,Positive,Mot,drink,Phuza,Drink,Nwa,Isiselo,kunwa,expanded_shona_alt,inwai
cikolora,Torchon,3.0,Positive,Mot,tea towel,Ithawula itiye,Teedoek,toulo ya tee .,Ithawula iti,tewe tauro,expanded_shona_alt,tea tauro
nshiba,Bambou,3.0,Positive,Mot,bamboo,Uqalo,Bamboes,Bamboo .,Bamboo,bamboo,expanded_shona_loanword,bamboo
nfatshiaka,Français,3.0,Positive,Mot,french,IsiFulentshi,Frans,Sefora .,IsiFrentshi,chifrench,expanded_shona_lexicon,chifrench
Tshina,Puit,3.0,Positive,Mot,well,Ngakho,Wel,Gabotse,Kuhle,zvakanaka,expanded_shona_lexicon,zvakanaka
luesu,Marmite,3.0,Positive,Mot,pot,Ibhodwe,Pot,pitša .,Imbiza,poto,expanded_shona_lexicon,poto
mbabula,Brasero,3.0,Positive,Mot,brazier,Brazier,Brazier,Brazier o ile a ba le brazier .,Brazier,brazier,expanded_shona_loanword,brazier
nkutu,Cuillère,3.0,Positive,Mot,spoon,Isipuni,Lepel,Lelepola,Isipuni,chipunu,expanded_shona_lexicon,chipunu
muhanji,Malaxeur,3.0,Positive,Mot,mixer,Okokuxuba,Menger,Motswaki .,Umxube,musanganiswa,expanded_shona_lexicon,musanganiswa
Malala,Braise,3.0,Positive,Mot,braised,-Bonakala,Gesmoor,E betlilwe ka braised .,Qhalazwe,braising,expanded_shona_lexicon,braising
mesa,Table,4.0,Positive,Mot,table,Itafula,Tafel,Tafola,Itafile,tafura,expanded_shona_lexicon,tafura
nkuasa,Chaise,4.0,Positive,Mot,chair,Isihlalo,Stoel,Setulo,Isitulo,chigaro,expanded_shona_lexicon,chigaro
kabadi,Armoire,4.0,Positive,Mot,cupboard,Ikhabethe,Kas,Khatepote,Ikhabhathi,mukombe,expanded_shona_lexicon,mukombe
mufuku,Sac,4.0,Positive,Mot,bag,Isikhwama,Sak,Mokotla,Ibhegi,bhegi,expanded_shona_lexicon,bhegi
dikopu,Gobelet,4.0,Positive,Mot,cup,Inkomishi,Beker,Komiki,Ikomityi,mukombe,expanded_shona_lexicon,mukombe
dilongu,Assiette,4.0,Positive,Mot,plate,Ipuleti,Plaat,Poleiti,Iplate,ndiro,expanded_shona_lexicon,ndiro
didiotu,Brique,4.0,Positive,Mot,brick,Isitini,Baksteen,Setena,Isitena,zvidhinha,expanded_shona_lexicon,zvidhinha
mpanu,Poêle,4.0,Positive,Mot,stove,Isitofu,Stoof,Setofo,Isitovu,chitofu,expanded_shona_lexicon,chitofu
nsuki,Cheveux,4.0,Positive,Mot,hair,Uboya,Hare,Moriri,Iinwele,bvudzi,expanded_shona_lexicon,bvudzi
mashinyi,Voiture,4.0,Positive,Mot,car,Imoto,Kar,Mmotoro,Imoto,mota,expanded_shona_lexicon,mota
bulalu,Lit,4.0,Positive,Mot,bed,Umbhede,Bed,Mpete,Ibhedi,mubhedha,expanded_shona_lexicon,mubhedha
nshinga,File,4.0,Positive,Mot,file,Ifayili,Lêer,Faele,Ifayile,faira,expanded_shona_lexicon,faira
difikadimpa,Bienvenue,4.0,Positive,Mot,welcome,Ukuthakaselwa,Welkom,Le amogetšwe,Wamkelekile,mauya,expanded_shona_lexicon,mauya
diewukanimenjicienabualu,Éluder,4.0,Positive,Verbe,evade,Balekela,Ontduik,Evade .,Iphele,kusvira,expanded_shona_alt,evhade
dianganimushingamukanemu,Ladéférence,4.0,Positive,Mot,deference,Ukuthobela,Eerbiedigheid,Tšhošetšo .,Ukuthobela,kuremekedza,expanded_shona_lexicon,kuremekedza
dinianga,Annihiler,4.0,Positive,Verbe,annihilate,Bhubhisa,Vernietig,Annihilate .,Pheshana,kutsakatisa,expanded_shona_alt,paradzai
divula,Exacerber,4.0,Positive,Verbe,exacerbate,Xakakha,vererger,Go gakatša .,Ukwanda,exacerbate,expanded_shona_loanword,exacerbate
Dijingilabuimpabuabakuabu,Bienveillance,4.0,Positive,Mot,kindness,Umusa,Vriendelikheid,Botho,Ububele,mutsa,expanded_shona_lexicon,mutsa
mutoka(butoka)clair,Limpide,4.0,Positive,Mot,clear,-Cwebile,Duidelik,Tloša,Cacisa,bvisa,expanded_shona_alt,zvakajeka
dépression(dibungama),Mélancolie,4.0,Positive,Mot,melancholy,Celancholy,Melancholie,Melancholy .,I-Melancholy,melancholy,expanded_shona_loanword,melancholy
dinyunluka,Graviter,4.0,Positive,Verbe,gravitate,Msindo,Swaarteer,Go gogela .,Hlukana,gravit,expanded_shona_lexicon,gravit
critiqueviolente;kubishamucinyangu,Diatribe,4.0,Positive,Mot,diatribe,I-diatribe,Diatribe,Diatribe .,Diatribee,diatribe,expanded_shona_loanword,diatribe
puhela;pauvreté,Indigence,4.0,Positive,Mot,destitution,Indawo,Behoeftigheid,Go hloka .,Ihlwempu,kupera,expanded_shona_alt,urombo
dote,Biuma,4.0,Positive,Mot,biuma,Ugiya,Biuma,B i a l i a .,I-Biuma,biuma,expanded_shona_loanword,biuma
kusela,Marier,4.0,Positive,Verbe,marry,Gcagca,Trou,Nyala .,Tshata,roora,expanded_shona_alt,kuroora
kuipata,Chasser,4.0,Positive,Verbe,hunt,Ukuzingela,Jag,Tsoma,Ukuzingela,kuvhima,expanded_shona_lexicon,kuvhima
kuelatshituha,Embrasser,4.0,Positive,Verbe,to kiss,Ukuqabula,Om te soen,go atlana .,Ukwanga,kutsvoda,expanded_shona_lexicon,kutsvoda
kukolowa,Torcher,4.0,Positive,Verbe,torch,Isihlonti,Fakkel,Torch .,Itotshi,torch,expanded_shona_loanword,torch
kushipa,Tuer,-3.0,Negative,Verbe,kill,Bulala,Doodmaak,Bolaya,Bulala,kuuraya,expanded_shona_alt,uraya
kuloba,Pêcher,2.0,Positive,Verbe,sin,Ona,Sonde,Sebe .,Isono,chivi,expanded_shona_lexicon,chivi
tshilembi,Chasseur,2.0,Positive,Verbe,hunter,Umzingeli,Jagter,Motsomi .,Umzingeli,hunter,expanded_shona_loanword,hunter
munganga,Médecin,2.0,Positive,Mot,doctor,Udokotela,Dokter,Ngaka,Ugqirha,chiremba,expanded_shona_lexicon,chiremba
mondopi,Guérisseur,2.0,Positive,Verbe,healer,Umphilisi,Geneser,Mofodiši .,Umnyango,murapi,expanded_shona_alt,muporesi
mupandishi,Sauveur,2.0,Positive,Verbe,savior,Umsindusi,Verlosser,Mopholosi .,UMsindisi,muponesi,expanded_shona_lexicon,muponesi
kuimba,Chanter,2.0,Positive,Verbe,sing,Cula,Sing,Opela,Cula,imba,expanded_shona_alt,imbai
kutanda,Tonner,2.0,Positive,Verbe,thunder,Ukuduma,Donderweer,Ledimo,Indudumo,kutinhira,expanded_shona_lexicon,kutinhira
kutanta,Émerger,2.0,Positive,Verbe,emerge,Hlaluka,te voorskyn kom,Tšwelela,Phuma,kubuda,expanded_shona_lexicon,kubuda
kututa,Tapper,2.0,Positive,Verbe,tapper,Ithekethe,Tapper,Tapper .,I-Tapper,tapper,expanded_shona_loanword,tapper
kuambula,Puiser,2.0,Positive,Verbe,draw,Dweba,Teken,Thala,Zoba,dhirowa,expanded_shona_lexicon,dhirowa
kuangata,Puiser,2.0,Positive,Verbe,draw,Dweba,Teken,Thala,Zoba,dhirowa,expanded_shona_lexicon,dhirowa
matandu,Dispute,-4.0,Negative,Verbe,dispute,Phikisana,Dispuut,Kgakgano,Impikiswano,kupokana,expanded_shona_alt,kukakavadzana
kututa,Congner,-6.0,Negative,Verbe,congner,Ingxumbu,Congner,Congner .,COCANYA,congner,expanded_shona_loanword,congner
kubonda,Presser,2.0,Positive,Verbe,squeeze,Vova,Druk,Pitlela,Tyhala,svina,expanded_shona_alt,kusvina
disanka,Allégresse,2.0,Positive,Mot,joy,Injabulo,Vreugde,Boipshino,Uvuyo,mufaro,expanded_shona_lexicon,mufaro
anyima,Âme,2.0,Positive,Mot,soul,Umuphefumulo,Siel,Moya,Umphefumlo,mweya,expanded_shona_lexicon,mweya
Diyi,Voix,2.0,Positive,Mot,voice,Iphimbo,Stem,Lentšu,Ilizwi,izwi,expanded_shona_lexicon,izwi
tshiamua,Feràrepasser,2.0,Positive,Mot,iron,insimbi yoku-ayina,yster,aene,intsimbi,simbi,expanded_shona_lexicon,simbi
kuamuisha,Allaiter,2.0,Positive,Verbe,breast-feed,Ukuncelisa,Borsvoed,Go amuša .,Ibele,kuuraya-chikafu,expanded_shona_alt,kuyamwisa
kuambula,Transporter,2.0,Positive,Verbe,carry,Thwala,Dra,Rwala,Phatha,takura,expanded_shona_lexicon,takura
kutuala,Amener,2.0,Positive,Verbe,to bring,Ukuletha,Om te bring,go tliša .,Ukuzisa,kuunza,expanded_shona_lexicon,kuunza
kuela,Submerger,2.0,Positive,Verbe,overwhelm,Ukweqa,Oorweldig,Go gateletša .,I-SEPHhelm,kukurira,expanded_shona_lexicon,kukurira
kuela,Tremper,2.0,Positive,Verbe,soak,Manzisa,Week,Ena,Thambisa,soak,expanded_shona_loanword,soak
kuela,Mettre,2.0,Positive,Verbe,put,Beka,Sit,Bea,Faka,isa,expanded_shona_lexicon,isa
kulongolola,Préparer,2.0,Positive,Verbe,prepare,Lungiselela,Berei voor,Beakanya,Lungiselela,gadzirira,expanded_shona_lexicon,gadzirira
kulamba,Cuisiner,2.0,Positive,Verbe,cook,Pheka,Kook,Apea,Ukupheka,bika,expanded_shona_lexicon,bika
nsangilu,Assemblée,2.0,Positive,Verbe,assembly,Umbuthano,Vergadering,Kopano,Indibano,gungano,expanded_shona_lexicon,gungano
Nzambi,Dieu,2.0,Positive,Mot,god,UNkulunkulu,God,Modimo,Thixo,mwari,expanded_shona_lexicon,mwari
Mfumu,Seigneur,2.0,Positive,Mot,lord,Ungqongqoshe,Here,Morena,Nkosi,ishe,expanded_shona_lexicon,ishe
yehowa,Jéhovah,2.0,Positive,Mot,jehovah,UJehova,Jehovah,Jehofa .,NguYehova,jehovha,expanded_shona_lexicon,jehovha
muennenu,Avis,2.0,Positive,Mot,notice,Isaziso,Kennisgewing,Tsebišo,Qaphela,ziviso,expanded_shona_alt,cherechedzai
tshienabualu,Thème,2.0,Positive,Mot,theme,Isiqubulo,Tema,Tabataba,Umxholo,theme,expanded_shona_loanword,theme
wabukolabonso,Tout-puissant,2.0,Positive,Mot,almighty,-Na mandla onke,Almagtig,Ramatlaohle .,USomandla,wemasimbaose,expanded_shona_lexicon,wemasimbaose
sainteté,Tshijila,2.0,Positive,Mot,tshijila,Tshijila,Tshijila,Tshijila .,Tshimila,tshijila,expanded_shona_loanword,tshijila
kutumbisha,Glorifier,2.0,Positive,Mot,glorify,Khulisa,Verheerlik,Go tumiša .,Dumisa,kudzai,expanded_shona_lexicon,kudzai
kuenzela,Utiliser,2.0,Positive,Verbe,to use,Ukusebenzisa,Om te gebruik,Go šomiša .,Ukusebenzisa,kushandisa,expanded_shona_lexicon,kushandisa
kukanga,Bloquer,2.0,Positive,Verbe,to block,Ukuvimba,Om te blokkeer,Go thibela .,Ukuvimba,kuvhara,expanded_shona_lexicon,kuvhara
kulongesha,Enseigner,2.0,Positive,Verbe,teach,Fundisa,Leer,Ruta,Fundisa,dzidzisa,expanded_shona_alt,dzidzisai
kulongolola,Arranger,2.0,Positive,Verbe,arrange,Hlela,Reël,Beakanya,Cwangcisa,ronga,expanded_shona_lexicon,ronga
pandalala,Trompette,2.0,Positive,Mot,trumpet,Icilongo,Trompet,Phalafala .,Ixilongo,hwamanda,expanded_shona_lexicon,hwamanda
ngoma,Drum,2.0,Positive,Mot,drum,Isigubhu,Trom,Moropa .,Idrum,chigubhu,expanded_shona_lexicon,chigubhu
madimba,Xylophone,2.0,Positive,Mot,xylophone,I-XYLOPHONE,Xylofoon,Xylophone .,I-Xylophone,xylophone,expanded_shona_loanword,xylophone
ngoma,Batterie,2.0,Positive,Mot,battery,Ibhethri,Battery,Peteri,Ibhetri,bhatiri,expanded_shona_lexicon,bhatiri
tshindidimbi,Image,2.0,Positive,Mot,picture,Isithombe,Prentjie,Seswantšho,Umfanekiso,mufananidzo,expanded_shona_lexicon,mufananidzo
tshihahu,Champ,2.0,Positive,Mot,field,Idlelo,Veld,Tšhemo,Intsimi,munda,expanded_shona_lexicon,munda
dongamu,Programme,2.0,Positive,Mot,program,Okuzokwenzeka,Program,Lenaneo la .,Inkqubo,chirongwa,expanded_shona_lexicon,chirongwa
kuibidija,Entraîner,2.0,Positive,Verbe,train,Qeqesha,Trein,Hlahla,Uloliwe,chitima,expanded_shona_lexicon,chitima
kubanga,Entamer,2.0,Positive,Verbe,start,Suka,Begin,Thomiša,Qala,tanga,expanded_shona_lexicon,tanga
kujima,Éteindre,2.0,Positive,Verbe,turn off,Vala,Skakel af,Tima .,Cima,dzima,expanded_shona_lexicon,dzima
kutemesha,Allumer,2.0,Positive,Verbe,to light up,Ukukhanyisa,Om op te lig,Go boneša .,Ukukhanyisa,kuvhenekera,expanded_shona_alt,kuvheneka
kujimina,Disparaitre,-3.0,Negative,Verbe,disappear,Nyamalala,Verdwyn,Nyamelela,Nyamalala,nyangarika,expanded_shona_alt,kunyangarika
kutuhila,Disciper,4.0,Positive,Verbe,discipline,Imfundiso yokulalela,Dissipline,Kgalema,Uqeqesho,kurangwa,expanded_shona_alt,kuranga
bulelela,Vérité,4.0,Positive,Mot,truth,Iqiniso,Waarheid,Bonnete,Inyani,chokwadi,expanded_shona_lexicon,chokwadi
kamonakamba,Journaliste,4.0,Positive,Mot,journalist,Intatheli,Joernalis,Mmegaditaba,Intatheli,mutori wenhau,expanded_shona_lexicon,mutori wenhau
dijiba,Jourdain,4.0,Positive,Mot,jordan,UJordani,Jordaan,Jordan .,Jordan,jodhani,expanded_shona_lexicon,jodhani
kukatshila,Étonner,4.0,Positive,Verbe,astonish,Inyakakhelwane,Verbaas,E makatšago .,I-astonish,astonish,expanded_shona_loanword,astonish
madileji,Orgueil,4.0,Positive,Mot,pride,Ukuziqhenya,Trots,Boitumelo,Ikratshi,kudada,expanded_shona_alt,kuzvikudza
bulongama,Ordre,4.0,Positive,Mot,order,Hlela,Bestel,Tatelano,Iodolo,kurongeka,expanded_shona_lexicon,kurongeka
bibi,Mal,-2.0,Negative,Mot,wrong,-Ngalungile,Verkeerd,Phošo,Ayilunganga,zvakaipa,expanded_shona_lexicon,zvakaipa
mutumibua,Envoyé,3.0,Positive,Mot,sent,-Thulile,Gestuur,Rometše,Ithunyelwe,yakatumirwa,expanded_shona_lexicon,yakatumirwa
mupostolo,Apôtre,3.0,Positive,Mot,apostle,Umphostoli,Apostel,Moapostola .,Mpostile,muapostora,expanded_shona_alt,apostora
bupostolo,Apostolat,3.0,Positive,Mot,apostolate,Ukweyisatshiswa,Apostolaat,Boapostolate .,Inxenye,kutendeuka,expanded_shona_lexicon,kutendeuka
bualuidi,Prêtrise,3.0,Positive,Mot,priesthood,Ingcebo,Priesterskap,Boperisita .,Ububingeleli,hupirisita,expanded_shona_lexicon,hupirisita
mukanda,Evangile,3.0,Positive,Mot,gospel,Izindaba ezinhle,Evangelie,Ebangedi .,Ivangeli,vhangeri,expanded_shona_lexicon,vhangeri
dilongesha,Prédication,3.0,Positive,Mot,preaching,Ukushumayela,Prediking,Go rera .,Ukushumayela,kuparidza,expanded_shona_lexicon,kuparidza
mukanda,Épître,3.0,Positive,Mot,epistle,Incwadi,Brief,Epistle .,Ileta,epistle,expanded_shona_loanword,epistle
muyidi,Disciple,3.0,Positive,Mot,disciple,Umlandeli,Dissipel,Morutiwa .,Umfundi,mudzidzi,expanded_shona_lexicon,mudzidzi
mulongi,Élève,3.0,Positive,Mot,pupil,Umfundi,Leerling,Morutwana,Umfundi,mudzidzi,expanded_shona_alt,mwana wechikoro
kamua,Moustique,3.0,Positive,Mot,mosquito,Umiyane,Muskiet,Mosquito .,I-mosquito,umhutu,expanded_shona_lexicon,umhutu
Njinji,Mouche,3.0,Positive,Mot,fly,Ndiza,Vlieg,Fofa,Bhabha,bhururuka,expanded_shona_lexicon,bhururuka
kamonakamba,Journaliste,3.0,Positive,Mot,journalist,Intatheli,Joernalis,Mmegaditaba,Intatheli,mutori wenhau,expanded_shona_lexicon,mutori wenhau
muinvi,Voleur,-6.0,Negative,Mot,thief,Isela,Dief,Lehodu,Isela,mbavha,expanded_shona_lexicon,mbavha
Diyi,Volume,2.0,Positive,Mot,volume,Ukuvimbanisa,Volume,Bolumu,Ivolumu,vhoriyamu,expanded_shona_lexicon,vhoriyamu
nzembua,Courant,4.0,Positive,Mot,fluent,Qephuza,Vlot,Boreledi,Inyani,fluent,expanded_shona_loanword,fluent
disanka,Bonheur,1.0,Positive,Mot,happiness,Injabulo,Geluk,Lethabo,Ulonwabo,mufaro,expanded_shona_lexicon,mufaro
dibungama,Tristesse,-5.0,Negative,Mot,sadness,Ukudabuka,Hartseer,manyami a go nyama .,Usizi,kusuwa,expanded_shona_lexicon,kusuwa
tshiji,Colère,-8.0,Negative,Mot,anger,Intukuthelo,Woede,Pefelo,Umsindo,kutsamwa,expanded_shona_alt,hasha
bowa,Peur,-4.0,Negative,Mot,fear,Ukwesaba,Vrees,Tšhoga,Uloyiko,kutya,expanded_shona_lexicon,kutya
ditalala,Paix,2.0,Positive,Mot,peace,Ukuthula,Vrede,Khutšo,Uxolo,runyararo,expanded_shona_alt,rugare
kukuata,réussir,2.0,Positive,Verbe,succeed,phumelela,slaag,atlega,phumelela,budirira,expanded_shona_alt,kubudirira
kubula,Échec,2.0,Positive,Mot,failure,Phaphalaza,Mislukking,Go palelwa,Ukusilela,kutadza,expanded_shona_alt,kukundikana
ditekemena,Confiance,2.0,Positive,Mot,trust,Themba,Vertrou,Tshepha,Ukuthembana,kuvimba,expanded_shona_alt,vimba
kuseka,Sourire,2.0,Positive,Mot,smile,Ukumamatheka,Glimlag,Myemyela,Uncumo,kunyemwerera,expanded_shona_lexicon,kunyemwerera
ditekemena,Espoir,1.0,Positive,Mot,hope,Ithemba,Hoop,Kholofelo,Ithemba,tariro,expanded_shona_lexicon,tariro
kuvuluka,souvenir,1.0,Positive,Verbe,memory,ukukhumbula,geheue,kgopolo,imemori,ndangariro,expanded_shona_lexicon,ndangariro
muoyimukola,Courage,1.0,Positive,Mot,courage,Isibindi,Moed,Mafolofolo,Isibindi,ushingi,expanded_shona_lexicon,ushingi
mudikadila,Liberté,1.0,Positive,Verbe,freedom,Inkululeko,Vryheid,Tokologo,Inkululeko,rusununguko,expanded_shona_lexicon,rusununguko
kukudimuna,Transformer,1.0,Positive,Verbe,transform,Shintsha,Transformeer,Phetogo ya phetošo .,Tshintsha,shandura,expanded_shona_lexicon,shandura
kukola,Grandir,1.0,Positive,Verbe,to grow,Ukukhula,Om te groei,go gola .,Ukukhula,kukura,expanded_shona_lexicon,kukura
kulongesha,enseigne,1.0,Positive,Verbe,taught,wafundisa,geleer,rutile,ifundisiwe,kudzidziswa,expanded_shona_alt,vakadzidziswa
tshisumi,Persévérance,1.0,Positive,Mot,perseverance,Ukuphikelela,Volharding,Kgotlelelo,Unyamezelo,kutsungirira,expanded_shona_lexicon,kutsungirira
kubenga,Refuser,-7.0,Negative,Verbe,refuse,Ala,Weier,Gana,Inyikima,ramba,expanded_shona_lexicon,ramba
kubela,Réprimande,3.0,Positive,Mot,reprimand,Ukujezisa,Berisping,Kgalemo .,Phinda,kutsiura,expanded_shona_alt,tsiura
kulomba,Demander,4.0,Positive,Verbe,ask,Buza,Vra,Kgopela,Buza,bvunza,expanded_shona_lexicon,bvunza
ditekemena,Espoir,7.0,Positive,Verbe,hope,Ithemba,Hoop,Kholofelo,Ithemba,tariro,expanded_shona_lexicon,tariro
budu,Honte,-3.0,Negative,Mot,shame,Amahloni,Skande,Mahlabišadihlong,Ihlazo,nyadzi,expanded_shona_lexicon,nyadzi
lupepela,Air,2.0,Positive,Verbe,air,Umoya,Lug,Moya,Umoya,mhepo,expanded_shona_lexicon,mhepo
buloba,Monde,2.0,Positive,Mot,world,Izwe,Wêreld,Lefase,Umhlaba,nyika,expanded_shona_lexicon,nyika
anumpidieu,Immédiatement,2.0,Positive,Mot,immediately,Eduze,Onmiddellik,Ka potlako,Kwangoko,pakarepo,expanded_shona_lexicon,pakarepo
bualubudimuakuezaka,Possible,2.0,Positive,Mot,possible,-Enzekayo,Moontlik,Kgonagalo,Kunokwenzeka,zvinogoneka,expanded_shona_lexicon,zvinogoneka
bualubudikabuyimuakuezaka,Impossible,-4.0,Negative,Mot,impossible,-Ngenakwenzeka,Onmoontlik,Sa kgonagalego,Ayinakwenzeka,hazvigoneke,expanded_shona_alt,hazvigoneki
buabualukayi,Pourquoi,0.0,Neutre,Mot,for what,Kwani,Vir wat,bakeng sa eng .,Yantoni,yechii,expanded_shona_lexicon,yechii
biakana,Parfaite,2.0,Positive,Mot,perfect,Gweda,Perfek,Phethegilego,Igqibelele,kukwana,expanded_shona_alt,yakakwana
badisue,Egoïste,2.0,Positive,Mot,self-centered,Ngokwakho uqobo,Selfgesentreerd,Boithati .,Ukuzingca,kuzvifunga,expanded_shona_lexicon,kuzvifunga
umueka,Visible,2.0,Positive,Mot,visible,Qavile,Sigbaar,Go bonagala .,Ibonakale,inoonekwa,expanded_shona_lexicon,inoonekwa
kayilulamatu,Infidèle,-5.0,Negative,Mot,unfaithful,-Ngenalo iqiniso,Ontrou,Go se botege .,Enganyanisekanga,vasina kutendeka,expanded_shona_alt,kusatendeka
lulamatu,Fidèle,1.0,Positive,Mot,faithful,-Thembekile,Getrou,Botega,Ithembekile,kutendeka,expanded_shona_alt,akatendeka
disengelela,Supplication,1.0,Positive,Mot,supplication,Ukunxusa,Smeking,Kgopelo .,Ukucela,kuteterera,expanded_shona_lexicon,kuteterera
dipingana,Retour,1.0,Positive,Mot,back,-Dlulile,Terug,Morago,Umva,kumashure,expanded_shona_lexicon,kumashure
dikudimuna,Variation,1.0,Positive,Mot,variation,Ukuphenduka,Variasie,Phapano .,Umahluko,kusiyana,expanded_shona_lexicon,kusiyana
dikuatshisha,Contribuer,1.0,Positive,Verbe,contribute,Nikela,Dra by,Na le seabe,Ngegalelo,batsira,expanded_shona_lexicon,batsira
dikanyina,Menace,-7.0,Negative,Mot,threat,Ukusongela,Bedreiging,Matšhošetši,Isoyikiso,kutyisidzira,expanded_shona_lexicon,kutyisidzira
dijimina,Disparaitre,-4.0,Negative,Verbe,disappear,Nyamalala,Verdwyn,Nyamelela,Nyamalala,nyangarika,expanded_shona_alt,kunyangarika
dibuikidila,Pardon,5.0,Positive,Mot,pardon,Xolela,Verskoon,Tshwarelo,Uxolelo,kuregerera,expanded_shona_lexicon,kuregerera
dibela,Discipline,5.0,Positive,Mot,discipline,Imfundiso yokulalela,Dissipline,Kgalema,Uqeqesho,kurangwa,expanded_shona_alt,kuranga
dibingishibua,Justification,5.0,Positive,Mot,justification,Ukuthethelela isizathu esizwakalayo,Regverdiging,Go lokafatšwa .,Ukuzithethelela,kururamisa,expanded_shona_lexicon,kururamisa
kutangila,Surveillance,5.0,Positive,Mot,monitoring,Ukuqapha,Monitering,Go bea leihlo .,Ukubeka iliso,kuongorora,expanded_shona_lexicon,kuongorora
mukawu,Jalousie,-8.0,Negative,Mot,jealousy,Umona,Jaloesie,Lehufa .,Umona,godo,expanded_shona_lexicon,godo
disanga,Satisfaction,6.0,Positive,Mot,satisfaction,Ukugculiseka,Tevredenheid,Kgotsofalo,Ulwaneliseko,kugutsikana,expanded_shona_lexicon,kugutsikana
dinyingalala,Regret,-6.0,Negative,Mot,regret,Zisola,Berou,Maswabi,Ukuzisola,kuzvidemba,expanded_shona_alt,zvidemba
disanka,Enthousiasme,7.0,Positive,Mot,enthusiasm,Ugqozi,Entoesiasme,Mafolofolo,Inzondelelo,kushingairira,expanded_shona_alt,shungu
dipangadika,Détermination,6.0,Positive,Mot,determination,Ukunquma,Vasberadenheid,Phegelelo,Ukuzimisela,kutsunga,expanded_shona_lexicon,kutsunga
kukina,Haïr,-7.0,Negative,Mot,hate,Ukuzonda,Haat,Hloya,Intiyo,kuvenga,expanded_shona_alt,ruvengo
dielakana,Inquiétude,-4.0,Negative,Mot,worry,Khathazeka,Bekommernis,Tshwenyega,Ixhala,kunetseka,expanded_shona_lexicon,kunetseka
ditukudilenga,Bonnejournée,4.0,Positive,Mot,good day,Usuku oluhle,Goeie dag,Letšatši le lebotse,Mholweni emini nje,zuva rakanaka,expanded_shona_lexicon,zuva rakanaka
kayiumueka,Invisible,4.0,Positive,Mot,invisible,-Ngenakubonakala,Onsigbaar,Go se bonagale .,Engabonakali,zvisingaonekwi,expanded_shona_lexicon,zvisingaonekwi
kuabuluisha,Aide,4.0,Positive,Verbe,help,Usizo,Help,Thušo,Nceda,rubatsiro,expanded_shona_lexicon,rubatsiro
kutshimuna,Remporter,4.0,Positive,Verbe,win,Ukunqoba,Wen,Thopa,Phumelela,kuhwina,expanded_shona_lexicon,kuhwina
kubukola,Avidement,4.0,Positive,Mot,eagerly,Ngentshiseko,Gretig,Ka phišego .,Ngomdla,nechido,expanded_shona_lexicon,nechido
kanemu,Respecter,4.0,Positive,Mot,respect,Hlonipha,Respek,Hlompha,Imbeko,remekedza,expanded_shona_lexicon,remekedza
kulekela,Abandon,4.0,Positive,Mot,abandonment,Ukulahlwa,Verlating,Go Tloga .,Ukuyeka,kusiiwa,expanded_shona_lexicon,kusiiwa
kakuyidishilangana,Indifférence,4.0,Positive,Mot,indifference,Ukwenuliseka,Onverskilligheid,Go se kgomege .,Ukungakhathali,kusakendenga,expanded_shona_alt,kusava nehanya
kanemu,Respect,4.0,Positive,Mot,respect,Hlonipha,Respek,Hlompha,Imbeko,remekedza,expanded_shona_lexicon,remekedza
kuikala,Exister,4.0,Positive,Verbe,exist,Hlala,Bestaan,Go ba gona,Zikhona,kuvapo,expanded_shona_alt,uripo
Udiuzakala,Tremblant,-2.0,Negative,Mot,trembling,-Bheshekayo,Bewend,Go thothomela .,Ukungcangcazela,kudedera,expanded_shona_lexicon,kudedera
kuikalanelungenyi,intelligible,2.0,Positive,Mot,intelligible,-sobala,verstaanbaar,E kwešišegago .,kuyacaca,zvinonzwisisika,expanded_shona_lexicon,zvinonzwisisika
tshiditshitupu,Vide,2.0,Positive,Mot,empty,-Ngahlali lutho,Leeg,Se nago selo,Ingenanto,isina chinhu,expanded_shona_lexicon,isina chinhu
mupabuishi,Séducteur,2.0,Positive,Mot,seducer,Ehehayo,Verleier,Mokgoši .,Umlinganiso,seducer,expanded_shona_loanword,seducer
udinemuoyo,Vivant,2.0,Positive,Mot,alive,-Zwayo,Lewendig,Phela,Uyaphila,vapenyu,expanded_shona_lexicon,vapenyu
bienzedi,Comportement,2.0,Positive,Mot,behavior,Ukuziphatha,Gedrag,Maitshwaro,Indlela yokuziphatha,maitiro,expanded_shona_lexicon,maitiro
kukosa,Rompre,2.0,Positive,Mot,break,Ukwephula,Breek,Thuba,Ikhefu,kutyora,expanded_shona_lexicon,kutyora
luabila,Annoncer,2.0,Positive,Verbe,announce,Memezela,Kondig aan,Tsebisa .,Ngcwambulo,chiziviso,expanded_shona_alt,zivisai
babungi,Plusieurs,0.0,Neutre,Mot,several,-Ahlukeneyo,Verskeie,Mmalwa,Iqela,dzinoverengeka,expanded_shona_alt,zvakawanda
dikisha,Tranquillité,5.0,Positive,Mot,tranquility,Ukuthula,Rustigheid,Khutšo .,Ukuzola,kugadzikana,expanded_shona_lexicon,kugadzikana
biamushinga,intéressant,5.0,Positive,Mot,interesting,-yintshisekelo,interessant,kgahliša,umdla,zvinonakidza,expanded_shona_lexicon,zvinonakidza
kusamba,Consolation,5.0,Positive,Mot,consolation,Iduta,Troos,Khomotšo .,Intsomi,nyaradzo,expanded_shona_lexicon,nyaradzo
ditabuja,Confiance,5.0,Positive,Mot,trust,Themba,Vertrou,Tshepha,Ukuthembana,kuvimba,expanded_shona_alt,vimba
kuanyisha,Admiration,5.0,Positive,Mot,admiration,Okuncomekayo,Bewondering,Go kgahlwa ke .,Ukuncoma,kuyemurwa,expanded_shona_alt,kuyemura
kutekemena:,Espérance,5.0,Positive,Mot,hope,Ithemba,Hoop,Kholofelo,Ithemba,tariro,expanded_shona_lexicon,tariro
matandu,Rancune,-6.0,Negative,Mot,grudge,Gcaga,Wrok,Sekgopi .,Gxotha,grudge,expanded_shona_loanword,grudge
lusa,Compassion,4.0,Positive,Mot,compassion,Ububele,Deernis,Kwelobohloko,Ububele,tsitsi,expanded_shona_lexicon,tsitsi
buimpabuenza,Gratitude,4.0,Positive,Mot,gratitude,Ukubonga,Dankbaarheid,Tebogo,Umbulelo,kutenda,expanded_shona_lexicon,kutenda
kupetulula,Reconnaissance,4.0,Positive,Mot,acknowledgement,Ukwamukela,Erkenning,Tebogo .,Ukwamkelwa,kubvuma,expanded_shona_alt,kutenda
kuanyisha,Admiration,4.0,Positive,Mot,admiration,Okuncomekayo,Bewondering,Go kgahlwa ke .,Ukuncoma,kuyemurwa,expanded_shona_alt,kuyemura
kondokamuoyo,Conscience,4.0,Positive,Mot,awareness,Ukuzwa,Bewustheid,Temogo,Ukwazisa,kuziva,expanded_shona_lexicon,kuziva
mpukapuka,Hasard,4.0,Positive,Mot,chance,Ithuba,Kans,Sebaka,Ithuba,mukana,expanded_shona_lexicon,mukana
bipeta,solution,4.0,Positive,Mot,solution,isixazululo,oplossing,tharollo,isisombululo,mhinduro,expanded_shona_lexicon,mhinduro
kusabuka,Traverser,4.0,Positive,Verbe,to cross,Ukuwela,Om oor te steek,go tshela .,Ukuwela,kuyambuka,expanded_shona_lexicon,kuyambuka
buimpa,Beauté,4.0,Positive,Mot,beauty,Ubuhle,Skoonheid,Bobotse,Ubuhle,runako,expanded_shona_lexicon,runako
kusengelela,Supplier,4.0,Positive,Verbe,supplier,Umthumeli,Verskaffer,Moabi .,Umboneleli,mutengesi,expanded_shona_lexicon,mutengesi
makuta,L’argent,4.0,Positive,Mot,money,Imali,Geld,Tšhelete,Imali,mari,expanded_shona_lexicon,mari
dikenga,Galère,-5.0,Negative,Mot,galley,Ugibele,Galei,Galley .,Gallay,galley,expanded_shona_loanword,galley
tunyinganyinga,inquiétudes,-3.0,Negative,Mot,concerns,ukukhathaza,bekommernisse,Matshwenyego .,Inkxalabo,kunetseka,expanded_shona_alt,zvinonetsa
kudisangisha,Rassembler,1.0,Positive,Verbe,gather,Hlangana,Versamel,Kgoboketša,Uqokelela,unganidza,expanded_shona_lexicon,unganidza
bukokeshi,Pouvoir,1.0,Positive,Verbe,power,Ubuqhwaga,Krag,Maatla,Amandla,simba,expanded_shona_lexicon,simba
mushidikibua,Détermination,1.0,Positive,Mot,determination,Ukunquma,Vasberadenheid,Phegelelo,Ukuzimisela,kutsunga,expanded_shona_lexicon,kutsunga
dinyingalala,Regret,-2.0,Negative,Mot,regret,Zisola,Berou,Maswabi,Ukuzisola,kuzvidemba,expanded_shona_alt,zvidemba
disama,Maladie,-5.0,Negative,Mot,disease,Isifo,Siekte,Bolwetši,Isifo,chirwere,expanded_shona_lexicon,chirwere
musha,Pete,-3.0,Negative,Verbe,pete,Upele,Piet,Pete .,Pete,pete,expanded_shona_loanword,pete
dinda,Matin,2.0,Positive,Mot,morning,Ekuseni,Oggend,Mesong,Ntseni,mangwanani,expanded_shona_lexicon,mangwanani
muedi,Barbe,2.0,Positive,Mot,beard,Intshebe,Baard,Ditedu,Iindevu,ndebvu,expanded_shona_lexicon,ndebvu
lukenyibu,Coude,2.0,Positive,Mot,elbow,Indololwane,Elmboog,Setšu,Lbow,elbow,expanded_shona_alt,gokora
diboko,Bras,2.0,Positive,Mot,arm,Hlomisa,Arm,Letsogo,Ingalo,ruoko,expanded_shona_lexicon,ruoko
nshingu,Cou,2.0,Positive,Mot,neck,Intamo,Nek,Molala,Intamo,mutsipa,expanded_shona_lexicon,mutsipa
konyi,Rein,2.0,Positive,Mot,kidney,Insonge yasolwandle,Nier,Pshio,Izintso,itsvo,expanded_shona_lexicon,itsvo
dikiki,Sourcil,2.0,Positive,Mot,eyebrow,Ishiya,Wenkbrou,Eyebrow .,Iliso,eyebrow,expanded_shona_alt,tsiye
tshisululu,Sueur,2.0,Positive,Mot,sweat,Juluka,Sweet,Sethitho,Ukubila,ziya,expanded_shona_lexicon,ziya
mujilu,Veine,2.0,Positive,Mot,vein,Umthambo,Aar,Mothalo .,Umthambo,vein,expanded_shona_loanword,vein
difu,Ventre,2.0,Positive,Mot,belly,Isisu,Maag,Mpa,Isisu,dumbu,expanded_shona_lexicon,dumbu
kasha,cerf,2.0,Positive,Mot,deer,izidubhu,takbokke,tshepe,inyamakazi,nondo,expanded_shona_lexicon,nondo
lukala,Craba,2.0,Positive,Mot,craba,Craba,Kraba,Craba .,Craba,craba,expanded_shona_loanword,craba
mukanku,Aigle,2.0,Positive,Mot,eagle,Ukhozi,Arend,Ntšhu,Ukhozi,eagle,expanded_shona_alt,gondo
tshuila,Crapaud,2.0,Positive,Mot,toad,Iselesele,Padda,Toad .,Toad,toad,expanded_shona_loanword,toad
ludimba,Grenouille,2.0,Positive,Mot,frog,Iselesele,Padda,Segwagwa,Isele,chura,expanded_shona_alt,datya
tshipungulu,Hibou,2.0,Positive,Mot,owl,Isikhova,Uil,Leribiši,Owl,owl,expanded_shona_alt,zizi
mushipa,Poisson,2.0,Positive,Mot,fish,Bhibhiya,Vis,Hlapi,Intlanzi,hove,expanded_shona_lexicon,hove
lupasu,Sauterelle,2.0,Positive,Mot,grasshopper,Umafushazana,Sprinkaan,Tšhilo ya tšie .,Intethe,huswa,expanded_shona_alt,mhashu
kabundi,renard,2.0,Positive,Mot,fox,uhlotshana oluthize lwempungushe,jakkals,phukubje,impungutye,fox,expanded_shona_alt,gava
mukoko,Mouton,2.0,Positive,Mot,sheep,Imvu,Skape,Nku,Iigusha,gwai,expanded_shona_alt,makwai
muzeu,Ours,2.0,Positive,Mot,bear,Thwala,Beer,Rwala,Ibhere,fani,expanded_shona_alt,bere
tshibulebule,Taupe,2.0,Positive,Mot,mole,Ivukuzi,Mol,Serunya,Mole,mole,expanded_shona_loanword,mole
lupepele,Air,2.0,Positive,Mot,air,Umoya,Lug,Moya,Umoya,mhepo,expanded_shona_lexicon,mhepo
muelelu,Côte,2.0,Positive,Mot,side,Usebe,Kant,Lehlakore,Icala,padivi,expanded_shona_lexicon,padivi
mashika,Froid,2.0,Positive,Mot,cold,Ukubanda,Koud,Tonya,Kubanda,kutonhora,expanded_shona_lexicon,kutonhora
musulu,Fleuve,2.0,Positive,Mot,river,Umfula,Rivier,Noka,Umlambo,rwizi,expanded_shona_lexicon,rwizi
nkolo,Île,2.0,Positive,Mot,island,Isiqhingi,Eiland,Sehlakahlaka,Isiqithi,island,expanded_shona_loanword,island
mbu,Mer,2.0,Positive,Mot,sea,Ulwandle,See,Lewatle,Ulwandle,gungwa,expanded_shona_lexicon,gungwa
olo,Or,2.0,Positive,Mot,gold,Imali ebomvu,Goud,Gauta,Igolide,goridhe,expanded_shona_alt,ndarama
lubwebwe,Rocher,2.0,Positive,Mot,rock,Itshe elikhulu,Rots,Letlapa,Iliwa,dombo,expanded_shona_lexicon,dombo
Muji,Racine,2.0,Positive,Mot,root,Impande,Wortel,Modu,Ingcambu,midzi,expanded_shona_lexicon,midzi
muhanda,Papier,2.0,Positive,Mot,paper,Iphepha,Papier,Pampiri,Iphepha,pepa,expanded_shona_lexicon,pepa
lupuishi,Poussière,-4.0,Negative,Mot,dust,Uthuli,Stof,Lerole,Uthuli,guruva,expanded_shona_lexicon,guruva
dijiba,Lac,3.0,Positive,Mot,lake,Ichweba,Meer,Letsha,Ichibi,dziva,expanded_shona_lexicon,dziva
tshiululu,Nuage,3.0,Positive,Mot,cloud,Amafu,Wolk,Leru,Ilifu,gore,expanded_shona_lexicon,gore
tshisosa,Herbe,3.0,Positive,Mot,grass,Isikhotha,Gras,Bjang,Ingca,huswa,expanded_shona_alt,uswa
muishi,Fumée,3.0,Positive,Mot,smoke,Shunqisa,Rook,Muši,Umsi,utsi,expanded_shona_alt,kusvuta
tshipele,Désert,3.0,Positive,Mot,desert,Hlamuka,Woestyn,Leganata,Intlango,renje,expanded_shona_lexicon,renje
dikalu,Couleur,3.0,Positive,Mot,color,Umbala,Kleur,Mmala,Umbala,ruvara,expanded_shona_lexicon,ruvara
ditshima,Brouillard,3.0,Positive,Mot,fog,Inkungu,Mis,Kgodi,Inkungu,fog,expanded_shona_loanword,fog
nkuvu,tortue,3.0,Positive,Mot,tortoise,ufudu,skilpad,Khudu ya Khudu .,ufudo,torto,expanded_shona_alt,kamba
lutolekela,Puce,3.0,Positive,Mot,chip,Xhoza,Chip,Chip .,Chip,chip,expanded_shona_loanword,chip
musodi,Lézard,3.0,Positive,Mot,lizard,Isibankwa,Akkedis,Mokgaritswane,Irizard,lizard,expanded_shona_alt,dzvinyu
mukenge,Lièvre,3.0,Positive,Mot,hare,umvundla,Haas,Hare .,ingcuka,hare,expanded_shona_loanword,hare
dibele,Sein,3.0,Positive,Mot,breast,Isibele,Bors,Letswele,Ibele,mazamu,expanded_shona_alt,zamu
tshikankanya,Talon,3.0,Positive,Mot,heel,Isithende,Hak,Serethe .,Isithende,chitsitsinho,expanded_shona_lexicon,chitsitsinho
mata,Salive,3.0,Positive,Mot,saliva,Amathe,Speeksel,Mathe a .,Amathe,mate,expanded_shona_lexicon,mate
munyungu,Ride,3.0,Positive,Mot,wrinkled,Ehlanganiswe,Gerimpeld,Wrinkled .,Icinyiwe,akapwanyika,expanded_shona_lexicon,akapwanyika
bongo,nerf,3.0,Positive,Mot,nerve,umuzwa,senuwee,methapo ya kutlo .,I-nerve,nerve,expanded_shona_loanword,nerve
dimanya,Savoir,3.0,Positive,Mot,know,Bona,Weet,Tseba,Yazi,ziva,expanded_shona_lexicon,ziva
lungenyi,Connaissance,3.0,Positive,Mot,awareness,Ukuzwa,Bewustheid,Temogo,Ukwazisa,kuziva,expanded_shona_lexicon,kuziva
dima,Argile,3.0,Positive,Mot,clay,Ubumba,Klei,Letsopa,Udongwe,ivhu,expanded_shona_lexicon,ivhu
dilua,Arrivée,3.0,Positive,Mot,arrival,Ukufika,Aankoms,Go fihla,Ukufika,kusvika,expanded_shona_lexicon,kusvika
kamama,Muet,3.0,Positive,Mot,mute,-The nya,Demp,Homola,Sisidenge,mbeveve,expanded_shona_lexicon,mbeveve
kala,Jadis,3.0,Positive,Mot,formerly,Kuqala,Voorheen,Pele e be e le .,Ngaphambili,zvaimboita,expanded_shona_alt,kare
kamelu,Chameau,3.0,Positive,Mot,camel,Ikameli,Kameel,Kamela .,Inkamela,ngamera,expanded_shona_lexicon,ngamera
kakuta,Quadrant,3.0,Positive,Mot,quadrant,-Gamuha,Kwadrant,Quadrant .,Quadrant,quadrant,expanded_shona_loanword,quadrant
kakese,Léger,3.0,Positive,Mot,light,-Mhlophe,Lig,Seetša,Ukukhanya,chiedza,expanded_shona_lexicon,chiedza
kakanu,Anneau,3.0,Positive,Mot,ring,Nqenqetha,Ring,Palamonwana,Iringi,mhete,expanded_shona_lexicon,mhete
kasumbu,Secte,3.0,Positive,Mot,sect,Inkolo,Sekte,Sehlotswana .,Ihlelo,secle,expanded_shona_lexicon,secle
kasala,Plume,3.0,Positive,Mot,feather,Isidlodlo,Veertjie,Lefofa,Iintsiba,minhenga,expanded_shona_lexicon,minhenga
lise,Miséricorde,3.0,Positive,Mot,mercy,Ububele,Genade,Mogau,Inceba,ngoni,expanded_shona_alt,tsitsi
luteta,Grain,3.0,Positive,Mot,grain,Inhlamvu,Graan,Lebele,Ingqolowa,zviyo,expanded_shona_lexicon,zviyo
lutulu,Clémence,3.0,Positive,Mot,clemency,Ubuyekebendla,Genade,Kgaugelo .,Ukucaciswa,clemency,expanded_shona_loanword,clemency
Mabue,Écueil,3.0,Positive,Mot,pitfall,Ukufiphala,Slaggat,Molaba .,Mphunga,punduts,expanded_shona_lexicon,punduts
luvungula,Clé,3.0,Positive,Mot,key,Isihluthulelo,Sleutel,Khii,Isitshixo,kiyi,expanded_shona_lexicon,kiyi
lukanku,Tremblement,-4.0,Negative,Mot,tremor,Ukuzamazama komhlaba okulamalisa amanje,Bewing,Go thothomela .,Ungcangcazela,trement,expanded_shona_lexicon,trement
lusengu,Corne,6.0,Positive,Mot,horn,Uphondo,Horing,Lenaka,Uphondo,nyanga,expanded_shona_lexicon,nyanga
Malala,Charbon,6.0,Positive,Mot,coal,Amalahle,Steenkool,Malahla,Amalahle,marasha,expanded_shona_lexicon,marasha
umuepele,Unique,6.0,Positive,Mot,unique,-Hlukile,Uniek,Moswananoši,Eyahlukileyo,akasiyana,expanded_shona_lexicon,akasiyana
utema,Ardent,6.0,Positive,Mot,ardent,-Ngecebo,Vurig,Ardent .,Inqaku,akajaira,expanded_shona_alt,adent
tujila,Ruelle,6.0,Positive,Mot,alley,Umhubhe,Steeg,Alley .,I-alley,alley,expanded_shona_loanword,alley
tsjiji,Rage,6.0,Positive,Mot,rage,Intukuthelo esabisayo,Woede,Pefelo,Ingqumbo,kutsamwa,expanded_shona_lexicon,kutsamwa
tshuwidi,Plénitude,6.0,Positive,Mot,fullness,Ukugcwele,Volheid,Go tlala .,Ukugcwala,kuzara,expanded_shona_lexicon,kuzara
tshume,Sec,6.0,Positive,Mot,dry,-Omile,Droog,Omile,Yomile,kuoma,expanded_shona_lexicon,kuoma
tshiyole,Famine,6.0,Positive,Mot,famine,Indlala,Hongersnood,Tlala,Indlala,nzara,expanded_shona_lexicon,nzara
tshiule,Plein,6.0,Positive,Mot,full,-Gcwele,Vol,Tletše,Igcwele,izere,expanded_shona_lexicon,izere
tshiunvuika,Intelligible,6.0,Positive,Mot,intelligible,-Sobala,Verstaanbaar,E kwešišegago .,Kuyacaca,zvinonzwisisika,expanded_shona_alt,inonzwisisika
nzubu,Maison,6.0,Positive,Mot,home,Ikhaya,Tuis,Gae,Ikhaya,imba,expanded_shona_alt,kumba
nzala,Faim,6.0,Positive,Mot,hunger,Iphango,Honger,Tlala .,Indlala,nzara,expanded_shona_lexicon,nzara
nzambi,Dieu,6.0,Positive,Mot,god,UNkulunkulu,God,Modimo,Thixo,mwari,expanded_shona_lexicon,mwari
nyota,Soif,-5.0,Negative,Mot,thirsty,-Omile,Dors,Nyorilwe,Unxaniwe,nyota,expanded_shona_lexicon,nyota
nyima,Dos,1.0,Positive,Mot,back,-Dlulile,Terug,Morago,Umva,kumashure,expanded_shona_lexicon,kumashure
nvula,Pluie,1.0,Positive,Mot,rain,Imvula,Reën,Pula,Imvula,kunaya,expanded_shona_alt,mvura
mutshima,Coeur,1.0,Positive,Mot,heart,Inhliziyo,Hart,Pelo,Intliziyo,moyo,expanded_shona_alt,mwoyo
mutoto,Etoile,1.0,Positive,Mot,star,Inkanyezi,Ster,Naledi,Inkanyezi,nyeredzi,expanded_shona_lexicon,nyeredzi
mutoke,Transparent,1.0,Positive,Mot,transparent,-Khanyayo,Deursigtig,Pepeneneng,Kucace,pachena,expanded_shona_lexicon,pachena
mutoyi,Mélodie,1.0,Positive,Mot,melody,Indlela yamagama,Melodie,Molodi .,I-melody,melody,expanded_shona_loanword,melody
lununku,Odorat,1.0,Positive,Mot,smell,Iphinga,Reuk,Nkgelela,Ivumba,kunhuhwirira,expanded_shona_alt,kunhuwa
lupangu,Cour,1.0,Positive,Mot,court,Inkundla,Hof,Kgorotsheko,Inkundla,dare,expanded_shona_lexicon,dare
lukodi,Corde,1.0,Positive,Mot,rope,Intambo enkulu,Tou,Thapo,Intambo,tambo,expanded_shona_lexicon,tambo
lukinu,Malice,1.0,Positive,Mot,malice,Ifundululu,Kwaadwilligheid,Malice .,Ububi,utsinye,expanded_shona_alt,nyasha
lelu,Aujourd'hui,1.0,Positive,Mot,today,Namhlanje,Vandag,Lehono,Namhlanje,nhasi,expanded_shona_lexicon,nhasi
kuyila,Étudier,1.0,Positive,Verbe,to study,Ozokufunda,Om te studeer,go ithuta .,Ukufunda,kudzidza,expanded_shona_lexicon,kudzidza
kuya,Aller,1.0,Positive,Verbe,go,Hamba ngemoto,Gaan,Eya,Yiya,enda,expanded_shona_lexicon,enda
diyisha,Prédication,1.0,Positive,Mot,preaching,Ukushumayela,Prediking,Go rera .,Ukushumayela,kuparidza,expanded_shona_lexicon,kuparidza
diya,Départ,1.0,Positive,Mot,departure,Ukuhamba,Vertrek,Go tloga,Ukumka,kuenda,expanded_shona_alt,kusimuka
disoso,Déchirure,-4.0,Negative,Mot,tear,Ukudabula,Skeur,Gagola,Iinyembezi,misodzi,expanded_shona_lexicon,misodzi
disu,Oeil,3.0,Positive,Mot,eye,Ihlo,Oog,Leihlo,Iliso,ziso,expanded_shona_lexicon,ziso
cilongama,Sérieux,3.0,Positive,Mot,serious,-Lukhuni,Ernstig,Tiišitše,Inzulu,zvakakomba,expanded_shona_lexicon,zvakakomba
kasunsukila,Seconde,3.0,Positive,Mot,second,-Lekayo,Tweedens,Motsotswana,Isibini,chepiri,expanded_shona_lexicon,chepiri
bupolà,Sécurité,3.0,Positive,Mot,security,Ukuvikeleka,Sekuriteit,Tšhireletšo,Ukhuseleko,chengetedzo,expanded_shona_lexicon,chengetedzo
cilondi,Suite,3.0,Positive,Mot,following,Okulandelayo,Volgende,Latelago,Ukulandela,zvinotevera,expanded_shona_alt,kutevera
bwezedi,Système,3.0,Positive,Mot,system,Indlela yokwenza,Stelsel,Tshepedišo,Inkqubo,system,expanded_shona_loanword,system
dìjìmbu,Secret,3.0,Positive,Mot,secret,-Yimfihlo,Geheim,Sephiri,Imfihlo,chakavanzika,expanded_shona_lexicon,chakavanzika
mwoyo,Sentiment,3.0,Positive,Mot,feeling,Ukuzwakala,Gevoel,Maikutlo,Imvakalelo,kunzwa,expanded_shona_lexicon,kunzwa
diba,Soleil,3.0,Positive,Mot,sun,Ilanga,Son,Letšatši,Ilanga,zuva,expanded_shona_lexicon,zuva
civulukidi,Souvenir,3.0,Positive,Verbe,memory,Ukukhumbula,Geheue,Kgopolo,Imemori,ndangariro,expanded_shona_lexicon,ndangariro
kubàsoka,Sauter,3.0,Positive,Verbe,jump,Gxuma,Spring,Tshela,Xhuma,kusvetuka,expanded_shona_lexicon,kusvetuka
kupandisha,Sauvé,3.0,Positive,Verbe,saved,-Londoloziweyo,Gestoor,E phološitšwe .,Igciniwe,kuponeswa,expanded_shona_lexicon,kuponeswa
Dyokala,Souffrir,-9.0,Negative,Verbe,suffer,Hlupheka,Ly,Tlaišega,Yiva,tambura,expanded_shona_alt,kutambura
butooka,Lumière,2.0,Positive,Mot,light,-Mhlophe,Lig,Seetša,Ukukhanya,chiedza,expanded_shona_lexicon,chiedza
mvita,Guerre,-7.0,Negative,Mot,war,Ukulwa,Oorlog,Ntwa,Imfazwe,hondo,expanded_shona_lexicon,hondo
koobesha,Gagner,4.0,Positive,Verbe,earn,Hola,Verdien,Gola,Fumana,tora,expanded_shona_alt,get
sama,Disparaître,4.0,Positive,Verbe,disappear,Nyamalala,Verdwyn,Nyamelela,Nyamalala,nyangarika,expanded_shona_alt,kunyangarika
cikola,Difficile,4.0,Positive,Mot,difficult,-Lukhuni,Moeilik,Bothata,Kunzima,zvakaoma,expanded_shona_lexicon,zvakaoma
mululama,Droite,4.0,Positive,Mot,right,Ngakwesokudla,REGS,NEPAGETŠE,KUNENE,rudyi,expanded_shona_lexicon,rudyi
mushendu,Manière,4.0,Positive,Mot,manner,Uhlobo,Manier,Mokgwa,Ngendlela,maitiro,expanded_shona_lexicon,maitiro
kubùla,Manquer,4.0,Positive,Mot,miss,Khumbula,Mej,Fetilwe,Phosa,kupotsa,expanded_shona_lexicon,kupotsa
cipendi,Moment,4.0,Positive,Mot,moment,Isikhashana,Oomblik,Nakwana,Umzuzu,nguva,expanded_shona_lexicon,nguva
cibì,Mouvais,4.0,Positive,Mot,bad,-Ngalungile,Sleg,Mpe,Kubi,zvakaipa,expanded_shona_lexicon,zvakaipa
cilenga,Meilleur,4.0,Positive,Mot,best,-Hle kakhulu,Beste,Kaonekaone,Eyona ilungileyo,zvakanakisa,expanded_shona_lexicon,zvakanakisa
nakà,Autre,4.0,Positive,Mot,other,-Nye nje,Ander,Nngwe,Enye,zvimwe,expanded_shona_lexicon,zvimwe
cyàkala,Ancien,4.0,Positive,Mot,ancient,-Daladala,Antieke,Kgalekgale,Amandulo,yekare,expanded_shona_lexicon,yekare
dyambulwisha,Aide,4.0,Positive,Mot,help,Usizo,Help,Thušo,Nceda,rubatsiro,expanded_shona_lexicon,rubatsiro
nteemà,Attention,4.0,Positive,Mot,attention,Ukuqaphela,Aandag,Tlhokomelo,Ingqalelo,kutariswa,expanded_shona_lexicon,kutariswa
cipungidi,Accord,4.0,Positive,Mot,agreement,Isivumelwano,Ooreenkoms,Tumelelano,Isivumelwano,chibvumirano,expanded_shona_lexicon,chibvumirano
dinanga,Amour,4.0,Positive,Mot,love,Thanda,Liefde,Lerato,Uthando,rudo,expanded_shona_lexicon,rudo
kulekela,Abandonner,4.0,Positive,Verbe,give up,Yeka,Gee op,Felelwa ke maatla,Ncama,ramwa,expanded_shona_lexicon,ramwa
kushindikija,Accompagner,4.0,Positive,Verbe,to accompany,Ukuhambisana,Om te vergesel,Go felegetša .,Ukuhamba,kuperekedza,expanded_shona_lexicon,kuperekedza
kusekesha,Amuser,4.0,Positive,Verbe,have fun,Kujabulele,Om pret te hê,Ipshine,Yonwaba,nakidzwa,expanded_shona_lexicon,nakidzwa
kutwàla,Apporter,4.0,Positive,Verbe,bring,Letha,Bring,Tliša,Yizise,uyai,expanded_shona_lexicon,uyai
kushindamija,Assurer,4.0,Positive,Verbe,ensure,Qinisekisa,Verseker,Netefatša,Qinisekisa,simbisa,expanded_shona_alt,iva nechokwadi
kubunda,Attaquer,4.0,Positive,Verbe,tackle,Mpohga,Pak,Lwantšha,Jongana,tackle,expanded_shona_loanword,tackle
dyèndedi,Automatique,4.0,Positive,Mot,automatic,-Zishintshayo,Outomatiese,jarolla ka ho iketsa .,Ezenzekelayo,otomatiki,expanded_shona_lexicon,otomatiki
dilekela,Abandon,4.0,Positive,Mot,abandonment,Ukulahlwa,Verlating,Go Tloga .,Ukuyeka,kusiiwa,expanded_shona_lexicon,kusiiwa
kukosa,Abolir,4.0,Positive,Verbe,abolish,Chitha,Afskaf,Fediša .,Gcina,bvisa,expanded_shona_lexicon,bvisa
kubenga,Abhorrer,4.0,Positive,Verbe,abhor,Abisa,Verafsku,Lehlobo .,I-abrit,awisa,expanded_shona_alt,semai
kunyanga,Abîmé,4.0,Positive,Verbe,abyss,Kwalabi,Afgrond,Sekotika .,Inzonzobila,gomba,expanded_shona_alt,gomba rakadzikadzika
bungibupitèbuàbintu,Abondance,4.0,Positive,Verbe,abundance,Ubuningi,Oorvloed,Bontši,Ubuninzi,zvakawanda,expanded_shona_alt,kuwanda
kukepesha,Abréger,4.0,Positive,Verbe,shorten,Nciphisa,Verkort,Khutsufatsa .,Mfutshane,kupfupisa,expanded_shona_lexicon,kupfupisa
kênaku,Absent,4.0,Positive,Mot,absent,-Ngekho,Afwesig,Hlokega,Ukungabikho,kusavapo,expanded_shona_lexicon,kusavapo
cijala,Abstinence,4.0,Positive,Mot,abstinence,Ukunqati,Onthouding,Go se be le mošomo .,Ukungasebenzi,kurega,expanded_shona_lexicon,kurega
kudinga,Abuser,4.0,Positive,Verbe,abuse,Ona,Mishandeling,Tlaiša,Ukuphathwa gadalala,kushungurudzwa,expanded_shona_lexicon,kushungurudzwa
kukolesha,Accélérer,4.0,Positive,Verbe,accelerate,Khawuleza,Versnel,Akgofiša .,Khawulezisa,kukurumidza,expanded_shona_lexicon,kukurumidza
kusalakaja,Agiter,4.0,Positive,Verbe,shake,Xukuza,Skud,Šikinya,Shake,zunza,expanded_shona_alt,kuzunungusa
kutwampala,Affronter,4.0,Positive,Verbe,confront,Bhekana,Konfronteer,Go thulana le .,Jongana,kusangana,expanded_shona_lexicon,kusangana
kupikula,Affranchir,4.0,Positive,Verbe,postage,Imali oyikhokhela ukuposa,Posgeld,Poso ya poso .,Iposi,kutumira,expanded_shona_lexicon,kutumira
cipendi,Affront,4.0,Positive,Mot,affront,Ngokuphangi,Affront,Tšwelopele .,Cinga,kushamiswa,expanded_shona_lexicon,kushamiswa
kujikija,Accomplir,4.0,Positive,Verbe,accomplish,Feza,Voltooi,Fihlelela,Phumeza,zadzisa,expanded_shona_alt,pedzisa
disànka,Bonheur,4.0,Positive,Mot,happiness,Injabulo,Geluk,Lethabo,Ulonwabo,mufaro,expanded_shona_lexicon,mufaro
cikengelu,Besoin,4.0,Positive,Mot,need,Dinga,Behoefte,Nyaka,Isidingo,kuda,expanded_shona_lexicon,kuda
cimuna,Battre,4.0,Positive,Mot,beat,Shaya,Klop,Betha,Ukubetha,kurova,expanded_shona_lexicon,kurova
cyomò,Bruit,4.0,Positive,Mot,noise,Isixokoxoko,Geraas,Lešata,Ingxolo,ruzha,expanded_shona_lexicon,ruzha
kunyanga,Bouger,4.0,Positive,Verbe,to move,Ukuhambisa,Om te beweeg,Go šutha .,Ukuhamba,kufamba,expanded_shona_lexicon,kufamba
kulungula,Brûler,4.0,Positive,Verbe,burn,Shisa,Brand,Fiša,Tshisa,kupisa,expanded_shona_lexicon,kupisa
cyànaku,Bizarre,4.0,Positive,Mot,weird,-Xakile,Vreemd,Makatšago,Ayisebenzi,weird,expanded_shona_loanword,weird
kukolela,Obliger,4.0,Positive,Verbe,to obligate,Ukuphoqa,Om te verplig,Go tlama .,Ukunyanzela,kusungirwa,expanded_shona_alt,kusungirira
ditalalaji,Ombre,4.0,Positive,Mot,shadow,Ithunzi,Skaduwee,Morithi,Isithunzi,mumvuri,expanded_shona_lexicon,mumvuri
cikàlànga,Protocole,4.0,Positive,Mot,protocol,Umthetho olandelisayo,Protokol,Prothokhole .,Iprotocol,protocol,expanded_shona_loanword,protocol
kukùba,Protèger,4.0,Positive,Verbe,protect,Vikela,Beskerm,Šireletša,Khusela,chengetedza,expanded_shona_alt,dzivirira
Kaya,Promettre,4.0,Positive,Verbe,promise,Thembisa,Belowe,Tshephišo,Isithembiso,vimbiso,expanded_shona_lexicon,vimbiso
kutwàta,Prendre,4.0,Positive,Verbe,take,Hlalela,Neem,Tšea,Thatha,tora,expanded_shona_lexicon,tora
kutwala,Porter,4.0,Positive,Verbe,to carry,Ukuthwala,Om te dra,go rwala .,Ukubamba,kutakura,expanded_shona_lexicon,kutakura
kusakila,Pousser,4.0,Positive,Verbe,push,Phusha,Druk,Kgorometša,Dudula,sundidzira,expanded_shona_lexicon,sundidzira
merci,Penser,4.0,Positive,Verbe,think,Cabanga,Dink,Nagana,Cinga,funga,expanded_shona_lexicon,funga
sendemuka,Partir,4.0,Positive,Verbe,leave,Shiya,Los,Tloga,Shiya,zivisa,expanded_shona_alt,siya
nshinga,Problèm,4.0,Positive,Mot,problem,Inkinga,Probleem,Bothata,Ingxaki,dambudziko,expanded_shona_lexicon,dambudziko
bukalenga,Pouvoir,4.0,Positive,Verbe,power,Ubuqhwaga,Krag,Maatla,Amandla,simba,expanded_shona_lexicon,simba
disànka,Plaisir,4.0,Positive,Verbe,pleasure,Injabulo,Genot,Boithabišo,Ulonwabo,mafaro,expanded_shona_lexicon,mafaro
njila,Passage,4.0,Positive,Mot,passage,Umhubhe,Deurgang,Sefero,Indinyana,ndima,expanded_shona_lexicon,ndima
bwalu,Propos,4.0,Positive,Mot,about,Maqondana,Oor,Mabapi le,Malunga,nezve,expanded_shona_lexicon,nezve
dikenga,Peine,4.0,Positive,Mot,penalty,Inhlawulo,Straf,Kotlo .,Isohlwayo,chirango,expanded_shona_lexicon,chirango
Luulù,Honneur,4.0,Positive,Mot,honor,Udumo,Eer,Hlompha,Imbeko,kukudzwa,expanded_shona_alt,rukudzo
kushikama,Habiter,4.0,Positive,Verbe,live,Zwa,Leef,Phela,Phila,rarama,expanded_shona_lexicon,rarama
cibidilu,Habitude,4.0,Positive,Mot,habit,Isiko,Gewoonte,Setlwaedi,Umkhwa,tsika,expanded_shona_lexicon,tsika
musangala,Heureux,4.0,Positive,Mot,happy,-Eneme,Gelukkig,Thabile,Bonwabile,kufara,expanded_shona_lexicon,kufara
kabingila,Raison,4.0,Positive,Mot,reason,Isisusa,Rede,Lebaka,Isizathu,chikonzero,expanded_shona_lexicon,chikonzero
kulokota,Raconter,4.0,Positive,Verbe,tell,Tshela,Vertel,Botša,Xelela,taura,expanded_shona_lexicon,taura
ciluka,Réseau,4.0,Positive,Mot,network,Inethiwekhi,Netwerk,Neteweke,Inethiwekhi,network,expanded_shona_loanword,network
peta,Recevoir,4.0,Positive,Verbe,receive,Thola,Ontvang,Amogela,Yamkela,gamuchira,expanded_shona_lexicon,gamuchira
aaluja,Remettre,4.0,Positive,Verbe,to put back,Ukubuyisela emuva,Om terug te sit,go bušetša morago .,Ukubuyisela umva,kudzosera kumashure,expanded_shona_alt,kudzorera
kukatula,Retirer,4.0,Positive,Verbe,withdraw,Hola,Onttrek,Gogela morago,Rhoxisa,bvisa,expanded_shona_lexicon,bvisa
kucika,,4.0,Positive,Verbe,nah,nah,nee,Nah .,nah,nah,expanded_shona_loanword,nah
kubombola,Jeter,4.0,Positive,Verbe,throw,Phonsa,Gooi,Foša,Phosa,kukanda,expanded_shona_alt,kanda
mulenga,Joli,4.0,Positive,Verbe,pretty,-Bukeka kahle,Mooi,Botse,Intle,runako,expanded_shona_lexicon,runako
cipyacipya,Nouveau,4.0,Positive,Mot,new,-Kwanamuhla,Nuut,Mpsha,Intsha,nyowani,expanded_shona_lexicon,nyowani
mululama,Juste,4.0,Positive,Mot,just,-Qotho,Net,Fela,Nje,just,expanded_shona_loanword,just
cibandilu,Escalier,4.0,Positive,Mot,stairs,Isikhwelo,Trappe,Ditepisi,Izitepsi,masitepisi,expanded_shona_lexicon,masitepisi
cilema,Erreur,-3.0,Negative,Mot,error,Ukuphambeka,Fout,Phošo,Impazamo,kukanganisa,expanded_shona_lexicon,kukanganisa
kwaakidila,Embrasser,2.0,Positive,Verbe,to kiss,Ukuqabula,Om te soen,go atlana .,Ukwanga,kutsvoda,expanded_shona_lexicon,kutsvoda
cisamba,Ethnie,4.0,Positive,Mot,ethnic group,Iqembu lobuhlanga,Etniese groep,Morafe wa morafe .,Iqela lohlanga,dzinza,expanded_shona_lexicon,dzinza
kubambakaja,Serrer,3.0,Positive,Verbe,to squeeze,Ukuncipha,Om te druk,Go pitlaganya .,Ukutshiza,kunyudza,expanded_shona_alt,kusvina
kupetulula,Retrouver,5.0,Positive,Verbe,find,Fumana,Vind,Hwetša,Fumana,tsvaga,expanded_shona_lexicon,tsvaga
kubondolola,Rouler,1.0,Positive,Verbe,to roll,Ukugoqa,Om te rol,Go kgokologa .,Ukuqengqeleka,kutenderera,expanded_shona_alt,kukunguruka
kucipa,Jurer,7.0,Positive,Verbe,swear,Thuka,Sweer,Ikana,Ukufunga,kupika,expanded_shona_lexicon,kupika
ngumu,Journal,4.0,Positive,Mot,newspaper,Iphephandaba,Koerant,Kuranta ya .,Iphepha ndaba,pepanhau,expanded_shona_lexicon,pepanhau
mululama,juste,2.0,Positive,Mot,just,-qotho,net,fela,nje,just,expanded_shona_loanword,just
kusumpakaja,inquiéter,4.0,Positive,Verbe,worry,khathazeka,bekommer,tshwenyega,Ixhala,kunetseka,expanded_shona_lexicon,kunetseka
umue,un,0.0,Neutre,Nombre,a,A,A,A .,A,a,expanded_shona_loanword,a
ibidi,deux,0.0,Neutre,Nombre,two,okubili,twee,pedi,Mbini,piri,expanded_shona_lexicon,piri
isatu,trois,0.0,Neutre,Nombre,three,okuthathu,drie,tharo,Ntathu,tatu,expanded_shona_lexicon,tatu
inayi,quatre,0.0,Neutre,Nombre,four,okune,vier,Bone .,ezine,ina,expanded_shona_lexicon,ina
itanu,cinq,0.0,Neutre,Nombre,five,isihlanu,vyf,hlano,Ntlanu,shanu,expanded_shona_lexicon,shanu
isambombo,six,0.0,Neutre,Nombre,six,isithupha,ses,tshela,Ntandathu,nhanhatu,expanded_shona_lexicon,nhanhatu
muandamuteketa,sept,0.0,Neutre,Nombre,seven,Isikhombisa,sewe,Seven .,Sixhengxe,zvinomwe,expanded_shona_alt,nomwe
muandamukulu,wight,0.0,Neutre,Nombre,wight,into yokuhamba,wight,Wight .,I-Wight,wight,expanded_shona_loanword,wight
tshitemba,neuf,0.0,Neutre,Nombre,nine,isishiyagalolunye,nege,senyane,Thoba,pfumbamwe,expanded_shona_lexicon,pfumbamwe
dikumi,dix,0.0,Neutre,Nombre,ten,ishumi,tien,lesome,Shumi,gumi,expanded_shona_lexicon,gumi
dikumi-ni-umue,onze,0.0,Neutre,Nombre,eleven,ishumi nanye,elf,lesometee,Shumi elinanye,gumi neimwe,expanded_shona_lexicon,gumi neimwe
dikumi-ni-ibidi,douze,0.0,Neutre,Nombre,twelve,ishumi nambili,twaalf,lesomepedi,Shumi elinambini,gumi nembiri,expanded_shona_lexicon,gumi nembiri
dikuminiisatu,trez,0.0,Neutre,Nombre,trez,ithanga,trez,Trez .,trez,traz,expanded_shona_lexicon,traz
dikuminiinayi,quatorze,0.0,Neutre,Nombre,fourteen,ishumi nane,veertien,lesomenne,Shumi elinane,gumi neina,expanded_shona_lexicon,gumi neina
dikuminiitanu,quinze,0.0,Neutre,Nombre,fifteen,ishumi nanhlanu,vyftien,lesomehlano,Shumi elinantlanu,gumi neshanu,expanded_shona_lexicon,gumi neshanu
dikuminiisambombo,seize,0.0,Neutre,Nombre,sixteen,ishumi nesithupha,sestien,lesometshela,Shumi elinesthandathu,gumi nenhanhatu,expanded_shona_lexicon,gumi nenhanhatu
dikuminimuandamuteketa,dix-sept,0.0,Neutre,Nombre,seventeen,ishumi,sewentien,lesomešupa,Shumi elinesixhenxe,gumi nenomwe,expanded_shona_lexicon,gumi nenomwe
dikuminimuandamukulu,dix-wight,0.0,Neutre,Nombre,ten-wight,I-Ten-Wight,tien-gewig,Ten-bohlokwa .,Ishumi ukuya,gumi-wighti,expanded_shona_lexicon,gumi-wighti
dikuminitshitemba,dix-neuf,0.0,Neutre,Nombre,nineteen,ishumi nesishiyagalolunye,negentien,lesomesenyane,Shumi elinethoba,gumi nepfumbamwe,expanded_shona_lexicon,gumi nepfumbamwe
makumiabidi,vingt,0.0,Neutre,Nombre,twenty,amashumi amabili,twintig,masomepedi,Amashumi amabini,makumi maviri,expanded_shona_lexicon,makumi maviri
makumiabidiniumue,vingt-un,0.0,Neutre,Nombre,twenty one,amashumi amabili nanye,een en twintig,masomepedi-tee,amashumi amabini ananye,makumi maviri nerimwe,expanded_shona_lexicon,makumi maviri nerimwe
makumiabidiniibidi,vingt-deux,0.0,Neutre,Nombre,twenty-two,amashumi amabili nambili,twee-en-twintig,Masomepedi-pedi .,amashumi anambini,makumi maviri nemaviri,expanded_shona_lexicon,makumi maviri nemaviri
makumiabidiniisatu,vingt-trois,0.0,Neutre,Nombre,twenty-three,amashumi amabili nantathu,drie-en-twintig,Masomepedi-tharo .,amashumi amabini anantathu,makumi maviri nematatu,expanded_shona_lexicon,makumi maviri nematatu
makumiabidiniinayi,vingt-quatre,0.0,Neutre,Nombre,twenty four,amashumi amabili nane,vier en twintig,Masomepedi a mane .,amashumi amabini anesine,makumi maviri nevana,expanded_shona_alt,makumi maviri nemana
makumiabidinitanu,vingt-cinq,0.0,Neutre,Nombre,twenty-five,amashumi amabili nanhlanu,vyf-en-twintig,Masomepedi-hlano .,amashumi amabini anesihlanu,makumi maviri neshanu,expanded_shona_lexicon,makumi maviri neshanu
makumiabidiniisambombo,vingt-six,0.0,Neutre,Nombre,twenty-six,Amashumi amabili nesithupha,ses-en-twintig,Masomepedi-tshela .,amashumi amabi anentandathu,makumi maviri nematanhatu,expanded_shona_alt,makumi maviri nenhanhatu
makumiabidinimuandamuteketa,vingt-sept,0.0,Neutre,Nombre,twenty seven,amashumi amabili neskhombisa,sewe en twintig,Masomepedi šupa .,amashumi amabini anesixhengxe,makumi maviri manomwe,expanded_shona_alt,makumi maviri nenomwe
makumiabidi-ni-mundamukulu,vingt-wight,0.0,Neutre,Nombre,twenty-wight,Amashumi amabili nanye,twintig-gewig,Masomepedi-sehlogo .,amashumi amabini anantlanu,makumi maviri nemaviri,expanded_shona_alt,makumi maviri nesere
makumiabidi-ni-tshitemba,vingt-neuf,0.0,Neutre,Nombre,twenty nine,Amashumi amabili nesishiyagalolunye,nege en twintig,Masomepedi senyane .,amashumi amabini anesithoba,makumi maviri nemapfumbamwe,expanded_shona_alt,makumi maviri nepfumbamwe
makumiasatu,trente,0.0,Neutre,Nombre,thirty,amashumi amathathu,dertig,masometharo,Amashumi amathathu,makumi matatu,expanded_shona_lexicon,makumi matatu
makumiasatu-ni-umua,trente-un,0.0,Neutre,Nombre,thirty-one,amashumi amathathu nanye,een-en-dertig,Mashome a mararo a metso e mong .,amashumi amathathu ananye,makumi matatu nerimwe,expanded_shona_lexicon,makumi matatu nerimwe
makumiasatu-ni-ibidi,trente-deux,0.0,Neutre,Nombre,thirty-two,amashumi amathathu nambili,twee en dertig,Mararo a masometharo-pedi .,amashumi amathathu nambini,makumi matatu nemaviri,expanded_shona_alt,makumi matatu nembiri
makumiasatu-ni-isatu,trente-trois,0.0,Neutre,Nombre,thirty-three,amashumi amathathu nesithathu,drie-en-dertig,Mashome a mararo a boraro .,amashumi amathathu anantathu,makumi matatu nematatu,expanded_shona_alt,makumi matatu nenhatu
makumiasatu-ni-inayi,trente-quatre,0.0,Neutre,Nombre,thirty-four,amashumi amathathu nane,vier en dertig,Mashome a mararo a metso e mene .,amashumi amathathu anesine,makumi matatu nevana,expanded_shona_alt,makumi matatu nemana
makumiasatu-ni-itanu,trente-cinq,0.0,Neutre,Nombre,thirty-five,amashumi amathathu nanhlanu,vyf en dertig,Mashome a mararo a metso e mehlano .,amashumi amathathu anesihlanu,makumi matatu neshanu,expanded_shona_lexicon,makumi matatu neshanu
makumiasatu-ni-isambombo,trente-six,0.0,Neutre,Nombre,thirty-six,amashumi amathathu nesithupha,ses en dertig,Mararo a masometharo-tshela .,amashumi amathathu anesithandathu,makumi matatu nematanhatu,expanded_shona_alt,makumi matatu nenhanhatu
makumiasatu-ni-muandamuteketa,trente-sept,0.0,Neutre,Nombre,thirty-seven,amashumi amathathu nesikhombisa,sewe en dertig,Mashome a mararo a šupa .,amashumi amathathu anesixhenxe,makumi matatu nenomwe,expanded_shona_lexicon,makumi matatu nenomwe
makumiasatu-ni-muandamukulu,trente-wight,0.0,Neutre,Nombre,thirty-wight,Amashumi amathathu-Wight,dertig-gewig,Mashome a mararo a .,amashumi amathathu anesimo,makumi matatu,expanded_shona_lexicon,makumi matatu
makumiasatu-ni-tshitemba,trente-neuf,0.0,Neutre,Nombre,thirty-nine,amashumi amathathu nesishiyagalolunye,nege en dertig,Mashome a mararo a senyane .,amashumi amathathu anesithoba,makumi matatu nemapfumbamwe,expanded_shona_alt,makumi matatu namapfumbamwe
makumianayi,quarante,0.0,Neutre,Nombre,forty,amashumi amane,veertig,masomenne,amashumi amane,makumi mana,expanded_shona_lexicon,makumi mana
makumianayi-ni-umua,quarante-un,0.0,Neutre,Nombre,forty one,amashumi amane,een en veertig,Mashome a Mane a Nngwe .,ishumi elinanye,makumi mana nerimwe,expanded_shona_lexicon,makumi mana nerimwe
makumianayi-ni-ibidi,quarante-deux,0.0,Neutre,Nombre,forty-two,amashumi amane nambili,twee en veertig,masomenne-pedi,amashumi amane anesibini,makumi mana nemaviri,expanded_shona_lexicon,makumi mana nemaviri
makumianayi-ni-isatu,quarante-trois,0.0,Neutre,Nombre,forty-three,amashumi amane nantathu,drie en veertig,Mashome a mane a metso e meraro .,amashumi amane anesithathu,makumi mana nevatatu,expanded_shona_alt,makumi mana nematatu
makumianayi-ni-inayi,quarante-quatre,0.0,Neutre,Nombre,forty four,amashumi amane nane,vier en veertig,Mashome a mane a metso e mene .,amashumi amane amane,makumi mana nevana,expanded_shona_alt,makumi mana nemana
makumianayi-ni-itanu,quarante-cinq,0.0,Neutre,Nombre,forty-five,amashumi amane nanhlanu,vyf en veertig,Mashome a mane a metso e mehlano .,amashumi amane anesihlanu,makumi mana neshanu,expanded_shona_lexicon,makumi mana neshanu
makumianayi-ni-isambombo,quarante-six,0.0,Neutre,Nombre,forty-six,amashumi amane nesithupha,ses en veertig,Mashome a mane a metso e tshela .,amashumi amane anesithandathu,makumi mana nevatanhatu,expanded_shona_alt,makumi mana nematanhatu
makumianayi-ni-muandamuteketa,quarante-sept,0.0,Neutre,Nombre,forty seven,amashumi amane nesikhombisa,sewe en veertig,Mashome a mane a metso e supileng .,amashumi amane anesixhenxe,makumi mana manomwe,expanded_shona_alt,makumi mana nenomwe
makumianayi-ni-muandamukulu,quarante-wight,0.0,Neutre,Nombre,forty-wight,Amashumi amane nanye,veertig-gewig,Mashome a mane-bohlokwa .,amashumi amane-wonke,makumi mana nemana,expanded_shona_alt,makumi mana nesere
makumianayi-ni-tshitemba,quarante-neuf,0.0,Neutre,Nombre,forty-nine,amashumi amane nesishiyagalolunye,nege en veertig,Mashome a mane a metso e senyane .,amashumi amane anesithoba,makumi mana nemapfumbamwe,expanded_shona_alt,makumi mana namapfumbamwe
makumiatanu,cinquante,0.0,Neutre,Nombre,fifty,amashumi amahlanu,vyftig,masomehlano,Amashumi amahlanu,makumi mashanu,expanded_shona_lexicon,makumi mashanu
makumiatanu-umua,cinquante-un,0.0,Neutre,Nombre,fifty one,amashumi amahlanu,een en vyftig,Masomehlano a le mong .,amashumi amahlanu,makumi mashanu nerimwe,expanded_shona_lexicon,makumi mashanu nerimwe
makumiatanu-ibidi,cinquante-deux,0.0,Neutre,Nombre,fifty-two,amashumi amahlanu nambili,twee en vyftig,Masomehlano-pedi .,amashumi amahlanu anababini,makumi mashanu nemaviri,expanded_shona_alt,makumi mashanu nembiri
makumiatanu-isatu,cinquante-trois,0.0,Neutre,Nombre,fifty-three,amashumi amahlanu nantathu,drie-en-vyftig,Masomehlano-tharo .,amashumi amahlanu anesithathu,makumi mashanu nevatatu,expanded_shona_alt,makumi mashanu nenhatu
makumiatanu-inayi,cinquante-quatre,0.0,Neutre,Nombre,fifty-four,amashumi amahlanu nane,vier-en-vyftig,Masomehlano-nne .,amashumi amahlanu anesine,makumi mashanu nemana,expanded_shona_alt,makumi mashanu neina
makumiatanu-itanu,cinquante-cinq,0.0,Neutre,Nombre,fifty-five,amashumi amahlanu nanhlanu,vyf en vyftig,Masomehlano-hlano .,amashumi amahlanu anesihlanu,makumi mashanu neshanu,expanded_shona_lexicon,makumi mashanu neshanu
makumiatanu-isambombo,cinquante-six,0.0,Neutre,Nombre,fifty-six,amashumi amahlanu nesithupha,ses en vyftig,Masomehlano-tshela .,amashumi amahlanu anesithandathu,makumi mashanu neshanu,expanded_shona_alt,makumi mashanu nenhanhatu
makumiatanu-muandamuteketa,cinquante-sept,0.0,Neutre,Nombre,fifty seven,amashumi amahlanu nesikhombisa,sewe en vyftig,Masomehlano a šupago .,amashumi amahlanu anesixhenxe,makumi mashanu manomwe,expanded_shona_alt,makumi mashanu nenomwe
makumiatanu-muandamukulu,cinquante-wight,0.0,Neutre,Nombre,fifty-wight,amashumi amahlanu-wight,vyftig-gewig,Bohlokwa bja masomehlano .,amashumi amahlanu,makumi mashanu,expanded_shona_lexicon,makumi mashanu
makumiatanu-tshitemba,cinquante-neuf,0.0,Neutre,Nombre,fifty nine,amashumi amahlanu nesishiyagalolunye,nege en vyftig,Masomehlano senyane .,amashumi amahlanu anesithoba,makumi mashanu nepfumbamwe,expanded_shona_lexicon,makumi mashanu nepfumbamwe
makumiasambombo,soixante,0.0,Neutre,Nombre,sixty,amashumi ayisithupha,sestig,masometshela,Amashumi amathandathu,makumi matanhatu,expanded_shona_lexicon,makumi matanhatu
makumiasambombo-ni-umue,soixante-un,0.0,Neutre,Nombre,sixty one,amashumi ayisithupha,een en sestig,Masometshela a lengwe .,amashumi amathandathu,makumi matanhatu,expanded_shona_alt,makumi matanhatu nerimwe
makumiasambombo-ni-ibidi,soixante-deux,0.0,Neutre,Nombre,sixty-two,amashumi ayisithupha nambili,twee en sestig,Masometshela-pedi .,amashumi amathandathu-ezimbini,makumi matanhatu nemaviri,expanded_shona_alt,makumi matanhatu nembiri
makumiasambombo-ni-isatu,soixante-trois,0.0,Neutre,Nombre,sixty three,amashumi ayisithupha nantathu,drie en sestig,Masometshela a masometshela a masometshela .,amashumi amathandathu amathathu,makumi matanhatu nematatu,expanded_shona_alt,makumi matanhatu nenhatu
makumiasambombo-ni-inayi,soixante-quatre,0.0,Neutre,Nombre,sixty-four,amashumi ayisithupha nane,vier en sestig,Masometshela-nne .,amashumi amathandathu anesine,makumi matanhatu nenomwe,expanded_shona_alt,makumi matanhatu nemana
makumiasambombo-ni-itanu,soixante-cinq,0.0,Neutre,Nombre,sixty five,amashumi ayisithupha nanhlanu,vyf en sestig,Masometshela a mahlano a mahlano .,amashumi amathandathu anesihlanu,makumi matanhatu neshanu,expanded_shona_lexicon,makumi matanhatu neshanu
makumiasambombo-ni-isambombo,soixante-six,0.0,Neutre,Nombre,sixty six,amashumi ayisithupha nesithupha,ses en sestig,Masometshela a tshelelago a tshela .,amashumi amathandathu anesithandathu,makumi matanhatu nenhanhatu,expanded_shona_lexicon,makumi matanhatu nenhanhatu
makumiasambombo-ni-muandamuteketa,soixante-sept,0.0,Neutre,Nombre,sixty seven,amashumi ayisithupha nesikhombisa,sewe en sestig,Masometshela a šupago .,amashumi amathandathu anesixhenxe,makumi matanhatu nenomwe,expanded_shona_lexicon,makumi matanhatu nenomwe
makumiasambombo-ni-muandamukulu,soixante-wight,0.0,Neutre,Nombre,sixty-wight,amashumi ayisithupha nanye,sestig-gewig,Masometshela-bohlokwa .,amashumi amathandathu-Wight,makumi matanhatu nenomwe,expanded_shona_alt,makumi matanhatu
makumiasambombo-ni-tshitemba,soixante-neuf,0.0,Neutre,Nombre,sixty nine,Amashumi ayisithupha nesishiyagalolunye,nege en sestig,Masometshela a senyane a senyane .,amashumi amathandathu anesithoba,makumi matanhatu nemapfumbamwe,expanded_shona_alt,makumi matanhatu nepfumbamwe
makumimuandamuteketa,septante,0.0,Neutre,Nombre,seventy,amashumi ayisikhombisa,sewentig,masomešupa,Amashumi asixhenxe,makumi manomwe,expanded_shona_lexicon,makumi manomwe
makumimuandamuteketa-ni-umue,septante-un,0.0,Neutre,Nombre,seventy-one,amashumi ayisikhombisa nanye,een-en-sewentig,Masomešupa-tee .,amashumi asixhenxe ananye,makumi manomwe nerimwe,expanded_shona_lexicon,makumi manomwe nerimwe
makumimuandamuteketa-ni-ibidi,septante-un,0.0,Neutre,Nombre,seventy-one,amashumi ayisikhombisa nanye,een-en-sewentig,Masomešupa-tee .,amashumi asixhenxe ananye,makumi manomwe nerimwe,expanded_shona_lexicon,makumi manomwe nerimwe
makumimuandamuteketa-ni-isatu,septante-un,0.0,Neutre,Nombre,seventy-one,amashumi ayisikhombisa nanye,een-en-sewentig,Masomešupa-tee .,amashumi asixhenxe ananye,makumi manomwe nerimwe,expanded_shona_lexicon,makumi manomwe nerimwe
makumimuandamuteketa-ni-inayi,septante-un,0.0,Neutre,Nombre,seventy-one,amashumi ayisikhombisa nanye,een-en-sewentig,Masomešupa-tee .,amashumi asixhenxe ananye,makumi manomwe nerimwe,expanded_shona_lexicon,makumi manomwe nerimwe
makumimuandamuteketa-ni-itanu,septante-un,0.0,Neutre,Nombre,seventy-one,amashumi ayisikhombisa nanye,een-en-sewentig,Masomešupa-tee .,amashumi asixhenxe ananye,makumi manomwe nerimwe,expanded_shona_lexicon,makumi manomwe nerimwe
makumimuandamuteketa-ni-isambombo,septante-un,0.0,Neutre,Nombre,seventy-one,amashumi ayisikhombisa nanye,een-en-sewentig,Masomešupa-tee .,amashumi asixhenxe ananye,makumi manomwe nerimwe,expanded_shona_lexicon,makumi manomwe nerimwe
makumimuandamuteketa-ni-muandamuteketa,septante-un,0.0,Neutre,Nombre,seventy-one,amashumi ayisikhombisa nanye,een-en-sewentig,Masomešupa-tee .,amashumi asixhenxe ananye,makumi manomwe nerimwe,expanded_shona_lexicon,makumi manomwe nerimwe
Mukanda,Livre,1.0,Positive,Mot,book,Ibhuku,Boek,Puku,Incwadi,bhuku,expanded_shona_lexicon,bhuku
Ciyi,Court,1.0,Positive,Mot,short,-Fushane,Kort,Kopana,Mfutshane,pfupi,expanded_shona_lexicon,pfupi
Cileha,Géant,1.0,Positive,Mot,giant,Isiqhwagi,Reus,Lekgema,Giant,hofori,expanded_shona_lexicon,hofori
Bowa,peur,-2.0,Negative,Mot,fear,ukwesaba,vrees,tšhoga,uloyiko,kutya,expanded_shona_lexicon,kutya
kuangata,prendre,1.0,Positive,Verbe,take,hlalela,neem,tšea,thatha,tora,expanded_shona_lexicon,tora
ambula,Transporte,1.0,Positive,Verbe,transport,Thutha,Vervoer,Senamelwa,Ezothutho,kutakura,expanded_shona_lexicon,kutakura
Alunja,Remet,1.0,Positive,Verbe,hands over,Izandla ngaphezulu,Hande oor,diatla godimo ga .,Izandla ngaphezulu,maoko pamusoro,expanded_shona_lexicon,maoko pamusoro
Alukila,Retourne,1.0,Positive,Verbe,return,Buyisela emuva,Keer terug,Boa,Buyela,dzoka,expanded_shona_lexicon,dzoka
Dikasa,Pieds,1.0,Positive,Mot,feet,Amale,Voete,Maoto,Iinyawo,tsoka,expanded_shona_lexicon,tsoka
Amba,Dit,1.0,Positive,Verbe,said,Wathi,Gesê,Boletše,Yatsho,akadaro,expanded_shona_lexicon,akadaro
Ambakaja,superposer,1.0,Positive,Verbe,superimpose,ukuphukhulumisa,superponeer,superimpose .,isuse,superimpose,expanded_shona_loanword,superimpose
Ambulula,répète,1.0,Positive,Verbe,repeated,-phindaphiwe,herhaal,pheta-pheta .,iphindaphindwe,kudzokororwa,expanded_shona_alt,akadzokororwa
Ambelu,Dehors,1.0,Positive,Verbe,out,Ngaphandle,Uit,Ntle,Ngaphandle,kunze,expanded_shona_lexicon,kunze
Dilongo,Assiette,1.0,Positive,Mot,plate,Ipuleti,Plaat,Poleiti,Iplate,ndiro,expanded_shona_lexicon,ndiro
BaLedi,parent,1.0,Positive,Mot,parent,umzali,ouer,Motswadi .,umzali,mubereki,expanded_shona_lexicon,mubereki
Banga,Commence,1.0,Positive,Mot,begin,Qala,Begin,Thoma,Qala,tanga,expanded_shona_lexicon,tanga
cifulu,chapeau,1.0,Positive,Mot,hat,imbenge,hoed,katiba .,umnqwazi,hat,expanded_shona_loanword,hat
Cilamba,Habit,1.0,Positive,Mot,clothing,Okokugqoka,Kleredrag,Diaparo .,Impahla,zvipfeko,expanded_shona_lexicon,zvipfeko
CilambaPond,Pond,1.0,Positive,Mot,pond,Isiziba,Dam,Letangwana,Ichibi,pond,expanded_shona_alt,dziva
Cisamba,origine,1.0,Positive,Mot,origin,ukudabuka,oorsprong,setlogo,imvelaphi,mabviro,expanded_shona_alt,mavambo
Ciskadilu,Comportement,1.0,Positive,Mot,behavior,Ukuziphatha,Gedrag,Maitshwaro,Indlela yokuziphatha,maitiro,expanded_shona_lexicon,maitiro
Manayi,Jeux,1.0,Positive,Mot,games,Imidlalogu Imidlalo,Speletjies,Dipapadi .,Imidlalo,mitambo,expanded_shona_lexicon,mitambo
Cibulundu,Ballon,1.0,Positive,Mot,ball,Ibhola,Bal,Kgwele,Ibhola,bhora,expanded_shona_lexicon,bhora
Cingu_mapanga,cigale,1.0,Positive,Mot,cicada,i-cicada,sikade,CicAda .,cicada,cicada,expanded_shona_loanword,cicada
Kuhanga,Echoué,-1.0,Negative,Verbe,failed,Yehlulekile,Misluk,Paletšwe,Ayiphumelelanga,yakundikana,expanded_shona_alt,akundikana
Dikenga,Souffrance,-1.0,Negative,Verbe,suffering,Ukuhlupheka,Lyding,Go tlaišega,Ukubandezeleka,kutambura,expanded_shona_lexicon,kutambura
Disama,maladie,-1.0,Negative,Mot,disease,isifo,siekte,bolwetši,isifo,chirwere,expanded_shona_lexicon,chirwere
Dikenga,galère,-1.0,Negative,Mot,galley,ugibele,kombuis,Galley .,gallay,galley,expanded_shona_loanword,galley
Dinanga,Amour,1.0,Positive,Mot,love,Thanda,Liefde,Lerato,Uthando,rudo,expanded_shona_lexicon,rudo
Dignoka,punition,-1.0,Negative,Mot,punishment,inhlawulo,straf,Kotlo .,isohlwayo,kurangwa,expanded_shona_lexicon,kurangwa
Bulanda,Pauvreté,-1.0,Negative,Mot,poverty,Ukuntula,Armoede,Bodiidi,Intlupheko,urombo,expanded_shona_lexicon,urombo
Budisu,Orgueil,-1.0,Negative,Mot,pride,Ukuziqhenya,Trots,Boitumelo,Ikratshi,kudada,expanded_shona_alt,kuzvikudza
Dihoyi,misère,-1.0,Negative,Mot,misery,ubuhlungu,ellende,masetlapelo,ububi,kusuwa,expanded_shona_alt,nhamo
Bulaku,Injure,-1.0,Negative,Verbe,insult,Eyisa,Belediging,Maroga,Ukuthuka,kutuka,expanded_shona_lexicon,kutuka
Maleyaya,Malaria,-1.0,Negative,Mot,malaria,Umalalejayu ngobuqileki,Malaria,Malaria .,Isilamu,marariya,expanded_shona_lexicon,marariya
Malunvu,Alcool,1.0,Positive,Mot,alcohol,Utshwala,Alkohol,Alkhoholo,Utywala,doro,expanded_shona_lexicon,doro
Londopu,Traitement,2.0,Positive,Mot,treatment,Ukwelapha,Behandeling,Kalafo,Unyango,kurapwa,expanded_shona_alt,kurapa
Manga,Fétiche,-5.0,Negative,Mot,fetish,Fetish,Fetisj,Fetish .,Thambisa,fetish,expanded_shona_loanword,fetish
Ngumu,Information,2.0,Positive,Mot,information,Ulwazi,Inligting,Tshedimošo,Ulwazi,ruzivo,expanded_shona_lexicon,ruzivo
Butu,Sandre,1.0,Positive,Mot,zander,Wander,Zander,Zander .,IZander,zander,expanded_shona_loanword,zander
Makuta,Argent,1.0,Positive,Mot,money,Imali,Geld,Tšhelete,Imali,mari,expanded_shona_lexicon,mari
Mamu,mère,1.0,Positive,Mot,mother,umame,ma,mma,umama,amai,expanded_shona_lexicon,amai
Tatu,Père,1.0,Positive,Mot,father,Uyihlo,Vader,Papa,Utata,baba,expanded_shona_lexicon,baba
Kubungama,Tristesse,-2.0,Negative,Mot,sadness,Ukudabuka,Hartseer,manyami a go nyama .,Usizi,kusuwa,expanded_shona_lexicon,kusuwa
Musangu,Oreiller,4.0,Positive,Mot,pillow,Iphilo,Kussing,Mosamelo,Umqamelo,pilo,expanded_shona_lexicon,pilo
Vunda_vunda,Tourbillon,4.0,Positive,Mot,whirlwind,Shirlwind,Warrelwind,Ledimo la ledimo .,I-whirlwind,chimbudzi,expanded_shona_alt,chamupupuri
Nvula,Pluie,4.0,Positive,Mot,rain,Imvula,Reën,Pula,Imvula,kunaya,expanded_shona_alt,mvura
Nous,Nous,4.0,Positive,Mot,we,Thina,Ons,Rena,Thina,isu,expanded_shona_lexicon,isu
Quantité,Quantité,4.0,Positive,Mot,quantity,Ubuningi,Hoeveelheid,Bontši,Ubungakanani,kuwanda,expanded_shona_lexicon,kuwanda
NtaMbua,lion,4.0,Positive,Mot,lion,ingonyama,leeu,tau,ingonyama,shumba,expanded_shona_lexicon,shumba
Soku,Singe,4.0,Positive,Mot,monkey,Inkawu,Aap,Kgabo,Inkawu,monkey,expanded_shona_alt,tsoko
Zevu,Elephant,4.0,Positive,Mot,elephant,Indlovu,Olifant,Tlou,Elephants,nzou,expanded_shona_lexicon,nzou
Mayi,Eau,4.0,Positive,Mot,water,Nisela,Water,Meetse,Amanzi,mvura,expanded_shona_lexicon,mvura
Muela,Machette,4.0,Positive,Mot,machete,-Edwala,Machete,Machete .,I-machete,machete,expanded_shona_loanword,machete
Kasuyi,Hache,4.0,Positive,Mot,ax,Izenube,Byl,Selepe .,I-ax,demo,expanded_shona_lexicon,demo
Tshasu,Bêche,4.0,Positive,Mot,spade,Ukhuni,Graaf,Spade .,Spade,spade,expanded_shona_loanword,spade
Nteta,Bâche,4.0,Positive,Mot,tarpaulin,I-tarpaulin,Seil,Tarpaulin .,I-tarpaulin,tarpauluin,expanded_shona_lexicon,tarpauluin
Bulalu,Moussa,4.0,Positive,Mot,moussa,MOSSA,Moussa,Moussa .,Moussa,moussa,expanded_shona_loanword,moussa
Kuhenda,Injurier,-3.0,Negative,Verbe,insult,Eyisa,Belediging,Maroga,Ukuthuka,kutuka,expanded_shona_lexicon,kutuka
Kutata,Tamiser,1.0,Positive,Verbe,sieve,Luswano,Sif,Sefe .,Sieve,sieve,expanded_shona_loanword,sieve
Bihu,punaise,-7.0,Negative,Mot,thumbtack,I-Thumbtack,duimstok,Thumbtack .,thlock,thumbnack,expanded_shona_lexicon,thumbnack
Songakaji,Fille,1.0,Positive,Mot,girl,Intombi,Meisie,Mosetsana,Intombazana,musikana,expanded_shona_lexicon,musikana
Songaluma,Garçon,1.0,Positive,Mot,boy,Umfana,Seuntjie,Mošemane,Inkwenkwe,mukomana,expanded_shona_lexicon,mukomana
Maseba,Oncle,1.0,Positive,Mot,uncle,Umalume,Oom,Malome,Umalume,babamunini,expanded_shona_alt,sekuru
tatumukaji,Tante,1.0,Positive,Mot,aunt,Anti,Tannie,Rakgadi,Umakazi,tete,expanded_shona_lexicon,tete
kuenza,Faire,1.0,Positive,Verbe,do,Enza,Doen,Dira,Yenza,ita,expanded_shona_lexicon,ita
Menyi,L'urine,1.0,Positive,Mot,urine,Umshobingo,Urine,Moroto .,Umchamo,urini,expanded_shona_alt,weti
Tuasakidila,Merci,1.0,Positive,Mot,thanks,Ukuthakasela,DANKIE,KE A LEBOGA,ENKOSI,ndatenda,expanded_shona_lexicon,ndatenda
Kulala,Dormir,1.0,Positive,Verbe,sleep,Ukulala,Slaap,Robala,Ukulala,kurara,expanded_shona_alt,rara
Tuta,Frappe,1.0,Positive,Verbe,struck,-Gwashisayo,Geslaan,Bethilwe,Wabetha,akarova,expanded_shona_alt,akarohwa
Kunyungulaka,Tourner,1.0,Positive,Verbe,turn,Phenduka,Draai,Fetoga,Jika,tendeuka,expanded_shona_lexicon,tendeuka
Bâle,Lit,1.0,Positive,Mot,bed,Umbhede,Bed,Mpete,Ibhedi,mubhedha,expanded_shona_lexicon,mubhedha
Udia,Mange,1.0,Positive,Verbe,eaten,Udleke,Geëet,E jelwe .,Ityiwe,kudyiwa,expanded_shona_lexicon,kudyiwa
Usama,Malade,1.0,Positive,Mot,sick,-Ngaphilile,Siek,Lwala,Ndiyagula,kurwara,expanded_shona_lexicon,kurwara
Ufua,Mort,1.0,Positive,Mot,dead,-Fileyo,Dood,Hlokofetše,Ufile,akafa,expanded_shona_alt,vakafa
Mufua,Décédée,-9.0,Negative,Mot,deceased,-Shonileyo,Oorlede,Mohu,Nkcizi,akafa,expanded_shona_lexicon,akafa
Lusa,Pitier,2.0,Positive,Mot,pity,Umunyu,Jammer,Kwelobohloko,Nceba,tsitsi,expanded_shona_lexicon,tsitsi
Nkenena,Fourmis,-4.0,Negative,Mot,ants,Amashefa,Miere,Ditšhošwane .,Iimbovane,masvosve,expanded_shona_lexicon,masvosve
Kanyunyi,Oiseau,5.0,Positive,Mot,bird,Inyoni,Voël,Nonyana,Intaka,shiri,expanded_shona_lexicon,shiri
Kabuluku,Fou,-7.0,Negative,Mot,mad,Phambeneyo,Mal,Gafa,Hlanya,kupenga,expanded_shona_lexicon,kupenga
mubanji,patron,2.0,Positive,Mot,boss,ophethe,baas,molaodi,umphathi,boss,expanded_shona_alt,shefu
kusela,Marier,2.0,Positive,Verbe,marry,Gcagca,Trou,Nyala .,Tshata,roora,expanded_shona_alt,kuroora
Mujika,Célibataire,2.0,Positive,Mot,bachelor,Impohlo,Baccalaureus,Kgope,I-bachelor,bachelor,expanded_shona_loanword,bachelor
Mulobi,Pécheur,2.0,Positive,Mot,fisherman,Umdobi wenhlanzi,Visserman,Mohlapi wa Dihlapi wa Dihlapi .,Umlobi,hove,expanded_shona_lexicon,hove
Mibi,Pécher,2.0,Positive,Verbe,sin,Ona,Sonde,Sebe .,Isono,chivi,expanded_shona_lexicon,chivi
Kakone,ÉcoMotiste,2.0,Positive,Mot,ecomotist,Udokotela we-ecolomoti,EcoMotist,Ecomotist .,I-ecomotist,ecomotist,expanded_shona_loanword,ecomotist
Magnimela,Ingénieur,2.0,Positive,Mot,engineer,Unjiniyela,Ingenieur,Moentšineere,Injineli,injiniya,expanded_shona_lexicon,injiniya
Bihu,Punaise,2.0,Positive,Mot,thumbtack,I-Thumbtack,Duimstok,Thumbtack .,Thlock,thumbnack,expanded_shona_lexicon,thumbnack
Mimbembela,Agama,2.0,Positive,Mot,agama,-Gugambu,Agama,Agama .,Agama,agama,expanded_shona_loanword,agama
Nkunda,haricot,2.0,Positive,Mot,bean,ubhontshisi,boontjie,Bean .,imbotyi,bhinzi,expanded_shona_lexicon,bhinzi
Nyonga,Escargot,2.0,Positive,Mot,snail,Umnenke,Slak,Kgopa,Inkumba,sutu,expanded_shona_alt,hozhwa
Mukolabibi,Impolie,-4.0,Negative,Mot,rude,-Eyisayo,Onbeskof,Hlokago boitshwaro,Krwada,rute,expanded_shona_lexicon,rute
Mubelu,Conseil,5.0,Positive,Verbe,advice,Iseluleko,Raad,Maele,Ingcebiso,zano,expanded_shona_alt,mazano
Kubela,Conseiller,5.0,Positive,Verbe,advise,Cebisa,Adviseer,Eletša,Cebisa,kuraira,expanded_shona_lexicon,kuraira
Lombola,Cordonne,5.0,Positive,Mot,cord,Intambo,Koord,Thapo .,Intambo,tambo,expanded_shona_lexicon,tambo
Mulombodi,Coordinateur,5.0,Positive,Mot,coordinator,Umxhumanisi,Koördineerder,Molomaganyi wa .,Umnxibelelanisi,murongi,expanded_shona_lexicon,murongi
Moyi,Coeur,5.0,Positive,Mot,heart,Inhliziyo,Hart,Pelo,Intliziyo,moyo,expanded_shona_alt,mwoyo
Boowa,Champignons,5.0,Positive,Mot,mushrooms,Amakhowe,Sampioene,Di-mushroom .,Amakhowa,howa,expanded_shona_lexicon,howa
Diba,Heure,5.0,Positive,Mot,hour,Ihora,Uur,Iri,Yure,awa,expanded_shona_lexicon,awa
Kaheji,Saboté,5.0,Positive,Mot,sabotaged,-Chithiwe,Gesaboteer,Sabotaged .,I-sabotiment,sabotday,expanded_shona_alt,kuparadza
Mukana,Bouche,5.0,Positive,Mot,mouth,Umlomo,Mond,Molomo,Umlomo,muromo,expanded_shona_lexicon,muromo
Dingeya,Mangue,5.0,Positive,Mot,mango,i-Mango,Mango,Mango .,imango,mango,expanded_shona_loanword,mango
Disama,maladie,-2.0,Negative,Mot,disease,isifo,siekte,bolwetši,isifo,chirwere,expanded_shona_lexicon,chirwere
Tangila,Regarde,1.0,Positive,Verbe,look at,Bheka,Kyk na,Lebelela .,Jonga kwi,tarisa,expanded_shona_lexicon,tarisa
Lala,Dors,1.0,Positive,Mot,sleep,Ukulala,Slaap,Robala,Ukulala,kurara,expanded_shona_alt,rara
Anu,Seulement,1.0,Positive,Mot,only,Kuphela,Slegs,Fela,Kuphela,chete,expanded_shona_lexicon,chete
angata,prends,1.0,Positive,Verbe,take,hlalela,neem,tšea,thatha,tora,expanded_shona_lexicon,tora
Ambelu,Dehors,1.0,Positive,Mot,out,Ngaphandle,Uit,Ntle,Ngaphandle,kunze,expanded_shona_lexicon,kunze
Cilamba,Pond,1.0,Positive,Mot,pond,Isiziba,Dam,Letangwana,Ichibi,pond,expanded_shona_alt,dziva
Cilumana,Tshichose,1.0,Positive,Mot,tshichosis,Isifo se-Tshichosis,Tsjikose,Tshichosis .,I-tshichosis,tshichosis,expanded_shona_loanword,tshichosis
Kuhanga,Echoué,1.0,Positive,Verbe,failed,Yehlulekile,Misluk,Paletšwe,Ayiphumelelanga,yakundikana,expanded_shona_alt,akundikana
Kuhangila,manqué,1.0,Positive,Verbe,lack,ukuntula,gebrek,tlhokego,ukunqongophala,kushaya,expanded_shona_lexicon,kushaya
Dikenga,Souffrance,1.0,Positive,Verbe,suffering,Ukuhlupheka,Lyding,Go tlaišega,Ukubandezeleka,kutambura,expanded_shona_lexicon,kutambura
Disama,maladie,1.0,Positive,Mot,disease,isifo,siekte,bolwetši,isifo,chirwere,expanded_shona_lexicon,chirwere
Dikenga,galère,-5.0,Negative,Verbe,galley,ugibele,kombuis,Galley .,gallay,galley,expanded_shona_loanword,galley
Dinanga,Amour,5.0,Positive,Mot,love,Thanda,Liefde,Lerato,Uthando,rudo,expanded_shona_lexicon,rudo
Dignoka,punition,5.0,Positive,Mot,punishment,inhlawulo,straf,Kotlo .,isohlwayo,kurangwa,expanded_shona_lexicon,kurangwa
Mubanji,Riche,5.0,Positive,Mot,rich,Nothile,Ryk,Humile,Sisityebi,mupfumi,expanded_shona_lexicon,mupfumi
Bulanda,Pauvreté,5.0,Positive,Verbe,poverty,Ukuntula,Armoede,Bodiidi,Intlupheko,urombo,expanded_shona_lexicon,urombo
Bunyinu,Vagin,5.0,Positive,Mot,vagina,Isibunu,Vagina,Bosadi .,Vegina,vagina,expanded_shona_loanword,vagina
Budisu,Orgueil,5.0,Positive,Mot,pride,Ukuziqhenya,Trots,Boitumelo,Ikratshi,kudada,expanded_shona_alt,kuzvikudza
Dihoyi,misère,5.0,Positive,Mot,misery,ubuhlungu,ellende,masetlapelo,ububi,kusuwa,expanded_shona_alt,nhamo
Matandu,Querelle,5.0,Positive,Mot,quarrel,Xabana,Twis,Kgakgana,Ixampe,kupopotedzana,expanded_shona_alt,kukakavadzana
Bulaku,Injure,5.0,Positive,Mot,insult,Eyisa,Belediging,Maroga,Ukuthuka,kutuka,expanded_shona_lexicon,kutuka
Malunvu,Alcool,-5.0,Negative,Mot,alcohol,Utshwala,Alkohol,Alkhoholo,Utywala,doro,expanded_shona_lexicon,doro
Manga,Fétiche,-1.0,Negative,Mot,fetish,Fetish,Fetisj,Fetish .,Thambisa,fetish,expanded_shona_loanword,fetish
Bulaba,Sable,3.0,Positive,Mot,sand,Isihlabathi,Sand,Santa,Isanti,jecha,expanded_shona_lexicon,jecha
Buta,Sandre,3.0,Positive,Mot,zander,Wander,Zander,Zander .,IZander,zander,expanded_shona_loanword,zander
Makuta,Argent,3.0,Positive,Mot,money,Imali,Geld,Tšhelete,Imali,mari,expanded_shona_lexicon,mari
Mamu,Mère,3.0,Positive,Mot,mother,Umame,Moeder,Mma,Umama,amai,expanded_shona_lexicon,amai
Tatu,Père,3.0,Positive,Mot,father,Uyihlo,Vader,Papa,Utata,baba,expanded_shona_lexicon,baba
Kubungama,Tristesse,-6.0,Negative,Mot,sadness,Ukudabuka,Hartseer,manyami a go nyama .,Usizi,kusuwa,expanded_shona_lexicon,kusuwa
Musangu,Oreiller,6.0,Positive,Mot,pillow,Iphilo,Kussing,Mosamelo,Umqamelo,pilo,expanded_shona_lexicon,pilo
Vunda_vunda,Tourbillon,6.0,Positive,Mot,whirlwind,Shirlwind,Warrelwind,Ledimo la ledimo .,I-whirlwind,chimbudzi,expanded_shona_alt,chamupupuri
Nvula,Pluie,6.0,Positive,Mot,rain,Imvula,Reën,Pula,Imvula,kunaya,expanded_shona_alt,mvura
Bihu,punaise,6.0,Positive,Mot,thumbtack,I-Thumbtack,duimstok,Thumbtack .,thlock,thumbnack,expanded_shona_lexicon,thumbnack
Songakaji,Fille,6.0,Positive,Mot,girl,Intombi,Meisie,Mosetsana,Intombazana,musikana,expanded_shona_lexicon,musikana
Songaluma,Garçon,6.0,Positive,Mot,boy,Umfana,Seuntjie,Mošemane,Inkwenkwe,mukomana,expanded_shona_lexicon,mukomana
Tante,tatumukaji,6.0,Positive,Mot,tatumukaji,tatumukaji,tatumukaji,Tatumukaji .,Tatumukaji,tatiumukaji,expanded_shona_lexicon,tatiumukaji
Faire,kuenza,6.0,Positive,Mot,kuenza,Kuniza,koeenza,Kuenza .,kuenza,kuenza,expanded_shona_loanword,kuenza
Menyi,Pipi,6.0,Positive,Mot,pee,Okokuphangwa uvalo,Piepie,Rota,Pee,pee,expanded_shona_loanword,pee
Merci,Tuasakadila,6.0,Positive,Mot,tuasakadila,Tuasakadila,Tuasakadila,Tuasakadila .,I-tuasakadila,tuasakadila,expanded_shona_loanword,tuasakadila
Kulala,Dormir,6.0,Positive,Verbe,sleep,Ukulala,Slaap,Robala,Ukulala,kurara,expanded_shona_alt,rara
Tuta,Frappe,6.0,Positive,Mot,struck,-Gwashisayo,Geslaan,Bethilwe,Wabetha,akarova,expanded_shona_alt,akarohwa
Kunyungulaka,Tourner,6.0,Positive,Verbe,turn,Phenduka,Draai,Fetoga,Jika,tendeuka,expanded_shona_lexicon,tendeuka
Bala,Lis,6.0,Positive,Mot,read,Funda,Lees,Bala,Funda,verenga,expanded_shona_lexicon,verenga
Udia,Mange,6.0,Positive,Mot,eaten,Udleke,Geëet,E jelwe .,Ityiwe,kudyiwa,expanded_shona_lexicon,kudyiwa
Usama,Malade,-8.0,Negative,Mot,sick,-Ngaphilile,Siek,Lwala,Ndiyagula,kurwara,expanded_shona_lexicon,kurwara
Ufua,Mort,-8.0,Negative,Mot,dead,-Fileyo,Dood,Hlokofetše,Ufile,akafa,expanded_shona_alt,vakafa
Mufua,Décédée,-8.0,Negative,Mot,deceased,-Shonileyo,Oorlede,Mohu,Nkcizi,akafa,expanded_shona_lexicon,akafa
Lusa,Pitier,-8.0,Negative,Verbe,pity,Umunyu,Jammer,Kwelobohloko,Nceba,tsitsi,expanded_shona_lexicon,tsitsi
Nkenena,Fourmis,2.0,Positive,Mot,ants,Amashefa,Miere,Ditšhošwane .,Iimbovane,masvosve,expanded_shona_lexicon,masvosve
Kanyunyi,Oiseau,2.0,Positive,Mot,bird,Inyoni,Voël,Nonyana,Intaka,shiri,expanded_shona_lexicon,shiri
Kabuluku,Fou,2.0,Positive,Mot,mad,Phambeneyo,Mal,Gafa,Hlanya,kupenga,expanded_shona_lexicon,kupenga
Musedibua,Marier,2.0,Positive,Verbe,marry,Gcagca,Trou,Nyala .,Tshata,roora,expanded_shona_alt,kuroora
Mulobi,Péchère,2.0,Positive,Mot,sinful,-Okona,Sondig,Sebe sa sebe .,Inesono,zvivi,expanded_shona_alt,mutadzi
Mumbembela,Agame,2.0,Positive,Mot,agame,Vamema,Agame,Agame .,I-agame,agame,expanded_shona_loanword,agame
Nkunda,Arrigo,2.0,Positive,Mot,arrigo,-Vutha,Arrigo,Arrigo .,Ifigo,arrigo,expanded_shona_loanword,arrigo
Lukonyonyo,Camelon,2.0,Positive,Mot,camelon,UCamelononi,Kamelon,Camelon .,I-bizelon,camelon,expanded_shona_loanword,camelon
Impolie,Mukolabibi,2.0,Positive,Mot,mukolabibi,Mukolabibi,Mukolabibi,M u k u k l abibi .,Mukolabibi,mukolabi,expanded_shona_lexicon,mukolabi
Conseil,Mubelu,2.0,Positive,Mot,mubelu,IMubelu,Mubelu,Mubelu .,Mubhalu,mubelu,expanded_shona_loanword,mubelu
Conseiller,Kubela,2.0,Positive,Mot,kubela,Kubela,Kubela,K l l a s .,Kuube,kuubla,expanded_shona_lexicon,kuubla
Cordonne,Lombola,2.0,Positive,Mot,lombola,Imoto empini,Lombola,Lombola .,Lopoti,lombola,expanded_shona_loanword,lombola
Coordinateur,Mulombodi,2.0,Positive,Mot,mulombodi,Mulombodi,Mulombodi,Mulombodi .,Mulodi,mulombodi,expanded_shona_loanword,mulombodi
Moyi,Ceour,2.0,Positive,Mot,heart,Inhliziyo,Hart,Pelo,Intliziyo,moyo,expanded_shona_alt,mwoyo
Moyahu,Salut,2.0,Positive,Mot,hi,Sibhabhanyo ngo,Hallo,Thobela,Mholo,mhoro,expanded_shona_lexicon,mhoro
Wetuahu,Bonjour,2.0,Positive,Mot,good morning,Sawubona,Goeie môre,Thobela,Mholo,mangwanani akanaka,expanded_shona_lexicon,mangwanani akanaka
Butaka,Sexe,2.0,Positive,Mot,sex,Ubulili,Seks,Thobalano .,Isondo,bonde,expanded_shona_lexicon,bonde
Mukanda,Livre,2.0,Positive,Mot,book,Ibhuku,Boek,Puku,Incwadi,bhuku,expanded_shona_lexicon,bhuku
Butandanla,Connexion,2.0,Positive,Mot,connection,Isihlobo,Verbinding,Kgokagano .,Uqhagamshelo,kubatana,expanded_shona_lexicon,kubatana
Kohua,pendre,2.0,Positive,Verbe,hang,zula,hang,ikgama,hang,hang,expanded_shona_loanword,hang
Kale,Étrangler,2.0,Positive,Verbe,strangle,Klinya emphinjeni,Wurg,Kgama .,I-strangle,strangle,expanded_shona_loanword,strangle
Kalulu,Lapin,2.0,Positive,Mot,rabbit,Unogwaja,Konyn,Mmutla,Umvundla,tsuro,expanded_shona_lexicon,tsuro
Dikalu,Vélo,2.0,Positive,Mot,bike,Ibhanoyi,Fiets,Paesekela,Ibhayisekile,bhasikoro,expanded_shona_lexicon,bhasikoro
Véhicule,Machine,2.0,Positive,Mot,machine,Umshini,Masjien,Motšhene,Umatshini,muchina,expanded_shona_lexicon,muchina
Ciyi,Court,2.0,Positive,Mot,short,-Fushane,Kort,Kopana,Mfutshane,pfupi,expanded_shona_lexicon,pfupi
Cileha,Géant,2.0,Positive,Mot,giant,Isiqhwagi,Reus,Lekgema,Giant,hofori,expanded_shona_lexicon,hofori
Bowa,Peur,-7.0,Negative,Mot,fear,Ukwesaba,Vrees,Tšhoga,Uloyiko,kutya,expanded_shona_lexicon,kutya
Boowa,Champignons,3.0,Positive,Mot,mushrooms,Amakhowe,Sampioene,Di-mushroom .,Amakhowa,howa,expanded_shona_lexicon,howa
Diba,Heure,3.0,Positive,Mot,hour,Ihora,Uur,Iri,Yure,awa,expanded_shona_lexicon,awa
Kaheji,Saboté,3.0,Positive,Mot,sabotaged,-Chithiwe,Gesaboteer,Sabotaged .,I-sabotiment,sabotday,expanded_shona_alt,kuparadza
Mukana,Bouche,3.0,Positive,Mot,mouth,Umlomo,Mond,Molomo,Umlomo,muromo,expanded_shona_lexicon,muromo
Dingeya,Mangue,3.0,Positive,Mot,mango,i-Mango,Mango,Mango .,imango,mango,expanded_shona_loanword,mango
Udi,Il,0.0,Neutre,Mot,he,Yena,Hy,Yena,Yena,iye,expanded_shona_lexicon,iye
Nous,Tuetu,0.0,Neutre,Mot,tuetu,tuetu,tuetu,Tuetu .,tuetu,tuetu,expanded_shona_loanword,tuetu
Bunyi,Quantité,0.0,Neutre,Mot,quantity,Ubuningi,Hoeveelheid,Bontši,Ubungakanani,kuwanda,expanded_shona_lexicon,kuwanda
NtaMbua,lion,3.0,Positive,Mot,lion,ingonyama,leeu,tau,ingonyama,shumba,expanded_shona_lexicon,shumba
Soku,Singe,3.0,Positive,Mot,monkey,Inkawu,Aap,Kgabo,Inkawu,monkey,expanded_shona_alt,tsoko
Zevu,Elephant,3.0,Positive,Mot,elephant,Indlovu,Olifant,Tlou,Elephants,nzou,expanded_shona_lexicon,nzou
Mulangi,bouteille,3.0,Positive,Mot,bottle,ibhodlela,bottel,lebotlelo,ibhotile,bhodhoro,expanded_shona_lexicon,bhodhoro
Muela,Machette,3.0,Positive,Mot,machete,-Edwala,Machete,Machete .,I-machete,machete,expanded_shona_loanword,machete
Kasuyi,Hache,3.0,Positive,Mot,ax,Izenube,Byl,Selepe .,I-ax,demo,expanded_shona_lexicon,demo
Tshasu,Bêche,3.0,Positive,Mot,spade,Ukhuni,Graaf,Spade .,Spade,spade,expanded_shona_loanword,spade
Nteta,Bâche,3.0,Positive,Mot,tarpaulin,I-tarpaulin,Seil,Tarpaulin .,I-tarpaulin,tarpauluin,expanded_shona_lexicon,tarpauluin
Bulalu,Moussa,3.0,Positive,Mot,moussa,MOSSA,Moussa,Moussa .,Moussa,moussa,expanded_shona_loanword,moussa
Kuhenda,Injurier,1.0,Positive,Verbe,insult,Eyisa,Belediging,Maroga,Ukuthuka,kutuka,expanded_shona_lexicon,kutuka
Kutata,Tamiser,8.0,Positive,Verbe,sieve,Luswano,Sif,Sefe .,Sieve,sieve,expanded_shona_loanword,sieve
Lala,Dors,4.0,Positive,Mot,sleep,Ukulala,Slaap,Robala,Ukulala,kurara,expanded_shona_alt,rara
Anu,Seulement,3.0,Positive,Mot,only,Kuphela,Slegs,Fela,Kuphela,chete,expanded_shona_lexicon,chete
Ndi,je,0.0,Neutre,Mot,i,Mina,ek,nna,I,i,expanded_shona_loanword,i
Udi,tu,0.0,Neutre,Mot,you,nina,jy,wena,wena,iwe,expanded_shona_lexicon,iwe
yeya,il,0.0,Neutre,Mot,he,yena,hy,yena,yena,iye,expanded_shona_lexicon,iye
nenu,vous,0.0,Neutre,Mot,you,Nina,JY,WENA,Wena,iwe,expanded_shona_lexicon,iwe
bobu,ils,0.0,Neutre,Mot,they,bona,hulle,bona,bona,ivo,expanded_shona_lexicon,ivo
mema,moi,0.0,Neutre,Mot,me,Mina,Ek,Nna,Mna,ini,expanded_shona_lexicon,ini
wewa,toi,0.0,Neutre,Mot,you,Nina,Jy,Wena,Wena,iwe,expanded_shona_lexicon,iwe
yeya,lui,0.0,Neutre,Mot,him,yena,hom,yena,yena,iye,expanded_shona_lexicon,iye
Tshia,de,0.0,Neutre,Mot,of,iwa-,van,ya,ye,of,expanded_shona_alt,ye
Ndine,j'ai,0.0,Neutre,Verbe,i have,Nginayo,Ek het,ke na le,Ndine,ndine,expanded_shona_lexicon,ndine
Udine,tuas,0.0,Neutre,Verbe,you have,unayo,jy het,o na le .,unayo,une,expanded_shona_lexicon,une
uudine,ila,0.0,Neutre,Verbe,he has,unayo,hy het,o na,une,ane,expanded_shona_lexicon,ane
Tudine,ellea,0.0,Neutre,Verbe,she has,une,sy het,o na,une,ane,expanded_shona_lexicon,ane
Nudine,nousavons,0.0,Neutre,Verbe,we have,Sine,Ons het,Re na le .,Si,tine,expanded_shona_lexicon,tine
badine,vousavez,0.0,Neutre,Verbe,you have,unayo,jy het,o na le .,unayo,une,expanded_shona_lexicon,une
Tshiabu,poureux,0.0,Neutre,Mot,for two,Kwababili,vir twee,bakeng sa ba babedi .,kuba zimbini,kune maviri,expanded_shona_alt,kwevaviri
ni,et,0.0,Neutre,Mot,and,Na-,En,Le,Kwaye,uye,expanded_shona_lexicon,uye
walukunukunu,zélateur,-2.0,Negative,Mot,zealot,iteloki,yweraar,Zealot .,i-zealot,zealot,expanded_shona_loanword,zealot
waludimilupepele,eloquant,7.0,Positive,Mot,eloquent,-nendlu enobuhlakani,welsprekend,Go bolela ka go lebanya .,onobuchule,eloquent,expanded_shona_alt,kutaura
wakupetula,méprisable,-3.0,Positive,Mot,contemptible,-delelekayo,veragtelik,Go nyatša .,Ukudandatheka,zvinonyangadza,expanded_shona_alt,zvinoshoreka
wakumudilu,premier,5.0,Positive,Mot,first,-yinhloko,eerste,mathomo,Ekuqaleni,chekutanga,expanded_shona_lexicon,chekutanga
wakubanda,passible,5.0,Positive,Mot,liable,-nokubekwa icala,aanspreeklik,Boikarabelo .,unoxanduva,zvine mhosva,expanded_shona_alt,mhosva
wabutumbi,honorable,8.0,Positive,Mot,honorable,-nokuhlonishwa,eerbaar,Mohlomphegi .,ehlonelayo,kukudzwa,expanded_shona_alt,zvinokudzwa
wabute,ainé,6.0,Positive,Mot,elder,omdala,ouderling,motšofe,umdala,mukoma,expanded_shona_lexicon,mukoma
wabungi,affectueusement,6.0,Positive,Mot,affectionately,-nothando,liefdevol,Ka lerato .,Unothando,rudo,expanded_shona_alt,nerudo
wabende,etranger,0.0,Neutre,Mot,stranger,umufo,vreemdeling,moeng,umntu ongamaziyo,stranger,expanded_shona_loanword,stranger
wabalume,mâle,0.0,Neutre,Mot,male,owesilisa,manlik,monna,oyindoda,murume,expanded_shona_lexicon,murume
wadikamakama,audacieux,-2.0,Negative,Mot,bold,-nesibindi,vetgedruk,bokoto,ngesibindi,takashinga,expanded_shona_lexicon,takashinga
Utshidikamana,chaste,6.0,Positive,Mot,chaste,umsulwa,kuis,Go hlweka .,chaste,chete,expanded_shona_alt,yakachena
utshienawaluisha,nourisson,0.0,Neutre,Mot,infant,usana,baba,lesea,usana,mucheche,expanded_shona_lexicon,mucheche
utema/kapia,brulant,0.0,Neutre,Mot,burning,-vulayo,brand,Go fiša .,ukutshisa,kupisa,expanded_shona_alt,kutsva
Uttema,ardent,0.0,Neutre,Mot,ardent,-ngecebo,vurig,Ardent .,inqaku,akajaira,expanded_shona_lexicon,akajaira
Utamba,surabondant,7.0,Positive,Mot,superabundant,-phezulu,oorvloedig,Se se nago le matla a magolo kudu .,thambisa,superabandant,expanded_shona_lexicon,superabandant
unakila,perseverant,7.0,positidf,Mot,persevering,wabaphakelayo,volhardend,Go phegelela .,ukunyamezela,kutsungirira,expanded_shona_lexicon,kutsungirira
umuepele,unique,0.0,Neutre,Mot,unique,-hlukile,uniek,moswananoši,eyahlukileyo,akasiyana,expanded_shona_lexicon,akasiyana
ukungula,rugissant,0.0,Neutre,Mot,roaring,bhosa,brul,Go rora .,ukugquma,kuhukura,expanded_shona_alt,kudzvova
ufuafua,murant,-5.0,Negative,Mot,walling,izintambo,ommuur,Walling .,udonga,walling,expanded_shona_alt,wall
uzakala,tramblant,0.0,Neutre,Mot,tremblant,ngokubabaza,bewend,Tremblant .,ukuqhekeza,thai,expanded_shona_alt,kudedera
udiusanka,joyeux,6.0,Positive,Mot,happy,-eneme,gelukkig,thabile,ndonwabile,kufara,expanded_shona_lexicon,kufara
udiusama,malade,-1.0,Negative,Mot,sick,-ngaphilile,siek,lwala,ndiyagula,kurwara,expanded_shona_lexicon,kurwara
UdiulondantedeluwabuenaYuda,erosélyte,3.0,Positive,Mot,eroselyte,ukucekela phansi,erosiet,Eroselyte .,i-eroselyte,eroselyte,expanded_shona_loanword,eroselyte
Udiukenga/utata,affligé,-2.0,négative,Mot,distressed,-nobuhlungu,benoud,O tlamegile .,ixinezelekile,kushungurudzika,expanded_shona_lexicon,kushungurudzika
udiudisuila,volontaire,3.0,Positive,Mot,voluntary,-ngokuzinikela,vrywillig,Boithaopo .,ngokuzithandela,nokuzvidira,expanded_shona_lexicon,nokuzvidira
udipabuipi,voisin,0.0,neutrre,Mot,neighbor,umakhelwane,buurman,moagišani,Ummelwane,muvakidzani,expanded_shona_lexicon,muvakidzani
udinemoyo,vivant,0.0,Neutre,Mot,alive,-zwayo,lewendig,phela,uyaphila,vapenyu,expanded_shona_alt,mupenyu
udinemanyi,Gras,0.0,Neutre,Mot,fat,Amafutha,Vet,Lekhura,Amanqatha,mafuta,expanded_shona_lexicon,mafuta
udinelutulu,patient,1.0,Positive,Mot,patient,-nesineke,pasiënt,molwetši,isigulana,murwere,expanded_shona_lexicon,murwere
udinelumulunene,distingué,4.0,Positive,Mot,distinguished,dilicaged,onderskei,E hlomphega .,ukwahlula-hlula,kusiyaniswa,expanded_shona_alt,vakakurumbira
udinedilamatu,fidele,3.0,Positive,Mot,faithful,-thembekile,getrou,botega,ithembekile,kutendeka,expanded_shona_alt,akatendeka
udinelukunukunu,zélé,0.0,Neutre,Mot,zealous,shisela,ywerig,E fišegago .,ngenzondelelo,vanoshingairira,expanded_shona_alt,anoshingaira
udinelukukaluabiuma,cupide,-3.0,Negative,Mot,greedy,-hahile,gierig,go timana,ukubawa,makaro,expanded_shona_alt,kukara
tsjiji,rage/colere,-3.0,Negative,Mot,rage/anger,ulaka / intukuthelo,woede/woede,Kgalefo/Kgaletso .,umsindo / umsindo,rage / kutsamwa,expanded_shona_alt,hasha/hasha
tshuwidi,plenitude,0.0,Neutre,Mot,fullness,ukugcwele,volheid,Go tlala .,ukugcwala,kuzara,expanded_shona_lexicon,kuzara
udinedisanka,bienheureux,3.0,Positive,Mot,blessed,-busisekile,geseënd,šegofaditšwe,usikelelekile,wakakomborerwa,expanded_shona_alt,akaropafadzwa
udinedisakidila,reconnaissant,2.0,Positive,Mot,grateful,-mnandi,dankbaar,leboga,enombulelo,kutenda,expanded_shona_alt,kuonga
udinebupole,paisible,3.0,Positive,Mot,peaceful,-thulile,vreedsaam,ka khutšo,uxolo,rugare,expanded_shona_lexicon,rugare
udinebundu,honteux,-1.0,Negative,Mot,ashamed,-jabhile,skaam,jewa ke dihlong,zineentloni,kunyara,expanded_shona_lexicon,kunyara
udimusungula,Elu,3.0,Positive,Mot,elected,Ekhethwe,Uitverkies,E kgethilwe .,Bonyulwe,vakasarudzwa,expanded_shona_alt,akasarudzwa
udimupambuke,Perverti,-2.0,Negative,Mot,perverted,Kuhlanekezelwe,Perverse,E kgopamego .,Igqwethekile,kutsveneswa,expanded_shona_alt,yakatsveyamiswa
udimuitabe,Croyant,0.0,Neutre,Mot,believer,Okhwalwayo,Gelowige,Modumedi .,Ikholwa,mutendi,expanded_shona_lexicon,mutendi
udimuenamukonso,medisant,-1.0,Negative,Mot,meditating,ukuzwela,mediteer,Go naganišiša .,ukucamngca,kufungisisa,expanded_shona_lexicon,kufungisisa
udimudifile,adonné,2.0,Positive,Mot,gave,unikele,gegee het,file,unike,akapa,expanded_shona_lexicon,akapa
udikayinekudikanda,incontinent,0.0,Neutre,Mot,incontinent,-ngavumelani,inkontinent,Go se kgone go itshwara .,ukungasebenzi,zvisingagone,expanded_shona_lexicon,zvisingagone
udikayineditekemenakabidi,desesperer,-1.0,Negative,Mot,to despair,Ukuphelelwa yithemba,te wanhoop,Go itlhoboga .,Ukuphelelwa lithemba,kupererwa,expanded_shona_lexicon,kupererwa
udikayinebualu,innocent,2.0,Positive,Mot,innocent,-msulwa,onskuldig,hloka molato,umsulwa,asina mhosva,expanded_shona_lexicon,asina mhosva
udikayimutengula,incircincis,-2.0,Negative,Mot,uncircumcised,-ngasokile,onbesnede,E sa bollang .,engalukanga,zvisina kudzingiswa,expanded_shona_alt,asina kudzingiswa
udikayimushindame,incertaindanssespensées,0.0,Neutre,Mot,uncertain in his thoughts,ungaqinisekile emcabangweni wakhe,onseker in sy gedagtes,go se kgonthišege menaganong ya gagwe .,engaqinisekanga kwiingcamango zakhe,zvisina chokwadi mupfungwa dzake,expanded_shona_alt,asina chokwadi mupfungwa dzake
udikayimumanyemukanda,illétré,-3.0,Negative,Mot,illiterate,-ngakwazi ukufunda,ongeletterd,Go bala le go ngwala yo a sa tsebego go bala le go ngwala .,ukungafundi,vasingadzoreki,expanded_shona_alt,vasingagoni kuverenga
udikayimuakanangane,indigne,0.0,Neutre,Mot,unworthy,-ngafanele,onwaardig,Ga e swanelwe ke .,ayifanelekanga,zvisina kukodzera,expanded_shona_alt,asina kufanira
udikayidisakidila,ingrat,-1.0,Neutre,Mot,ungrateful,-ngabongi,ondankbaar,Go se be le tebogo .,ngokungathandabuzekiyo,vasingaongi,expanded_shona_lexicon,vasingaongi
udikamama,vierge,0.0,Neutre,Mot,virgin,intombi egcweleyo,maagd,kgarebe,intombi,mhandara,expanded_shona_lexicon,mhandara
walumulunene,fameux,0.0,Neutre,Mot,famous,-dumile,beroemd,tumile,idume,ane mukurumbira,expanded_shona_alt,mukurumbira
waluse,misericordieux,5.0,Positive,Mot,merciful,isihe,genadig,Kgaugelo ya go ba le kgaugelo .,Inceba,ngoni,expanded_shona_alt,vane tsitsi
wamabue,rocailleux,0.0,Neutre,Mot,rocky,namatshe,klipperig,Lefika la lefika .,i-rocky,dombo,expanded_shona_lexicon,dombo
wamuandamukulu,huitieme,0.0,Neutre,Mot,eighth,-sishayagalombili,agtste,Boseswai .,Isibhozo,chesere,expanded_shona_lexicon,chesere
wamubidi,charnel,0.0,Neutre,Mot,carnal,intandane,vleeslik,Nama ya nama .,inyamakazi,carnal,expanded_shona_alt,zvenyama
waNzambi,Religieux,0.0,Neutre,Mot,religious,-Kholiwe,Godsdienstig,Ya sedumedi,Inkolo,chitendero,expanded_shona_alt,zvechitendero
watshijila,pur,3.0,Positive,Mot,pure,-nalutho,suiwer,hlwekile,icocekile,yakachena,expanded_shona_lexicon,yakachena
watshijila,saint,3.0,Positive,Mot,saint,usanti,heilige,Mokgethwa .,eng,saint,expanded_shona_alt,mutsvene
watshitema,neuvieme,0.0,Neutre,Mot,ninth,okwesishiyagalolunye,negende,Senyane .,Isithoba,chepfumbamwe,expanded_shona_lexicon,chepfumbamwe
wende,propre,0.0,Neutre,Mot,own,yami,eie,rua,eyakho,ndega,expanded_shona_lexicon,ndega
weste,occident,0.0,Neutre,Mot,west,Intshonalanga,Wes,Bophirima .,Entshona,kumadokero,expanded_shona_lexicon,kumadokero
zelubabela,zorobabel,0.0,Neutre,Mot,zorobabel,Zorobabel,zorobabel,Zorobabel .,I-zorobabel,zorobabel,expanded_shona_loanword,zorobabel
kuzenzeka,noter,2.0,Positive,Mot,note,incwajana,nota,temošo,Phawula,ona,expanded_shona_lexicon,ona
tujila,ruelle,0.0,Neutre,Mot,alley,umhubhe,stegie,Alley .,i-alley,alley,expanded_shona_loanword,alley
tshinji,colere,-1.0,Negative,Mot,anger,intukuthelo,woede,pefelo,umsindo,kutsamwa,expanded_shona_lexicon,kutsamwa
tshiwudi,plenitude,1.0,positf,Mot,fullness,ukugcwele,volheid,Go tlala .,ukugcwala,kuzara,expanded_shona_lexicon,kuzara
tshiyole,famina,-2.0,Negative,Mot,famine,indlala,hongersnood,tlala,indlala,nzara,expanded_shona_lexicon,nzara
tshivulukidi,mémorial,0.0,Neutre,Mot,memorial,isivivane,gedenkteken,Segopotšo .,ISikhumbuzo,chirangaridzo,expanded_shona_alt,ndangariro
tshivuangale,varié,-2.0,Negative,Mot,varied,-nhlobonhlobo,gevarieerd,E fapa-fapana .,eyahlukileyo,dzakasiyana siyana,expanded_shona_alt,zvakasiyana-siyana
tshitueluepu,salé,0.0,Neutre,Mot,dirty,-ngcolile,vuil,ditqhila,umdaka,tsvina,expanded_shona_lexicon,tsvina
tshule,plein,0.0,Neutre,Mot,full,-gcwele,vol,tletše,igcwele,izere,expanded_shona_alt,yakazara
tshula,crapeau,0.0,Neutre,Mot,toad,iselesele,padda,Toad .,toad,toad,expanded_shona_loanword,toad
tshula,grenouille,0.0,Neutre,Mot,frog,iselesele,padda,segwagwa,isele,chura,expanded_shona_alt,datya
tshitupatshipi,bientôt,0.0,Neutre,Mot,soon,Ngokushesha,Binnekort,Ka pela,Kungekudala,munguva pfupi,expanded_shona_alt,nenguva isipi
tshitupatshipi,partiel,0.0,Neutre,Mot,partial,-khethayo,gedeeltelik,Karolo ya .,inxenye,chidimbu,expanded_shona_alt,kusarura
tshitupatshipi,recement,0.0,Neutre,Mot,recently,okusanda kwenzeka,onlangs,gabjale,kutsha nje,nguva pfupi yadarika,expanded_shona_alt,munguva pfupi yapfuura
tshituilu,camp,0.0,Neutre,Mot,camp,khempa,kamp,Kampo ya .,inkampu,musasa,expanded_shona_lexicon,musasa
tshituilu,vestibule,0.0,Neutre,Mot,vestibule,vestibule,voorportaal,Vestibule .,vestibule,vestibule,expanded_shona_loanword,vestibule
tshituadilutshiatshitalu,morgue,-1.0,Negative,Mot,morgue,isimilo,lykshuis,Morgue .,morgue,morgue,expanded_shona_loanword,morgue
tshitua,tranchant,0.0,Neutre,Mot,sharp,-bukhali,skerp,bogale,bukhali,kupinza,expanded_shona_lexicon,kupinza
tshitshiu,dureté,0.0,Neutre,Mot,hardness,ubunzima,hardheid,Go thatafala .,ubunzima,kuomesa,expanded_shona_alt,kuoma
tshitotshi,boue,0.0,Neutre,Mot,mud,ibishi,modder,leraga,udaka,matope,expanded_shona_alt,madhaka
tshitoketoke,livide,0.0,Neutre,Mot,livid,-bubhegqayela,woedend,Livid .,icacile,lidvid,expanded_shona_lexicon,lidvid
tshitoke,blanc,2.0,Positive,Mot,white,okumhlophe,wit,tšhweu,mhlophe,chena,expanded_shona_lexicon,chena
tshitoke,net,2.0,Positive,Mot,net,inethi,net,nete,inethi,net,expanded_shona_loanword,net
tshitendelelu,sanctuaire,0.0,Neutre,Mot,sanctuary,isiphephelo,heiligdom,Sekgethwa .,ingcwele,sanda,expanded_shona_alt,nzvimbo tsvene
tshitema,brillant,2.0,Positive,Mot,bright,-gqamile,helder,phadimago,iqaqambile,kupenya,expanded_shona_lexicon,kupenya
tshitema,neuf,0.0,Neutre,Mot,nine,isishiyagalolunye,nege,senyane,Thoba,pfumbamwe,expanded_shona_lexicon,pfumbamwe
tshitekelutshiaminda,chandelier,2.0,Positive,Mot,candlestick,ikhandlela,kandelaar,Kerese ya go swara kerese .,Isikhandlela,chigadziko,expanded_shona_alt,chigadziko chemwenje
tshitekelutshiamikolu,marche-pied,8.0,Positive,Mot,step,gxatha,stap,kgato,inyathelo,nhanho,expanded_shona_lexicon,nhanho
tshitapitapi,onguent,3.0,Positive,Mot,ointment,okokugcobisa umzimba,salf,Setlolo .,ioyile,oiri,expanded_shona_alt,mafuta okuzora
tshitangidilu,theatre,4.0,Positive,Mot,theater,ithiyeta,teater,Theatre .,ithiyetha,theatre,expanded_shona_lexicon,theatre
tshitambebuimpe,meilleur,3.0,Positive,Mot,best,-hle kakhulu,beste,kaonekaone,eyona ilungileyo,zvakanakisa,expanded_shona_alt,zvakanakisisa
tshitambala,foularddetete,0.0,Neutre,Mot,head scarf,isikhafu sekhanda,kopdoek,Sekhafo sa hlooho .,isikhafu sentloko,scarf,expanded_shona_alt,musoro scarf
tshitalale,doux,0.0,Neutre,Mot,soft,-potozelayo,sag,boleta,ithambile,nyoro,expanded_shona_lexicon,nyoro
tshitalale,froid,0.0,Neutre,Mot,cold,ukubanda,koud,tonya,kubanda,kutonhora,expanded_shona_lexicon,kutonhora
tshitakutshiabantu,poupe,0.0,Neutre,Mot,stern,-zithiba,agterstewe,Selemo sa ka morago .,rhabaxa,sters,expanded_shona_lexicon,sters
tshitadi,impot,0.0,Neutre,Mot,tax,intela,belasting,Lekgetho la lekgetho .,irhafu,mutero,expanded_shona_lexicon,mutero
tshisumbu,groupe,0.0,Neutre,Mot,band,isibopho,band,lepanta,band,bhendi,expanded_shona_lexicon,bhendi
tshisumbutshiabantu,population,0.0,Neutre,Mot,population,inani labantu,bevolking,setšhaba,Inani labemi,huwandu,expanded_shona_alt,vanhu
tshisumbutshiabantu,amasdepeuple,0.0,Neutre,Mot,mass of people,isisindo sabantu,massa mense,Mmisa wa batho .,ubunzima babantu,misa yevanhu,expanded_shona_alt,vanhu vazhinji
tshisumbutshianyama,troupeau,0.0,Neutre,Mot,herd,idanzi,trop,mohlape,umhlambi,herd,expanded_shona_alt,mombe
tshisumbutshiamasalayi,cohorte,0.0,Neutre,Mot,cohort,cohort,kohort,Sehlopha sa sehlopha .,cohort,cohort,expanded_shona_loanword,cohort
tshisumbutshiamasalayi,legion,0.0,Neutre,Verbe,legion,ibutho,legio,Legion .,umkhosi,legion,expanded_shona_loanword,legion
tshisumbutshiabenamvita,armée,0.0,Neutre,Verbe,army,impi,weermag,sešole,umkhosi,mauto,expanded_shona_lexicon,mauto
tshisumbutshiabantu,atroupement,0.0,Neutre,Verbe,crowd,isinyokotho,skare,lešaba,isihlwele,chaunga,expanded_shona_lexicon,chaunga
tshisumbutshiabanayi,quadriplet,0.0,Neutre,Verbe,quadriplet,I-Quadriplet,vierling,Seripa-gare sa quadriplet .,i-quadripyt,quadriplet,expanded_shona_loanword,quadriplet
tshisumbu,bote,0.0,Neutre,Verbe,box,isibhakela,boks,lepokisi,ibhokisi,bhokisi,expanded_shona_lexicon,bhokisi
tshisumbu,compagnie,0.0,Neutre,Verbe,company,iviyo,maatskappy,khamphani,inkampani,kambani,expanded_shona_lexicon,kambani
tshisumbu,foule,0.0,Neutre,Mot,crowd,isinyokotho,skare,lešaba,isihlwele,chaunga,expanded_shona_lexicon,chaunga
tshisumbu,partiel,0.0,Neutre,Mot,partial,-khethayo,gedeeltelik,Karolo ya .,inxenye,chidimbu,expanded_shona_alt,kusarura
tshisumbu,troupeau,0.0,Neutre,Mot,herd,idanzi,trop,mohlape,umhlambi,herd,expanded_shona_alt,mombe
tshisumikidinkanu,lien,7.0,Positive,Mot,link,ulungu lokuthile,skakel,amanya,ikhonkco,chinongedzo,expanded_shona_lexicon,chinongedzo
tshisonga,charbon,0.0,Neutre,Mot,coal,amalahle,steenkool,malahla,amalahle,marasha,expanded_shona_lexicon,marasha
tshisonga,sculpture,5.0,Positive,Mot,sculpture,okuqoshwe ngamatshe,beeldhouwerk,Seswantšho sa go betlwa .,umfanekiso oqingqiweyo,sculpture,expanded_shona_alt,kuvezwa
tshisombedi,siege,5.0,Positive,Mot,seat,isihlalo,sitplek,madulo,isihlalo,chigaro,expanded_shona_lexicon,chigaro
tshishipelu,boucherie,8.0,Positive,Mot,butcher's shop,Isitolo se-Butcher's,slaghuis,Lebenkele la Butcher .,Ivenkile ye-butcher,chitoro chebhotera,expanded_shona_alt,chitoro chebhucha
tshishindama,immobile,6.0,Positive,Mot,motionless,-ngahambi,roerloos,Go se šišinyege .,ukungashukumi,kusimuka,expanded_shona_alt,isina kufamba
tshishimikidi,soutien,6.0,Positive,Mot,support,singatha,ondersteun,thekga,inkxaso,tsigiro,expanded_shona_alt,rutsigiro
tshishima,miracle,0.0,Neutre,Mot,miracle,umlingo,wonderwerk,mohlolo,ummangaliso,chishamiso,expanded_shona_lexicon,chishamiso
tshishikulatshimuenembomboinayinebinunubinayu,144,0.0,Neutre,Mot,144,144,144,144 .,I-144,144,expanded_shona_loanword,144
tshishika,entierement,-2.0,Negative,Mot,entirely,konke,geheel en al,ka botlalo .,ngokupheleleyo,zvachose,expanded_shona_lexicon,zvachose
tshishi,teigne,6.0,Positive,Mot,ringworm,inhloso,ringwurm,Seboko sa Ringworm .,ringworm,ringurm,expanded_shona_alt,zvipembenene
tshisenesha,unie,0.0,Neutre,Mot,united,-hlangene,verenig,United .,umanyani,united,expanded_shona_alt,vakabatana
tshisebatshiakufundila,parchemin/peau,0.0,Neutre,Mot,parchment/skin,Isikhumba / Isikhumba,perkament/vel,Letlalo/letlalo .,isikhumba / ulusu,parment / ganda,expanded_shona_alt,dehwe/ganda
tshiseba,cuire,0.0,Neutre,Mot,cook,pheka,kook,apea,ukupheka,bika,expanded_shona_alt,kubika
tshisatutshiapa,tiers,7.0,Positive,Mot,third party,ilungu langaphandle,derde party,Motho wa boraro .,Iqela lesithathu,wechitatu bato,expanded_shona_lexicon,wechitatu bato
tshisanji,harpe,7.0,positidf,Mot,harp,uhado,harp,HARP .,ihadi,harp,expanded_shona_alt,mbira
tshisangisha,melange,0.0,Neutre,Mot,blend,xubanisa,versnit,tswakanya,dibanisa,sanganisa,expanded_shona_lexicon,sanganisa
tshisanga,île,0.0,Neutre,Mot,island,isiqhingi,eiland,sehlakahlaka,isiqithi,island,expanded_shona_alt,chitsuwa
tshisamba,nation,-5.0,Negative,Mot,nation,isizwe,nasie,Setšhaba .,isizwe,rudzi,expanded_shona_lexicon,rudzi
tshisalu,marché,-8.0,Negative,Mot,walk,vakasha,loop,sepela,hamba,famba,expanded_shona_lexicon,famba
tshisaka,pannier,0.0,Neutre,Mot,basket,ubhasikidi,mandjie,Seroto .,ibhasikithi,tswanda,expanded_shona_lexicon,tswanda
tshipupu,orageux,6.0,Positive,Mot,stormy,-nesivunguvungu,stormagtig,Sefefo .,ivumba,dutu,expanded_shona_lexicon,dutu
tshipupu,peste,-1.0,Negative,Mot,plague,inkathazo,plaag,matshwenyego,isibetho,denda,expanded_shona_lexicon,denda
tshipupu,tourbillon,3.0,Positive,Mot,whirlwind,shirlwind,warrelwind,Ledimo la ledimo .,i-whirlwind,chimbudzi,expanded_shona_alt,chamupupuri
tshipupu,tourment,4.0,Positive,Mot,torment,hlupha,pyniging,Tlhokofatšo .,intuthumbo,kutambudzwa,expanded_shona_alt,kutambudzika
tshipupu,vent,-2.0,négative,Mot,wind,songa,wind,phefo,umoya,mhepo,expanded_shona_lexicon,mhepo
tshipungidi,aliance,3.0,Positive,Mot,alliance,isivumelwano sokubambisana,alliansie,Selekane sa .,umanyano,alliance,expanded_shona_alt,mubatanidzwa
tshipungidi,testament,0.0,neutrre,Mot,will,isifiso,sal,tla,iya,kuda,expanded_shona_lexicon,kuda
tshipingu,mesure,0.0,Neutre,Mot,measure,kala,meet,lekanya,umlinganiso,kuyera,expanded_shona_alt,chiyero
tshipingu,proportion,0.0,Neutre,Mot,proportion,ukulinganisa,proporsie,Karolo ya .,umlinganiso,chikamu,expanded_shona_lexicon,chikamu
tshipimilutshiabulabuamayi,sonde,1.0,Positive,Mot,probe,icala lolo munye noma,ondersoek,Probe .,probe,probe,expanded_shona_loanword,probe
tshipiminutshiabujitu,loi,4.0,Positive,Mot,law,umthetho,wet,molao,umthetho,mutemo,expanded_shona_lexicon,mutemo
tshipiminu,balance,3.0,Positive,Mot,balance,ukuzimelela,balans,palantshe,ibhalansi,balance,expanded_shona_loanword,balance
tshipia,neuf,0.0,Neutre,Mot,nine,isishiyagalolunye,nege,senyane,Thoba,pfumbamwe,expanded_shona_lexicon,pfumbamwe
tshipese,morçau,-3.0,Negative,Mot,piece,isiqephu,stuk,karolo,isiqwenga,chidimbu,expanded_shona_lexicon,chidimbu
tshipese,pied,-3.0,Negative,Mot,foot,unyawo,voet,leoto,inyawo,tsoka,expanded_shona_lexicon,tsoka
tshipepudi,vent,5.0,Positive,Mot,wind,songa,wind,phefo,umoya,mhepo,expanded_shona_lexicon,mhepo
tshipepelatshikole,tempete,0.0,Neutre,Mot,storm,isivunguvungu,storm,ledimo,isaqhwithi,dutu,expanded_shona_lexicon,dutu
tshipebdu,blaspheme,3.0,Positive,Mot,blasphemy,ukujivaza uNkulunkulu,godslastering,Go nyefola .,ukunyelisa,kumhura,expanded_shona_alt,kumhura mwari
tshipendu,injure,2.0,Positive,Mot,insult,eyisa,belediging,maroga,ukuthuka,kutuka,expanded_shona_alt,kutukana
tshipela,desert,3.0,Positive,Mot,desert,hlamuka,woestyn,leganata,intlango,renje,expanded_shona_lexicon,renje
tshipela,desert,-1.0,Negative,Mot,desert,hlamuka,woestyn,leganata,intlango,renje,expanded_shona_lexicon,renje
tshipembua,depot,3.0,Positive,Mot,deposit,faka,deposito,tipositi,idipozithi,dhipoziti,expanded_shona_lexicon,dhipoziti
tshipaputshialubilu,lice,-2.0,Negative,Mot,lice,inkomba,luise,Dinta .,iintwala,nzizi,expanded_shona_alt,inda
tshipanza,vaisseau,0.0,neuitre,Mot,vessel,umkhumbi,vaartuig,sekepe,inqanawa,mudziyo,expanded_shona_lexicon,mudziyo
tshivuadi,vaisseau,-1.0,Negative,Mot,vessel,umkhumbi,vaartuig,sekepe,inqanawa,mudziyo,expanded_shona_lexicon,mudziyo
tshipambuke,desordonné,2.0,Positive,Mot,messy,-nembayo,morsig,hlakahlakane,ukungcola,messy,expanded_shona_loanword,messy
tshiota,famille,0.0,Neutre,Mot,family,umndeni,familie,lapa,usapho,mhuri,expanded_shona_lexicon,mhuri
tshioshelu,autel,-1.0,Negative,Mot,altar,ilathi,altaar,aletare .,isibingelelo,atari,expanded_shona_lexicon,atari
tshishipelu,autel,2.0,Positive,Mot,altar,ilathi,altaar,aletare .,isibingelelo,atari,expanded_shona_lexicon,atari
tshioshelutshiamanananshi,encensoir,-2.0,Negative,Mot,censer,umcengeli,wierookbak,Dibapadi tša Ditšoantšo .,intsholongwane,censer,expanded_shona_loanword,censer
tshiona,son,0.0,Neutre,Mot,her,yona,haar,gagwe,wakhe,iye,expanded_shona_lexicon,iye
tshienga,butin,-3.0,Negative,Mot,booty,butha,buit,Booty .,i-booty,booty,expanded_shona_loanword,booty
tshinyangu,dissipation,0.0,Neutre,Mot,dissipation,ukuhlakazeka,dissipasie,Dissipation .,ukungasebenzi,kupaza,expanded_shona_lexicon,kupaza
tshinunu,mille,-1.0,Neutre,Mot,thousand,inkulungwane,duisend,sekete,iwaka,zviuru,expanded_shona_lexicon,zviuru
tshinu,genoux,0.0,Neutre,Mot,knees,amadolo,knieë,Mangwele .,amadolo,mabvi,expanded_shona_lexicon,mabvi
tshinu,mortier,0.0,Neutre,Mot,mortar,isigqulo,mortel,Sekontiri .,udaka,dhaka,expanded_shona_lexicon,dhaka
tshitununtunu,subi,5.0,Positive,Mot,suffered,ngahlupheka,gely het,O tlaišega .,wabandezeleka,akatambura,expanded_shona_lexicon,akatambura
tshintu,affaire,0.0,Neutre,Mot,affair,indaba,saak,kamano,ukuthandana,kudanana,expanded_shona_alt,nyaya
tshienabualu,affaire,0.0,Neutre,Mot,affair,indaba,saak,kamano,ukuthandana,kudanana,expanded_shona_alt,nyaya
tshintutshinyenga,choseestorquée,0.0,Neutre,Mot,thingtorqued,i-ntomsqued,ding torqued,ThingTorqued .,into,chinhu,expanded_shona_lexicon,chinhu
tshintutshiamvinta,arme,0.0,Neutre,Mot,armed,-hlomile,gewapen,O hlometše ka dibetša .,ixhobile,zvombo,expanded_shona_alt,nezvombo
tshintutshialuse,aumône,3.0,Positive,Mot,alms,Izipho,aalmoese,Dimpho tša Ditšhegofatšo .,ii-alms,alms,expanded_shona_alt,zvipo
tshintutshiatshidimuntuupete,pocession,3.0,Positive,Mot,pocession,isenzo,besitting,Pocession .,i-posdion,polession,expanded_shona_lexicon,polession
tshilulu,bande,0.0,Neutre,Mot,band,isibopho,band,lepanta,band,bhendi,expanded_shona_lexicon,bhendi
tshilulu,drap,0.0,Neutre,Mot,sheet,isixwexwe,blad,letlakala,iphepha,sheet,expanded_shona_loanword,sheet
tshilulu,linge,0.0,Neutre,Mot,linen,okokulala embhedeni,linne,Linen .,ilineni,rineni,expanded_shona_lexicon,rineni
tshilulu,robe,0.0,Neutre,Mot,dress,gqoka,rok,seaparo,nxiba,chipfeko,expanded_shona_lexicon,chipfeko
tshiluklu,tante,2.0,Positive,Mot,aunt,anti,tannie,rakgadi,umakazi,tete,expanded_shona_lexicon,tete
tshilulu,toile,0.0,Neutre,Mot,cloth,indwangu,lap,lešela,ilaphu,jira,expanded_shona_lexicon,jira
tshilotata,extase,-1.0,Negative,Mot,ecstasy,enyanyayo,ekstase,Ekgola .,ecstasy,ecstasy,expanded_shona_loanword,ecstasy
tshilotata,songe,1.0,positf,Mot,dream,iphupha,droom,toro,iphupha,kurota,expanded_shona_alt,hope
tshilongo,fleur,-2.0,Negative,Mot,flower,umqhakazo,blom,letšoba,intyatyambo,ruva,expanded_shona_lexicon,ruva
tshilobeshi,proie,0.0,Neutre,Mot,prey,inyamazane edliwayo,prooi,sebolawa,ixhoba,pwanya,expanded_shona_alt,mhuka
tshileshelu,formule,-2.0,Negative,Mot,formula,uhlobo,formule,Formula .,ifomula,formula,expanded_shona_loanword,formula
tshilenduishi,scandale,0.0,Neutre,Mot,scandal,amapeketwane,skandaal,Mahlabisadihlong .,isikrelemnqa,nyonganiso,expanded_shona_lexicon,nyonganiso
tshilema,defau,0.0,Neutre,Mot,default,phutha,verstek,hlokomologa,Ukungagqibeki,default,expanded_shona_loanword,default
tshilema,faute,0.0,Neutre,Mot,mistake,iphutha,fout,phošo,impazamo,kukanganisa,expanded_shona_lexicon,kukanganisa
tshilelela,antitype,0.0,Neutre,Mot,antitype,ukuwobelana,antitipe,Antitype .,antifity,fananidze,expanded_shona_lexicon,fananidze
tshilele,habitude,0.0,Neutre,Mot,habit,isiko,gewoonte,setlwaedi,umkhwa,tsika,expanded_shona_lexicon,tsika
tshilele,jeu,0.0,Neutre,Mot,game,igemu,speletjie,papadi,umdlalo,mutambo,expanded_shona_lexicon,mutambo
tshibidilu,habitude,0.0,Neutre,Mot,habit,isiko,gewoonte,setlwaedi,umkhwa,tsika,expanded_shona_lexicon,tsika
tshilele,coutume,0.0,Neutre,Mot,custom,umkhuba,pasgemaak,tlwaelo,isiko,tsika,expanded_shona_lexicon,tsika
tshilele,nature,0.0,Neutre,Mot,nature,uhlobo,natuur,tlhago,indalo,zvisikwa,expanded_shona_lexicon,zvisikwa
tshilele,exactitude,-1.0,Negative,Mot,exactness,ukucacisa,akkuraatheid,Go nepagala .,ngqongqo,chaizvoizvo,expanded_shona_alt,chokwadi
tshilele,toujours,0.0,Neutre,Mot,always,njalonjalo,altyd,ka mehla,njalo,nguva dzose,expanded_shona_lexicon,nguva dzose
tshilele,tradition,0.0,Neutre,Mot,tradition,indlela yokuphila,tradisie,setšo,isiko,tsika,expanded_shona_lexicon,tsika
tshilele,usage,0.0,Neutre,Mot,use,umsebenzi,gebruik,šomiša,sebenzisa,shandisa,expanded_shona_lexicon,shandisa
tshilejelu,exemple,0.0,Neutre,Mot,example,isibonelo,voorbeeld,mohlala,umzekelo,muenzaniso,expanded_shona_lexicon,muenzaniso
tshilejelu,model,2.0,Positive,Mot,model,isifanekiso,model,mmotlolo,imodeli,modhi,expanded_shona_lexicon,modhi
tshile,long,2.0,Positive,Mot,long,-de,lank,telele,ixesha elide,refu,expanded_shona_lexicon,refu
tshilambuidi,recette,0.0,Neutre,Mot,recipe,indlela yokwenza into ethize efana nokupheka,resep,motswako,iresiphi,recipe,expanded_shona_loanword,recipe
tshikutu,buisson,2.0,Positive,Mot,bush,ihlathi,bossie,sethokgwa,ityholo,bush,expanded_shona_alt,gwenzi
tshipakatshiamitshi,buisson,0.0,Neutre,Mot,bush,ihlathi,bossie,sethokgwa,ityholo,bush,expanded_shona_alt,gwenzi
tshikutu,fournaise,0.0,Neutre,Mot,furnace,imbuthuma,oond,Sebjana sa go fiša .,isithando somlilo,choto,expanded_shona_lexicon,choto
tshinkutu,manteau,8.0,Positive,Mot,coat,ijazi,jas,baki,idyasi,jasi,expanded_shona_lexicon,jasi
tshikusu,ver,3.0,Positive,Mot,worm,impethu,wurm,seboko,umbungu,honye,expanded_shona_lexicon,honye
tshikumbane,complet,4.0,Positive,Mot,complete,feza,voltooi,feleletše,gcwalisa,zadzisa,expanded_shona_alt,yakakwana
tshikumbane,adapté,3.0,Positive,Mot,adapted,Kuguqulwe,aangepas,E fetotšwe .,iguqulwe,kugadziridzwa,expanded_shona_lexicon,kugadziridzwa
tshikumbane,quiconvient,0.0,Neutre,Mot,who suits,ofanele,wie pas,Ke mang yo a nago le disutu .,Ngubani ofanelekileyo,ndiani masutu,expanded_shona_alt,ndiani anokodzera
tshiuja,complet,0.0,Neutre,Mot,complete,feza,voltooi,feleletše,gcwalisa,zadzisa,expanded_shona_alt,yakakwana
tshuja,plein,0.0,Neutre,Mot,full,-gcwele,vol,tletše,igcwele,izere,expanded_shona_alt,yakazara
tshikumbane,assezutil,0.0,Neutre,Mot,quiteuseful,-buze,redelik nuttig,E tloga e le e nago le mohola .,ngethu,zvinoshandisa,expanded_shona_alt,zvinobatsira chaizvo
tshokoyeke,immonde,0.0,Neutre,Mot,filthy,ngcolile kakhulu,vieslik,ditšhila,ngcolile,tsvina,expanded_shona_lexicon,tsvina
tshikowelu,vetement,0.0,Neutre,Mot,garment,isigqoko,kledingstuk,Seaparo sa .,ingubo,nguo,expanded_shona_lexicon,nguo
tshikote,cumin,0.0,Neutre,Mot,cumin,uhlobo lwensanzaka,komyn,Kumine .,i-cumin,cumin,expanded_shona_alt,kumini
tshikondotshimpe,opportun,0.0,Neutre,Mot,timely,ngesikhathi,betyds,Nako .,ngexesha elifanelekileyo,nenguva,expanded_shona_lexicon,nenguva
tshikondotshimpe,bonmoment,0.0,Neutre,Mot,good time,Isikhathi Esihle,goeie tyd,Nako e Botse .,ixesha elimnandi,nguva yakanaka,expanded_shona_lexicon,nguva yakanaka
tshikondoetshi,actuel,0.0,Neutre,Mot,current,-dlulayo,huidige,bjale,okwangoku,zvazvino,expanded_shona_lexicon,zvazvino
tshikondo,moment,0.0,Neutre,Verbe,moment,isikhashana,oomblik,nakwana,umzuzu,nguva,expanded_shona_lexicon,nguva
tshikondo,ocassion,0.0,Neutre,Verbe,opportunity,isikhala,geleentheid,sebaka,ithuba,mukana,expanded_shona_lexicon,mukana
tshikondo,saison,0.0,Neutre,Verbe,season,isikhathi sonyaka,seisoen,sehla,ixesha,mwaka,expanded_shona_lexicon,mwaka
tshokondo,temps,0.0,Neutre,Verbe,time,isikhathi,tyd,nako,ixesha,nguva,expanded_shona_lexicon,nguva
tshikondo,train,0.0,Neutre,Verbe,train,qeqesha,trein,hlahla,uloliwe,chitima,expanded_shona_lexicon,chitima
tshokondo,epoque,0.0,Neutre,Verbe,era,inxeba,era,ERA .,ixesha,era,expanded_shona_alt,nguva
tshikondo,delais,0.0,Neutre,Mot,time limit,umkhawulo wesikhathi,tydsbeperking,Moedi wa nako .,ixesha lokuphumla,nguva yakatarwa,expanded_shona_alt,muganhu wenguva
tshikondo,anterieurement,0.0,Neutre,Mot,previously,ngaphambilini,voorheen,Peleng .,ngaphambili,pakutanga,expanded_shona_alt,kare
tshikololo,aigle,-2.0,Negative,Mot,eagle,ukhozi,arend,ntšhu,ukhozi,eagle,expanded_shona_alt,gondo
mukanku,aigle,7.0,Positive,Mot,eagle,ukhozi,arend,ntšhu,ukhozi,eagle,expanded_shona_alt,gondo
tshikololo,corbeau,-3.0,Negative,Mot,crow,igwababa,kraai,legokobu,crow,crow,expanded_shona_alt,gunguwo
tshikole,difficile,5.0,Positive,Mot,difficult,-lukhuni,moeilik,bothata,kunzima,zvakaoma,expanded_shona_lexicon,zvakaoma
tshikole,grave,5.0,Positive,Mot,severe,-khulu,ernstig,šoro,kakhulu,zvakanyanya,expanded_shona_alt,yakaoma
tshikole,dur,8.0,Positive,Mot,hard,-gwanyile,hard,bothata,HARD,zvakaoma,expanded_shona_lexicon,zvakaoma
tshikole,fort,6.0,Positive,Mot,strong,-namandla,sterk,maatla,yomelele,yakasimba,expanded_shona_lexicon,yakasimba
tshikenakumona,vision,6.0,Positive,Mot,vision,umbono,visie,ponelopele,umbono,chiratidzo,expanded_shona_alt,kuona
tshikankanyi,talon,0.0,Neutre,Mot,heel,isithende,hakskeen,Serethe .,isithende,chitsitsinho,expanded_shona_lexicon,chitsitsinho
tshikanga,cuit,0.0,Neutre,Mot,cooked,iphekwe,gekook,E apeilwe .,kuphekwe,yakabikwa,expanded_shona_lexicon,yakabikwa
tshikanga,fermé,-2.0,Negative,Mot,farm,ipulazi,plaas,polase,ifama,purazi,expanded_shona_lexicon,purazi
tshikaminu,pressoire,6.0,Positive,Mot,press,gcinezela,druk,gatelela,cinezela,tinya,expanded_shona_lexicon,tinya
watshijila,saint,0.0,Neutre,Mot,saint,usanti,heilige,Mokgethwa .,eng,saint,expanded_shona_alt,mutsvene
mutshijila,saintement,0.0,Neutre,Mot,holy,'-ngcwele,heilig,Kgethwa .,ngcwele,mutsvene,expanded_shona_lexicon,mutsvene
tshijila,pueté,0.0,Neutre,Mot,whore,isifebe,hoer,Sefebe .,Helre,ndiani,expanded_shona_alt,hure
tshijila,sainteté,7.0,Positive,Mot,holiness,ubungcwele,heiligheid,Bokgethwa .,ubungcwele,hutsvene,expanded_shona_alt,utsvene
tshijidila,sacré,7.0,positidf,Mot,sacred,-ngcwele,heilig,tšhogile,Ngcwele,tsvene,expanded_shona_alt,zvitsvene
tshiji,colere,0.0,Neutre,Mot,anger,intukuthelo,woede,pefelo,umsindo,kutsamwa,expanded_shona_lexicon,kutsamwa
tshiji,fureur,0.0,Neutre,Mot,fury,isibhengubhengu,woede,Kgalefo .,ubushushu,hasha,expanded_shona_lexicon,hasha
tshifulutshiabutunmbi,diadème,-5.0,Negative,Mot,tiara,tisana,tiara,Tiara .,iTiara,tiara,expanded_shona_loanword,tiara
tshifulu,casque,-8.0,Negative,Mot,helmet,umgqomo,helm,lekarapa,isigcina-ntloko,ngowani,expanded_shona_lexicon,ngowani
tshifukibuatshipiatshipia,nouvellecreature,0.0,Neutre,Mot,newcreature,I-NewCrure,nuwe skepsel,Sebopiwa sa New .,intsha,newcreature,expanded_shona_loanword,newcreature
tshifuafua,mortel,6.0,Positive,Mot,mortal,-phethe,sterflike,Motho yo a hwago .,umntu,walm,expanded_shona_alt,anofa
tshieya,arhes,-1.0,Negative,Mot,arhes,i-arhes,arhes,Arhes .,umthi,maramira,expanded_shona_lexicon,maramira
tshieya,garant,3.0,Positive,Mot,guarantor,umphathi,borg,Mogolofadi .,isiqinisekiso,guarantor,expanded_shona_loanword,guarantor
tshieya,garantie,4.0,Positive,Mot,guarantee,enza isiqiniselo,waarborg,tiišetšo,qinisekisa,vimbiso,expanded_shona_alt,garandi
tshienzedi,œuvres,-2.0,négative,Mot,works,sebenza,werk,Mešomo .,imisebenzi,inoshanda,expanded_shona_alt,anoshanda
tshienzedi,action,3.0,Positive,Mot,action,ukwenza,aksie,kgato,isenzo,chiito,expanded_shona_lexicon,chiito
malu,œuvres,0.0,neutrre,Mot,works,sebenza,werk,Mešomo .,imisebenzi,inoshanda,expanded_shona_alt,anoshanda
tshiendelu,parvis,0.0,Neutre,Mot,square,igceke,vierkantig,khutlonne,isikwere,square,expanded_shona_loanword,square
tshiendelele,eternellement,0.0,Neutre,Mot,eternally,ngokunalo,ewig,Ka mo go sa felego .,ngonaphakade,nekusingaperi,expanded_shona_alt,nokusingaperi
tshiendelele,àjamais,1.0,Positive,Mot,forever,naphakade,vir ewig,go-ya-go-ile,ngonaphakade,zvachose,expanded_shona_lexicon,zvachose
tshienalomo,latin,4.0,Positive,Mot,latin,IsiLatini,Latyn,Selatine sa Selatine .,isiLatini,ratini,expanded_shona_lexicon,ratini
tshiendelele,jamais,3.0,Positive,Mot,never,Naphakade,Nooit nie,Le gatee,Soze,kamwe,expanded_shona_lexicon,kamwe
tshienabualu,sujet,0.0,Neutre,Mot,subject,beka,onderwerp,hlogotaba,isifundo,musoro,expanded_shona_lexicon,musoro
tshidimutshiamayowa,été,-3.0,Negative,Mot,summer,ihlobo,somer,selemo,ihlobo,zhizha,expanded_shona_alt,chirimo
tshidimutshiamashika,hiver,-3.0,Negative,Mot,winter,ubusika,winter,marega,ubusika,chando,expanded_shona_lexicon,chando
tshidimu,an,5.0,Positive,Mot,year,unyaka,jaar,ngwaga,unyaka,gore,expanded_shona_lexicon,gore
tshidimu,année,0.0,Neutre,Mot,year,unyaka,jaar,ngwaga,unyaka,gore,expanded_shona_lexicon,gore
tshidime,cultuvateur,3.0,Positive,Mot,cultivator,umtilingwane,kultivator,Molemirui .,umlingisi,kurima,expanded_shona_alt,murimi
tshidime,laboureur,2.0,Positive,Mot,plowman,umgadli,ploegman,Motho wa go lema .,umlimi,plowman,expanded_shona_alt,murimi
kadima,agroMote,3.0,Positive,Mot,agromote,i-agromote,agroMote,Agromote .,Agromote,agromote,expanded_shona_loanword,agromote
tshidimba,gouvernail,-1.0,Negative,Mot,rudder,isiqondiso sebhanoyi,roer,Selemo sa leru la .,i-rudder,ruzha,expanded_shona_alt,chidzoreso
tshidilu,crèche,3.0,Positive,Mot,crib,umkhombe,krip,Crib .,crib,crib,expanded_shona_loanword,crib
tshidikijilutshialubilu,course,-2.0,Negative,Mot,race,jaha,ras,morafe,ugqatso,race,expanded_shona_alt,rudzi
tshidibuluenyi,aneth,0.0,Neutre,Mot,dill,diss,dille,Dill .,dill,dill,expanded_shona_loanword,dill
tshiditshinyanguka,corruptible,-1.0,Negative,Mot,corruptible,-nesomana,verganklik,E senyegilego .,ingozi,kuora,expanded_shona_alt,inoora
tshiditshinyanguka,corrompu,2.0,Positive,Mot,corrupt,-khohlakele,korrup,Bomenetša .,ukhohlakele,huori,expanded_shona_alt,huwori
tshiditshinyanguka,abimé,0.0,Neutre,Mot,abyss,kwalabi,afgrond,Sekotika .,inzonzobila,gomba,expanded_shona_lexicon,gomba
tshiditshinyanguka,detruit,-1.0,Negative,Mot,destroyed,kubhujisiwe,vernietig,E sentšwe .,utshatyalalisiwe,kuparadzwa,expanded_shona_lexicon,kuparadzwa
tshiditshitupu,vide,2.0,Positive,Mot,empty,-ngahlali lutho,leeg,se nago selo,ingenanto,isina chinhu,expanded_shona_lexicon,isina chinhu
tshitupu,vide,-2.0,Negative,Mot,empty,-ngahlali lutho,leeg,se nago selo,ingenanto,isina chinhu,expanded_shona_lexicon,isina chinhu
tshiditshitabujibua,supportable,0.0,Neutre,Mot,bearable,-bekezelekayo,draaglik,E kgotlelelwago .,iyakwazi,kutsigira,expanded_shona_alt,inotsungirirwa
tshiditshishalatshiendelele,cequiesteternel,-3.0,Negative,Mot,what is eternal,yini okuphakade,wat ewig is,Ke eng sa go ya go ile .,yintoni engapheliyo,chii chisingagumi,expanded_shona_alt,chii chisingaperi
tshiditshimpebe,excellent,0.0,Neutre,Mot,excellent,-hle kakhulu,uitstekend,gabotse kudu,ngokugqwesileyo,zvakanaka,expanded_shona_alt,zvakanakisa
tshiditshilueka,visible,-1.0,Neutre,Mot,visible,qavile,sigbaar,Go bonagala .,ibonakale,inoonekwa,expanded_shona_alt,zvinooneka
tshiditshikulukulu,vieux,0.0,Neutre,Mot,old,-dala,oud,kgale,mdala,chembere,expanded_shona_lexicon,chembere
tshikulakaja,vieux,0.0,Neutre,Mot,old,-dala,oud,kgale,mdala,chembere,expanded_shona_lexicon,chembere
tshiditshikonyangale,tordu,5.0,Positive,Mot,twisted,kusontekile,verdraai,E sothegile .,ijijekile,kusundwa,expanded_shona_lexicon,kusundwa
tshiditshikenka,eclatant,0.0,Neutre,Mot,brilliant,-benyezelayo,briljant,bohlale,iqaqambile,brilliant,expanded_shona_loanword,brilliant
tshiditshiengelela,brillant,0.0,Neutre,Mot,bright,-gqamile,helder,phadimago,iqaqambile,kupenya,expanded_shona_lexicon,kupenya
tshiditshiengelela,lumineux,0.0,Neutre,Mot,bright,-gqamile,helder,phadimago,iqaqambile,kupenya,expanded_shona_lexicon,kupenya
bundu,honte,0.0,Neutre,Mot,shame,amahloni,skaamte,mahlabišadihlong,ihlazo,nyadzi,expanded_shona_lexicon,nyadzi
bundumba,prostitution,3.0,Positive,Mot,prostitution,ukutheletha,prostitusie,Go gweba ka mmele .,ubuhenyu,chipfambi,expanded_shona_lexicon,chipfambi
butaka,nudité,3.0,Positive,Mot,nudity,ubunqunu,naaktheid,Bofeela .,ubugqirha,nudo,expanded_shona_lexicon,nudo
bulanda,pauvreté,0.0,Neutre,Mot,poverty,ukuntula,armoede,bodiidi,intlupheko,urombo,expanded_shona_lexicon,urombo
mulanda,pauvre,0.0,Neutre,Mot,poor,-ntulayo,arm,diila,ihlwempu,murombo,expanded_shona_alt,varombo
kabalubalu,crâne,0.0,Neutre,Mot,skull,ithambo lekhanda,skedel,Lehata .,skill,dehenya,expanded_shona_lexicon,dehenya
nsuki,cheveux,0.0,Neutre,Mot,hair,uboya,hare,moriri,iinwele,bvudzi,expanded_shona_lexicon,bvudzi
kabobo,cilure,2.0,Positive,Verbe,eyelash,ukhophe,wimpers,Eyelash .,iliso,eyelash,expanded_shona_loanword,eyelash
kabua,chien,0.0,Neutre,Mot,dog,inja,hond,mpša,inja,imbwa,expanded_shona_lexicon,imbwa
lupingu,statue,-1.0,Negative,Mot,statue,isifanekiso,standbeeld,sehlwaseeme,umfanekiso,chifananidzo,expanded_shona_lexicon,chifananidzo
ngoma,tamtam,1.0,positf,Mot,tomtom,uttom,tomtom,TomTom .,tomtom,tomtom,expanded_shona_loanword,tomtom
kaleji,pondu,-2.0,Negative,Mot,laid,-beziweyo,gelê,beilwe,zibekwe,akaradzikwa,expanded_shona_alt,akaisa
tshiteku,amarante,0.0,Neutre,Mot,amaranth,I-Amaranth,amarant,Amaranth .,I-Aranth,amaranth,expanded_shona_loanword,amaranth
busa,oseille,-2.0,Negative,Mot,sorrel,isingwana sesifulo,suring,Sorrel .,i-sorrel,sorrel,expanded_shona_loanword,sorrel
mashi,sang,0.0,Neutre,Mot,blood,igazi,bloed,madi,igazi,ropa,expanded_shona_lexicon,ropa
Sabatu,Sabbat,0.0,Neutre,Mot,sabbath,ISabatha,Sabbat,Sabatha .,ISabatha,sabata,expanded_shona_lexicon,sabata
L+A3316:E3848usenga,Sable,0.0,Neutre,Mot,sand,Isihlabathi,Sand,Santa,Isanti,jecha,expanded_shona_lexicon,jecha
Mpaya,Sac,0.0,Neutre,Mot,bag,Isikhwama,Sak,Mokotla,Ibhegi,bhegi,expanded_shona_lexicon,bhegi
Tshijidila,Sacré,0.0,Neutre,Mot,sacred,-Ngcwele,Heilig,Tšhogile,Ngcwele,tsvene,expanded_shona_alt,zvitsvene
Muakuidi,sacrificateur,0.0,Neutre,Mot,priest,mpristi,priester,moruti,Umbingeleli,mupristi,expanded_shona_lexicon,mupristi
Buakuidi,sacrificature,0.0,Neutre,Mot,priesthood,ingcweti,priesterskap,Boperisita .,Ububingeleli,hupirisita,expanded_shona_alt,upristi
Muakuidimunene,sacrificature,0.0,Neutre,Mot,priesthood,ingcweti,priesterskap,Boperisita .,Ububingeleli,hupirisita,expanded_shona_alt,upristi
Mulambu,sacrifice,0.0,Neutre,Mot,sacrifice,hlabela,opoffering,ba sehlabelo,ukubingelela,chibayiro,expanded_shona_lexicon,chibayiro
Kulambula,sacrifier,-1.0,Negative,Mot,sacrifice,hlabela,opoffering,ba sehlabelo,ukubingelela,chibayiro,expanded_shona_lexicon,chibayiro
Munyenganganyi,Ssacrilège,0.0,Neutre,Mot,ssacrilege,Ssacrialege,Heiligdom,Ssacrilege .,I-ssacrilege,ssacaclege,expanded_shona_alt,sacrilege
Musadoke,sadducéen,0.0,Neutre,Mot,sadducee,Amazwi esiSadusi,Sadduseër,Mosadutsei wa go nyama .,Isadudu,saddhucee,expanded_shona_alt,musadhusi
Muenalungenyi,sage,0.0,Neutre,Mot,wise,-hlakaniphile,wys,bohlale,bubulumko,kuchenjera,expanded_shona_alt,akachenjera
Lungenyi,sagesse,0.0,Neutre,Mot,wisdom,ukuhlakanipha,wysheid,bohlale,Ubulumko,uchenjeri,expanded_shona_lexicon,uchenjeri
Buakane,sain,2.0,Positive,Mot,healthy,-qinile,gesond,phelegile,isempilweni,hutano,expanded_shona_alt,utano
Watshijila,saint,2.0,Positive,Mot,saint,usanti,heilige,Mokgethwa .,eng,saint,expanded_shona_alt,mutsvene
Tshijila,saint,2.0,Positive,Mot,saint,usanti,heilige,Mokgethwa .,eng,saint,expanded_shona_alt,mutsvene
Tshijila,saintement,0.0,Neutre,Mot,holy,'-ngcwele,heilig,Kgethwa .,ngcwele,mutsvene,expanded_shona_lexicon,mutsvene
Kukuata,Saisir,0.0,Neutre,Verbe,to input,Ukufaka,Om in te voer,go tsenya tsenyo .,Ukufaka,kupinza,expanded_shona_lexicon,kupinza
Kujingulula,Saisir,0.0,Neutre,Verbe,to input,Ukufaka,Om in te voer,go tsenya tsenyo .,Ukufaka,kupinza,expanded_shona_lexicon,kupinza
Kuelamutubianza,Saisir,-1.0,Negative,Verbe,to input,Ukufaka,Om in te voer,go tsenya tsenyo .,Ukufaka,kupinza,expanded_shona_lexicon,kupinza
Tshikondo,Saison,0.0,Neutre,Mot,season,Isikhathi sonyaka,Seisoen,Sehla,Ixesha,mwaka,expanded_shona_lexicon,mwaka
Tshitueluepu,Salé,0.0,Neutre,Mot,dirty,-Ngcolile,Vuil,Ditqhila,Umdaka,tsvina,expanded_shona_lexicon,tsvina
Bukoya,Saleté,-6.0,Negative,Mot,dirt,Ukungcola,Vuil,Tšhila,Ubumdaka,tsvina,expanded_shona_lexicon,tsvina
Kuelamoyo,Saluer,4.0,Positive,Verbe,greet,Thakazela,Groet,Dumediša,Ubulisa,kukwazisa,expanded_shona_alt,kwazisai
Kuinyika,Saluer,2.0,Positive,Verbe,greet,Thakazela,Groet,Dumediša,Ubulisa,kukwazisa,expanded_shona_alt,kwazisai
Muakumukuawakuelamoyo,Saluer,2.0,Positive,Mot,greet,Thakazela,Groet,Dumediša,Ubulisa,kukwazisa,expanded_shona_alt,kwazisai
Moyo!,Salut,9.0,Positive,Mot,hi,Sibhabhanyo ngo,Hallo,Thobela,Mholo,mhoro,expanded_shona_lexicon,mhoro
Moyo,Salutation,5.0,Positive,Mot,greeting,Izwi lokubingelela,Groete,Madume,Imibuliso,kukwazisa,expanded_shona_alt,kwaziwai
Kulengeja,Sanctifier,7.0,Positive,Verbe,sanctify,Ngcwelisa,Heilig,Kgalemo ya go kgetha .,Ngcwalisa,tsvenesa,expanded_shona_alt,sactify
Kujidila,Sanctifier,7.0,Positive,Verbe,sanctify,Ngcwelisa,Heilig,Kgalemo ya go kgetha .,Ngcwalisa,tsvenesa,expanded_shona_alt,sactify
Tshitendelelu,Sanctuaire,5.0,Positive,Mot,sanctuary,Isiphephelo,Heiligdom,Sekgethwa .,Ingcwele,sanda,expanded_shona_lexicon,sanda
Bisabata,Sandale,0.0,Neutre,Mot,sandal,Isicathulo esivulekile,Sandaal,Setlhako sa Setlhako .,Imbadada,shangu,expanded_shona_lexicon,shangu
Mashi,Sang,-1.0,Negative,Mot,blood,Igazi,Bloed,Madi,Igazi,ropa,expanded_shona_lexicon,ropa
Tshilumbuluidi,Sanhédrin,-2.0,Negative,Mot,sanhedrin,ISanhedrin,Sanhedrin,Sanhedrin .,I-Sandrin,sanhedrini,expanded_shona_alt,sanihedrini
Bukolebuamubidi,Santé,6.0,Positive,Mot,health,Impilo,Gesondheid,Maphelo,Impilo,hutano,expanded_shona_alt,utano
Saphir,Saphir,4.0,Positive,Mot,sapphire,ISapphire,Saffier,Safire .,Isafire,safiro,expanded_shona_alt,safire
Sardoine,Sardius,4.0,Positive,Mot,sardius,Isimo esikhulu,Sardius,Sardius .,Sardius,sadius,expanded_shona_alt,sadhio
Sardony,Sardonix,4.0,Positive,Mot,sardonix,Sardonix,Sardonix,Sardonix .,I-sardonix,sardonix,expanded_shona_loanword,sardonix
Ditambadiamutshi,Sarment,0.0,Neutre,Mot,sarment,Ubuhlanya,Sarment,Sarment .,Isiphazamiso,sarment,expanded_shona_loanword,sarment
Disalayi,Satellite,0.0,Neutre,Mot,satellite,Imvoko,Satelliet,Sathalaete .,Isatellite,satellite,expanded_shona_loanword,satellite
Didisankisha,Satisfaction,6.0,Positive,Mot,satisfaction,Ukugculiseka,Tevredenheid,Kgotsofalo,Ulwaneliseko,kugutsikana,expanded_shona_lexicon,kugutsikana
Musanke,Satisfait,5.0,Positive,Mot,satisfied,-Neliseka,Tevrede,Kgotsofetše,Yanelisekile,kugutsikana,expanded_shona_alt,ndagutsikana
Kumusha,Sauf,0.0,Neutre,Mot,except,Kuphela,Behalwe,Ntle le,Ngaphandle,kunze,expanded_shona_lexicon,kunze
Kadi,Saut,1.0,Positive,Verbe,leap,Gxuma,Spring,Tlola,Xhuma,kusvetuka,expanded_shona_lexicon,kusvetuka
Kutumpika,Sauter,2.0,Positive,Verbe,jump,Gxuma,Spring,Tshela,Xhuma,kusvetuka,expanded_shona_lexicon,kusvetuka
Lupasu,Sauterelle,0.0,Neutre,Mot,grasshopper,Umafushazana,Sprinkaan,Tšhilo ya tšie .,Intethe,huswa,expanded_shona_alt,mhashu
Tshiamutshisuku,Sauvage,-2.0,Negative,Mot,savage,-Dlovulile,Wild,Sehlogo,Isavage,savage,expanded_shona_loanword,savage
Kusungila,Sauver,8.0,Positive,Verbe,save,Hlenga,Stoor,Boloka,Gcina,chengetedza,expanded_shona_alt,sevha
Musungidi,Sauveur,9.0,Positive,Mot,savior,Umsindusi,Verlosser,Mopholosi .,UMsindisi,muponesi,expanded_shona_lexicon,muponesi
Kutua,Saveur,1.0,Positive,Mot,flavor,Uqashi,Geur,tatso .,Incasa,flavour,expanded_shona_lexicon,flavour
Dimanya,Savoir,3.0,Positive,Mot,know,Bona,Weet,Tseba,Yazi,ziva,expanded_shona_lexicon,ziva
Kumanya,Savoir,3.0,Positive,Verbe,know,Bona,Weet,Tseba,Yazi,ziva,expanded_shona_lexicon,ziva
Tshilenduishi,Scandale,-7.0,Negative,Mot,scandal,Amapeketwane,Skandaal,Mahlabisadihlong .,Isikrelemnqa,nyonganiso,expanded_shona_lexicon,nyonganiso
Kulenduisha,Scandaliser,-8.0,Negative,Verbe,scandalize,Ona,Skandaaliseer,Scandalize .,Hlamba,nyadzisa,expanded_shona_lexicon,nyadzisa
Tshimanyinu,Sceau,2.0,Positive,Mot,seal,Ukubeka uphawu,Seël,Tswalela,Itywina,chisimbiso,expanded_shona_lexicon,chisimbiso
Tshimanyishilu,Sceau,2.0,Positive,Mot,seal,Ukubeka uphawu,Seël,Tswalela,Itywina,chisimbiso,expanded_shona_lexicon,chisimbiso
Kutekatshimanyishilu,Sceller,2.0,Positive,Verbe,seal,Ukubeka uphawu,Seël,Tswalela,Itywina,chisimbiso,expanded_shona_lexicon,chisimbiso
Kuasatshimanyishilu,Sceller,2.0,Positive,Verbe,seal,Ukubeka uphawu,Seël,Tswalela,Itywina,chisimbiso,expanded_shona_lexicon,chisimbiso
Kukosanensele,Scier,0.0,Neutre,Verbe,saw,Isaha,Saag,Bone,Wabona,saw,expanded_shona_loanword,saw
Kaminyiminyi,Scorpion,-5.0,Negative,Mot,scorpio,Scorpio,Skerpioen,Scorpio .,I-Scorpio,scorpio,expanded_shona_loanword,scorpio
Mufundi,Scribe,0.0,Neutre,Mot,scribe,Bhala umbhali,Skriba,Mongwadi .,Umbhali,munyori,expanded_shona_lexicon,munyori
Tshisonga,Sculptée,0.0,Neutre,Mot,carved,-Qoshiweyo,Gekerf,E betlilwe .,Iqongiwe,yakavezwa,expanded_shona_lexicon,yakavezwa
Kueyemena,Seconfier,4.0,Positive,Verbe,confide,Ethemba,Vertrou,Sephiri .,Nyana,taura,expanded_shona_lexicon,taura
Kushikama,Séant,0.0,Neutre,Verbe,séant,Chear,Séant,Séant .,I-sént,sét,expanded_shona_lexicon,sét
Tshume,Sec,-2.0,Negative,Mot,dry,-Omile,Droog,Omile,Yomile,kuoma,expanded_shona_lexicon,kuoma
Tshiume,Sec,-2.0,Negative,Mot,dry,-Omile,Droog,Omile,Yomile,kuoma,expanded_shona_lexicon,kuoma
Kufubidila,Sec,-3.0,Negative,Verbe,dry,-Omile,Droog,Omile,Yomile,kuoma,expanded_shona_lexicon,kuoma
Kufubidisha,Sécher,-3.0,Negative,Verbe,dry,-Omile,Droog,Omile,Yomile,kuoma,expanded_shona_lexicon,kuoma
Muibidi,Second,0.0,Neutre,Mot,second,-Lekayo,Tweedens,Motsotswana,Isibini,chepiri,expanded_shona_lexicon,chepiri
Kusekenkesha,Secouer,0.0,Neutre,Verbe,shake,Xukuza,Skud,Šikinya,Shake,zunza,expanded_shona_alt,kuzunungusa
Kunyukula,Secouer,0.0,Neutre,Verbe,shake,Xukuza,Skud,Šikinya,Shake,zunza,expanded_shona_alt,kuzunungusa
Kukuatshisha,Secourir,6.0,Positive,Verbe,rescue,Hlenga,Redding,Phološa,Ukuhlangula,kununura,expanded_shona_lexicon,kununura
Kuambuluisha,Secourir,6.0,Positive,Verbe,rescue,Hlenga,Redding,Phološa,Ukuhlangula,kununura,expanded_shona_lexicon,kununura
Dikuatshisha,Secours,6.0,Positive,Mot,rescue,Hlenga,Redding,Phološa,Ukuhlangula,kununura,expanded_shona_lexicon,kununura
Diambuluisha,Secours,6.0,Positive,Mot,rescue,Hlenga,Redding,Phološa,Ukuhlangula,kununura,expanded_shona_lexicon,kununura
Musokome,Secret,-1.0,Negative,Mot,secret,-Yimfihlo,Geheim,Sephiri,Imfihlo,chakavanzika,expanded_shona_lexicon,chakavanzika
Musokoko,Secret,-1.0,Negative,Mot,secret,-Yimfihlo,Geheim,Sephiri,Imfihlo,chakavanzika,expanded_shona_lexicon,chakavanzika
Mufundi,Secrétaire,0.0,Neutre,Mot,secretary,Unobhala,Sekretaris,Mongodi .,Unobhala,secretary,expanded_shona_loanword,secretary
Mumusokoko,Secrètement,-1.0,Negative,Mot,secretly,Ngasese,In die geheim,Ka sephiring .,Ngasese,muchivande,expanded_shona_alt,pachivande
Kasumbu,Secte,-7.0,Negative,Mot,sect,Inkolo,Sekte,Sehlotswana .,Ihlelo,secle,expanded_shona_lexicon,secle
Ditomboka,Sédition,-8.0,Negative,Mot,sedition,Ukubangela,Opruiing,Sedition .,I-sedation,sedition,expanded_shona_alt,kupandukira
Tshinvundu,Sédition,-8.0,Negative,Mot,sedition,Ukubangela,Opruiing,Sedition .,I-sedation,sedition,expanded_shona_alt,kupandukira
Mupambuishi,Séducteur,-6.0,Negative,Mot,seducer,Ehehayo,Verleier,Mokgoši .,Umlinganiso,seducer,expanded_shona_loanword,seducer
Muenamashimi,Séducteur,-6.0,Negative,Mot,seducer,Ehehayo,Verleier,Mokgoši .,Umlinganiso,seducer,expanded_shona_loanword,seducer
Dipambuisha,Séduction,-6.0,Negative,Mot,seduction,Ukuhlenga,Verleiding,Kgoketšo .,Ukucocwa,kunyengerera,expanded_shona_lexicon,kunyengerera
Budimu,Séduction,-6.0,Negative,Mot,seduction,Ukuhlenga,Verleiding,Kgoketšo .,Ukucocwa,kunyengerera,expanded_shona_lexicon,kunyengerera
Kudinga,Séduire,-6.0,Negative,Verbe,seduce,Yenga,Verlei,Kgoketša .,Ukulukuhla,kunyengedza,expanded_shona_lexicon,kunyengedza
Kutentula,Séduire,-6.0,Negative,Verbe,seduce,Yenga,Verlei,Kgoketša .,Ukulukuhla,kunyengedza,expanded_shona_lexicon,kunyengedza
Bukelenge,Seignerie,3.0,Positive,Mot,lordship,Ubukhosi,Heerskappy,Borena ba .,Ubumnene,kutonga,expanded_shona_alt,humambo
Bukokeshi,Seignerie,3.0,Positive,Mot,lordship,Ubukhosi,Heerskappy,Borena ba .,Ubumnene,kutonga,expanded_shona_alt,humambo
Mukelenge,Seigneur,7.0,Positive,Mot,lord,Ungqongqoshe,Here,Morena,Nkosi,ishe,expanded_shona_lexicon,ishe
Kapamba,Seine,0.0,Neutre,Mot,seine,Seine,Seine,Seine .,Iseri,seine,expanded_shona_loanword,seine
Matuku,Séjour,0.0,Neutre,Mot,stay,Hlala,Bly,Dula,Hlala,gara,expanded_shona_lexicon,gara
Masomba,Séjour,0.0,Neutre,Mot,stay,Hlala,Bly,Dula,Hlala,gara,expanded_shona_lexicon,gara
Kushikama,Séjourner,0.0,Neutre,Verbe,stay,Hlala,Bly,Dula,Hlala,gara,expanded_shona_lexicon,gara
Kushala,Séjourner,0.0,Neutre,Verbe,stay,Hlala,Bly,Dula,Hlala,gara,expanded_shona_lexicon,gara
Luepu,Sel,0.0,Neutre,Mot,salt,Usawoti,Sout,Letswai,Ityiwa,munyu,expanded_shona_lexicon,munyu
Lumingu,Semaine,0.0,Neutre,Mot,week,Isonto,Week,Beke,Iveki,vhiki,expanded_shona_lexicon,vhiki
Mufuanangane,Semblable,0.0,Neutre,Mot,similar,-Fanayo,Soortgelyk,Swanago,Efanayo,zvakafanana,expanded_shona_lexicon,zvakafanana
Bumudi,Semblable,0.0,Neutre,Mot,similar,-Fanayo,Soortgelyk,Swanago,Efanayo,zvakafanana,expanded_shona_lexicon,zvakafanana
Kuelameji,Sembler,0.0,Neutre,Verbe,seem,-Bukeka,Lyk,Ka re,Kubonakala ngathi,zvinoita,expanded_shona_alt,sem
Kuikalanemenji,Sembler,0.0,Neutre,Verbe,seem,-Bukeka,Lyk,Ka re,Kubonakala ngathi,zvinoita,expanded_shona_alt,sem
Diminu,Semence,2.0,Positive,Mot,seed,Inhlwanyelo,Saad,Peu,Imbewu,mbeu,expanded_shona_lexicon,mbeu
Lumu,Semence,2.0,Positive,Mot,seed,Inhlwanyelo,Saad,Peu,Imbewu,mbeu,expanded_shona_lexicon,mbeu
Kumiamina,Semer,1.0,Positive,Verbe,sow,Thwalwa,Saai,Bjala .,Hlwayela,kudyara,expanded_shona_lexicon,kudyara
Kukuna,Semer,1.0,Positive,Verbe,sow,Thwalwa,Saai,Bjala .,Hlwayela,kudyara,expanded_shona_lexicon,kudyara
Mumiaminyi,Semeur,1.0,Positive,Mot,sower,Umfayi,Saaier,Mogopo .,Umhlwayeli,sower,expanded_shona_alt,mudzvari
Lungenyi,Sens,2.0,Positive,Mot,sense,Ukuzwa,Sin,Sekwi,Ingqiqo,pfungwa,expanded_shona_lexicon,pfungwa
Dinyoka,Sentence,-6.0,Negative,Mot,sentence,Jezisa,Sin,Lefoko,Isivakalisi,mutsara,expanded_shona_lexicon,mutsara
Dipila,Sentence,-6.0,Negative,Mot,sentence,Jezisa,Sin,Lefoko,Isivakalisi,mutsara,expanded_shona_lexicon,mutsara
Kajila,Sentier,0.0,Neutre,Mot,path,Indlela,Pad,Tsela,Indlela,nzira,expanded_shona_lexicon,nzira
Njila,Sentier,0.0,Neutre,Mot,path,Indlela,Pad,Tsela,Indlela,nzira,expanded_shona_lexicon,nzira
Menji,Sentiment,1.0,Positive,Mot,feeling,Ukuzwakala,Gevoel,Maikutlo,Imvakalelo,kunzwa,expanded_shona_lexicon,kunzwa
Kunkunkila,Sentir,-1.0,Negative,Verbe,feel,Zwa,Voel,Ikwa,Yiva,kunzwa,expanded_shona_alt,inzwa
Buakane,Seoir,1.0,Positive,Verbe,seoir,Seoir,Seoir,Seoir .,Seoir,seoir,expanded_shona_loanword,seoir
Kupandulula,Séparer,-3.0,Negative,Verbe,separate,Hlungula,Skei,Kgaogane,Hlula,kupatsanura,expanded_shona_lexicon,kupatsanura
Kumuka,Séparer,-2.0,Negative,Verbe,separate,Hlungula,Skei,Kgaogane,Hlula,kupatsanura,expanded_shona_lexicon,kupatsanura
Kuya,Séparer,-1.0,Negative,Verbe,separate,Hlungula,Skei,Kgaogane,Hlula,kupatsanura,expanded_shona_lexicon,kupatsanura
Muandamutekete,Sept,0.0,Neutre,Mot,seven,Isikhombisa,Sewe,Seven .,Sixhengxe,zvinomwe,expanded_shona_alt,nomwe
Majambu,Sépulcre,-5.0,Negative,Mot,sepulcher,Ithulisi,Graf,Sepulcher .,I-genulcher,sepulcher,expanded_shona_loanword,sepulcher
Kujika,Sépulture,-5.0,Negative,Verbe,burial,Umngcwabo,Begrafnis,Poloko .,Umngcwabo,kuviga,expanded_shona_alt,kuvigwa
Mpulushi,Sergent,0.0,Neutre,Mot,sergeant,Usayitsheni,Sersant,Sajene .,I-sergeant,sergeant,expanded_shona_alt,sajeni
Mutshipu,Serment,0.0,Neutre,Mot,oath,Isifungo,Eed,Kano,Isifungo,mhiko,expanded_shona_lexicon,mhiko
Nyoka,Serpent,-4.0,Negative,Mot,snake,Inyoka,Slang,Noga,Inyoka,nyoka,expanded_shona_lexicon,nyoka
Mutshimamunene,Serrement,-2.0,Negative,Mot,tightness,Ukuqina,Strengheid,Go gagamala .,Qinisa,kusimba,expanded_shona_lexicon,kusimba
Kanyinganyinga,Serrement,-3.0,Negative,Mot,tightness,Ukuqina,Strengheid,Go gagamala .,Qinisa,kusimba,expanded_shona_lexicon,kusimba
Kunguila,Serrer,-1.0,Negative,Verbe,to squeeze,Ukuncipha,Om te druk,Go pitlaganya .,Ukutshiza,kunyudza,expanded_shona_alt,kusvina
Mupikamukaji,Servante,1.0,Positive,Mot,servant,Isikhonzi,Dienskneg,Mohlanka .,Isicaka,mushandi,expanded_shona_alt,muranda
Mudimu,Service,2.0,Positive,Mot,service,Ukusebenzela,Diens,Tirelo,Inkonzo,sevhisi,expanded_shona_lexicon,sevhisi
Kukuatamudimu,Servir,2.0,Positive,Verbe,serve,Sebenzela,Bedien,Solela,Khonza,shumirawo,expanded_shona_alt,shumirai
Mupika,Serviteur,2.0,Positive,Mot,servant,Isikhonzi,Dienskneg,Mohlanka .,Isicaka,mushandi,expanded_shona_alt,muranda
Muenamudimu,Serviteur,2.0,Positive,Mot,servant,Isikhonzi,Dienskneg,Mohlanka .,Isicaka,mushandi,expanded_shona_alt,muranda
Bupika,Servitude,-3.0,Negative,Mot,servitude,Ukuhlinzeka ngondla,Knegtigheid,Sekgomaretši .,Inkonzo,kushandira,expanded_shona_lexicon,kushandira
Tshisombedi,Siège,0.0,Neutre,Mot,seat,Isihlalo,Sitplek,Madulo,Isihlalo,chigaro,expanded_shona_lexicon,chigaro
Kumanyisha,Signifier,0.0,Neutre,Verbe,mean,-Ncishana,Gemiddeld,Ra,Kuthetha,zvinoreva,expanded_shona_alt,kureva
Kupuwatalala,Silence,1.0,Positive,Mot,silence,Ukuthula,Stilte,Setu,Cwaka,kunyarara,expanded_shona_lexicon,kunyarara
Kakuyimutoyo,Silence,0.0,Neutre,Mot,silence,Ukuthula,Stilte,Setu,Cwaka,kunyarara,expanded_shona_lexicon,kunyarara
Lusumuinu,Similitude,0.0,Neutre,Mot,similarity,Ukufana,Ooreenkomstigheid,Go swana .,Ukufana,kufanana,expanded_shona_lexicon,kufanana
Luipi,Similitude,0.0,Neutre,Mot,similarity,Ukufana,Ooreenkomstigheid,Go swana .,Ukufana,kufanana,expanded_shona_lexicon,kufanana
Bupuekele,Simple,1.0,Positive,Mot,simple,-Lula,Eenvoudig,Bonolo,Ilula,nyore,expanded_shona_lexicon,nyore
Mupote,Simple,1.0,Positive,Mot,simple,-Lula,Eenvoudig,Bonolo,Ilula,nyore,expanded_shona_lexicon,nyore
Nebupuekele,Simplicité,1.0,Positive,Mot,simplicity,Ukungabi lula,Eenvoud,Bonolo .,Ukulula,kupusa,expanded_shona_alt,zviri nyore
Bulelela,Sincère,5.0,Positive,Mot,sincere,-Liqiniso,Opreg,Kgonthe,Ukunyaniseka,akatendeseka,expanded_shona_alt,kurevesa
Tshidinebulelela,Sincérité,5.0,Positive,Mot,sincerity,Ubuqatha,Opregtheid,Botshepegi .,Ukunyaniseka,kutendeseka,expanded_shona_alt,kuperera
MuikaleMuasa,Situé,0.0,Neutre,Mot,located,-Akhiwe,Geleë,E behilwe .,Ibekwe,inowanikwa,expanded_shona_alt,location
Isambo,Six,0.0,Neutre,Mot,six,Isithupha,Ses,Tshela,Ntandathu,nhanhatu,expanded_shona_lexicon,nhanhatu
Bupole,Sobre,2.0,Positive,Mot,sober,Simanya,Nugter,Sego ka fase ya khuetšo ya bjala,Phawula,svutugadzike,expanded_shona_lexicon,svutugadzike
Bupuekele,Sobre,2.0,Positive,Mot,sober,Simanya,Nugter,Sego ka fase ya khuetšo ya bjala,Phawula,svutugadzike,expanded_shona_lexicon,svutugadzike
Bupuekele,Sobrement,2.0,Positive,Mot,soberly,Ngonzwe,Nugter,Ka go hlaphogelwa monaganong .,Ngobuqhetseba,zvinoshamisa,expanded_shona_lexicon,zvinoshamisa
Muan'abomukashi,Soeur,3.0,Positive,Mot,sister,Udadewenu,Suster,Sesi,Usisi,hanzvadzi sikana,expanded_shona_lexicon,hanzvadzi sikana
Soie,Soie,0.0,Neutre,Mot,silk,Usilika,Sy,Siliki,Isilika,silika,expanded_shona_alt,sirika
Nyota,Soif,-2.0,Negative,Mot,thirsty,-Omile,Dors,Nyorilwe,Unxaniwe,nyota,expanded_shona_lexicon,nyota
Bikole,Soigneusement,3.0,Positive,Mot,thoroughly,Ngokugcwele,Deeglik,Go tsenelela,Ngokucokisekileyo,zvakakwana,expanded_shona_lexicon,zvakakwana
Bimpe,Soigneusement,3.0,Positive,Mot,thoroughly,Ngokugcwele,Deeglik,Go tsenelela,Ngokucokisekileyo,zvakakwana,expanded_shona_lexicon,zvakakwana
Kutuala,Soin,2.0,Positive,Verbe,care,Ukuhlakanipha,Omgee,Tlhokomelo .,Ukhathalelo,chenjera,expanded_shona_lexicon,chenjera
Dilolo,Soir,0.0,Neutre,Mot,evening,Kusihlwa,Aand,Mantšiboa,Ngokuhlwa,manheru,expanded_shona_lexicon,manheru
Makumiasambombo,Soixante,0.0,Neutre,Nombre,sixty,Amashumi ayisithupha,Sestig,Masometshela,Amashumi amathandathu,makumi matanhatu,expanded_shona_lexicon,makumi matanhatu
Makumimuandamutekete,Soixante-dix,0.0,Neutre,Nombre,seventy,Amashumi ayisikhombisa,Sewentig,Masomešupa,Amashumi asixhenxe,makumi manomwe,expanded_shona_lexicon,makumi manomwe
Makumimuandamuteketeneitanu,Soixante-quinze,0.0,Neutre,Nombre,seventy-five,Amashumi ayisikhombisa nanhlanu,Vyf-en-sewentig,Masomešupa-hlano .,Amashumi asixhengxe anesihlanu,makumi manomwe neshanu,expanded_shona_lexicon,makumi manomwe neshanu
Panshi,Sol,0.0,Neutre,Mot,ground,Kuenhlabathini,Grond,Lebala,Umhlaba,pasi,expanded_shona_lexicon,pasi
Disolayi,Soldat,0.0,Neutre,Mot,soldier,Ibutho,Soldaat,Lešole,Ijoni,musoja,expanded_shona_alt,murwi
Diba,Soleil,4.0,Positive,Mot,sun,Ilanga,Son,Letšatši,Ilanga,zuva,expanded_shona_lexicon,zuva
Dibadiabuakane,Soleildejustice,7.0,Positive,Mot,sunofjustice,I-SunofJustice,Sunofjustice,Sunofjustice .,Ilanga,sunoftion,expanded_shona_lexicon,sunoftion
Bikole,Solide,3.0,Positive,Mot,solid,-Jiyile,Solied,Tšhipi,Uqinile,solid,expanded_shona_loanword,solid
Kulomba,Solliciter,-1.0,Negative,Verbe,request,Nxusa,Versoek,Kgopelo,Isicelo,chikumbiro,expanded_shona_lexicon,chikumbiro
Kukeba,Solliciter,0.0,Neutre,Verbe,request,Nxusa,Versoek,Kgopelo,Isicelo,chikumbiro,expanded_shona_lexicon,chikumbiro
Kuambila,Solliciter,0.0,Neutre,Verbe,request,Nxusa,Versoek,Kgopelo,Isicelo,chikumbiro,expanded_shona_lexicon,chikumbiro
Kuakidila,Soin,2.0,Positive,Verbe,care,Ukuhlakanipha,Omgee,Tlhokomelo .,Ukhathalelo,chenjera,expanded_shona_lexicon,chenjera
Kulama,Soin,2.0,Positive,Verbe,care,Ukuhlakanipha,Omgee,Tlhokomelo .,Ukhathalelo,chenjera,expanded_shona_lexicon,chenjera
Kueleshamenji,Sollicitude,1.0,Positive,Mot,solicitude,Ukuzwela,Besorgdheid,Solicitude .,Ukuqiqa,kukundwa,expanded_shona_alt,kukumbira
Kufinda,Sombre,-2.0,Negative,Mot,dark,-Hwelele,Donker,Leswiswi,Mnyama,rima,expanded_shona_lexicon,rima
Mpunda,Somme,0.0,Neutre,Mot,sum,Isibalo,Som,Palomoka,Isixa,sum,expanded_shona_loanword,sum
Mushinga,Somme,0.0,Neutre,Mot,sum,Isibalo,Som,Palomoka,Isixa,sum,expanded_shona_loanword,sum
Tshuwidi,Somme,0.0,Neutre,Mot,sum,Isibalo,Som,Palomoka,Isixa,sum,expanded_shona_loanword,sum
Disangisha,Somme,0.0,Neutre,Mot,sum,Isibalo,Som,Palomoka,Isixa,sum,expanded_shona_loanword,sum
Tulu,Sommeil,0.0,Neutre,Mot,sleep,Ukulala,Slaap,Robala,Ukulala,kurara,expanded_shona_alt,rara
Kulala,Sommeiller,0.0,Neutre,Verbe,sleep,Ukulala,Slaap,Robala,Ukulala,kurara,expanded_shona_alt,rara
BiaMushingamukole,Somptueux,5.0,Positive,Mot,sumptuous,Okuqabulayo,Weelderig,ya maemo a godimo .,Isiseko,sumptuous,expanded_shona_loanword,sumptuous
Tshiona,Son,0.0,Neutre,Mot,her,Yona,Sy,Gagwe,Wakhe,iye,expanded_shona_lexicon,iye
Tshionatshiamisambu,Son,1.0,Positive,Mot,her,Yona,Sy,Gagwe,Wakhe,iye,expanded_shona_lexicon,iye
Tshipiminutshiabulebuamayi,Sonde,0.0,Neutre,Mot,probe,Icala lolo munye noma,Ondersoek,Probe .,Probe,probe,expanded_shona_loanword,probe
Kukebulula,Sonder,0.0,Neutre,Verbe,probe,Icala lolo munye noma,Ondersoek,Probe .,Probe,probe,expanded_shona_loanword,probe
Tshilota,Songe,2.0,Positive,Mot,dream,Iphupha,Droom,Toro,Iphupha,kurota,expanded_shona_lexicon,kurota
Kulota,Songer,2.0,Positive,Verbe,think,Cabanga,Dink,Nagana,Cinga,funga,expanded_shona_lexicon,funga
Kuelampungi,Sonner,0.0,Neutre,Verbe,ring,Nqenqetha,Ring,Palamonwana,Iringi,mhete,expanded_shona_lexicon,mhete
Nshobo,Sort,-2.0,Negative,Mot,spell,Pela,Spel,Peleta,Ukupela,kuperetera,expanded_shona_alt,chiperengo
Nshoba,Sort,-2.0,Negative,Mot,spell,Pela,Spel,Peleta,Ukupela,kuperetera,expanded_shona_alt,chiperengo
Mushindueu,Sorte,0.0,Neutre,Mot,sort,Khetha,Sorteer,Hlopha,Hlela,ronga,expanded_shona_lexicon,ronga
Nunku,Sorteque,0.0,Neutre,Mot,sorteque,Uhlobo lobunikazi bemvelo,Sorteque,Sorteque .,I-Tooteque,sorteque,expanded_shona_loanword,sorteque
Nunku,Sortede,0.0,Neutre,Mot,sortede,Zonkehlela zinhlobo,Sortede,Sordede .,I-Geodee,stidede,expanded_shona_lexicon,stidede
Dipatuka,Sortie,0.0,Neutre,Mot,exit,Phuma,Verlaat,Tšwa,Phuma,kubuda,expanded_shona_lexicon,kubuda
Kupatuka,Sortir,0.0,Neutre,Verbe,to go out,Ukuphuma,Om uit te gaan,Go tšwa .,Ukuphuma,kubuda,expanded_shona_lexicon,kubuda
Kulupuka,Sortir,0.0,Neutre,Verbe,to go out,Ukuphuma,Om uit te gaan,Go tšwa .,Ukuphuma,kubuda,expanded_shona_lexicon,kubuda
Dikutadikese,Sou,0.0,Neutre,Mot,sou,Ubuhlanga,Sou,Sou .,I-sou,sou,expanded_shona_loanword,sou
Meshi,Souci,-3.0,Negative,Mot,worry,Khathazeka,Bekommernis,Tshwenyega,Ixhala,kunetseka,expanded_shona_lexicon,kunetseka
Meshiabiumabiapabuloba,Souci,-4.0,Negative,Mot,worry,Khathazeka,Bekommernis,Tshwenyega,Ixhala,kunetseka,expanded_shona_lexicon,kunetseka
Kuditatshisha,Soucier,-4.0,Negative,Verbe,worry,Khathazeka,Bekommernis,Tshwenyega,Ixhala,kunetseka,expanded_shona_lexicon,kunetseka
Kuditatshishamumenji,Soucier,-4.0,Negative,Verbe,worry,Khathazeka,Bekommernis,Tshwenyega,Ixhala,kunetseka,expanded_shona_lexicon,kunetseka
Lusebuabapele,Soucier,-2.0,Negative,Mot,worry,Khathazeka,Bekommernis,Tshwenyega,Ixhala,kunetseka,expanded_shona_lexicon,kunetseka
Lukasa,Soudain,0.0,Neutre,Mot,suddenly,Ngokuzuma,Skielik,Ka potlako,Ngequbuliso,kamwe kamwe,expanded_shona_alt,pakarepo
Mupuya,Souffle,0.0,Neutre,Mot,breath,Umphefumulo,Asem,Mohemo,Ukuphefumla,kufema,expanded_shona_lexicon,kufema
Tshipepele,Souffle,0.0,Neutre,Mot,breath,Umphefumulo,Asem,Mohemo,Ukuphefumla,kufema,expanded_shona_lexicon,kufema
Kuelalupepele,Souffler,0.0,Neutre,Verbe,blow,Phephula,Blaas,Butšwetša,Ukubetha,kuputika,expanded_shona_lexicon,kuputika
Mukumu,Soufflet,-2.0,Negative,Mot,bellows,Amalobi,Balg,Di-Bellow .,Amagxolo,belows,expanded_shona_lexicon,belows
Kukuma,Souffleter,-3.0,Negative,Verbe,blowing,Ukushaya,Blaas,Go foka .,Ukuvuthuza,kuputika,expanded_shona_alt,kufuridza
Dikenga,Souffrance,-6.0,Negative,Mot,suffering,Ngokuhlushwa,Lyding,Go tlaišega,Ukubandezeleka,kutambura,expanded_shona_lexicon,kutambura
Kukenga,Souffrir,-6.0,Negative,Verbe,suffer,Hlupheka,Ly,Tlaišega,Yiva,tambura,expanded_shona_alt,kutambura
Soufre,Soufre,-1.0,Negative,Mot,sulfur,Isibabule,Swael,Sulphur .,Isalfure,sarufa,expanded_shona_lexicon,sarufa
Disua,Souhait,3.0,Positive,Mot,wish,Fisa,Wens,Duma,Ndinqwenela,chishuwo,expanded_shona_lexicon,chishuwo
Disuadiamumutshima,Souhait,4.0,Positive,Mot,wish,Fisa,Wens,Duma,Ndinqwenela,chishuwo,expanded_shona_lexicon,chishuwo
Kusua,Souhaiter,4.0,Positive,Verbe,to wish,Ukufisa,Om te wens,go lakatsa .,Ukunqwenela,kushuvira,expanded_shona_lexicon,kushuvira
Kujinga,Souhaiter,3.0,Positive,Verbe,to wish,Ukufisa,Om te wens,go lakatsa .,Ukunqwenela,kushuvira,expanded_shona_lexicon,kushuvira
Kukeba,Souhaiter,1.0,Positive,Verbe,to wish,Ukufisa,Om te wens,go lakatsa .,Ukunqwenela,kushuvira,expanded_shona_lexicon,kushuvira
Kubipisha,Souiller,-6.0,Negative,Verbe,defile,Ngcolisa,Besoedel,Tšhilafatšo .,Inqambi,defiles,expanded_shona_lexicon,defiles
Kunyanga,Souiller,-6.0,Negative,Verbe,defile,Ngcolisa,Besoedel,Tšhilafatšo .,Inqambi,defiles,expanded_shona_lexicon,defiles
Kubolesha,Souiller,-6.0,Negative,Verbe,defile,Ngcolisa,Besoedel,Tšhilafatšo .,Inqambi,defiles,expanded_shona_lexicon,defiles
Dijinga,Souhait,3.0,Positive,Mot,wish,Fisa,Wens,Duma,Ndinqwenela,chishuwo,expanded_shona_lexicon,chishuwo
MuNyuma,Spirituellement,4.0,Positive,Mot,spiritually,Ngokomoya,Geestelik,Semoya .,Ngokomoya,pakunamata,expanded_shona_lexicon,pakunamata
Dinkenke,Splendeur,5.0,Positive,Mot,splendor,Ubukhazikhazi,Prag,Letago .,Ubuhle,kubwinya,expanded_shona_lexicon,kubwinya
Tshiabutumbi,Splendidement,5.0,Positive,Mot,splendidly,Ngokubabazekayo,Pragtig,Ka mo go kgahlišago .,Qaqambid,kusakwana,expanded_shona_lexicon,kusakwana
Nedisua,Spontanément,4.0,Positive,Mot,spontaneously,Ngokuzenzakalelayo,Spontaan,ka go itiragalela .,Ngokuzenzekelayo,zvine zvisizvo,expanded_shona_alt,zvekare
Nedisuadionsodiamumutshima,Spontanément,4.0,Positive,Mot,spontaneously,Ngokuzenzakalelayo,Spontaan,ka go itiragalela .,Ngokuzenzekelayo,zvine zvisizvo,expanded_shona_alt,zvekare
Ntanta,Stade,0.0,Neutre,Mot,stadium,Indawo yokubukela ibhola,Stadion,Lebala la lipapali .,Ibala lemidlalo,nhandare,expanded_shona_lexicon,nhandare
Kulepa,Stature,0.0,Neutre,Mot,stature,Ibanga elimbethe,Statuur,Seemo .,Ide,statu,expanded_shona_alt,chimiro
Mudiunvuijadiamunyuma,Stature,0.0,Neutre,Mot,stature,Ibanga elimbethe,Statuur,Seemo .,Ide,statu,expanded_shona_alt,chimiro
Nkumbaudikayyimuakuimita...,Stérile,-6.0,Negative,Mot,sterile,-Ngenamagciwane,Steriel,Go se be le bana .,I-stele,zvisina kunaka,expanded_shona_lexicon,zvisina kunaka
Nkumbakupangamamuma,Stérile,-6.0,Negative,Mot,sterile,-Ngenamagciwane,Steriel,Go se be le bana .,I-stele,zvisina kunaka,expanded_shona_lexicon,zvisina kunaka
MuenaStoiko,Stoïcien,0.0,Neutre,Mot,stoic,Stoic,Stoïsyns,Stoic .,Isitovu,stoic,expanded_shona_loanword,stoic
Kukema,Stupéfié,-1.0,Negative,Mot,stunned,Uthukile,Verdoof,Go kgakgetšwe .,Yenziwe,zvakatsumwa,expanded_shona_lexicon,zvakatsumwa
Tshitambala,Suaire,-2.0,Negative,Mot,shroud,Shwimvu,Kleed,Sekhurumetšo .,I-shroud,shroud,expanded_shona_loanword,shroud
Tshilulutshiakadibu,Suaire,-2.0,Negative,Mot,shroud,Shwimvu,Kleed,Sekhurumetšo .,I-shroud,shroud,expanded_shona_loanword,shroud
Kukengakuangatadikenga,Subir,-6.0,Negative,Verbe,submit,Beka phansi,Dien in,Tliša,Ngenisa,tumira,expanded_shona_lexicon,tumira
Kukenga,Subir,-6.0,Negative,Verbe,submit,Beka phansi,Dien in,Tliša,Ngenisa,tumira,expanded_shona_lexicon,tumira
Tshintuluntulu,Subit,0.0,Neutre,Mot,subit,Indawo,Dien in,Subit .,Isitshixo,subit,expanded_shona_alt,subt
Tshimpitshimpi,Subit,0.0,Neutre,Mot,subit,Indawo,Dien in,Subit .,Isitshixo,subit,expanded_shona_alt,subt
Lukasa,Subitement,0.0,Neutre,Mot,suddenly,Ngokuzuma,Skielik,Ka potlako,Ngequbuliso,kamwe kamwe,expanded_shona_alt,pakarepo
Nelukasa,Subitement,0.0,Neutre,Mot,suddenly,Ngokuzuma,Skielik,Ka potlako,Ngequbuliso,kamwe kamwe,expanded_shona_alt,pakarepo
Kutekesha,Subjuguer,-3.0,Negative,Verbe,subjugate,Phambanisa,Onderwerp,Subjugate .,Hlasela,subjugate,expanded_shona_loanword,subjugate
Kutshimuna,Subjuguer,-5.0,Negative,Verbe,subjugate,Phambanisa,Onderwerp,Subjugate .,Hlasela,subjugate,expanded_shona_loanword,subjugate
Kubuikidibuanemayi,Submerger,-3.0,Negative,Verbe,overwhelm,Ukweqa,Oorweldig,Go gateletša .,I-SEPHhelm,kukurira,expanded_shona_lexicon,kukurira
Kuinyibuamumayi,Submerger,-3.0,Negative,Verbe,overwhelm,Ukweqa,Oorweldig,Go gateletša .,I-SEPHhelm,kukurira,expanded_shona_lexicon,kukurira
Kubueshela,Suborner,-6.0,Negative,Verbe,bribe,Ngokukhokha,Omkoopgeld,Tsogo-le-kobong .,Isinyobo,chiokomuhomwe,expanded_shona_lexicon,chiokomuhomwe
Kutshingululabuakuenzabualububi,Suborner,-7.0,Negative,Verbe,bribe,Ngokukhokha,Omkoopgeld,Tsogo-le-kobong .,Isinyobo,chiokomuhomwe,expanded_shona_lexicon,chiokomuhomwe
Bintu,Subsistance,0.0,Neutre,Mot,subsistence,Ukunqoba,Bestaan,Go iphediša .,Ukutya,kuuramba,expanded_shona_alt,kurarama
Bintubiudinabibuakudia,Subsistance,0.0,Neutre,Mot,subsistence,Ukunqoba,Bestaan,Go iphediša .,Ukutya,kuuramba,expanded_shona_alt,kurarama
Kujalamakushala,Subsister,1.0,Positive,Verbe,subsist,Uhlomulisa,Bestaan,Surve .,Inkxaso,subsist,expanded_shona_loanword,subsist
Kujalamakukuatakaja,Subsister,1.0,Positive,Verbe,subsist,Uhlomulisa,Bestaan,Surve .,Inkxaso,subsist,expanded_shona_loanword,subsist
Bunzambi,Substance,0.0,Neutre,Mot,substance,Into,Stof,Selo,Into,chinhu,expanded_shona_lexicon,chinhu
Kukuatshishanebintu,Subvenir,2.0,Positive,Verbe,subsidize,Xhasa,Subsidieer,Thušo ya ditšhelete .,Inkxaso,simbisa,expanded_shona_lexicon,simbisa
Kupambuishadishimbuka,Subversion,-6.0,Negative,Mot,subversion,Inyundu,Ondermyning,Phetla .,I-provisions,subversion,expanded_shona_alt,kushandura
Kupambuishadibutuka,Subversion,-6.0,Negative,Mot,subversion,Inyundu,Ondermyning,Phetla .,I-provisions,subversion,expanded_shona_alt,kushandura
Mupinganyi,Successeur,0.0,Neutre,Mot,successor,Umlandeli,Opvolger,Mohlahlami .,Umlandeli,mutsivi,expanded_shona_lexicon,mutsivi
Kupitshila,Successivement,0.0,Neutre,Mot,successively,Ngekamvana,Opeenvolgend,ka go latelana .,Ngokulandelelana,zvine mutsevedzeri,expanded_shona_alt,zvichitevera
Sud-esttshiludiludineSudeneEst,Sud-ouest,0.0,Neutre,Mot,southwest,Eningizimu-ntshonalanga,Suidwes,Borwa Bophirima .,Emazantsi ntshona,southwest,expanded_shona_loanword,southwest
Luangabisululu,Sueur,0.0,Neutre,Mot,sweat,Juluka,Sweet,Sethitho,Ukubila,ziya,expanded_shona_lexicon,ziya
Luangamayiadiapatukapamubidi,Sueur,0.0,Neutre,Mot,sweat,Juluka,Sweet,Sethitho,Ukubila,ziya,expanded_shona_lexicon,ziya
Kuakushika,Suffire,2.0,Positive,Verbe,enough,-Ningi,Genoeg,Lekanetše,Konele,zvakakwana,expanded_shona_alt,zvakwana
Kukumbana,Suffire,2.0,Positive,Verbe,enough,-Ningi,Genoeg,Lekanetše,Konele,zvakakwana,expanded_shona_alt,zvakwana
Kukumbanangikadiluudiukumbana,Suffisant,2.0,Positive,Mot,sufficient,-Lingene,Voldoende,Lekanetšego,Zanele,kukwana,expanded_shona_alt,zvakakwana
Katatakaanumpidieu,Suite,0.0,Neutre,Mot,following,Okulandelayo,Volgende,Latelago,Ukulandela,zvinotevera,expanded_shona_alt,kutevera
Kupitapakapita,Suivant,0.0,Neutre,Mot,following,Okulandelayo,Volgende,Latelago,Ukulandela,zvinotevera,expanded_shona_alt,kutevera
Kupitakulonda,Suivant,0.0,Neutre,Mot,following,Okulandelayo,Volgende,Latelago,Ukulandela,zvinotevera,expanded_shona_alt,kutevera
Kunyimapakatiabu,Suivant,0.0,Neutre,Mot,following,Okulandelayo,Volgende,Latelago,Ukulandela,zvinotevera,expanded_shona_alt,kutevera
Bumudi,Suivant,0.0,Neutre,Mot,following,Okulandelayo,Volgende,Latelago,Ukulandela,zvinotevera,expanded_shona_alt,kutevera
Kulondakuendanemuntupopamue,Suivre,0.0,Neutre,Verbe,follow,Fuza,Volg,Latela,Landela,tevera,expanded_shona_lexicon,tevera
Tshienabualububandi,Sujet,0.0,Neutre,Mot,subject,Beka,Onderwerp,Hlogotaba,Isifundo,musoro,expanded_shona_alt,chidzidzo
Tshienabualubualu,Sujet,0.0,Neutre,Mot,subject,Beka,Onderwerp,Hlogotaba,Isifundo,musoro,expanded_shona_alt,chidzidzo
Tshiambilukubualubua,Sujet,0.0,Neutre,Mot,subject,Beka,Onderwerp,Hlogotaba,Isifundo,musoro,expanded_shona_alt,chidzidzo
BiapamutuudiufumakumuakuwapamuandaKuvulangana,Superflu,-1.0,Negative,Mot,superfluous,-Phezulu,Oorbodig,E sa nyakegego .,I-Superflight,superfluous,expanded_shona_loanword,superfluous
Biapamutukupangabualubualu,Superflu,-1.0,Negative,Mot,superfluous,-Phezulu,Oorbodig,E sa nyakegego .,I-Superflight,superfluous,expanded_shona_loanword,superfluous
Kumukuna,Plusélevé,1.0,Positive,Mot,higher,-Phakeme,Hoër,godimo .,Ngaphezulu,kumusoro,expanded_shona_lexicon,kumusoro
Kumutu,Plusélevé,1.0,Positive,Mot,higher,-Phakeme,Hoër,godimo .,Ngaphezulu,kumusoro,expanded_shona_lexicon,kumusoro
Yakulu,Plusélevé,1.0,Positive,Mot,higher,-Phakeme,Hoër,godimo .,Ngaphezulu,kumusoro,expanded_shona_lexicon,kumusoro
Kukumbaja,Suppléer,1.0,Positive,Verbe,substitute,Ngena esikhundleni,Plaasvervanger,Moemedi,Endaweni,kutsiva,expanded_shona_lexicon,kutsiva
Kusakidila,Suppléer,1.0,Positive,Verbe,substitute,Ngena esikhundleni,Plaasvervanger,Moemedi,Endaweni,kutsiva,expanded_shona_lexicon,kutsiva
Disengelela,Supplication,0.0,Neutre,Mot,supplication,Ukunxusa,Smeking,Kgopelo .,Ukucela,kuteterera,expanded_shona_lexicon,kuteterera
Ditendekena,Supplication,0.0,Neutre,Mot,supplication,Ukunxusa,Smeking,Kgopelo .,Ukucela,kuteterera,expanded_shona_lexicon,kuteterera
Kutendekena,Supplier,0.0,Neutre,Verbe,supplier,Umthumeli,Verskaffer,Moabi .,Umboneleli,mutengesi,expanded_shona_lexicon,mutengesi
Kulomba,Supplier,0.0,Neutre,Verbe,supplier,Umthumeli,Verskaffer,Moabi .,Umboneleli,mutengesi,expanded_shona_lexicon,mutengesi
Kutendelelanedinanukila,Supplier,0.0,Neutre,Verbe,supplier,Umthumeli,Verskaffer,Moabi .,Umboneleli,mutengesi,expanded_shona_lexicon,mutengesi
Kupita,Support,0.0,Neutre,Verbe,support,Singatha,Ondersteuning,Thekga,Inkxaso,tsigiro,expanded_shona_lexicon,tsigiro
Lutulu,Support,0.0,Neutre,Mot,support,Singatha,Ondersteuning,Thekga,Inkxaso,tsigiro,expanded_shona_lexicon,tsigiro
Tshiditshitabujibua,Supportable,1.0,Positive,Mot,bearable,-Bekezelekayo,Verdraaglik,E kgotlelelwago .,Iyakwazi,kutsigira,expanded_shona_alt,zvinogoneka
Tshipishakakese,Supportable,1.0,Positive,Mot,bearable,-Bekezelekayo,Verdraaglik,E kgotlelelwago .,Iyakwazi,kutsigira,expanded_shona_alt,zvinogoneka
Katshinenedipiladinene,Supportable,1.0,Positive,Mot,bearable,-Bekezelekayo,Verdraaglik,E kgotlelelwago .,Iyakwazi,kutsigira,expanded_shona_alt,zvinogoneka
Kutata,Supporter,1.0,Positive,Verbe,support,Singatha,Ondersteuning,Thekga,Inkxaso,tsigiro,expanded_shona_lexicon,tsigiro
Kuitabujadikenga,Supporter,1.0,Positive,Verbe,support,Singatha,Ondersteuning,Thekga,Inkxaso,tsigiro,expanded_shona_lexicon,tsigiro
Kutuala,Supporter,1.0,Positive,Verbe,support,Singatha,Ondersteuning,Thekga,Inkxaso,tsigiro,expanded_shona_lexicon,tsigiro
Kuangatapamubidi,Supporter,1.0,Positive,Verbe,support,Singatha,Ondersteuning,Thekga,Inkxaso,tsigiro,expanded_shona_lexicon,tsigiro
Kufuangikija,Supposer,0.0,Neutre,Verbe,assume,Cabangela,Aanvaar,Bona gore,Cinga,fungidzira,expanded_shona_lexicon,fungidzira
Kuelamenji,Supposer,0.0,Neutre,Verbe,assume,Cabangela,Aanvaar,Bona gore,Cinga,fungidzira,expanded_shona_lexicon,fungidzira
Kushipa,Supprimer,-5.0,Negative,Verbe,delete,Cisha,SKEE,PHUMOLA,Cima,delete,expanded_shona_loanword,delete
Kumusha,Supprimer,-5.0,Negative,Verbe,delete,Cisha,SKEE,PHUMOLA,Cima,delete,expanded_shona_loanword,delete
Kubala,Supputer,0.0,Neutre,Verbe,calculate,Bala,Bereken,Bala .,Bala,kuverenga,expanded_shona_lexicon,kuverenga
Kubalula,Supputer,0.0,Neutre,Verbe,calculate,Bala,Bereken,Bala .,Bala,kuverenga,expanded_shona_lexicon,kuverenga
Bimpe,Sûr,2.0,Positive,Mot,on,Phezu kwa-,Aan,Go,Kwi,,expanded_shona_lexicon,
Biakane,Sûr,2.0,Positive,Mot,on,Phezu kwa-,Aan,Go,Kwi,on,expanded_shona_loanword,on
Bikole,Sûr,2.0,Positive,Mot,on,Phezu kwa-,Aan,Go,Kwi,on,expanded_shona_loanword,on
Katataka,Sur-le-champ,0.0,Neutre,Mot,immediately,Eduze,Onmiddellik,Ka potlako,Kwangoko,pakarepo,expanded_shona_lexicon,pakarepo
Anumpindieu,Sur-le-champ,0.0,Neutre,Mot,immediately,Eduze,Onmiddellik,Ka potlako,Kwangoko,pakarepo,expanded_shona_lexicon,pakarepo
Mitambebungi,Surabondamment,1.0,Positive,Mot,overabundantly,Ngokuzwakalayo,Oorvloedig,ka mo go feteletšego ka mo go feteletšego .,Ngaphezulu,zvakanyanyisa,expanded_shona_alt,zvakawandisa
Bungibuvule,Surabondamment,1.0,Positive,Mot,overabundantly,Ngokuzwakalayo,Oorvloedig,ka mo go feteletšego ka mo go feteletšego .,Ngaphezulu,zvakanyanyisa,expanded_shona_alt,zvakawandisa
Utamba,Surabondant,1.0,Positive,Mot,overabundant,-Banzi,Oorvloedig,Se se lego gona ka mo go feteletšego .,Ngaphezulu,kuwedzera,expanded_shona_lexicon,kuwedzera
Kupita,Surabondant,0.0,Neutre,Verbe,overabundant,-Banzi,Oorvloedig,Se se lego gona ka mo go feteletšego .,Ngaphezulu,kuwedzera,expanded_shona_lexicon,kuwedzera
Kunemeshelabujitu,Surcharger,-3.0,Negative,Verbe,overload,Thwalisa ngokweqile,Oorlading,Go imelwa go feta tekanyo .,Ngaphezulu,kupfuurisa,expanded_shona_lexicon,kupfuurisa
Kutekelamuntubujitubunene,Surcharger,-3.0,Negative,Verbe,overload,Thwalisa ngokweqile,Oorlading,Go imelwa go feta tekanyo .,Ngaphezulu,kupfuurisa,expanded_shona_lexicon,kupfuurisa
Bimpemushindu,Sûrement,2.0,Positive,Mot,certainly,Impela,Sekerlik,Ka nnete,Ngokuqinisekileyo,zvirokwazvo,expanded_shona_lexicon,zvirokwazvo
Bikole,Sûrement,2.0,Positive,Mot,certainly,Impela,Sekerlik,Ka nnete,Ngokuqinisekileyo,zvirokwazvo,expanded_shona_lexicon,zvirokwazvo
Kabayimuakunyema,Sûrement,2.0,Positive,Mot,certainly,Impela,Sekerlik,Ka nnete,Ngokuqinisekileyo,zvirokwazvo,expanded_shona_lexicon,zvirokwazvo
Ditalala,Sûreté,2.0,Positive,Mot,safety,Ukuphepha,Veiligheid,Polokego,Ukhuseleko,kuchengetedzwa,expanded_shona_lexicon,kuchengetedzwa
Bukubi,Sûreté,2.0,Positive,Mot,safety,Ukuphepha,Veiligheid,Polokego,Ukhuseleko,kuchengetedzwa,expanded_shona_lexicon,kuchengetedzwa
Kuledibua,Surgir,0.0,Neutre,Verbe,arise,Sukuma,Staan op,Tsoga,Vuka,simuka,expanded_shona_lexicon,simuka
Kupatukila,Surgir,0.0,Neutre,Verbe,arise,Sukuma,Staan op,Tsoga,Vuka,simuka,expanded_shona_lexicon,simuka
Kufumina,Surgir,0.0,Neutre,Verbe,arise,Sukuma,Staan op,Tsoga,Vuka,simuka,expanded_shona_lexicon,simuka
Kutshimuna,Surmonter,2.0,Positive,Verbe,overcome,Nqoba,Oorkom,Hlola,Boyiswe,kukunda,expanded_shona_alt,kunda
Kupita,Surmonter,2.0,Positive,Verbe,overcome,Nqoba,Oorkom,Hlola,Boyiswe,kukunda,expanded_shona_alt,kunda
Kutentekadinadikuabu,SurMotmer,0.0,Neutre,Verbe,onmotmer,Onmotmer,OnMotmer,Onmotmer .,I-Onmotmer,onmotmer,expanded_shona_loanword,onmotmer
Kuinyikamuntudingadina,SurMotmer,0.0,Neutre,Verbe,onmotmer,Onmotmer,OnMotmer,Onmotmer .,I-Onmotmer,onmotmer,expanded_shona_loanword,onmotmer
Kutamba,Surpasser,2.0,Positive,Verbe,surpass,Dlula,Oortref,Surpass .,Gqitha,vanopfuura,expanded_shona_alt,kupfuura
Kupita,Surpasser,2.0,Positive,Verbe,surpass,Dlula,Oortref,Surpass .,Gqitha,vanopfuura,expanded_shona_alt,kupfuura
Kukuta,Surprendre,-2.0,Negative,Verbe,surprise,Mangaza,Verrassing,Makatša,Ukumangala,kushamisika,expanded_shona_lexicon,kushamisika
Kupetamuntumudienzadiabualu,Surprendre,-2.0,Negative,Verbe,surprise,Mangaza,Verrassing,Makatša,Ukumangala,kushamisika,expanded_shona_lexicon,kushamisika
Kupetamuntumubuteyi,Surprendre,-2.0,Negative,Verbe,surprise,Mangaza,Verrassing,Makatša,Ukumangala,kushamisika,expanded_shona_lexicon,kushamisika
Kutamba,Surtout,1.0,Positive,Mot,above all,Ngaphezu kwakho konke,Bo alles,Godimo ga tšohle .,Ngaphezu koko,pamusoro pezvose,expanded_shona_alt,pamusoro pazvose
Nangananga,Surtout,1.0,Positive,Mot,above all,Ngaphezu kwakho konke,Bo alles,Godimo ga tšohle .,Ngaphezu koko,pamusoro pezvose,expanded_shona_alt,pamusoro pazvose
Butangidi,Surveillance,0.0,Neutre,Mot,monitoring,Ukuqapha,Monitering,Go bea leihlo .,Ukubeka iliso,kuongorora,expanded_shona_lexicon,kuongorora
Mudimuwamutangidi,Surveillance,0.0,Neutre,Mot,monitoring,Ukuqapha,Monitering,Go bea leihlo .,Ukubeka iliso,kuongorora,expanded_shona_lexicon,kuongorora
Mutangidi,Surveillant,0.0,Neutre,Mot,supervisor,Umphathi,Toesighouer,Mookamedi,Isuphavayiza,supervisor,expanded_shona_alt,mutariri
Kutentekela,Surveiller,0.0,Neutre,Verbe,to watch,Uzobukela,Om te kyk,Go lebelela .,Ukubukela,kutarisa,expanded_shona_lexicon,kutarisa
Kutabala,Surveiller,0.0,Neutre,Verbe,to watch,Uzobukela,Om te kyk,Go lebelela .,Ukubukela,kutarisa,expanded_shona_lexicon,kutarisa
Kutangilabuabuimpe,Surveiller,0.0,Neutre,Verbe,to watch,Uzobukela,Om te kyk,Go lebelela .,Ukubukela,kutarisa,expanded_shona_lexicon,kutarisa
Kulua,Survenir,0.0,Neutre,Verbe,occur,Vela,Voorkom,Hlaga,Zenzeka,kuitika,expanded_shona_lexicon,kuitika
Kufika,Survenir,0.0,Neutre,Verbe,occur,Vela,Voorkom,Hlaga,Zenzeka,kuitika,expanded_shona_lexicon,kuitika
Kuluapabuipi,Survenir,0.0,Neutre,Verbe,occur,Vela,Voorkom,Hlaga,Zenzeka,kuitika,expanded_shona_lexicon,kuitika
Kubisha,Susciter,-1.0,Negative,Verbe,arouse,Hlela,Opwek,Dira tša go tsoša .,Vusa,simudza,expanded_shona_alt,kumutsa
Kuvuija,Susciter,-1.0,Negative,Verbe,arouse,Hlela,Opwek,Dira tša go tsoša .,Vusa,simudza,expanded_shona_alt,kumutsa
Kuimanyika,Suspendre,-2.0,Negative,Verbe,suspend,Hlehlisa,Opskort,Go emišwa .,Nqumamisa,kumisa,expanded_shona_lexicon,kumisa
Kupangatshiakuenza,Suspendre,-2.0,Negative,Verbe,suspend,Hlehlisa,Opskort,Go emišwa .,Nqumamisa,kumisa,expanded_shona_lexicon,kumisa
Mioyokulu,Suspens,0.0,Neutre,Mot,suspense,Ukuhlalela ovalweni,Spanning,Go se fele pelo .,Ukrokrela,kusarudzika,expanded_shona_lexicon,kusarudzika
Kuindidisha,Suspens,0.0,Neutre,Verbe,suspense,Ukuhlalela ovalweni,Spanning,Go se fele pelo .,Ukrokrela,kusarudzika,expanded_shona_lexicon,kusarudzika
Kakuyikujikija,Suspens,0.0,Neutre,Verbe,suspense,Ukuhlalela ovalweni,Spanning,Go se fele pelo .,Ukrokrela,kusarudzika,expanded_shona_lexicon,kusarudzika
Sukomo,Sycomore,0.0,Neutre,Mot,sycamore,Isikati,Sycamore,Sycamore .,Sycamore,sycamore,expanded_shona_loanword,sycamore
Mushindumukuabuwamutshiwanfigi,Sycomore,0.0,Neutre,Mot,sycamore,Isikati,Sycamore,Sycamore .,Sycamore,sycamore,expanded_shona_loanword,sycamore
Muimpebuaditalajidiendedinene,Sycomore,0.0,Neutre,Mot,sycamore,Isikati,Sycamore,Sycamore .,Sycamore,sycamore,expanded_shona_loanword,sycamore
Udiukuamabimumabishadile,Sycomore,0.0,Neutre,Mot,sycamore,Isikati,Sycamore,Sycamore .,Sycamore,sycamore,expanded_shona_loanword,sycamore
Kabiyibiabungi,Sycomore,0.0,Neutre,Mot,sycamore,Isikati,Sycamore,Sycamore .,Sycamore,sycamore,expanded_shona_loanword,sycamore
Cyàkukèma,Super,7.0,Positive,Mot,great,-Khulu,Groot,Kgolo,Kakhulu,hukuru,expanded_shona_lexicon,hukuru
Cyamanyaanù,Sale,-7.0,Negative,Mot,dirty,-Ngcolile,Vuil,Ditqhila,Umdaka,tsvina,expanded_shona_lexicon,tsvina
Cipepèla,Simple,1.0,Neutre,Mot,simple,-Lula,Eenvoudig,Bonolo,Ilula,nyore,expanded_shona_lexicon,nyore
Nkààya,Seul,0.0,Neutre,Mot,alone,Dwa,Alleen,Noši,Yedwa,ndega,expanded_shona_lexicon,ndega
Nzùbu,Salle,0.0,Neutre,Mot,room,Ikamelo,Kamer,Kamora,Igumbi,kamuri,expanded_shona_lexicon,kamuri
Cyalu,Scène,0.0,Neutre,Mot,scene,Isigcambazana,Toneel,Sefala,Imeko,chiitiko,expanded_shona_lexicon,chiitiko
Ngikàdilù,Situation,0.0,Neutre,Mot,situation,Isimo,Situasie,Seemo,Imeko,mamiriro,expanded_shona_alt,mamiriro ezvinhu
Yàyà,Sœur,4.0,Positive,Mot,sister,Udadewenu,Suster,Sesi,Usisi,hanzvadzi sikana,expanded_shona_lexicon,hanzvadzi sikana
Diloòlù,Soirée,3.0,Positive,Mot,evening,Kusihlwa,Aand,Mantšiboa,Ngokuhlwa,manheru,expanded_shona_lexicon,manheru
Mùshindù,Sorte,0.0,Neutre,Mot,sort,Khetha,Sorteer,Hlopha,Hlela,ronga,expanded_shona_lexicon,ronga
Cyumvwilu,Sens,0.0,Neutre,Mot,sense,Ukuzwa,Sin,Sekwi,Ingqiqo,pfungwa,expanded_shona_lexicon,pfungwa
Lumvu,Sens,0.0,Neutre,Mot,sense,Ukuzwa,Sin,Sekwi,Ingqiqo,pfungwa,expanded_shona_lexicon,pfungwa
Lupàndu,Salut,5.0,Positive,Mot,hi,Sibhabhanyo ngo,Hallo,Thobela,Mholo,mhoro,expanded_shona_lexicon,mhoro
Mwoyo,Salut,5.0,Positive,Mot,hi,Sibhabhanyo ngo,Hallo,Thobela,Mholo,mhoro,expanded_shona_lexicon,mhoro
Mwoyi,Salut,5.0,Positive,Mot,hi,Sibhabhanyo ngo,Hallo,Thobela,Mholo,mhoro,expanded_shona_lexicon,mhoro
Fwicifwici,Secret,0.0,Neutre,Mot,secret,-Yimfihlo,Geheim,Sephiri,Imfihlo,chakavanzika,expanded_shona_lexicon,chakavanzika
Mukalenge,Seigneur,2.0,Positive,Nom,lord,Ungqongqoshe,Here,Morena,Nkosi,ishe,expanded_shona_lexicon,ishe
Mukalenga,Seigneur,2.0,Positive,Nom,lord,Ungqongqoshe,Here,Morena,Nkosi,ishe,expanded_shona_lexicon,ishe
Mulopò,Seigneur,2.0,Positive,Nom,lord,Ungqongqoshe,Here,Morena,Nkosi,ishe,expanded_shona_lexicon,ishe
Mulopù,Seigneur,2.0,Positive,Nom,lord,Ungqongqoshe,Here,Morena,Nkosi,ishe,expanded_shona_lexicon,ishe
Cimanyinu,Signe,0.0,Neutre,Symbole,sign,Bhala,Teken,Leswao,Uphawu,chiratidzo,expanded_shona_lexicon,chiratidzo
Cileejilu,Signe,0.0,Neutre,Symbole,sign,Bhala,Teken,Leswao,Uphawu,chiratidzo,expanded_shona_lexicon,chiratidzo
Kamanyinu,Signe,0.0,Neutre,Symbole,sign,Bhala,Teken,Leswao,Uphawu,chiratidzo,expanded_shona_lexicon,chiratidzo
Lubàcì,Silence,0.0,Neutre,Qualité,silence,Ukuthula,Stilte,Setu,Cwaka,kunyarara,expanded_shona_lexicon,kunyarara
Nyàkàtàà,Silence,0.0,Neutre,Qualité,silence,Ukuthula,Stilte,Setu,Cwaka,kunyarara,expanded_shona_lexicon,kunyarara
Cyolòòlò,Soir,2.0,Positive,Temps,evening,Kusihlwa,Aand,Mantšiboa,Ngokuhlwa,manheru,expanded_shona_lexicon,manheru
Cyolòòlù,Soir,2.0,Positive,Temps,evening,Kusihlwa,Aand,Mantšiboa,Ngokuhlwa,manheru,expanded_shona_lexicon,manheru
Diloòlò,Soir,2.0,Positive,Temps,evening,Kusihlwa,Aand,Mantšiboa,Ngokuhlwa,manheru,expanded_shona_lexicon,manheru
Diloòlù,Soir,2.0,Positive,Temps,evening,Kusihlwa,Aand,Mantšiboa,Ngokuhlwa,manheru,expanded_shona_lexicon,manheru
Mulòòlò,Soir,2.0,Positive,Temps,evening,Kusihlwa,Aand,Mantšiboa,Ngokuhlwa,manheru,expanded_shona_lexicon,manheru
Mulòòlù,Soir,2.0,Positive,Temps,evening,Kusihlwa,Aand,Mantšiboa,Ngokuhlwa,manheru,expanded_shona_lexicon,manheru
Mùsùlaayì,Soldat,0.0,Neutre,Nom,soldier,Ibutho,Soldaat,Lešole,Ijoni,musoja,expanded_shona_alt,murwi
Mumwemwe,Sourire,6.0,Positive,Mot,smile,Ukumamatheka,Glimlag,Myemyela,Uncumo,kunyemwerera,expanded_shona_lexicon,kunyemwerera
Mumwemwa,Sourire,6.0,Positive,Mot,smile,Ukumamatheka,Glimlag,Myemyela,Uncumo,kunyemwerera,expanded_shona_lexicon,kunyemwerera
Mwemunya,Sourire,6.0,Positive,Mot,smile,Ukumamatheka,Glimlag,Myemyela,Uncumo,kunyemwerera,expanded_shona_lexicon,kunyemwerera
Mwenya,Sourire,6.0,Positive,Mot,smile,Ukumamatheka,Glimlag,Myemyela,Uncumo,kunyemwerera,expanded_shona_lexicon,kunyemwerera
Bwalu,Sujet,0.0,Neutre,Mot,subject,Beka,Onderwerp,Hlogotaba,Isifundo,musoro,expanded_shona_alt,chidzidzo
Cyenabwalu,Sujet,0.0,Neutre,Mot,subject,Beka,Onderwerp,Hlogotaba,Isifundo,musoro,expanded_shona_alt,chidzidzo
Kubùnduka,Sauter,0.0,Neutre,Mot,jump,Gxuma,Spring,Tshela,Xhuma,kusvetuka,expanded_shona_lexicon,kusvetuka
Kuvuma,Sauter,1.0,Neutre,Mot,jump,Gxuma,Spring,Tshela,Xhuma,kusvetuka,expanded_shona_lexicon,kusvetuka
Kupàndisha,Sauver,7.0,Positive,Mot,save,Hlenga,Stoor,Boloka,Gcina,chengetedza,expanded_shona_alt,sevha
Kusùngila,Sauver,7.0,Positive,Mot,save,Hlenga,Stoor,Boloka,Gcina,chengetedza,expanded_shona_alt,sevha
Mukàndà,Savoir,5.0,Positive,Mot,know,Bona,Weet,Tseba,Yazi,ziva,expanded_shona_lexicon,ziva
Manya,Savoir,5.0,Positive,Mot,know,Bona,Weet,Tseba,Yazi,ziva,expanded_shona_lexicon,ziva
Nunka,Sentir,0.0,Neutre,Mot,feel,Zwa,Voel,Ikwa,Yiva,kunzwa,expanded_shona_alt,inzwa
Umvwa,Sentir,0.0,Neutre,Mot,feel,Zwa,Voel,Ikwa,Yiva,kunzwa,expanded_shona_alt,inzwa
Kukànda,Séparer,0.0,Neutre,Mot,separate,Hlungula,Skei,Kgaogane,Hlula,kupatsanura,expanded_shona_lexicon,kupatsanura
Kulamuna,Séparer,0.0,Neutre,Mot,separate,Hlungula,Skei,Kgaogane,Hlula,kupatsanura,expanded_shona_lexicon,kupatsanura
Kupandula,Séparer,0.0,Neutre,Mot,separate,Hlungula,Skei,Kgaogane,Hlula,kupatsanura,expanded_shona_lexicon,kupatsanura
Kwaabulula,Séparer,0.0,Neutre,Mot,separate,Hlungula,Skei,Kgaogane,Hlula,kupatsanura,expanded_shona_lexicon,kupatsanura
Kusùnga,Séparer,0.0,Neutre,Mot,separate,Hlungula,Skei,Kgaogane,Hlula,kupatsanura,expanded_shona_lexicon,kupatsanura
Kubàmbakaja,Serrer,0.0,Neutre,Mot,to squeeze,Ukuncipha,Om te druk,Go pitlaganya .,Ukutshiza,kunyudza,expanded_shona_alt,kusvina
Kucìncimika,Serrer,0.0,Neutre,Mot,to squeeze,Ukuncipha,Om te druk,Go pitlaganya .,Ukutshiza,kunyudza,expanded_shona_alt,kusvina
Kupàlakaja,Serrer,0.0,Neutre,Mot,to squeeze,Ukuncipha,Om te druk,Go pitlaganya .,Ukutshiza,kunyudza,expanded_shona_alt,kusvina
Kutènga,Serrer,0.0,Neutre,Mot,to squeeze,Ukuncipha,Om te druk,Go pitlaganya .,Ukutshiza,kunyudza,expanded_shona_alt,kusvina
Kusadila,Servir,4.0,Positive,Mot,serve,Sebenzela,Bedien,Solela,Khonza,shumirawo,expanded_shona_alt,shumirai
Lòpoka,Sortir,0.0,Neutre,Mot,to go out,Ukuphuma,Om uit te gaan,Go tšwa .,Ukuphuma,kubuda,expanded_shona_lexicon,kubuda
Lùpuka,Sortir,0.0,Neutre,Mot,to go out,Ukuphuma,Om uit te gaan,Go tšwa .,Ukuphuma,kubuda,expanded_shona_lexicon,kubuda
Còmpoka,Sortir,0.0,Neutre,Mot,to go out,Ukuphuma,Om uit te gaan,Go tšwa .,Ukuphuma,kubuda,expanded_shona_lexicon,kubuda
Dyòkola,Souffrir,-7.0,Negative,Mot,suffer,Hlupheka,Ly,Tlaišega,Yiva,tambura,expanded_shona_alt,kutambura
Tàta,Souffrir,-7.0,Negative,Mot,suffer,Hlupheka,Ly,Tlaišega,Yiva,tambura,expanded_shona_alt,kutambura
Suba,Souffrir,-7.0,Negative,Mot,suffer,Hlupheka,Ly,Tlaišega,Yiva,tambura,expanded_shona_alt,kutambura
Nyòngomoka,Souffrir,-7.0,Negative,Mot,suffer,Hlupheka,Ly,Tlaišega,Yiva,tambura,expanded_shona_alt,kutambura
Kènga,Souffrir,-7.0,Negative,Mot,suffer,Hlupheka,Ly,Tlaišega,Yiva,tambura,expanded_shona_alt,kutambura
Londa,Suivre,0.0,Neutre,Mot,follow,Fuza,Volg,Latela,Landela,tevera,expanded_shona_lexicon,tevera
Twàmunnyimà,Suivre,0.0,Neutre,Mot,follow,Fuza,Volg,Latela,Landela,tevera,expanded_shona_lexicon,tevera
Munnyimà,Suivre,0.0,Neutre,Mot,follow,Fuza,Volg,Latela,Landela,tevera,expanded_shona_lexicon,tevera
Cyongowaminanga,Janvier,0.0,Neutre,Mois,january,UJanuwari,Januarie,Janeware,EyoMqungu,ndira,expanded_shona_lexicon,ndira
Lwîshi,Février,0.0,Neutre,Mois,february,UFebhuwari,FEBRUARIE,FEPREWARE,EYOMDUMBA,kukadzi,expanded_shona_lexicon,kukadzi
Lwabanya,Mars,0.0,Neutre,Mois,march,Hamba,Maart,Matšhe,EyoKwindla,kurume,expanded_shona_lexicon,kurume
CisangaNkasu,Avril,0.0,Neutre,Mois,april,Epreli,April,Aprele,UTshazimpuzi,kubvumbi,expanded_shona_lexicon,kubvumbi
Lumùngùlù,Mai,0.0,Neutre,Mois,may,Mhlawumbe,Mei,Ka,UCanzibe,chivabvu,expanded_shona_lexicon,chivabvu
Kabalaashipu,Juin,0.0,Neutre,Mois,june,UJuni,Junie,June,Isilimela,chikumi,expanded_shona_lexicon,chikumi
Kashipu,Juillet,0.0,Neutre,Mois,july,UJulayi,Julie,Julae,EyeKhala,chikunguru,expanded_shona_lexicon,chikunguru
Cimungùwamashika,Août,0.0,Neutre,Mois,august,Agasti,Augustus,Agosetose,EyeThupha,nyamavhuvhu,expanded_shona_lexicon,nyamavhuvhu
Kabitende,Septembre,0.0,Neutre,Mois,september,USepthemba,September,Setemere,EyoMsintsi,gunyana,expanded_shona_lexicon,gunyana
Kasuamansesà,Octobre,0.0,Neutre,Mois,october,U-Okthoba,Oktober,Oktobere,EyeDwarha,gumiguru,expanded_shona_lexicon,gumiguru
Kasuabanga,Novembre,0.0,Neutre,Mois,november,UNovemba,November,Nofemere,EyeNkanga,mbudzi,expanded_shona_lexicon,mbudzi
Cisuamunene,Décembre,0.0,Neutre,Mois,december,UDisemba,Desember,Disemere,EtiMnga,zvita,expanded_shona_lexicon,zvita
Kabitenda,Septembre,0.0,Neutre,Mois,september,USepthemba,September,Setemere,EyoMsintsi,gunyana,expanded_shona_lexicon,gunyana
Siyânsà,Science,5.0,Positive,Mot,science,Ulwazi lwezinto zemvelo,Wetenskap,Saentshe,Isayensi,sayenzi,expanded_shona_lexicon,sayenzi
Dimanya,Science,5.0,Positive,Mot,science,Ulwazi lwezinto zemvelo,Wetenskap,Saentshe,Isayensi,sayenzi,expanded_shona_lexicon,sayenzi
Kunyanguka,S'abîmer,-3.0,Negative,Mot,get damaged,Zilimele,Word beskadig,Get senyegile .,Yonakaliswa,kukuvara,expanded_shona_alt,kukuvadzwa
Kuwona,S'abîmer,-3.0,Negative,Mot,get damaged,Zilimele,Word beskadig,Get senyegile .,Yonakaliswa,kukuvara,expanded_shona_alt,kukuvadzwa
Kwibidiljangananemwaba,S'Acclimater,1.0,Neutre,Mot,acclimate,Canqa wokwenzeka,Akklimatiseer,Acclimate .,I-act,acclimate,expanded_shona_loanword,acclimate
Kubidilangananemwaba,S'Acclimater,1.0,Neutre,Mot,acclimate,Canqa wokwenzeka,Akklimatiseer,Acclimate .,I-act,acclimate,expanded_shona_loanword,acclimate
Tshijidila,Sacré,5.0,Positive,Mot,sacred,-Ngcwele,Heilig,Tšhogile,Ngcwele,tsvene,expanded_shona_alt,zvitsvene
Muakuidi,Sacrificateur,1.0,Neutre,Mot,priest,Mpristi,Priester,Moruti,Umbingeleli,mupristi,expanded_shona_alt,muprista
Buakuidi,Sacrificature,1.0,Neutre,Mot,sacrifice,Hlabela,Opoffering,Ba sehlabelo,Ukubingelela,chibayiro,expanded_shona_lexicon,chibayiro
Mulambu,Sacrifice,-1.0,Neutre,Mot,sacrifice,Hlabela,Opoffering,Ba sehlabelo,Ukubingelela,chibayiro,expanded_shona_lexicon,chibayiro
Kulambula,Sacrifier,-1.0,Neutre,Mot,sacrifice,Hlabela,Opoffering,Ba sehlabelo,Ukubingelela,chibayiro,expanded_shona_lexicon,chibayiro
Munyenganganyi,Sacrilège,-7.0,Negative,Mot,sacrilege,Imakisiweyoyo,Heilige heiligmaking,Sacrilege .,Ukucheba,slicerlege,expanded_shona_lexicon,slicerlege
Musadoke,Sadducéen,0.0,Neutre,Mot,sadducee,Amazwi esiSadusi,Sadduseër,Mosadutsei wa go nyama .,Isadudu,saddhucee,expanded_shona_alt,musadhusi
Muenalungenyi,Sage,7.0,Positive,Mot,wise,-Hlakaniphile,Wys,Bohlale,Bubulumko,kuchenjera,expanded_shona_alt,akachenjera
Lungenyi,Sagesse,7.0,Positive,Mot,wisdom,Ukuhlakanipha,Wysheid,Bohlale,Ubulumko,uchenjeri,expanded_shona_lexicon,uchenjeri
Buakane,Sain,6.0,Positive,Mot,healthy,-Qinile,Gesond,Phelegile,Isempilweni,hutano,expanded_shona_lexicon,hutano
Watshijila,Saint,7.0,Positive,Mot,saint,Usanti,Heilige,Mokgethwa .,Eng,saint,expanded_shona_alt,mutsvene
Tshijila,Saint,7.0,Positive,Mot,saint,Usanti,Heilige,Mokgethwa .,Eng,saint,expanded_shona_alt,mutsvene
Tshijila,Saintement,7.0,Positive,Mot,holy,'-Ngcwele,Heilig,Kgethwa .,Ngcwele,mutsvene,expanded_shona_lexicon,mutsvene
Tshijila,Sainteté,7.0,Positive,Mot,holiness,Ubungcwele,Heiligheid,Bokgethwa .,Ubungcwele,hutsvene,expanded_shona_alt,utsvene
Kukuata,Saisir,0.0,Neutre,Mot,to input,Ukufaka,Om in te voer,go tsenya tsenyo .,Ukufaka,kupinza,expanded_shona_lexicon,kupinza
Tshitueluepu,Salé,-5.0,Negative,Mot,dirty,-Ngcolile,Vuil,Ditqhila,Umdaka,tsvina,expanded_shona_lexicon,tsvina
Bukoya,Saleté,-7.0,Negative,Mot,dirt,Ukungcola,Vuil,Tšhila,Ubumdaka,tsvina,expanded_shona_lexicon,tsvina
Kulengeja,Sanctifier,5.0,Positive,Mot,sanctify,Ngcwelisa,Heilig,Kgalemo ya go kgetha .,Ngcwalisa,tsvenesa,expanded_shona_alt,sactify
Kujidila,Sanctifier,5.0,Positive,Mot,sanctify,Ngcwelisa,Heilig,Kgalemo ya go kgetha .,Ngcwalisa,tsvenesa,expanded_shona_alt,sactify
Tshitendelelu,Sanctuaire,4.0,Positive,Mot,sanctuary,Isiphephelo,Heiligdom,Sekgethwa .,Ingcwele,sanda,expanded_shona_lexicon,sanda
Kufilamulubu,Rapporter,0.0,Neutre,Verbe,report,Ukwenza umbiko,Rapporteer,Pego,Ingxelo,chirevo,expanded_shona_lexicon,chirevo
Kufinda,Sombre,8.0,Positive,Verbe,dark,-Hwelele,Donker,Leswiswi,Mnyama,rima,expanded_shona_lexicon,rima
KufindakuaNvula,Orage,3.0,Positive,Mot,thunderstorm,Isiphepho,Donderstorm,Ledimo la go duma .,Indudumo,kutinhira,expanded_shona_alt,mabhanan'ana
Kufua,Mourir,4.0,Positive,Mot,die,Shona,Sterf,Hlokofala,Ufe,kufa,expanded_shona_lexicon,kufa
Kufualuse,Apaiser,3.0,Positive,Mot,soothe,Slothe,Kalmeer,Soothe .,Toothe,soothe,expanded_shona_loanword,soothe
Kufuana,Ressembler,0.0,Neutre,Mot,look like,Kufana ne,Lyk soos,Lebelela bjalo ka .,Ibonakala njenge,fanana,expanded_shona_lexicon,fanana
Kufuangikija,Supposer,0.0,Neutre,Mot,assume,Cabangela,Aanvaar,Bona gore,Cinga,fungidzira,expanded_shona_lexicon,fungidzira
Kufuanyikija,Représenter,0.0,Neutre,Mot,represent,Mela,Verteenwoordig,Emela,Zimele,inomiririra,expanded_shona_lexicon,inomiririra
Kufuanyikila,Imagination,0.0,Neutre,Mot,imagination,Okubunjwe inhliziyo,Verbeelding,Boikgopolelo .,Umbono,kufungidzira,expanded_shona_lexicon,kufungidzira
Kufubidisha,Sécher,0.0,Neutre,Mot,dry,-Omile,Droog,Omile,Yomile,kuoma,expanded_shona_lexicon,kuoma
Kufubila,Flétrir,0.0,Neutre,Mot,wither,Vutha,Verdor,M o o t r e r .,Buna,vaoma,expanded_shona_lexicon,vaoma
Kufuilangana,Interdire,0.0,Neutre,Mot,to forbid,Ukwenqabela,Om te verbied,Go thibela .,Ukunqanda,kurambidza,expanded_shona_lexicon,kurambidza
Kufuka,Créer,0.0,Neutre,Mot,create,Dala,Skep,Hlama,Dala,gadzira,expanded_shona_lexicon,gadzira
Kufuma,Revenir,0.0,Neutre,Mot,to come back,Ukubuya,Om terug te kom,go boa .,Ukubuya,kudzoka,expanded_shona_lexicon,kudzoka
Kufuna(bulobo),Déchaîner,0.0,Neutre,Mot,unleash,Dela,Ontketen,Unleash .,Ungenise,uleash,expanded_shona_lexicon,uleash
Kufunafuna,Jactance,0.0,Neutre,Verbe,jactance,Ukujena,Jaktance,Jactance .,Jackence,jactance,expanded_shona_loanword,jactance
Kufunda,Prescrire,0.0,Neutre,Verbe,prescribe,Khetha,Voorskryf,laela .,Nikezela,nyora,expanded_shona_lexicon,nyora
Kufunda,Rédiger,0.0,Neutre,Verbe,write,Bhala,Skryf,Ngwala,Bhala,nyora,expanded_shona_lexicon,nyora
Kufunda,Inscrire,0.0,Neutre,Verbe,register,Regista,Registreer,Ingwadiša,Irejista,rejista,expanded_shona_lexicon,rejista
Kufundapatshintutshikole(dibue…),Graver,0.0,Neutre,Verbe,engrave,Ukuqopha ukudweba,Graveer,Engrave .,Ukuqhutywa,engrave,expanded_shona_loanword,engrave
"Kufunda,kusangisha",Composer,0.0,Neutre,Verbe,compose,Lahlela,Komponeer,Hlama .,Qamba,nyora,expanded_shona_lexicon,nyora
Kufundisha,Enregistrer,0.0,Neutre,Mot,save,Hlenga,Stoor,Boloka,Gcina,chengetedza,expanded_shona_alt,sevha
Kufuta,Payer,0.0,Neutre,Verbe,pay,Bhadala,Betaal,Lefa,Hlawula,kubhadhara,expanded_shona_lexicon,kubhadhara
Kufutadibanza,Dépenser,-2.0,Negative,Mot,spend,Khipha,Spandeer,Ntšha tšhelete,Chitha,shandisa,expanded_shona_lexicon,shandisa
Kuiba,Dérober,7.0,Positive,Mot,steal,Ntshontsha,Steel,Utswa,Ukuba,kuba,expanded_shona_lexicon,kuba
Kuibaka,Bâtir,-3.0,Negative,Verbe,build,Akha,Bou,Aga,Yakha,kuvaka,expanded_shona_alt,vaka
kuibakulula,Réédifier,5.0,Positive,Mot,re-edit,Hlela kabusha,Redigeer,hlophisa botjha .,Hlela kwakhona,re-kugadzirisa,expanded_shona_lexicon,re-kugadzirisa
Kuidikija,Imiter,5.0,Positive,Mot,imitate,Lingisa,Imiteer,Ekiša .,Xelisa,tevedzera,expanded_shona_lexicon,tevedzera
Kuidikisha,Départir,8.0,Positive,Mot,leave,Shiya,Los,Tloga,Shiya,zivisa,expanded_shona_alt,siya
Kuikala,Exister,6.0,Positive,Mot,exist,Hlala,Bestaan,Go ba gona,Zikhona,kuvapo,expanded_shona_alt,uripo
Kuikala(muakuwapamuanda),Être,6.0,Positive,Mot,be,Yiba,Wees,Go ba,Yiba,be,expanded_shona_alt,iva
Kuikala(muaku),Être,0.0,Neutre,Mot,be,Yiba,Wees,Go ba,Yiba,be,expanded_shona_alt,iva
Kuikala(mukumbane),Capable,0.0,Neutre,Mot,able,-Kwazi,Bekwaam,Kgona,Uyakwazi,kugona,expanded_shona_lexicon,kugona
Kuikalamufue,Mort,-2.0,Negative,Mot,dead,-Fileyo,Dood,Hlokofetše,Ufile,akafa,expanded_shona_alt,vakafa
Kuikalamunyokibue,Torturé,6.0,Positive,Mot,torture,Nqamuleza,Marteling,Tlaiša,Intuthumbo,kushungurudzwa,expanded_shona_alt,kutambudza
Kuikalamusungudibuediambedi,Préordonner,0.0,Neutre,Mot,preorder,Ngaphambi koku-oda,Voorafbestelling,Preorder .,I-ODA yangaphambili,preorder,expanded_shona_loanword,preorder
Kuikalamutambibue,Vaincu,0.0,Neutre,Mot,defeated,Kunqobile,Verslaan,E fentšwe .,Yoyisiwe,kukundwa,expanded_shona_lexicon,kukundwa
Kuikalamutshimunyi,Vainqueur,0.0,Neutre,Mot,winner,Owinileyo,Wenner,Mofenyi .,Ophumeleleyo,kuhwina,expanded_shona_lexicon,kuhwina
Kuikalane(bukokeshi),Disposer,7.0,Positive,Mot,arrange,Hlela,Reël,Beakanya,Cwangcisa,ronga,expanded_shona_lexicon,ronga
Kuikalanebua,Devoir,7.0,positidf,Mot,duty,Isibopho,Plig,Mošomo,Umsebenzi,basa,expanded_shona_lexicon,basa
Kuikalanedikima,Enhardir,0.0,Neutre,Mot,embolden,Mbumba,Embolden,Sethunya sa go ba le sebete .,Embolden,embolden,expanded_shona_loanword,embolden
KuikalaneMukawu,Envieux,0.0,Neutre,Mot,envious,-Hawukelayo,Afgunstig,mona .,Onemona,godo,expanded_shona_alt,shanje
Kuikalanemusangu(netshikondo),Vaquer,-5.0,Negative,Mot,vacation,Ikhefu,Vakansie,Maikhutšo,Iholide,zororo,expanded_shona_lexicon,zororo
Kuikalanentema,Attentif,-8.0,Negative,Mot,attentive,-Qaphelisayo,Oplettend,HLOKOMELANG .,Imamela,teerera,expanded_shona_lexicon,teerera
Kuikalanetshikondo,Loisir,0.0,Neutre,adjetif,leisure,Ukuzihlalela,Ontspanning,Boiketlo,Ukuzonwabisa,kusununguka,expanded_shona_alt,kutandara
Kuikalakukumubidi,Présence,6.0,Positive,Mot,presence,Ukuba khona,Teenwoordigheid,Go ba gona,Ubukho,kuvapo,expanded_shona_alt,huvepo
Kuikalanemuoyo,Vivre,-1.0,Negative,Verbe,live,Zwa,Leef,Phela,Phila,rarama,expanded_shona_lexicon,rarama
Kuikisha,Récréer,3.0,Positive,Mot,recreate,Buyisela,Herskep,Bopa gape .,Phinda,varaidzo,expanded_shona_lexicon,varaidzo
Kuimana,Arrêter,4.0,Positive,Mot,stop,Ima,Stop,Ema,Yeka,mira,expanded_shona_lexicon,mira
Kuimansha,Arracher,-2.0,négative,Mot,to tear out,Ukudiliza,Om uit te skeur,Go gagoga .,Ukuthoba,kubvarura,expanded_shona_lexicon,kubvarura
Kuimanyika,Suspendre,3.0,Positive,Mot,suspend,Hlehlisa,Opskort,Go emišwa .,Nqumamisa,kumisa,expanded_shona_lexicon,kumisa
Kuimanyikakutshilumbuluidi,Traduire,0.0,neutrre,Mot,translate,Humusha,Vertaal,Fetolela,Guqula,dudziro,expanded_shona_alt,shandura
Kuimba,Chanter,0.0,Neutre,Mot,sing,Cula,Sing,Opela,Cula,imba,expanded_shona_alt,imbai
Kuinamumayimanene,Noyer,0.0,Neutre,Mot,walnut,Ziyadliwa,Okkerneut,Walnut .,I-walnut,walnut,expanded_shona_loanword,walnut
Kuinama,Baisser,1.0,Positive,Mot,lower,Shonisa,Laer,Fasana,Isezantsi,kuderera,expanded_shona_lexicon,kuderera
Kuindila,Attendre,4.0,Positive,Mot,to wait for,Ukulinda,Om voor te wag,go leta .,Ukulinda,kumirira,expanded_shona_lexicon,kumirira
Kuinjidila,Renfermer,3.0,Positive,Mot,enclose,Buyela,Sluit in,Akaretša .,Faka,enclose,expanded_shona_loanword,enclose
Kuinyika,Motmer,0.0,Neutre,Mot,motmer,Umhumushi,Motmer,Motmer .,Umzobo,motmer,expanded_shona_loanword,motmer
"Kuinyika(dina),kubikila",Appeler,-3.0,Negative,Mot,to call,Ukushayela ucingo,Om te bel,go bitša .,Ukubiza,kufona,expanded_shona_lexicon,kufona
Kuinyisha,Plonger,-3.0,Negative,Mot,dive,Ziphonsa ngekhanda emanzini,Duik,Thinya,Dive,dive,expanded_shona_loanword,dive
Kuipata;kumusha,Chasser,5.0,Positive,Mot,hunt,Ukuzingela,Jag,Tsoma,Ukuzingela,kuvhima,expanded_shona_lexicon,kuvhima
Kuipatshila,Aborder,0.0,Neutre,Mot,to land,Ukufika Emhlabeni,Om te land,go kotama .,Emhlabeni,kusvika pasi,expanded_shona_alt,kudzika
Kuipila,Déchausser,3.0,Positive,Mot,take off your shoes,Susa izicathulo zakho,Trek jou skoene uit,Tloša dieta tša gago .,Susa izihlangu zakho,bvisa shangu dzako,expanded_shona_lexicon,bvisa shangu dzako
Kuitabuatu,Ramer,2.0,Positive,Verbe,row,Gwedla,Ry,Mothalo,Umqolo,mutsara,expanded_shona_lexicon,mutsara
Kuitabuja,Accepter,3.0,Positive,Verbe,accept,Amukela,Aanvaar,Amogela,Yamkela,gamuchira,expanded_shona_lexicon,gamuchira
Kuitabuja(bualu),Affirmer,-1.0,Negative,Verbe,affirm,Nyanisa,Bevestig,Tiiša .,Qinisekisa,simbisa,expanded_shona_alt,bvisa
"Kuitabuja,kuangatakumudimu",Engager,3.0,Positive,Verbe,engage,Sebenzisa iqhaza,Betrek,Beeletša,Ukuzibandakanya,ita,expanded_shona_lexicon,ita
Kuitabujibua,Acceptation,-2.0,Negative,Verbe,acceptance,Ukwamukela,Aanvaarding,Kamogelo .,Ukwamkelwa,kugamuchirwa,expanded_shona_alt,kubvuma
Kuitabusha,Pernicieux,0.0,neuitre,Verbe,pernicious,-Nonya,Verderflik,E senyago .,Enomsindo,kuwirirana,expanded_shona_lexicon,kuwirirana
Kuja,Danser,-1.0,Negative,Verbe,to dance,Ukudansa,Om te dans,go bina .,Ukudanisa,kutamba,expanded_shona_lexicon,kutamba
Kûja,Remplir,2.0,Positive,Verbe,fill,Gcwalisa,Vul,Tlatša,Gcwalisa,zadza,expanded_shona_lexicon,zadza
Kujadika,Approuver,0.0,Neutre,Verbe,approve,Vumela,Keur goed,Dumelela,Vuma,bvumidza,expanded_shona_alt,bvumira
Kujalama,Ferme,-1.0,Negative,Verbe,farm,Ipulazi,Plaas,Polase,Ifama,purazi,expanded_shona_lexicon,purazi
Kujana,Murmurer,2.0,Positive,Verbe,whisper,Nyenyeza,Fluister,Hwenahwena,Whisper,whisper,expanded_shona_alt,zevezera
Kujanguluka,Tarder,-2.0,Negative,Verbe,delay,Libazisa,Vertraag,Diega,Ukulibaziseka,kunonoka,expanded_shona_lexicon,kunonoka
Kujibika,boucher,0.0,Neutre,Mot,butcher,ukuhlaba inyama,slagter,Butcher ya nama .,umxheli,butcher,expanded_shona_alt,bhucha
Kujidila,Consacrer,-3.0,Negative,Mot,dedicate,Nikela,Wyd toe,ineela .,Nikezela,tsaurira,expanded_shona_lexicon,tsaurira
Kujika,Défaillir,0.0,Neutre,Mot,fail,Phutha,Misluk,Palelwa,Usilele,kutadza,expanded_shona_lexicon,kutadza
Kujikija,Accomplir,0.0,Neutre,Mot,accomplish,Feza,Voltooi,Fihlelela,Phumeza,zadzisa,expanded_shona_alt,pedzisa
Kujikuila,Ouvertement,0.0,Neutre,Mot,openly,Ngokusobala,Openlik,pepeneneng .,Ngokuvulekileyo,pachena,expanded_shona_lexicon,pachena
Kujilakuabiakudia,Jeûner,0.0,Neutre,Mot,fast,Sheshayo,Vinnig,Potlako,Ngokukhawuleza,nekukurumidza,expanded_shona_lexicon,nekukurumidza
Kujima,Éteindre,5.0,Positive,Mot,turn off,Vala,Skakel af,Tima .,Cima,dzima,expanded_shona_lexicon,dzima
Kujimija,Abolition,0.0,Neutre,Mot,abolition,Ukuqedelana,Afskaffing,Go fedišwa .,Ukupheliswa,kubviswa,expanded_shona_lexicon,kubviswa
Kujimika,Perle,0.0,Neutre,Mot,pearl,Amaphelisi,Pêrel,Perela .,Iperile,pearl,expanded_shona_loanword,pearl
Kujimina,Effacer,0.0,Neutre,Mot,to erase,Ukusula,Om uit te vee,Go phumola .,Ukucima,kudzima,expanded_shona_lexicon,kudzima
Kujingila,Bander,0.0,Neutre,Mot,get hard,Thola kanzima,Word hard,thata .,Yiba nzima,tora zvakaoma,expanded_shona_alt,wana zvakaoma
Kujingila,Emmailloter,3.0,Positive,Mot,swaddle,Swaddle,Swaddle,Swaddle .,Swaddle,swaddle,expanded_shona_loanword,swaddle
Kujinguluila,Expliquer,3.0,Positive,Mot,explain,Chasisa,Verduidelik,Hlaloša,Chaza,tsanangura,expanded_shona_lexicon,tsanangura
Kujingulula,Discerner,0.0,Neutre,Mot,discern,Hlola,Onderskei,Temogo .,Qaphela,nzwisisa,expanded_shona_lexicon,nzwisisa
Kujula,Déraciner,0.0,Neutre,Mot,uproot,Isiphepho,Ontwortel,Go tumolwa ka medu .,Ukuphosa,kumutsa,expanded_shona_alt,bvisa
Kujuladiyoyo,Contester,0.0,Neutre,Mot,challenge,Cela,Uitdaging,Tlhotlo,Umngeni,dambudziko,expanded_shona_lexicon,dambudziko
"Kukama,kuma",Tarir,0.0,Neutre,Mot,dry up,Yomile,Droog op,Omisa godimo .,Yomisiwe,kuoma,expanded_shona_lexicon,kuoma
Kukanda,Bride,2.0,Positive,Verbe,flange,I-flange,Flens,Flange .,Iflange,flange,expanded_shona_loanword,flange
Kukanda(Kakuyi),Empêchement,0.0,Neutre,Mot,prevention,Ukuvimbela,Voorkoming,Thibelo .,Ukuthintela,kudzivirira,expanded_shona_lexicon,kudzivirira
Kukandika,Enjoindre,-1.0,Negative,Mot,enjoin,Isixumulo,Gee aan,enjoin .,Yayalela,fungai,expanded_shona_lexicon,fungai
Kukanga,Fermer,1.0,positf,Mot,close,Ngokuminyanisa,Maak toe,Tswalela,Vala,vhara,expanded_shona_lexicon,vhara
Kukangila,Enfermer,-2.0,Negative,Mot,lock up,Ukukhiya,Sluit toe,Notlela godimo .,Tshixela,kukiya,expanded_shona_lexicon,kukiya
Kukanka,Frémir,0.0,Neutre,Mot,shudder,Shukume,Ridder,Go thothomela .,Umthubi,shudder,expanded_shona_loanword,shudder
Kukanyina,Menacer,-2.0,Negative,Mot,threaten,Songela,Dreig,Tšhošetša,Songela,kutyisidzira,expanded_shona_lexicon,kutyisidzira
Kukeba,Chercher,0.0,Neutre,Mot,seek,Khwathaza,Soek,Nyaka,Funa,tsvaga,expanded_shona_lexicon,tsvaga
Kukebanelukunukunu,Rechercher,0.0,Neutre,Mot,to research,Ukucwaninga,Om navorsing te doen,go dira nyakišišo .,Ukuqhuba,kutsvagisa,expanded_shona_alt,kutsvakurudza
Kukebulula,Sonder,0.0,Neutre,Mot,probe,Icala lolo munye noma,Ondersoek,Probe .,Probe,probe,expanded_shona_loanword,probe
Kukema,Ému,0.0,Neutre,Mot,moved,Ethuse,Geskuif,Moved .,Ishukunyisiwe,kutama,expanded_shona_alt,asuduruka
Kukemesha,Étonner,0.0,Neutre,Mot,astonish,Inyakakhelwane,Verbaas,E makatšago .,I-astonish,astonish,expanded_shona_loanword,astonish
Kukenga,Souffrir,0.0,Neutre,Mot,suffer,Hlupheka,Ly,Tlaišega,Yiva,tambura,expanded_shona_alt,kutambura
Kukenga(bikole),Cruellement,0.0,Neutre,Mot,cruelly,-Nonya,Wreed,Ka sehlogo .,Ngenkani,zvine hutsinye,expanded_shona_alt,hutsinye
"Kukengela,kuikalabikengela",Falloir,0.0,Neutre,Mot,to need,Ukudinga,Om te benodig,go hloka .,Ukufuna,kuda,expanded_shona_lexicon,kuda
Kukengesha,Dévaster,0.0,Neutre,Mot,devastate,Bhuqa,Verwoest,Senya sa go senya .,Chitha,kuparadza,expanded_shona_lexicon,kuparadza
Kukenka,Briller,-1.0,Negative,Mot,shine,Khanya,Skyn,Phadima,Kukhanya,penya,expanded_shona_lexicon,penya
"Kukenka,kutema",Reluire,0.0,Neutre,Mot,shine,Khanya,Skyn,Phadima,Kukhanya,penya,expanded_shona_lexicon,penya
Kukenkesha,Illuminer,0.0,Neutre,Mot,illuminate,Khanyisa,Verlig,Sedile .,Khanyisa,kuvhenekera,expanded_shona_lexicon,kuvhenekera
Kukepesha,Abréger,0.0,Neutre,Mot,shorten,Nciphisa,Verkort,Khutsufatsa .,Mfutshane,kupfupisa,expanded_shona_lexicon,kupfupisa
Kukina,Horreur,0.0,Neutre,Mot,horror,Ukwesaba okukhulu,Gruwel,Poifo,Yorar,zvinotyisa,expanded_shona_lexicon,zvinotyisa
Kukina(kuikalanelukuna),Haïr,2.0,Positive,Mot,hate,Ukuzonda,Haat,Hloya,Intiyo,kuvenga,expanded_shona_alt,ruvengo
Kukoka,Attirer,2.0,Positive,Mot,attract,Khanga,Lok,Ba le maatlakgogedi,Tsala,kukwezva,expanded_shona_lexicon,kukwezva
Kukoka,Tirer,0.0,Neutre,Mot,to pull,Ukudonsa,Om te trek,Go goga .,Ukutsala,kudhonza,expanded_shona_lexicon,kudhonza
Kukokela,Assujettir,2.0,Positive,Mot,subject,Beka,Onderwerp,Hlogotaba,Isifundo,musoro,expanded_shona_alt,chidzidzo
Kukokesha,Alimenter,0.0,Neutre,Positive,feed,Idili,Voer,Fepa,Yondla,kudyisa,expanded_shona_lexicon,kudyisa
Kukolesha,Affermir,8.0,Positive,Verbe,strengthen,Qinisa,Versterk,Matlafatsa .,Yomeleza,simbisa,expanded_shona_lexicon,simbisa
Kukolesha(mutshima),Endurcir,3.0,Positive,Mot,harden,Qinisa,Verhard,thatafatsa .,Gold,harden,expanded_shona_loanword,harden
Kukoleshakuamutshima,Courage,4.0,Positive,Mot,courage,Isibindi,Moed,Mafolofolo,Isibindi,ushingi,expanded_shona_lexicon,ushingi
Kukomba,Balayer,3.0,Positive,Mot,sweep,Shanela,Vee,Swiela,Ukutshayela,kutsvaira,expanded_shona_alt,tsvaira
Kukonka,Interroger,0.0,Neutre,Verbe,ask,Buza,Vra,Kgopela,Buza,bvunza,expanded_shona_lexicon,bvunza
Kukonkangana,Entre-demander,0.0,Neutre,Verbe,inter-ask,Inter-Buza,Inter-vra,Inter-kgopelang .,Ungene,inter-bvunza,expanded_shona_lexicon,inter-bvunza
Kukonya(binu),Ployer,0.0,Neutre,Verbe,ploy,Amapulangwe,Ploeg,Leano la go ba le molao .,Ploy,ploy,expanded_shona_loanword,ploy
Kukonyangaja,Tordre,0.0,Neutre,Verbe,twist,Sontana,Draai,Sopha,Twist,twist,expanded_shona_loanword,twist
Kukosa,Couper,0.0,Neutre,Verbe,cut,Ukusika,Sny,Ripa,Sika,cheka,expanded_shona_lexicon,cheka
Kukosamutu,Décapiter,0.0,Neutre,Verbe,decapitate,Khohlisa,Onthoof,Decapitate .,Isidingu,kudengenyeka,expanded_shona_lexicon,kudengenyeka
Kukoyobuka,Dévoyer,0.0,Neutre,Verbe,deflect,Delela,Deflekteer,Deflect .,Ukuthotywa,deflect,expanded_shona_loanword,deflect
Kukuabu,Ailleurs,0.0,Neutre,Verbe,elsewhere,Kwenye indawo,Elders,Felo go gongwe .,Kwenye indawo,kumwe kunhu,expanded_shona_alt,kumwewo
Kukuamba,Rapporter,0.0,Neutre,Article,report,Ukwenza umbiko,Rapporteer,Pego,Ingxelo,chirevo,expanded_shona_lexicon,chirevo
Kukuata,Imposer,0.0,Neutre,Verbe,impose,Thela,afdwing,Lefiša,Faka,kumanikidza,expanded_shona_lexicon,kumanikidza
Kukuatamudimu,Administrer,0.0,Neutre,Verbe,administer,Singatha,Administreer,Go laola .,Phatha,maneja,expanded_shona_alt,administrator
Kukuatshika,Enivrer,0.0,Neutre,Verbe,intoxicate,Intombazanazazana,Bedwelm,Botaki .,Yiyo,kudhira,expanded_shona_lexicon,kudhira
Kukuatshikane,Emparer,0.0,Neutre,Verbe,seize,Qhwaga,Gryp,Golega,Bamba,mubate,expanded_shona_lexicon,mubate
Kukuatshisha,Aider,0.0,Neutre,Verbe,help,Usizo,Help,Thušo,Nceda,rubatsiro,expanded_shona_lexicon,rubatsiro
Kukuatshisha(nebintu),Kukuatshisha,0.0,Neutre,Verbe,kukuatshisha,Kukuatshisha,Kukuatshisha,Kukuatshisha .,I-Kukuatshisha,kukuatshisha,expanded_shona_loanword,kukuatshisha
Kukuatshishakudidiunda,Contribueràl'avancement,0.0,Neutre,Mot,contribute to advancement,Yiba nokuthuthuka,Dra by tot vooruitgang,Go tsenya letsogo go tšwelopele .,Igalelo kwinkqubela phambili,batsira kufambira mberi,expanded_shona_alt,batsira kufambiro mberi
Kukuba,Épargner,0.0,Neutre,Verbe,save,Hlenga,Stoor,Boloka,Gcina,chengetedza,expanded_shona_alt,sevha
Kukudika,Pendre,-2.0,Negative,Mot,hang,Zula,Hang,Ikgama,Hang,hang,expanded_shona_loanword,hang
Kukudimuka,Convertir,7.0,Positive,Mot,convert,Guqula,Skakel om,Fetoša,Guqula,shandura,expanded_shona_lexicon,shandura
Kukudimuna,Changer,-3.0,Negative,Mot,to change,Ukushintsha,Om te verander,go fetoga .,Ukutshintsha,kuchinja,expanded_shona_lexicon,kuchinja
Kukudimunakuamutshima,Conversion,5.0,Positive,Mot,conversion,Ukuphenduka,Omskakeling,Phetolelo ya go sokologa .,Ukuguqulwa,kutendeuka,expanded_shona_lexicon,kutendeuka
Kukuila,Hommage,5.0,Positive,Mot,tribute,Okuhlonipha,Huldeblyk,Tribute .,Irhafu,mutero,expanded_shona_lexicon,mutero
Kukukuila,Adorer,8.0,Positive,Mot,worship,Dumisa,Aanbidding,Tumiša,Unqulo,kunamata,expanded_shona_lexicon,kunamata
Kukulakaja,Kukulakaja,6.0,Positive,Mot,kukulakaja,Kukulakaja,Kukulakaja,Kukulakaja .,I-Kwenzeka,kukura ka,expanded_shona_alt,kukurakaja
Kukuma,Châtier,6.0,Positive,Mot,punish,Hlawulisa,Straf,Go otla .,Ukohlwaya,kuranga,expanded_shona_alt,ranga
Kukumadikasaku,Heurter,0.0,Neutre,Mot,hit,Shaya,Tref,Betha,Hit,rova,expanded_shona_lexicon,rova
Kukumakumutshimutshiamakane,Crucifier,0.0,Neutre,Mot,crucify,Mbethela,Kruisig,Go bapola .,Mbethelele,kurovererwa,expanded_shona_alt,murovererei
Kukumamutshima,Convoiter,-2.0,Negative,Verbe,covet,Vala,Begeer,Kganyogo ya go kganyogwa .,Inkanuko,kuchiva,expanded_shona_lexicon,kuchiva
Kukumbaja,Compléter,6.0,Positive,Mot,complete,Feza,Voltooi,Feleletše,Gcwalisa,zadzisa,expanded_shona_lexicon,zadzisa
"Kukumbaja,kuwuja",Abonder,0.0,Neutre,Mot,abound,Ningi futhi,Oorvloedig,a atile .,Indand,zvakawanda,expanded_shona_alt,akawanda
Kukumbana,Suffisant,0.0,Neutre,Mot,sufficient,-Lingene,Voldoende,Lekanetšego,Zanele,kukwana,expanded_shona_alt,zvakakwana
Kukumbanababungi,Multiplier,0.0,Neutre,Mot,multiply,Andisa,Vermenigvuldig,atisa .,Phinda-phinda,wedzera,expanded_shona_alt,wanza
Kukumbanyina,Mériter,7.0,Positive,Mot,deserve,Fanela,Verdien,Swanelwa ke,Kufanelekile,zvakakodzera,expanded_shona_lexicon,zvakakodzera
Kukuna,Planter,7.0,positidf,Mot,plant,Tshala,Plant,Semela,Tyala,chirimwa,expanded_shona_lexicon,chirimwa
Kukungija,Ramasser,0.0,Neutre,Mot,pick up,Phakamisa,Tel op,Topa,Phakamisa,nhonga,expanded_shona_lexicon,nhonga
Kukungula,Rugir,0.0,Neutre,Mot,roar,Bhosa,Gebrul,Go rora .,Roar,roar,expanded_shona_loanword,roar
Kukuobamisha,Courber,-5.0,Negative,Mot,bend,Gobisa,Buig,Koba,Gobe,bend,expanded_shona_loanword,bend
Kukupa,Lancer,-8.0,Negative,Mot,throw,Phonsa,Gooi,Foša,Phosa,kukanda,expanded_shona_alt,kanda
Kukupamutu,Hocher,0.0,Neutre,Mot,nod,Nqekuzisa ikhanda,Knik,nod .,Nod,nod,expanded_shona_loanword,nod
Kukupula,Essuyer,6.0,Positive,Mot,to wipe,Ukusula,Om af te vee,Go phumola .,Ukusula,kupukuta,expanded_shona_lexicon,kupukuta
Kukuta(kumeyi…),Surprendre,-1.0,Negative,Verbe,surprise,Mangaza,Verrassing,Makatša,Ukumangala,kushamisika,expanded_shona_lexicon,kushamisika
Kukutshisha,Rassasier,3.0,Positive,Mot,satisfy,Gculisa,Bevredig,Kgotsofatša,Yanelisa,kugutsa,expanded_shona_lexicon,kugutsa
Kûla,"Emplir,Enfler",4.0,Positive,Mot,"fill, swell","Gcwalisa, ukuvuvukala","Vul, Swell","Tlatša, go ruruga .","Gcwalisa, dumba","zadza, zvitsvage",expanded_shona_alt,"zadza, zvimba"
Kuladiyibikole,Écrier,-2.0,négative,Mot,write,Bhala,Skryf,Ngwala,Bhala,nyora,expanded_shona_lexicon,nyora
Kûlakuamusulu,Inondation,3.0,Positive,Mot,flood,Isikhukhula,Vloed,Mafula,Umkhukula,mafashama,expanded_shona_alt,mafashamo
Kulaba,Embaumer,0.0,neutrre,Mot,embalm,Insolo,Balsem,Setlolo sa go tlotša .,Imfazwe,kusasika,expanded_shona_lexicon,kusasika
Kulabamanyi,Oindre,0.0,Neutre,Mot,anoint,-Nela phansi,Salf,Tlotši ya go tlotša .,Ithambiso,anoint,expanded_shona_loanword,anoint
Kulabula,Goûter,0.0,Neutre,Mot,to taste,Ukunambitha,Om te proe,Go latswa .,Ukungcamla,kuravira,expanded_shona_lexicon,kuravira
Kulaka,Lécher,1.0,Positive,Mot,lick,Khotha,Lek,Latswa,Lick,lick,expanded_shona_loanword,lick
Kulala,Coucher,4.0,Positive,Mot,to sleep,Ukulala,Om te slaap,Go robala .,Ukulala,kurara,expanded_shona_lexicon,kurara
Kuloka,Pleuvoir,3.0,Positive,Mot,rain,Imvula,Reën,Pula,Imvula,kunaya,expanded_shona_alt,mvura
"Kulala,kuladika",Loger,0.0,Neutre,Mot,accommodate,Hlalisa,Akkommodeer,Amohelang .,Hlala,gadzirira,expanded_shona_lexicon,gadzirira
Kulama,Conservation,-3.0,Negative,Mot,conservation,Ukongiwa,Bewaring,Pabalelotlhago,Ulondolozo,kuchengetedza,expanded_shona_lexicon,kuchengetedza
"Kulama,kushiya",Réserver,-3.0,Negative,Mot,to book,Ukubhuka,Om te bespreek,Go beakanya puku .,Ukubhuka,kubhuku,expanded_shona_lexicon,kubhuku
Kulamakaja,Unir,5.0,Positive,Mot,unite,Bandakanya,Verenig,Kopanya .,Ndidibanise,kubatana,expanded_shona_lexicon,kubatana
Kulamakajibua,Participation,0.0,Neutre,Mot,participation,Ukuhlanganyela,Deelname,Go tšea karolo .,Ukuthatha inxaxheba,kutora chikamu,expanded_shona_lexicon,kutora chikamu
Kulamata,Dépendre,3.0,Positive,Mot,depend,Enqika,Hang af,Holofela,Kuxhomekeke,zvinoenderana,expanded_shona_lexicon,zvinoenderana
Kulambuisha,Percevoir,2.0,Positive,Mot,perceive,Qonda,Waarneem,Lemoga,Qaphela,zvinonzwisisika,expanded_shona_lexicon,zvinonzwisisika
Kulambula,Sacrifier,3.0,Positive,Mot,sacrifice,Hlabela,Opoffering,Ba sehlabelo,Ukubingelela,chibayiro,expanded_shona_lexicon,chibayiro
Kulamikaditambadiamutshi,Enter,-1.0,Negative,Mot,enter,Ngena,Voer in,Tsena,Ngena,pinda,expanded_shona_lexicon,pinda
Kulaya,Ajourner,3.0,Positive,Mot,adjourn,Hlehlisa,Verdaag,Go šuthiša nako .,I-adjord,adjururur,expanded_shona_lexicon,adjururur
Kulayidila,Excuser,-2.0,Negative,Mot,excuse,Xolela,Ekskuus,Lebalela,Uxolo,ruregerero,expanded_shona_alt,kuregerera
Kule(udi),Éloigné,0.0,neuitre,Mot,distant,-Buqamama,Veraf,Kgole .,Kude,kureba,expanded_shona_alt,kure
Kuledibua,Naissance,-1.0,Negative,Mot,birth,Ukuzalwa,Geboorte,Matswalo .,Ukuzalwa,kuzvarwa,expanded_shona_lexicon,kuzvarwa
Kuledibuakuatshiakabidi,Naîtredenouveau,2.0,Positive,Mot,be born again,ukuzalwa kabusha,wedergebore word,Tswala gape .,ndizalwe ngokutsha,bereka patsva,expanded_shona_alt,kuzvarwa patsva
Kuleja,Indiquer,0.0,Neutre,Mot,indicate,Khombisa,Dui aan,Laetša,Bonisa,ratidza,expanded_shona_lexicon,ratidza
Kulejatshilema,Reprocher,-1.0,Negative,Mot,to reproach,Ukuhlambalaza,Om te verwyt,go nyatša .,Ukugculelwa,kushora,expanded_shona_alt,kuzvidza
Kulekela,Abandon,2.0,Positive,Mot,abandonment,Ukulahlwa,Verlating,Go Tloga .,Ukuyeka,kusiiwa,expanded_shona_lexicon,kusiiwa
Kulekelela,Acquitter,-2.0,Negative,Mot,acknowledge,Vuma,Erken,Amogela,Vuma,bvuma,expanded_shona_lexicon,bvuma
Kulekelelamuntububi,Pardonner,0.0,Neutre,Mot,forgive,Xolela,Vergewe,Lebalela,Xolela,kanganwira,expanded_shona_alt,regererai
Kulela,Accoucher,-3.0,Negative,Mot,give birth,Zala,Geboorte gee,go belega .,Zala,zvara,expanded_shona_lexicon,zvara
Kulelelatshiakabidi,Régénérer,0.0,Neutre,Mot,regenerate,Hlanganisa,Regenereer,Tsošološa .,Hlaziya kwakhona,regenerate,expanded_shona_loanword,regenerate
Kulenduisha,Scandaliser,-1.0,Neutre,Mot,scandalize,Ona,Skandaaliseer,Scandalize .,Hlamba,nyadzisa,expanded_shona_lexicon,nyadzisa
Kulenduka,Broncher,0.0,Neutre,Mot,flinch,Umgqugquzo,Flinch,Flinch .,I-flinch,flinch,expanded_shona_loanword,flinch
Kulenga,Toucher,0.0,Neutre,Mot,to touch,Ukuthinta,Om aan te raak,Go kgoma .,Ukuchukumisa,kubata,expanded_shona_lexicon,kubata
Kulengeja,Orner,5.0,Positive,Mot,adorn,Hlabisa,Versier,Mokgabišo .,I-adorn,shongedza,expanded_shona_lexicon,shongedza
,Perfidie,0.0,Neutre,Mot,perfidy,Umphetho,Perfiditeit,Perfidy .,I-perfidy,perfidy,expanded_shona_loanword,perfidy
Kulengeja,Sanctifier,0.0,Neutre,Mot,sanctify,Ngcwelisa,Heilig,Kgalemo ya go kgetha .,Ngcwalisa,tsvenesa,expanded_shona_alt,sactify
Kulengejibua,Perfectionnement,0.0,Neutre,Mot,improvement,Ukululama,Verbetering,Kaonafalo,Ukuphuculwa,kuvandudza,expanded_shona_lexicon,kuvandudza
Kulengulula,Négliger,0.0,Neutre,Mot,neglect,Ukunganaki,Verwaarlosing,Hlokomologa,Ukungakhathalelwa,kuregeredza,expanded_shona_lexicon,kuregeredza
Kulepa,Stature,3.0,Positive,Mot,stature,Ibanga elimbethe,Statuur,Seemo .,Ide,statu,expanded_shona_alt,chimiro
Kulepesha,Prolonger,3.0,Positive,Mot,extend,Nweba,Verleng,Katološa,Yandisa,wedzera,expanded_shona_lexicon,wedzera
Kulesha,Présenter,0.0,Neutre,Mot,to present,Ukwethula,Om aan te bied,go tšweletša .,Ukuzisa,kuti aripo,expanded_shona_lexicon,kuti aripo
Kuloba,Pêcher,0.0,Neutre,Mot,sin,Ona,Sonde,Sebe .,Isono,chivi,expanded_shona_lexicon,chivi
Oleve,"Olive,Olivier",0.0,Neutre,Mot,"olive,olivier","Umnqumo, u-Olivier","Olyf, Olivier","Mohlware,Olivier .","I-Olive, Olive","olive, olivier",expanded_shona_lexicon,"olive, olivier"
Omega=Z,Oméga,0.0,Neutre,Mot,omega,Omega,Omega,Omega .,Omega,omega,expanded_shona_loanword,omega
"Onso,bonso,bionso",Entier,2.0,Positive,Verbe,entire,-Nke,Geheel,Ka kakaretšo,Iyonke,zvese,expanded_shona_alt,zvose
Ours,Ours,0.0,Neutre,Mot,bear,Thwala,Beer,Rwala,Ibhere,fani,expanded_shona_alt,bere
Pabule,Distance,-1.0,Negative,Mot,distance,Ibanga,Afstand,Monabo,Umgama,chinhambwe,expanded_shona_lexicon,chinhambwe
Padibaadi,Instantanément,1.0,positf,Mot,instantly,Khona manje,Onmiddellik,Ka ponyo ya leihlo .,Kwangoko,pakarepo,expanded_shona_lexicon,pakarepo
Pakulela(Kutatshila),Enfantement,-2.0,Negative,Mot,childbirth,Ukubeletha,Bevalling,Pelego ya go ba le ngwana .,Ukuzalwa komntwana,kuberekwa,expanded_shona_lexicon,kuberekwa
Pakuvuluka,Ressouvenir,0.0,Neutre,Mot,remember,Khumbula,Onthou,Gopola,Khumbula,rangarira,expanded_shona_lexicon,rangarira
Pankaya,Particulier,-2.0,Negative,Mot,particular,-Khethiweyo,Besonder,Itšego,Ngokukodwa,kunyanya,expanded_shona_lexicon,kunyanya
Pabuipi,Voisin,0.0,Neutre,Mot,neighbor,Umakhelwane,Buurman,Moagišani,Ummelwane,muvakidzani,expanded_shona_lexicon,muvakidzani
Pabuipinemuaba,Environs,0.0,Neutre,Mot,surroundings,Okuzungezile,Omgewing,Tikologo .,Indawo engqongileyo,zvakakomberedza,expanded_shona_alt,zvakapoteredza
Paladiso,Paradis,0.0,Neutre,Mot,heaven,Ezulwini,Hemel,Legodimong,Izulu,denga,expanded_shona_alt,kudenga
"Pamue,popamue",Commun,0.0,Neutre,Mot,common,-Jwayelekile,Algemeen,Tlwaelega,Eqhelekileyo,zvakajairika,expanded_shona_lexicon,zvakajairika
Panshi(pabuloba),Sol,0.0,Neutre,Mot,ground,Kuenhlabathini,Grond,Lebala,Umhlaba,pasi,expanded_shona_lexicon,pasi
Panyima,Revers,0.0,Neutre,Mot,reverse,Hlehla,Omgekeerde,Bušetša morago,Buyela umva,dzosera,expanded_shona_lexicon,dzosera
Patoke,Franchise,0.0,Neutre,Mot,franchise,Ingdoda yezinhlamvu,Franchise,Franchise .,I-franchise,franchise,expanded_shona_loanword,franchise
Patshiatshiapakulu,Orientd'enhaut,0.0,Neutre,Mot,east from above,Empumalanga kusuka phezulu,Oos van bo af,Bohlabela go tšwa godimo .,Empuma ukusuka phezulu,kumabvazuva kubva kumusoro,expanded_shona_lexicon,kumabvazuva kubva kumusoro
Patupu,Vain,0.0,Neutre,Mot,vain,-Yize,Tevergeefs,Lefeela .,Inkwenkwe,hazvina basa,expanded_shona_lexicon,hazvina basa
"Patupu(a),mapuekele",Vil,-1.0,Negative,Mot,vile,-Limbile,Vielik,Sebopego .,Phosa,vile,expanded_shona_loanword,vile
Patupu(tshona),Inutilement,0.0,Neutre,Mot,unnecessarily,Ngokungadingekile,Onnodig,Go sa nyakege .,Ngokungeyomfuneko,zvisina kukodzera,expanded_shona_alt,zvisiri madikanwa
Pentekoste,Pentecôte,0.0,Neutre,Mot,pentecost,Pentekosti,Pinkster,Pentekoste .,Ipentekosti,pentekosti,expanded_shona_lexicon,pentekosti
Pepi,Voisinage,0.0,Neutre,Mot,neighborhood,Ubukhelwane,Buurt,Boagišani,Ebumelwaneni,vavakidzani,expanded_shona_alt,nharaunda
Python,Python,0.0,Neutre,Mot,python,Python,Python,Python .,I-python,python,expanded_shona_loanword,python
Sabatu,Sabbat,2.0,Positive,Mot,sabbath,ISabatha,Sabbat,Sabatha .,ISabatha,sabata,expanded_shona_lexicon,sabata
Saphir,Saphir,2.0,Positive,Mot,sapphire,ISapphire,Saffier,Safire .,Isafire,safiro,expanded_shona_alt,safiya
Sardoine,Sardius,0.0,Neutre,Mot,sardius,Isimo esikhulu,Sardius,Sardius .,Sardius,sadius,expanded_shona_alt,sadhio
Sardony,Sardonix,2.0,Positive,Mot,sardonix,Sardonix,Sardonix,Sardonix .,I-sardonix,sardonix,expanded_shona_loanword,sardonix
Seole,Orge,0.0,Neutre,Mot,barley,Ubhali,Gars,Garase,Irhasi,bhari,expanded_shona_lexicon,bhari
Soie(tshia),Soie,0.0,Neutre,Mot,silk,Usilika,Sy,Siliki,Isilika,silika,expanded_shona_alt,sirika
Soufre,Soufre,4.0,Positive,Mot,sulfur,Isibabule,Swael,Sulphur .,Isalfure,sarufa,expanded_shona_lexicon,sarufa
Sud-est,Sud-ouest,1.0,Positive,Mot,southwest,Eningizimu-ntshonalanga,Suidwes,Borwa Bophirima .,Emazantsi ntshona,southwest,expanded_shona_loanword,southwest
"Sude,mundamunya",Midi,0.0,Neutre,Mot,noon,Imini,Middag,Mosegare,Emini,masikati,expanded_shona_lexicon,masikati
Sukamina,Mûrier,0.0,Neutre,Mot,mulberry,Isilwane warberry,Moerbei,Mulberry .,Mulberry,mulberry,expanded_shona_loanword,mulberry
Tshiapabuloba,Terrestre,1.0,Positive,Mot,terrestrial,Umhlabathi,Terrestriële,Lefaseng la pele .,I-terrestral,terrestrial,expanded_shona_alt,zvenyika
Tshiapankatshi,Moitié,0.0,Negative,Mot,half,Uhlangothi,Die helfte,Seripagare,Isiqingatha,hafu,expanded_shona_lexicon,hafu
Tshiapatupu,Déshonneur,-2.0,Negative,Mot,dishonor,Ukuhlamba,Oneer,Go Hlomphollwa .,Ihlazo,kushoora,expanded_shona_alt,kusaremekedza
Tshiatshiendelele,Éternel,6.0,Positive,Mot,eternal,-Ngapheliyo,Ewige,Sa feleng,Kanaphakade,kusingaperi,expanded_shona_alt,nokusingaperi
Tshiatshipendu,Injurieux,-8.0,Negative,Mot,offensive,-Casulayo,Aanstootlik,Lehlapa,Kuyakhubekisa,zvinogumbura,expanded_shona_lexicon,zvinogumbura
Tshiatshitshiu,Peuple,0.0,Neutre,Mot,people,Abantu,Mense,Batho,Abantu,vanhu,expanded_shona_lexicon,vanhu
Tshiabungi,Immense,7.0,Positive,Mot,immense,-Khulu kakhulu,Enorm,Kgolo kudu,Enkulu,chikuru,expanded_shona_lexicon,chikuru
Tshiadi,Poitrine,0.0,Neutre,Mot,chest,Ibhokisi,Bors,Kgara,Isifuba,chipfuva,expanded_shona_lexicon,chipfuva
Tshiakabidi,Double,4.0,Positive,Mot,double,-Bili,Dubbel,Gabedi,Phinda kabini,kaviri,expanded_shona_lexicon,kaviri
TshiakaneTshiditshianyisha,Agréable,2.0,Positive,Mot,pleasant,-Mtoti,Aangenaam,Thabišago,Mnandi,zvinonakidza,expanded_shona_lexicon,zvinonakidza
TshiakaneTshiditshisankisha,Agréable,4.0,Positive,Mot,pleasant,-Mtoti,Aangenaam,Thabišago,Mnandi,zvinonakidza,expanded_shona_lexicon,zvinonakidza
Tshiakulakula,Conte,0.0,Neutre,Mot,tale,Indaba,Verhaal,Tale .,Tale,ngano,expanded_shona_lexicon,ngano
Tshiamutshiamitaku,Airain,1.0,Positive,Mot,brass,Ithusi,Geelkoper,koporo .,Ubhedu,ndarira,expanded_shona_lexicon,ndarira
Tshiamua,Fer,0.0,Neutre,Mot,iron,Insimbi yoku-ayina,Yster,Aene,Intsimbi,simbi,expanded_shona_lexicon,simbi
Tshianana,Faussement,-3.0,Neutre,Mot,falsely,Ngamanga,Valslik,ka maaka .,Ubuxoki,nhema,expanded_shona_lexicon,nhema
Tshianyishanyisha,Flatterie,-5.0,Negative,Mot,flattery,-Tulall,Vleiery,Go reta ka go phaphatha .,Fihlatha,flattery,expanded_shona_loanword,flattery
Tshianza,Main,2.0,Positive,Verbe,hand,Isandla,Hand,Seatla,Isandla,ruoko,expanded_shona_lexicon,ruoko
Tshibanda,Descente,2.0,Positive,Mot,descent,Isimo esizayo,Afkoms,Go theoga .,Umnqweno,kudzidziswa,expanded_shona_lexicon,kudzidziswa
Tshibandilu,Degré,0.0,Neutre,Mot,degree,Ibanga,Graad,Tikrii,Isidanga,degree,expanded_shona_alt,dhigirii
Tshibangidilu,Commencement,0.0,Neutre,Mot,beginning,Ukuqala,Begin,Mathomong,Ukuqala,kutanga,expanded_shona_lexicon,kutanga
Tshibangu,Bâton,0.0,Neutre,Mot,stick,Induku,Stok,Kgomarela,Intonga,tsvimbo,expanded_shona_lexicon,tsvimbo
Tshibelu,Cuisse,-2.0,Negative,Mot,thigh,Ithanga,Bobeen,Serope,Ithanga,chidya,expanded_shona_lexicon,chidya
Tshibi,Mal,0.0,Neutre,Mot,wrong,-Ngalungile,Verkeerd,Phošo,Ayilunganga,zvakaipa,expanded_shona_lexicon,zvakaipa
Tshibipe,Impur,-1.0,Negative,Mot,impure,Ngcolisa,Onrein,Go se hlweke .,Ukungasebenzi,kuremara,expanded_shona_alt,kusachena
Tshibishi,Vert,-1.0,Negative,Mot,green,-Yimpatho,Groen,Talamorogo,Luhlaza,girinhi,expanded_shona_lexicon,girinhi
Tshibobe,Maturité,0.0,Neutre,Mot,maturity,Ukuvuthwa,Volwassenheid,Matšhurithi,Ukukhula,kukura,expanded_shona_lexicon,kukura
Tshibombu,Bourse,0.0,Neutre,Mot,sotck exchange,SOTCK Exchange,Sotck ruil,Phapanyetsano ya Sotck .,Ukutshintshiselana nge-sotck,sotck exchange,expanded_shona_loanword,sotck exchange
Tshibueledi,Accès,0.0,Neutre,Mot,access,Tholakala,Toegang,Fihlelela,Fikelela,kupinda,expanded_shona_lexicon,kupinda
Tshibuikilu(tshiamushetewatshipungidi),Propitiatoire,1.0,Positive,Mot,propitiatory,Okuphathelene nenkululeko,Versoenend,Poelano .,Propitiatory,kurume,expanded_shona_alt,propititory
Tshibuikilutshiapatshiadi,Cuirasse,1.0,Positive,Mot,breastplate,Isihlanzi sesifuba,Borsplaat,Sephedi sa sefuba .,Isifuba,chidzitiro,expanded_shona_alt,chiputi chezamu
Tshibulula,Ouvert,1.0,Positive,Mot,open,Vula,Maak oop,Bula,Vula,vhura,expanded_shona_lexicon,vhura
Tshibumba,Muraille,0.0,Neutre,Mot,wall,Udonga,Muur,Leboto,Udonga,wall,expanded_shona_loanword,wall
Tshibungubungu,Côte,0.0,Neutre,Mot,side,Usebe,Kant,Lehlakore,Icala,padivi,expanded_shona_lexicon,padivi
Talala,Paisiblement,-3.0,Negative,Mot,peacefully,Ngokuba khona,Vreedsaam,Ka khutšo .,Ngoxolo,runyararo,expanded_shona_alt,norugare
Tatu,Père,-3.0,Negative,Mot,father,Uyihlo,Vader,Papa,Utata,baba,expanded_shona_lexicon,baba
Thuya,Thuya,-2.0,Negative,Mot,thuja,Thuja,Thuja,Thuja .,Thuja,thuja,expanded_shona_loanword,thuja
Topaze,Topaze,1.0,Positive,Mot,topaz,Isihloko,Topaas,Topase .,Topaz,topaz,expanded_shona_alt,topazi
Tshakabidi,Nouveau,1.0,Positive,Mot,new,-Kwanamuhla,Nuut,Mpsha,Intsha,nyowani,expanded_shona_lexicon,nyowani
Tshabungibe,Abondamment,0.0,Neutre,Mot,abundantly,Kakhulu,Oorvloedig,ka bontši .,Kakhulu,zvakawanda,expanded_shona_lexicon,zvakawanda
Tshakane(tshidi),Équitable,0.0,Neutre,Mot,fair,-Hle,Regverdig,Lokilego,Ubulungisa,zvakanaka,expanded_shona_lexicon,zvakanaka
Tsheya,Caution,1.0,Positive,Mot,deposit,Faka,Deposito,Tipositi,Idipozithi,dhipoziti,expanded_shona_lexicon,dhipoziti
Tshiabademon,Diabolique,0.0,Neutre,Mot,diabolical,Diabolical,Diabolies,Bodiabolo .,Dialocal,dhiabolical,expanded_shona_alt,dhiyabhorosi
Tshiabukelenge,Royal,0.0,Neutre,Mot,royal,-Obukhosi,Koninklike,Bogoši .,IRoyal,royal,expanded_shona_loanword,royal
Tshiabuowa,Terrible,0.0,Neutre,Mot,terrible,-Sabisayo,Verskriklik,Mpe kudu,Yoyikeka,zvinotyisa,expanded_shona_lexicon,zvinotyisa
Tshiabutumbi,Splendidement,0.0,Neutre,Mot,splendidly,Ngokubabazekayo,Pragtig,Ka mo go kgahlišago .,Qaqambid,kusakwana,expanded_shona_lexicon,kusakwana
"Tshiadikumi,Kufilatshitupaatshi",Dîme,2.0,Positive,Mot,dime,Indizo,Dime,Dime .,Dime,dime,expanded_shona_loanword,dime
Tshiadimomena,Rouillé,1.0,Positive,Mot,rust,Ukugqwala,Roes,Moruswi .,Rust,ngura,expanded_shona_lexicon,ngura
Tshiakale(muleji),Ancien,0.0,Neutre,Mot,ancient,-Daladala,Antieke,Kgalekgale,Amandulo,yekare,expanded_shona_lexicon,yekare
Tshiakudia,Aliment,1.0,Positive,Mot,food,Ukudla,Kos,Dijo,Ukutya,chikafu,expanded_shona_alt,zvokudya
Tshiakufunda,Tablette,1.0,Positive,Mot,tablet,Iphilisi,Tablet,Letlapa la .,Ithebhulethi,piritsi,expanded_shona_lexicon,piritsi
Tshiakuitaba,Acceptable,1.0,Positive,Mot,acceptable,-Mukelekile,Aanvaarbaar,E amogelegago .,Yamkelekile,zvinogamuchirika,expanded_shona_lexicon,zvinogamuchirika
Tshiakunua,Breuvage,2.0,Positive,Mot,beverage,Okokuphuza,Drank,Dinotagi,Isiselo,chinwiwa,expanded_shona_lexicon,chinwiwa
Tshiamudiulu,Céleste,0.0,Neutre,Mot,celestial,-Bukeyela basezulwini,Hemelse,Legodimo la Legodimo .,Isibhakabhaka,kudenga,expanded_shona_alt,yekudenga
Tshiamutshisuku,Sauvage,-3.0,Negative,Mot,savage,-Dlovulile,Wild,Sehlogo,Isavage,savage,expanded_shona_loanword,savage
Tshiamubidi,Corporellement,1.0,Positive,Mot,bodily,-Ngomzimba,Liggaamlik,Mmele wa mmele .,Emzimbeni,mumuviri,expanded_shona_lexicon,mumuviri
Tshiamuinshi(muabuloba),Infernal,-2.0,Negative,Mot,infernal,I-infernal,Infernal,Infernal .,Intsholongwane,infernal,expanded_shona_loanword,infernal
Tshianvita,Dépouille,2.0,Positive,Mot,remains,Inqobe,Oorblyfsels,Mašaledi .,Idubile,zvinoramba,expanded_shona_alt,anosara
TshiaNyuma,Spirituel,0.0,Neutre,Mot,spiritual,-Kwenhliziyo,Geestelik,Semoya .,Ngokomoya,zvomweya,expanded_shona_alt,zvemweya
TshiaNzambi,Divin,0.0,Neutre,Verbe,divine,-Ngenaphezulu,Goddelike,Sa Modimo,Ubuthixo,divine,expanded_shona_loanword,divine
Tshibungubungu,Rivage,-1.0,Negative,Mot,shore,Ugu,Oewer,Lebopo,Unxweme,mahombekombe,expanded_shona_lexicon,mahombekombe
Tshibutshidi;tshintutshiamushingamukole,Trésor,0.0,Neutre,Mot,treasure,Igugu,Skat,Lehumo,Ubuncwane,pfuma,expanded_shona_lexicon,pfuma
Tshibutshilu,Cellier,0.0,Neutre,Mot,cellar,Sela,Kelder,Sellathekeng .,Celer,cellar,expanded_shona_loanword,cellar
Tshidikapia,Bouillant,0.0,Neutre,Mot,boiling,Bilisa,Kook,Go bela .,Ukubila,kubheya,expanded_shona_alt,kuvira
Tshidikatshiyimuakujingulula,Insondable,1.0,Positive,Mot,unfathomable,-Ngenalo,Ondeurgrondelik,E sa kwešišegego .,Ayinakufikeleleka,zvisina kujairika,expanded_shona_alt,zvisinganzwisisike
TshidikatshiyiTshijiminaa,Impérissable,0.0,Neutre,Mot,imperishable,Ukungabona lutho,Onverganklik,E sa senyegego .,I-inofrieble,isingarobvu,expanded_shona_alt,kusaparara
Tshidikatshiyitshijinguluka,Confus,2.0,Positive,Mot,confused,Didekile,Verward,Hlakahlakane,Udidekile,kuvhiringidzika,expanded_shona_alt,kuvhiringika
Tshidikatshiyitshinyanguka,Incorruptible,-1.0,Negative,Mot,incorruptible,-Nokulimala,Onkreukbaar,E sa senyeheng .,Okungenakona,risingaori,expanded_shona_alt,kusaora
Tshidikatshiyitshipetangananetshikuabu,Contraire,0.0,Neutre,Mot,opposite,Bhekene,Oorkant,Lelatodi,Ngokuchaseneyo,zvakatarisana,expanded_shona_lexicon,zvakatarisana
"Tshidinebukole,",Valide,-2.0,Negative,Mot,valid,-Lungile,Geldig,Makgonthe,Isebenza,zvinoshanda,expanded_shona_alt,inoshanda
Tshidinebulelela,Sincérité,-1.0,Negative,Mot,sincerity,Ubuqatha,Opregtheid,Botshepegi .,Ukunyaniseka,kutendeseka,expanded_shona_alt,kuperera
Tshidinengikadiluwabukole,Endurcissement,1.0,Positive,Mot,hardening,Ukuqina,Verharding,Go thatafala .,Ukuqina,kuomesa,expanded_shona_lexicon,kuomesa
Tshidipepi,Proche,2.0,Positive,Mot,close,Ngokuminyanisa,Maak toe,Tswalela,Vala,vhara,expanded_shona_lexicon,vhara
Tshiditshabundu,Infâme,0.0,Neutre,Mot,infamous,-Ngokwesabekayo,Berug,E tumile ka go tuma .,Inqabile,infamous,expanded_shona_alt,akashata
Tshiditshiabonso,Public,1.0,Positive,Mot,audience,Abathameli,Gehoor,Batheeletši,Abaphulaphuli,vateereri,expanded_shona_lexicon,vateereri
Tshiditshiakuakaja,Traitable,0.0,Neutre,Mot,treatable,Yelaphe,Behandelbaar,E ka alafšago .,Inyanga,kurapwa,expanded_shona_alt,zvinorapika
Tshiditshiatshijila,Magnifique,0.0,Neutre,Mot,gorgeous,-Bucwazicwazi,Pragtig,Botse kudu,Mhle,kunaka,expanded_shona_lexicon,kunaka
Tshiditshiatshilele,Naturel,0.0,Neutre,Mot,natural,-Yimvelo,Natuurlik,Tlhago,Indalo,zvakasikwa,expanded_shona_lexicon,zvakasikwa
Tshiditshiengelela,Lumineux,1.0,Positive,Mot,bright,-Gqamile,Helder,Phadimago,Iqaqambile,kupenya,expanded_shona_lexicon,kupenya
Tshiditshikenka,Éclatant,-1.0,Negative,Mot,brilliant,-Benyezelayo,Briljant,Bohlale,Iqaqambile,brilliant,expanded_shona_loanword,brilliant
Tshiditshikongyangale,Tortu,2.0,Positive,Mot,turtle,Ufudu lwasemanzini,Skilpad,Pshinyaleraga,Turtle,turtle,expanded_shona_loanword,turtle
Tshiditshikulukulu,Vieux,-1.0,Negative,Mot,old,-Dala,Oud,Kgale,Mdala,chembere,expanded_shona_lexicon,chembere
Tshiditshimpebe,Excellent,1.0,Positive,Mot,excellent,-Hle kakhulu,Uitstekend,Gabotse kudu,Ngokugqwesileyo,zvakanaka,expanded_shona_lexicon,zvakanaka
Tshiditshimueneka,Visible,2.0,Positive,Mot,visible,Qavile,Sigbaar,Go bonagala .,Ibonakale,inoonekwa,expanded_shona_lexicon,inoonekwa
Tshiditshishalatshiendelele,Permettre,-2.0,Negative,Mot,allow,Vumela,Laat toe,Dumelela,Vumela,bvumidza,expanded_shona_alt,bvumira
Tshiditshitabujibua,Supportable,0.0,Neutre,Mot,bearable,-Bekezelekayo,Verdraaglik,E kgotlelelwago .,Iyakwazi,kutsigira,expanded_shona_alt,zvinogoneka
Tshiditshitupu,Vide,-3.0,Negative,Mot,empty,-Ngahlali lutho,Leeg,Se nago selo,Ingenanto,isina chinhu,expanded_shona_lexicon,isina chinhu
Tshiditshiyanguka,Corruptible,0.0,Neutre,Mot,corruptible,-Nesomana,Verganklik,E senyegilego .,Ingozi,kuora,expanded_shona_alt,huori
Tshidibuluenyi,Aneth,1.0,Positive,Mot,dill,Diss,Dille,Dill .,Dill,dill,expanded_shona_loanword,dill
Tshidikijilutshialubilu,Course,3.0,Positive,Mot,race,Jaha,Ras,Morafe,Ugqatso,race,expanded_shona_loanword,race
Tshidilu,Crèche,0.0,Neutre,Mot,crib,Umkhombe,Krip,Crib .,Crib,crib,expanded_shona_loanword,crib
Tshidimba,Gouvernail,2.0,Positive,Mot,rudder,Isiqondiso sebhanoyi,Roer,Selemo sa leru la .,I-rudder,ruzha,expanded_shona_lexicon,ruzha
Tshidime,Cultivateur,2.0,Positive,Mot,farmer,Umninipulazi,Boer,Molemi,Umlimi,murimi,expanded_shona_lexicon,murimi
Tshidimu,"An,Année",-2.0,Negative,Mot,"year,year","Unyaka, unyaka","Jaar, Jaar","ngwaga,ngwaga .","Unyaka, unyaka","gore, gore",expanded_shona_lexicon,"gore, gore"
Tshidimutshiamashika,Hiver,0.0,Neutre,Mot,winter,Ubusika,Winter,Marega,Ubusika,chando,expanded_shona_lexicon,chando
Tshidimutshiamayowa,Été,3.0,Positive,Mot,summer,Ihlobo,Somer,Selemo,Ihlobo,zhizha,expanded_shona_lexicon,zhizha
Tshienabualu,Sujet,0.0,Neutre,Mot,subject,Beka,Onderwerp,Hlogotaba,Isifundo,musoro,expanded_shona_alt,chidzidzo
Tshienalomo,Latin,1.0,Positive,Verbe,latin,IsiLatini,Latyn,Selatine sa Selatine .,isiLatini,ratini,expanded_shona_lexicon,ratini
Tshiendelele,Éternellement,1.0,Positive,Mot,eternally,Ngokunalo,Ewig,Ka mo go sa felego .,Ngonaphakade,nekusingaperi,expanded_shona_alt,nokusingaperi
Tshiendelu,Parvis,-1.0,Negative,Mot,courtyard,Igceke,Binnehof,Lebala .,Intendelezo,chivanze,expanded_shona_lexicon,chivanze
Tshienzedi,Action,-2.0,Negative,Mot,action,Ukwenza,Aksie,Kgato,Isenzo,chiito,expanded_shona_lexicon,chiito
"Tshienzedi,malu",Œuvre,0.0,Neutre,Mot,artwork,Ubuciko,Kunswerk,Mošomo wa bokgabo .,Umsebenzi wobugcisa,artwork,expanded_shona_loanword,artwork
Tshieya,Arrhes,0.0,Neutre,Mot,deposit,Faka,Deposito,Tipositi,Idipozithi,dhipoziti,expanded_shona_lexicon,dhipoziti
Tshifuafua,Mortel,0.0,Neutre,Mot,mortal,-Phethe,Sterflike,Motho yo a hwago .,Umntu,walm,expanded_shona_alt,anofa
Tshifufu,Complot,0.0,Neutre,Mot,conspiracy,Umbimbi,Sameswering,Go loga maanomabe .,Iyelenqe,kurangana,expanded_shona_lexicon,kurangana
Tshifukibua,Créature,0.0,Neutre,Mot,creature,Isilwane,Skepsel,Sebopiwa .,Isidalwa,chisikwa,expanded_shona_lexicon,chisikwa
Tshifukibuatshipiatshipia,Nouvellecréation,0.0,Neutre,Mot,new creation,Indalo entsha,Nuwe skepping,Tlholo e Mpsha .,Indalo entsha,chisiko chitsva,expanded_shona_alt,chisikwa chitsva
Tshifulu,Casque,0.0,Neutre,Mot,helmet,Umgqomo,Helm,Lekarapa,Isigcina-ntloko,ngowani,expanded_shona_lexicon,ngowani
Tshifulutshiabutumbi,Diadème,0.0,Neutre,Mot,tiara,Tisana,Tiara,Tiara .,ITiara,tiara,expanded_shona_loanword,tiara
Tshiji,Colère,0.0,Neutre,Mot,anger,Intukuthelo,Woede,Pefelo,Umsindo,kutsamwa,expanded_shona_alt,hasha
Tshij,Fureur,0.0,Neutre,Mot,fury,Isibhengubhengu,Woede,Kgalefo .,Ubushushu,hasha,expanded_shona_lexicon,hasha
Tshijila,Pureté,1.0,Positive,Mot,purity,Ubumsulwa,Reinheid,Go hlweka .,Ubunyulu,kuchena,expanded_shona_lexicon,kuchena
Tshijila,Saintement,0.0,Neutre,Mot,holy,'-Ngcwele,Heilig,Kgethwa .,Ngcwele,mutsvene,expanded_shona_lexicon,mutsvene
Tshijila,Saint,0.0,Neutre,Mot,saint,Usanti,Heilige,Mokgethwa .,Eng,saint,expanded_shona_alt,mutsvene
Tshikaminu,Pressoir,0.0,Neutre,Mot,press,Gcinezela,Druk,Gatelela,Cinezela,tinya,expanded_shona_lexicon,tinya
Tshikanga,Cuit,0.0,Neutre,Mot,cooked,Iphekwe,Gekook,E apeilwe .,Kuphekwe,yakabikwa,expanded_shona_lexicon,yakabikwa
Tshikankanyi,Talon,1.0,Positive,Mot,heel,Isithende,Hak,Serethe .,Isithende,chitsitsinho,expanded_shona_lexicon,chitsitsinho
Tshikenakumona,Vision,1.0,Positive,Mot,vision,Umbono,Visie,Ponelopele,Umbono,chiratidzo,expanded_shona_lexicon,chiratidzo
Tshikoleadi,Grave,-2.0,Negative,Mot,severe,-Khulu,Ernstig,Šoro,Kakhulu,zvakanyanya,expanded_shona_alt,zvakaoma
Tshikololo,Corbeau,-2.0,Negative,Mot,crow,Igwababa,Kraai,Legokobu,Crow,crow,expanded_shona_alt,gunguwo
Tshikololo,Aigle,-2.0,Negative,Mot,eagle,Ukhozi,Arend,Ntšhu,Ukhozi,eagle,expanded_shona_alt,gondo
Tshikondo,Antérieurement,-1.0,Negative,Mot,previously,Ngaphambilini,Voorheen,Peleng .,Ngaphambili,pakutanga,expanded_shona_alt,kare
Tshikondo,Moment,0.0,Neutre,Mot,moment,Isikhashana,Oomblik,Nakwana,Umzuzu,nguva,expanded_shona_lexicon,nguva
Tshikondoetshi,Actuel,1.0,Positive,Mot,current,-Dlulayo,Huidige,Bjale,Okwangoku,zvazvino,expanded_shona_lexicon,zvazvino
Tshikondotshimpe,Opportun,0.0,Neutre,Mot,timely,Ngesikhathi,Betyds,Nako .,Ngexesha elifanelekileyo,nenguva,expanded_shona_alt,panguva
Tshikote,Cumin,1.0,Positive,Mot,cumin,Uhlobo lwensanzaka,Komyn,Kumine .,I-cumin,cumin,expanded_shona_alt,kumin
Tshikowelu,Vêtement,-2.0,Negative,Mot,garment,Isigqoko,Kledingstuk,Seaparo sa .,Ingubo,nguo,expanded_shona_lexicon,nguo
Tshikoyeke,Immonde,-3.0,Negative,Mot,filthy,Ngcolile kakhulu,Vieslik,Ditšhila,Ngcolile,tsvina,expanded_shona_alt,yakasviba
Tshikumbane,AssezUtile,-3.0,Negative,Mot,quiteuseful,-Buze,Redelik Nuttig,E tloga e le e nago le mohola .,Ngethu,zvinoshandisa,expanded_shona_lexicon,zvinoshandisa
"Tshikumbane,tshiûja",Complet,2.0,Positive,Mot,complete,Feza,Voltooi,Feleletše,Gcwalisa,zadzisa,expanded_shona_lexicon,zadzisa
Tshikusu,Ver,2.0,Positive,Mot,worm,Impethu,Wurm,Seboko,Umbungu,honye,expanded_shona_lexicon,honye
Tshikutu(tshiakapia),Fournaise,2.0,Positive,Mot,furnace,Imbuthuma,Oond,Sebjana sa go fiša .,Isithando somlilo,choto,expanded_shona_lexicon,choto
"Tshikutu,tshipukatshiamitshi",Buisson,2.0,Positive,Mot,bush,Ihlathi,Bush,Sethokgwa,Ityholo,bush,expanded_shona_loanword,bush
Tshilambuidi,Recette,2.0,Positive,Mot,recipe,Indlela yokwenza into ethize efana nokupheka,Resep,Motswako,Iresiphi,recipe,expanded_shona_loanword,recipe
Tshile,Long,0.0,Neutre,Mot,long,-De,Lank,Telele,Ixesha elide,refu,expanded_shona_alt,kureba
Tshilejelu,Exemple,0.0,Neutre,Mot,example,Isibonelo,Voorbeeld,Mohlala,Umzekelo,muenzaniso,expanded_shona_lexicon,muenzaniso
Tshilele,Coutume,0.0,Neutre,Mot,custom,Umkhuba,Pasgemaak,Tlwaelo,Isiko,tsika,expanded_shona_lexicon,tsika
"Tshilele,tshibidilu",Habitude,0.0,Neutre,Mot,habit,Isiko,Gewoonte,Setlwaedi,Umkhwa,tsika,expanded_shona_lexicon,tsika
Tshilelela,Réel,-1.0,Negative,Mot,real,-Liqiniso,Regtig,Makgonthe,Okwenyani,chaiko,expanded_shona_alt,chaiyo
Tshilelela,Antitype,0.0,Neutre,Mot,antitype,Ukuwobelana,Antitipe,Antitype .,Antifity,fananidze,expanded_shona_lexicon,fananidze
Tshilema,Défaut,0.0,Neutre,Mot,default,Phutha,Verstek,Hlokomologa,Ukungagqibeki,default,expanded_shona_loanword,default
Tshilenduishi,Scandale,-5.0,Negative,Mot,scandal,Amapeketwane,Skandaal,Mahlabisadihlong .,Isikrelemnqa,nyonganiso,expanded_shona_lexicon,nyonganiso
Tshileshelu,Formule,0.0,Neutre,Mot,formula,Uhlobo,Formule,Formula .,Ifomula,formula,expanded_shona_loanword,formula
Tshilobeshi,Proie,0.0,Neutre,Mot,prey,Inyamazane edliwayo,Prooi,Sebolawa,Ixhoba,pwanya,expanded_shona_lexicon,pwanya
Tshilongo,Fleur,0.0,Neutre,Mot,flower,Umqhakazo,Blom,Letšoba,Intyatyambo,ruva,expanded_shona_lexicon,ruva
Tshilota,Songe,0.0,Neutre,Mot,dream,Iphupha,Droom,Toro,Iphupha,kurota,expanded_shona_lexicon,kurota
Tshilotalota,Extase,0.0,Neutre,Mot,ecstasy,Enyanyayo,Ekstase,Ekgola .,Ecstasy,ecstasy,expanded_shona_loanword,ecstasy
Tshilulu,Bande,0.0,Neutre,Mot,band,Isibopho,Band,Lepanta,Band,bhendi,expanded_shona_lexicon,bhendi
Biapamutu,Superflu,1.0,Positive,Mot,superfluous,-Phezulu,Oorbodig,E sa nyakegego .,I-Superflight,superfluous,expanded_shona_loanword,superfluous
Biakadiyenabibualu,Indigence,1.0,Positive,Mot,destitution,Indawo,Behoeftigheid,Go hloka .,Ihlwempu,kupera,expanded_shona_alt,urombo
Biakane,Bienséan,1.0,Positive,Mot,biensean,Ibhayentshi,Biensean,Binsean .,Biensean,biensean,expanded_shona_loanword,biensean
Biakulakula,Babil,-3.0,Negative,Mot,babil,Babele,Babil,Babil .,I-babil,babil,expanded_shona_alt,bhabhil
Biakunyibuabibishi,Verdure,-3.0,Negative,Mot,greenery,Uluhlaza okotshani,Groen,Botala bja .,Reenery,greenery,expanded_shona_loanword,greenery
Biata,Couchette,0.0,Neutre,Mot,berth,Bhogwazayo,Berth,berth .,Intsimbi,berth,expanded_shona_loanword,berth
Bibelu,Jambe,0.0,Neutre,Mot,leg,Umlenze,Been,Leoto,Umlenze,gumbo,expanded_shona_lexicon,gumbo
Bibidi,"Couple,Paire",8.0,Positive,Mot,"couple,pair","Izithandani, umbhangqwana","Paartjie, Paartjie","Banyalani,pair .","Isibini, isibini","vaviri, vaviri",expanded_shona_alt,"vakaroorana, vaviri"
Bidibimuenekakumesu,Vue,5.0,Positive,Mot,view,Ukubona,Uitsig,Bogela,Jonga,tarisa,expanded_shona_lexicon,tarisa
Bidibisasa,Chaume,-5.0,Negative,Mot,thatch,Lowo,Grasdak,Thatch .,Chok,thatch,expanded_shona_loanword,thatch
Bidikabiyimuakuambibua,Inexprimable,0.0,Neutre,Mot,inexpressible,-Nganakwa,Onuitspreeklik,E sa hlaloseheng .,Ayibonakali,zvisingaite,expanded_shona_alt,zvisingatauriki
Bidikabiyinemuoyo,Inanimé,2.09090909090909,Positive,Mot,inanimate,-Ngaphezulu,Lewendig,Se se sa phelego .,I-intenger,inaniamate,expanded_shona_alt,upenyu
Bidimuakujimina,Incertitude,2.27272727272727,Positive,Mot,uncertainty,Ukungaqiniseki,Onsekerheid,Go se kgonthišege .,Ukungaqiniseki,kusagadzikana,expanded_shona_alt,kusava nechokwadi
Bidimuakuzakajibua,Muable,2.45454545454545,Positive,Mot,changeable,Phendukayo,Veranderbaar,E fetogago .,Iyatshintsha,chinoshanduka,expanded_shona_lexicon,chinoshanduka
Bidia,Agapes,2.63636363636363,Negative,Mot,agapes,Ama-agapes,Agapes,Agapes .,I-Agapes,agapes,expanded_shona_loanword,agapes
Bidiabiadibanji,Banquet,2.81818181818182,Negative,Mot,banquet,Idili,Banket,Monyanya .,Isidlo,mabiko,expanded_shona_lexicon,mabiko
BidiabiaMukelenge,Cène,3.0,Neutre,Mot,last supper,Isidlo sakusihlwa sokugcina,Laaste Avondmaal,Selalelo sa Mafelelo .,Ukugqibela kwesidlo sangokuhlwa,yekupedzisira chirairo,expanded_shona_alt,kudya kwemanheru kwokupedzisira
Bidiabidikabiyineluevene,Painsanslevain,0.0,Neutre,Mot,unleavened bread,Isinkwa Esingenamvubelo,Ongesuurde brood,Borotho bjo bo sa omelwago .,Isonka esingenagwele,chingwa chisina kuviriswa,expanded_shona_alt,chingwa chisina mbiriso
"Bidimu,wabidimu…",Âge,3.36363636363636,Positive,Mot,age,Iminyaka,Ouderdom,Mengwaga,Iminyaka,zera,expanded_shona_lexicon,zera
Bielelu,Instrument,3.54545454545454,Positive,Mot,instrument,Into yokwenza utho,Instrument,Sedirišwa,Isixhobo,chiridzwa,expanded_shona_alt,chimbo
Biensheshi,Soupçon,3.72727272727273,Negative,Mot,suspicion,Ukusola,Verdagmakery,Dipelaelo .,Ukukrokrela,kufungidzira,expanded_shona_alt,kunyumwa
Bienzebununku,Autrement,3.90909090909091,Neutre,Mot,otherwise,Ngaphandle kwalokho,Andersins,Go sego fao,Ngenye indlela,neimwe nzira,expanded_shona_alt,zvikasadaro
Bienzedi,Fait,4.09090909090909,Positive,Mot,do,Enza,Doen,Dira,Yenza,ita,expanded_shona_lexicon,ita
Bienzedi,Conduite,4.27272727272727,Positive,Mot,conduct,Hola,Gedrag,Maitshwaro,Indlela yokuziphatha,maitiro,expanded_shona_alt,kufambisa
Bijitu,Fardeau,4.45454545454545,Negative,Mot,burden,Thwalisa umthwalo osindayo,Las,Morwalo,Umthwalo,mutoro,expanded_shona_lexicon,mutoro
Bikole,Amèrement,4.63636363636363,Positive,Mot,bitterly,-Babayo,Bitter,ka go baba .,Ngokukrakra,zvinoshungurudza,expanded_shona_alt,zvinovava
Bikole,Horriblement,2.0,Negative,Mot,horribly,-Khosicanu,Verskriklik,ka tsela e tšhošago .,Kakhulu,zvinotyisa,expanded_shona_lexicon,zvinotyisa
Bikole,Vertement,0.0,Neutre,Mot,greenly,-Mbangile,Groen,ka botala .,Luhlaza,girini,expanded_shona_lexicon,girini
"Bikole,bimpe",Soigneusement,0.0,Neutre,Mot,thoroughly,Ngokugcwele,Deeglik,Go tsenelela,Ngokucokisekileyo,zvakakwana,expanded_shona_lexicon,zvakakwana
Bikondobiakashalakunyima,Autrefois,5.36363636363636,Positive,Mot,formerly,Kuqala,Voorheen,Pele e be e le .,Ngaphambili,zvaimboita,expanded_shona_alt,kare
Bikuata,Prise,5.54545454545454,Positive,Mot,socket,Inkotho,Sok,Soketeng .,Isokisi,socket,expanded_shona_loanword,socket
Bilamba,Habit,5.72727272727273,Positive,Mot,clothing,Okokugqoka,Kleredrag,Diaparo .,Impahla,zvipfeko,expanded_shona_lexicon,zvipfeko
Bilamulamu,Écaille,-8.0,Negative,Mot,scale,Ukukala izinga,Skaal,Sekala,Isikali,chiyero,expanded_shona_lexicon,chiyero
Bilengele,Bienséance,6.09090909090909,Positive,Mot,propriety,Propright,Behoorlikheid,Go ba le mohola .,Ubushushu,propriety,expanded_shona_alt,kufanira
Bilengele,Décent,2.0,Negative,Mot,decent,-Hloniphekile,Ordentlik,Lokilego,Isidima,tsvarakadenga,expanded_shona_lexicon,tsvarakadenga
Bilondeshele,Relativement,6.45454545454545,Positive,Mot,relatively,Hlobene,Relatief,Go ba le .,Ngokulinganayo,zvakasiyana,expanded_shona_alt,zvikati
Bilongo,Lis,6.63636363636363,Negative,Mot,read,Funda,Lees,Bala,Funda,verenga,expanded_shona_lexicon,verenga
Bilongolola,Prêt,6.81818181818182,Positive,Mot,ready,-Lungiselwe,Gereed,Itokišitše,Ilungele,kugadzirira,expanded_shona_lexicon,kugadzirira
Bilulu,Agrès,6.0,Positive,Mot,apparatus,Amalungiselelo,Apparaat,Sedirišwa sa go dira .,Izixhobo,zvishandiso,expanded_shona_lexicon,zvishandiso
Bilungakajabimpe,Ajustéensemble,3.0,Positive,Mot,adjustedtogether,Kulungiswe ngokuphelele,Saam aangepas,AdjutedTogether .,Iyonke,yakagadziridzwa,expanded_shona_alt,kugadziriswa pamwe chete
Bimane,Interdit,-1.0,Positive,Mot,forbidden,-Nqatshelwe,Verbode,Lebaletšwe,Inqatshelwe,kurambidzwa,expanded_shona_lexicon,kurambidzwa
Bimpe,Bien,7.54545454545454,Positive,Mot,good,Kuhle ngokuncomekayo,GOED,GABOTSE,KULUNGILE,kugona,expanded_shona_lexicon,kugona
Bimpe,Clair,7.72727272727273,Negative,Mot,clear,-Cwebile,Duidelik,Tloša,Cacisa,bvisa,expanded_shona_alt,zvakajeka
Bimpe,Sûrement,0.0,Neutre,Mot,certainly,Impela,Sekerlik,Ka nnete,Ngokuqinisekileyo,zvirokwazvo,expanded_shona_lexicon,zvirokwazvo
"Bimpe,nekalolo",Diligemment,5.0,Positive,Mot,diligently,-Nenkani,Ywerig,Ka mafolofolo .,Ngenkuthalo,kushingairira,expanded_shona_alt,nokushingaira
Bimunyi,Lanterne,4.0,Positive,Mot,lantern,Isiswevu,Lantern,Lebone .,I-lanne,mararamiro,expanded_shona_lexicon,mararamiro
Binamanya,Pourvuque,8.45454545454545,Positive,Mot,provided,-Sebenzisa,Verskaf,Neetšego,Kubonelelwe,zvakapihwa,expanded_shona_lexicon,zvakapihwa
Bingikalantshiyingenza,Malgrémoi,3.0,Positive,Mot,despite myself,Naphezu kwami,Ten spyte van myself,Go sa šetšwe nna ka noši .,Ngaphandle kwam,pasinei neni,expanded_shona_alt,zvisinei neni
Bintu,Subsistance,5.0,Positive,Mot,subsistence,Ukunqoba,Bestaan,Go iphediša .,Ukutya,kuuramba,expanded_shona_alt,kurarama
Bintu,Cargaison,-3.0,Negative,Mot,cargo,Impahla ethwelwe umkhumbi,Vrag,Merwalo .,Umthwalo,kutakura zvinhu,expanded_shona_lexicon,kutakura zvinhu
Bintubiabungenda,Marchandise,0.0,Neutre,Mot,merchandise,Impahla ethengisa,Handelsware,Dithoto tša go rekiša .,Intengiso,kutengesa,expanded_shona_lexicon,kutengesa
Bintubiabululu,Fiel,0.0,Positive,Mot,gall,Ing gang,Gall,Gall .,Inyongo,gall,expanded_shona_loanword,gall
Bintubiamupuyamuimpe,Aromates,-1.0,Negative,Mot,herbs,Amakhakhasi,Kruie,mešunkwane .,Amayeza,herbs,expanded_shona_loanword,herbs
Bintubimanshakudiala,Ordure,-5.0,Negative,Mot,garbage,Udoti,Vullis,Thogorogo,Inkunkuma,marara,expanded_shona_lexicon,marara
Binunubibidi,Deuxmille,0.0,Neutre,Nombre,deuxmille,Deuxmille,Deuxmille,Deuxmille .,Deuxmille,deuxmille,expanded_shona_loanword,deuxmille
Bipikilu,Bath,-5.0,Negative,Mot,bath,Ukugeza,Bad,Go hlapa,Ibhafu,kugeza,expanded_shona_lexicon,kugeza
Bipusu,Gousse,0.0,Neutre,Mot,pod,Upombolo,Peul,Pod .,Ipod,pod,expanded_shona_loanword,pod
Bisabata,Sandale,2.0,Negative,Mot,sandal,Isicathulo esivulekile,Sandaal,Setlhako sa Setlhako .,Imbadada,shangu,expanded_shona_lexicon,shangu
Bisaka,Corbeille,5.0,Positive,Mot,basket,Ubhasikidi,Mandjie,Seroto .,Ibhasikithi,tswanda,expanded_shona_lexicon,tswanda
Bisambusambu,Tabernacle,4.0,Positive,Mot,tabernacle,Itabernale,Tabernakel,Taberenakele .,Umnquba,tabhenekeri,expanded_shona_alt,tabhenakeri
Bishilangane,Contrairement,5.0,Negative,Mot,contrary to,Ngokuphikisana nayo,In teenstelling met,go fapana le go .,Ngokuchasene,zvinopesana,expanded_shona_lexicon,zvinopesana
Bishimikidi,Fondement,3.0,Positive,Mot,foundation,Isisusa,Stigting,Motheo,Isiseko,nyaya,expanded_shona_lexicon,nyaya
Bisonji,Larme,0.0,Neutre,Mot,tear,Ukudabula,Skeur,Gagola,Iinyembezi,misodzi,expanded_shona_lexicon,misodzi
Bisonsa,Foin,2.0,Neutre,Mot,hay,Utshani oboile sebusikiwe,Hooi,Hay .,Hay,hay,expanded_shona_loanword,hay
Bisote,Balle,4.0,Positive,Mot,ball,Ibhola,Bal,Kgwele,Ibhola,bhora,expanded_shona_lexicon,bhora
Bitambe,Amplement,4.0,Positive,Mot,ample,-Khulu,Voldoende,Se se lekanego .,Iphehle,zvakakwana,expanded_shona_lexicon,zvakakwana
Bitapikidi,Bourbier,-3.0,Negative,Mot,quagmire,I-Quagmire,Moeras,Quagmire .,Quagmire,quagmire,expanded_shona_loanword,quagmire
Bitekete,Défaillant,0.0,Neutre,Mot,defaulter,Isiphenzana,Defaulter,Motho yo a sa lefelego .,Chaza,defaulter,expanded_shona_alt,default
Bitulubitulu,Exactement,8.0,Positive,Mot,exactly,Ngokuyikho du,Presies,Thwii,Ngokuchanekileyo,chaizvo,expanded_shona_alt,ndizvozvo
Bituntuku,Reins,-3.0,Negative,Mot,kidneys,Izinsolo,Niere,Dipshio .,Izintso,itsvo,expanded_shona_lexicon,itsvo
Bitupabiabungi,Reprises,5.0,Positive,Mot,repeats,Iyaphinda,Herhaal,Dipheta .,Ukuphindaphinda,kudzokorora,expanded_shona_alt,inodzokorora
Bitupabiamubidi,Membre,4.0,Positive,Mot,member,Ilungu,Lid,Leloko .,Ilungu,nhengo,expanded_shona_lexicon,nhengo
Biuma,Bien-être,0.0,Neutre,Mot,well-being,Inhlala-kahle,Welstand,Bophelo bjo bobotse .,Impilo-ntle,zvakanaka,expanded_shona_alt,hupenyu hwakanaka
Bizakalazakala,Raboteux,-9.0,Negative,Mot,rugged,-Enziwe,Robuust,E makgwakgwa .,Rugged,kukanda,expanded_shona_lexicon,kukanda
Bouwa,Peut-être,0.0,Neutre,Mot,maybe,Kungenzeka,Miskien,Mohlomongwe,Ingayiyo,pamwe,expanded_shona_lexicon,pamwe
Bu,Guisede,5.0,Positive,Mot,guisede,Geele,Guisede,Guisede .,Gudlelee,guekita,expanded_shona_lexicon,guekita
Bu,Environ,5.0,Positive,Mot,approximately,Cishu,Ongeveer,E ka bago,Malunga,dzinenge,expanded_shona_alt,anenge
BuMubidi,Corporel,5.0,Positive,Mot,corporal,Ukhoporali,Korporaal,Mokoporale .,Inkampani,corpis,expanded_shona_lexicon,corpis
Bumudi,Suivant,5.0,Positive,Mot,following,Okulandelayo,Volgende,Latelago,Ukulandela,zvinotevera,expanded_shona_alt,kutevera
Bumuntu,Naturellement,5.0,Positive,Mot,naturally,Ngokwendabuko,Natuurlik,Ka tlhago .,Ngokwemvelo,zvakasikwa,expanded_shona_alt,sezvingatarisirwa
Buabualu,Moyen,5.0,Positive,Mot,average,-Vamile,GEMIDDELDE,MAGARENG,Umndilili,pakati,expanded_shona_lexicon,pakati
BuaBualu,Cause,5.0,Positive,Mot,cause,Dala,Oorsaak,Hlola,Unobangela,chikonzero,expanded_shona_lexicon,chikonzero
Buabualuebu,Pourquoi,5.0,Positive,Mot,for what,Kwani,Vir wat,bakeng sa eng .,Yantoni,yechii,expanded_shona_lexicon,yechii
Buakukema,Merveilleux,8.0,Positive,Mot,wonderful,-Mangalisayo,Wonderlik,Makatšago,Kuyamangalisa,zvinoshamisa,expanded_shona_lexicon,zvinoshamisa
Buamuandaeu,Exprès,0.0,Neutre,Mot,on purpose,Ngenjongo,Met opset,ka boomo .,Ngenjongo,nechinangwa,expanded_shona_lexicon,nechinangwa
Buapabuabu,Extraordinaire,7.0,Positive,Mot,extraordinary,Mangalisayo,Buitengewoon,Fetišišago,Engaqhelekanga,zvinoshamisa,expanded_shona_lexicon,zvinoshamisa
Buakane,Justice,4.0,Positive,Mot,justice,Ubulungiswa,Geregtigheid,Toka,Ubulungisa,kururamisira,expanded_shona_lexicon,kururamisira
Buakane,Seoir,-6.0,Negative,Mot,seoir,Seoir,Seoir,Seoir .,Seoir,seoir,expanded_shona_loanword,seoir
Buakuidi,Sacrificature,0.0,Neutre,Mot,sacrifice,Hlabela,Opoffering,Ba sehlabelo,Ukubingelela,chibayiro,expanded_shona_lexicon,chibayiro
Bualu,Crime,-1.0,Negative,Mot,crime,Ubugebengu,Misdaad,Bosenyi,Ulwaphulo-mthetho,mhosva,expanded_shona_lexicon,mhosva
Bualu,Cause,5.0,Positive,Mot,cause,Dala,Oorsaak,Hlola,Unobangela,chikonzero,expanded_shona_lexicon,chikonzero
Bualubua,Effet,5.0,Positive,Mot,effect,Umphumela,Effek,Seabe,Isiphumo,maitiro,expanded_shona_alt,mhedzisiro
Bualubuakukema,Prodige,4.0,Positive,Mot,prodigy,Indawo okuphuma ezweni,Wonderkind,Prodigy .,Prodigy,prodigy,expanded_shona_loanword,prodigy
Bualubukole,Difficilement,5.0,Positive,Mot,with difficulty,Ngobunzima,Met moeite,Ka bothata .,Ngobunzima,nekuomerwa,expanded_shona_lexicon,nekuomerwa
Bualubusokoka,Mystère,6.0,Positive,Mot,mystery,Imfihlakalo,Misterie,Semaka,Imfihlakalo,chakavanzika,expanded_shona_lexicon,chakavanzika
Bualubusokokabuabupidia,Mystèred'iniquité,6.0,Positive,Mot,mystery of iniquity,Imfihlakalo Yobubi,Verborgenheid van ongeregtigheid,Sephiri sa bokgopo .,Imfihlakalo yobutshinga,chakavanzika chezvakaipa,expanded_shona_alt,chakavanzika chekusarurama
"Bualu,muanda",Nouvelle,4.0,Positive,Mot,new,-Kwanamuhla,Nuut,Mpsha,Intsha,nyowani,expanded_shona_lexicon,nyowani
Buana,Enfance,4.0,Positive,Mot,childhood,Ubuntwana,Kinderjare,Bobjana,Ebuntwaneni,huhu,expanded_shona_alt,uduku
Buangabuakulabakumesu,Collyre,4.0,Positive,Mot,eye drops,I-Eye Drop,Oogdruppels,Marotholi a Mahlo .,Iliso lamehlo,ziso rinodonha,expanded_shona_alt,madonhwe emaziso
Buatu,Nacelle,2.0,Negative,Mot,carrycot,Ephathekayo,Drabed,Carrycot .,I-carcot,denda,expanded_shona_lexicon,denda
Buatubukese,Chaloupe,0.0,Neutre,Mot,boat,Isikebhe,Boot,Seketswana,Isikhephe,chikepe,expanded_shona_lexicon,chikepe
Buatu;mushete,Arche,1.0,Positive,Mot,ark,UmkhumbiWE,Ark,Areka .,Umkhombe,areka,expanded_shona_lexicon,areka
Buatu.,Barque,1.0,Positive,Mot,boat,Isikebhe,Boot,Seketswana,Isikhephe,chikepe,expanded_shona_lexicon,chikepe
Bubandi,Accusation,1.0,Positive,Mot,charge,Khokhisa,Laai,Lefiša,Intlawulo,mhosva,expanded_shona_lexicon,mhosva
Bubanjibuabungi,Opulence,1.0,Negative,Mot,opulence,Ukubizela,Weelderigheid,Opulence .,I-optilence,opulence,expanded_shona_loanword,opulence
Bubi,Iniquité,-1.0,Negative,Mot,iniquity,Ububi obukhona,Ongeregtigheid,Bokgopo .,Ubugwenxa,zvakaipa,expanded_shona_alt,kusarurama
Budibuakane,Convenir,3.0,Positive,Verbe,agree,Vumelana,Stem saam,Dumela,Vuma,bvumirana,expanded_shona_alt,bvuma
Budibuimpe,Convenable,5.0,Positive,Mot,suitable,-Fanele,Geskik,Maswanedi,Kufanelekile,yakakodzera,expanded_shona_alt,inokodzera
Budibuitabujibua,Indulgence,2.0,Positive,Mot,indulgence,Okuzindulelayo,Genot,Go ikgotsofatša .,I-Inbulgetion,kuzvisarudzira,expanded_shona_lexicon,kuzvisarudzira
Adikamakama,Inconvenance,2.0,Positive,Mot,impropriety,Ukweqa noma,Onbehoorlikheid,Go se swanelege .,Ayilunganga,zvinyoreso,expanded_shona_alt,kusafanira
ADinanga,Aimable,6.0,Positive,Mot,kind,-Nomusa,Soort,Mohuta,Uhlobo,mutsa,expanded_shona_lexicon,mutsa
Akuitabushisha,Persuasion,2.0,Positive,Mot,persuasion,Ukuncenga,Oorreding,Kgodišo .,Ukweyisela,kunyengetedza,expanded_shona_lexicon,kunyengetedza
Akukema,Étrange,9.0,Positive,Mot,odd,-Ngajwayelekile,Vreemd,Makatšago,Engaqhelekanga,zvisinganzwisisike,expanded_shona_lexicon,zvisinganzwisisike
Apabuawu,Exceptionnel,9.0,Positive,Mot,exceptional,-Ngavamile,Uitsonderlik,Se se kgethegilego .,Ekhethekileyo,zvakasiyana,expanded_shona_lexicon,zvakasiyana
Apatupu,Vain,5.0,Positive,Mot,vain,-Yize,Tevergeefs,Lefeela .,Inkwenkwe,hazvina basa,expanded_shona_lexicon,hazvina basa
Atshianana,Oiseux,-3.0,Negative,Mot,birds,Izinyoni,Voëls,Dinonyana .,Iintaka,shiri,expanded_shona_lexicon,shiri
Absinthe,Absinthe,-3.0,Negative,Mot,absinthe,Absinthe,Absint,Absinthe .,I-absinthe,absinther,expanded_shona_lexicon,absinther
AdiaTshiprofete,Prophétique,5.0,Positive,Mot,prophetic,-Profethi,Profeties,Seporofeto sa boporofeta .,Isiprofetho,kuporofita,expanded_shona_alt,zvechiporofita
Adiakuatshisha,Profitable,5.0,Positive,Mot,profitable,-Sizayo,Winsgewend,E na le poelo .,Inzuzo,zvinobatsira,expanded_shona_alt,inobatsira
"Adiashima(meyi,mayisha)",Artificieux,5.0,Positive,Mot,artful,Ubunye Ubukhali,Kunstig,Botaki .,Ubugcisa,art,expanded_shona_lexicon,art
Alléluia,Alléluia,8.0,Positive,Mot,alleluia,Alleluia,Halleluja,Alleluia .,Alleluia,allelaia,expanded_shona_alt,alleluya!
Alo,Aloès,-3.0,Negative,Mot,aloe,I-aloe,Aalwyn,Aloe .,Aloe,aloe,expanded_shona_loanword,aloe
Alpha,Alpha,8.0,Positive,Mot,alpha,UFakaziyeli,Alfa,Alpha .,Alpha,alfa,expanded_shona_lexicon,alfa
Amen,Amen,8.0,Positive,Mot,amen,Amen,Amen,Amen .,Amen,ameni,expanded_shona_lexicon,ameni
Améthyste,Améthyste,-6.0,Positive,Mot,amethyst,Amethyst,Ametis,Amethyst .,I-ameTotiste,amethyst,expanded_shona_loanword,amethyst
Andi,Fonds,9.0,Positive,Mot,funds,Izimali,Fondse,Ditšhelete .,Imali,mari,expanded_shona_lexicon,mari
Anu,Excepté,5.0,Positive,Verbe,except,Kuphela,Behalwe,Ntle le,Ngaphandle,kunze,expanded_shona_lexicon,kunze
Anupinapu,Immédiatement,5.0,Positive,Mot,immediately,Eduze,Onmiddellik,Ka potlako,Kwangoko,pakarepo,expanded_shona_lexicon,pakarepo
Anutuabatukesetuditshale,Presque,5.0,Positive,Mot,almost,Pheshe,Amper,Nyakile,Phantse,dzinenge,expanded_shona_alt,kunenge
"Anu,misanguyonso,",Toutefois,4.0,Positive,Mot,however,Nokho,Egter,Le ge go le bjalo,Nangona kunjalo,zvisinei,expanded_shona_lexicon,zvisinei
Apa,Présent,4.0,Positive,Mot,here,Lapha,Hier,Mo,Apha,pano,expanded_shona_lexicon,pano
Apapabuloba,Ici-bas,5.0,Positive,Mot,down here,Phansi lapha,Hier onder,Tlase mo .,Apha,zasi apa,expanded_shona_alt,pasi apa
Arène,Arène,-3.0,Negative,Mot,arena,Inkundla,Arena,Arena .,I-arena,arena,expanded_shona_loanword,arena
Argent,Argent,8.0,Positive,Mot,money,Imali,Geld,Tšhelete,Imali,mari,expanded_shona_lexicon,mari
Dî,Parole,6.0,Positive,Mot,word,Uhlamvu lwegama,Woord,Lentšu,Igama,izwi,expanded_shona_alt,shoko
Diabalume,Droit,9.0,Positive,Mot,right,Ngakwesokudla,Reg,Nepagetše,Kunene,rudyi,expanded_shona_lexicon,rudyi
Diabananebana,Fraternel,8.0,Positive,Mot,fraternal,Imbangi,Broederlik,borwarre .,Ubuthathaka,zvekunamata,expanded_shona_alt,hama
Diamuditumba,Angulaire,-3.0,Negative,Mot,angular,-Ngularle,Hoekig,Angular .,I-angular,kurongeka,expanded_shona_lexicon,kurongeka
Dia,Dominical,0.0,Neutre,Verbe,dominical,-Ngaphambili,Dominical,Dominical .,I-dumical,dominical,expanded_shona_loanword,dominical
Diabulu,Diable,-6.0,Negative,Mot,devil,Onakele,Duiwel,Diabolo,UMtyholi,dhiabhori,expanded_shona_alt,dhiyabhorosi
"Diabulu,demon",Démon,-6.0,Negative,Mot,demon,Idimoni,Demoon,Letimone,Idemon,dhimoni,expanded_shona_lexicon,dhimoni
Diakane,Favorable,9.0,Positive,Mot,favorable,Vumelanayo,Gunstig,E kgahlišago .,Kufanelekileyo,zvakanaka,expanded_shona_lexicon,zvakanaka
Diakane,Commode,3.0,Positive,Mot,convenient,-Seduze,Gerieflik,Loketšego,Ilula,nyore,expanded_shona_lexicon,nyore
"Diakane,buimpe",Digne,3.0,Positive,Mot,worthy,-Fanele,Waardig,Nago le mohola,Kufanelekile,yakakodzera,expanded_shona_alt,zvakakodzera
Diambedi,D’abord,8.0,Positive,Mot,first of all,Okokuqala nje,Eerstens,Pele ga tšohle .,Okokuqala,kutanga kwazvose,expanded_shona_lexicon,kutanga kwazvose
Diandamuna,Réponse,9.0,Positive,Mot,answer,Impendulo,Antwoord,Karabo,Impendulo,mhinduro,expanded_shona_alt,pindura
Diapa,Épaule,2.0,Positive,Mot,shoulder,Igxalaba,Skouer,Legetla,Igxalaba,pfudzi,expanded_shona_lexicon,pfudzi
Diba,Heure,9.0,Positive,Mot,hour,Ihora,Uur,Iri,Yure,awa,expanded_shona_lexicon,awa
Diba,Soleil,8.0,Positive,Mot,sun,Ilanga,Son,Letšatši,Ilanga,zuva,expanded_shona_lexicon,zuva
Dibaadi,Aussitôt,5.0,Positive,Mot,right away,Khona manje,Dadelik,Gateetee .,Ngoku nangoku,ipapo,expanded_shona_lexicon,ipapo
Dibadiabuakane,Soleildejustice,4.0,Positive,Mot,sunofjustice,I-SunofJustice,Sunofjustice,Sunofjustice .,Ilanga,sunoftion,expanded_shona_lexicon,sunoftion
Dibadikese,Instant,6.0,Positive,Mot,instant,Khona manje,Kits,Gatee,Kwangoko,pakarepo,expanded_shona_lexicon,pakarepo
Dibaka,Mariage,9.0,Positive,Mot,marriage,Ukugana,Huwelik,Lenyalo,Umtshato,kuroora,expanded_shona_alt,kuroorana
Dibala,Lecture,6.0,Positive,Mot,reading,Ukufunda,Lees,Go bala,Ukufunda,kuverenga,expanded_shona_lexicon,kuverenga
Dibanza,Dette,9.0,Positive,Mot,debt,Isikweletu,Skuld,Sekoloto,Ityala,chikwereti,expanded_shona_lexicon,chikwereti
Dibaya,Planche,4.0,Positive,Mot,plank,Iplank,Plank,Lepolanka .,Iplanga,plank,expanded_shona_loanword,plank
Dibeji,Feuille,5.0,Positive,Mot,leaf,Ikhasi,Blaar,Lehlare,Amagqabi,mashizha,expanded_shona_lexicon,mashizha
Dibela,Discipliner,3.0,Positive,Mot,discipline,Imfundiso yokulalela,Dissipline,Kgalema,Uqeqesho,kurangwa,expanded_shona_alt,kuranga
Dibidi(dituku),Deuxième,7.0,Positive,Mot,second,-Lekayo,Tweedens,Motsotswana,Isibini,chepiri,expanded_shona_lexicon,chepiri
Dibikakulufu,Résurrection,6.0,Positive,Mot,resurrection,Ukubusa,Opstanding,Tsogo .,Uvuko,kumuka,expanded_shona_alt,kumuka kuvakafa
Dibikidibua,Vocation,5.0,Positive,Mot,vocation,Ubizo,Roeping,Pitso ya .,Umsebenzi,basa,expanded_shona_lexicon,basa
Dibikila,Appel,5.0,Positive,Verbe,call,Memeza,Bel,Bitša,Umnxeba,kufona,expanded_shona_lexicon,kufona
Dibingishibua,Justification,5.0,Positive,Mot,justification,Ukuthethelela isizathu esizwakalayo,Regverdiging,Go lokafatšwa .,Ukuzithethelela,kururamisa,expanded_shona_lexicon,kururamisa
Diboko,Bras,4.0,Positive,Verbe,arm,Hlomisa,Arm,Letsogo,Ingalo,ruoko,expanded_shona_lexicon,ruoko
Dibue,Caillou,3.0,Positive,Verbe,pebble,Imbokojwana,Klippie,Pebble .,I-pebble,pebble,expanded_shona_alt,hurungudo
Dibueamushingamukole,Permanent,2.0,Positive,Verbe,permanent,-Ngenakuguqulwa,Permanent,Ruri,Isigxina,zvachose,expanded_shona_lexicon,zvachose
Dibuediamuditumba,Pierre(caused'achoppement),5.0,Positive,Verbe,peter (cause of stumbling),UPeter (imbangela yokukhubeka),Petrus (oorsaak van struikeling),Petro (sebaki sa go kgopša) .,UPeter (unobangela wokukhubeka),peter (chikonzero chekugumburwa),expanded_shona_lexicon,peter (chikonzero chekugumburwa)
Dibuediatshilenduishi,Piété,4.0,Positive,Mot,piety,Ukuphuthakaleka,Vroomheid,Borapedi bja borapedi .,Proity,pity,expanded_shona_alt,kunamata mwari
Dibuedinene,Meule,2.0,Positive,Mot,grindstone,Ukugaya,Slypsteen,Lefsika la go šila .,I-Grindstone,grindstone,expanded_shona_loanword,grindstone
"Dibuedinene,lubuebue",Roc,0.0,Neutre,Mot,rock,Itshe elikhulu,Rots,Letlapa,Iliwa,dombo,expanded_shona_lexicon,dombo
Dibueditoketô,Cristal,4.0,Positive,Mot,crystal,Itshe elikhanya okwengilazi,Kristal,kristale .,Ikristali,crystal,expanded_shona_loanword,crystal
Dibuejibua,Introduction,8.0,Positive,Mot,introduction,Ukuqalisa,Inleiding,Matseno,Intshayelelo,nhanganyaya,expanded_shona_lexicon,nhanganyaya
Dibuela,Entrée,5.0,Positive,Mot,entrance,Ukungena,Ingang,Mojako,Ukungena,kupinda,expanded_shona_lexicon,kupinda
Dibuelakana(malumabuelakane),Désordre,2.0,Positive,Mot,mess,Nyakanyekisa,Gemors,Bošaedi,Ukungcola,nyonganiso,expanded_shona_lexicon,nyonganiso
Dibuenekakumesu,Extérieurement,4.0,Positive,Mot,externally,Ngaphesheya,Ekstern,Ka ntle .,Ngaphandle,kunze,expanded_shona_lexicon,kunze
Dibuikidila,Pardon,8.0,Positive,Mot,pardon,Xolela,Verskoon,Tshwarelo,Uxolelo,kuregerera,expanded_shona_lexicon,kuregerera
Dibuikidila(mulambuwa),Propitiation,3.0,Positive,Mot,propitiation,Isazisa,Versoening,Poelano .,Ukuveliswa,kuperekedza,expanded_shona_lexicon,kuperekedza
Dibulu,Masse,5.0,Positive,Mot,mass,Okuninginingi,Mis,Boima,Ubunzima,misa,expanded_shona_lexicon,misa
Dibuluibua,Révélation,5.1047619047619,Positive,Mot,revelation,Ukwazisa,Openbaring,Kutollo .,ISityhilelo,zvakazarurwa,expanded_shona_lexicon,zvakazarurwa
Dibungama,"Défait,Regret",5.25119047619047,Positive,Mot,"defeated, regret","Ahluliwe, asole","Verslaan, spyt","Go fenywa, go itshola .","Yoyisiwe, ukuzisola","kukundwa, kuzvidemba",expanded_shona_alt,"kukundwa, zvidemba"
Dibungi,Nuage,5.39761904761904,Positive,Mot,cloud,Amafu,Wolk,Leru,Ilifu,gore,expanded_shona_lexicon,gore
Dibungibungi,Vapeur,5.54404761904761,Positive,Mot,steam,Isitimu,Stoom,Phišo,I-steam,steam,expanded_shona_loanword,steam
Dibutuka,Désolation,5.69047619047619,Positive,Mot,desolation,Ukuncithakalo,Verlatenheid,Lešope .,Phanzisiwe,dongo,expanded_shona_alt,kuparadza
Didiadiadisanka,Festin,5.83690476190476,Positive,Mot,feast,Idili,Fees,Monyanya,Umthendeleko,mabiko,expanded_shona_lexicon,mabiko
Didianjila,Avance,5.98333333333333,Positive,Mot,advance,Sondela,Bevorder,Gatetšego pele,Phambili,kufambira mberi,expanded_shona_lexicon,kufambira mberi
Didianjilakukosabualumumutshima,Préférence,6.1297619047619,Positive,Mot,preference,Ukuqoka,Voorkeur,Kgetho,Ukukhetha,kuda,expanded_shona_lexicon,kuda
Didianjilakumanya,Préconnaissance,6.27619047619047,Positive,Mot,precognition,Ukuhlukanisela izinhlanga,Voorkennis,Go lemoga pele ga nako .,Ukuqonda,precognitionition,expanded_shona_lexicon,precognitionition
Didibingisha,Excuse,6.42261904761904,Positive,Mot,excuse,Xolela,Ekskuus,Lebalela,Uxolo,ruregerero,expanded_shona_alt,kuregerera
Dididishi,Fenêtre,0.0,Neutre,Mot,window,Iwindi,Venster,Lefasetere,Iwindow,hwindo,expanded_shona_lexicon,hwindo
Didikanda,Tempérance,6.71547619047619,Positive,Mot,temperance,Ukugxila,Matigheid,Go itshwara ka tlase ga tekanyo .,Ushushu,kuzvidzora,expanded_shona_lexicon,kuzvidzora
"Didimuisha,dilongesha,kalasa",Discipline,6.86190476190476,Positive,Mot,discipline,Imfundiso yokulalela,Dissipline,Kgalema,Uqeqesho,kurangwa,expanded_shona_alt,kuranga
Didinga,Fraude,7.00833333333333,Positive,Mot,fraud,Ubuwanqa,Bedrog,Bomenetša,Ubuqhetseba,kubiridzira,expanded_shona_alt,chitsotsi
Didisankisha,Satisfaction,7.1547619047619,Positive,Mot,satisfaction,Ukugculiseka,Tevredenheid,Kgotsofalo,Ulwaneliseko,kugutsikana,expanded_shona_lexicon,kugutsikana
Didisua;diambu,Orgueil,7.30119047619047,Positive,Mot,pride,Ukuziqhenya,Trots,Boitumelo,Ikratshi,kudada,expanded_shona_alt,kuzvikudza
Didiunda,Croissance,7.44761904761904,Positive,Mot,growth,Ukundlondlobala,Groei,Kgolo,Ukukhula,kukura,expanded_shona_lexicon,kukura
Didiundisha,Avancement,7.59404761904761,Positive,Mot,advancement,Ukuqhubekela phambili,Vooruitgang,Kgatelopele .,Ukuqhubela phambili,kufambira mberi,expanded_shona_lexicon,kufambira mberi
Dieba,Aiguillon,-3.0,Neutre,Mot,sting,Tinyela,Steek,Loma,Ukubetha,kuruma,expanded_shona_lexicon,kuruma
Diedibuadiamanyi,Onction,3.0,Positive,Mot,anointing,Ukugcotshwa,Salwing,Tlotšo .,Ukuthanjiswa,kuzodza,expanded_shona_alt,kuzodzwa
Dienza,Opérant,4.0,Positive,Mot,operator,Osebenzayo,Operator,Modiriši .,Umqhubi,operator,expanded_shona_loanword,operator
Dienzejadiadipambuka,Énergied'erreur,-6.0,Negative,Mot,error energy,Amandla ephutha,Fout energie,Energy ya phošo .,Impazamo yamandla,kukanganisa simba,expanded_shona_alt,simba rekukanganisa
Dienzejibuakubukole,Contrainte,0.0,Positive,Mot,constraint,Ingxabano,Beperking,Thibelo .,Isithintelo,kumanikidza,expanded_shona_lexicon,kumanikidza
Difikadiamunda,Courroux,5.0,Positive,Mot,wrath,Ukuthukusana,Toorn,Kgalefo,Ingqumbo,kutsamwa,expanded_shona_alt,hasha
Difikishamunda,Irritation,7.0,Positive,Mot,irritation,Ukucunula,Irritasie,Go hlohlona .,Ukucaphukisa,kutsamwiswa,expanded_shona_lexicon,kutsamwiswa
Difu,Estomac,5.0,Positive,Mot,stomach,Isisu,Maag,Dimpa,Isisu,dumbu,expanded_shona_lexicon,dumbu
Difuma,Lance,5.0,Positive,Mot,spear,Izala,Spies,Lerumo la lerumo .,Umkhonto,pfumo,expanded_shona_lexicon,pfumo
Difutu,Dépens,5.0,Positive,Mot,costs,Izindleko,Kostes,Ditshenyagalelo .,Iindleko,mari,expanded_shona_alt,mariro
Dikenga,Tribulation,5.0,Positive,Mot,tribulation,Usizi,Verdrukking,Matshwenyego .,Imbandezelo,kutambudzika,expanded_shona_lexicon,kutambudzika
Dikenga,Détresse,-1.0,Negative,Mot,distress,Usizi,Nood,Kgakanego,Uxinzelelo,kutambudzika,expanded_shona_alt,kushungurudzika
Dikengadiabintu,Privation,5.0,Positive,Mot,deprivation,Ukwehliswa,Ontneming,Go hloka .,Ukuthotywa,kunyimwa,expanded_shona_lexicon,kunyimwa
Dikengeshibua,Oppression,5.0,Positive,Mot,oppression,Ukuhlupheka,Onderdrukking,Kgatelelo .,Ingcinezelo,kudzvinyirira,expanded_shona_alt,kudzvinyirirwa
Dikenke,Éclat,5.0,Positive,Mot,glow,Nkemuzela,Gloei,Phadima,Qaphela,kupenya,expanded_shona_lexicon,kupenya
Dikima,Assurance,5.0,Positive,Mot,insurance,Umshwalense,Versekering,Inšorentshe,I-inshurensi,inishuwarenzi,expanded_shona_lexicon,inishuwarenzi
Dikisha,Repos,5.0,Positive,Mot,rest,Thulisa,Rus,Khutša,Phumla,zorora,expanded_shona_lexicon,zorora
Dikolesha,Exercer,5.0,Positive,Mot,exercise,Vocavoca,Oefen,Itšhidulla,Umthambo,kurovedza muviri,expanded_shona_lexicon,kurovedza muviri
Dikonka,Question,5.0,Positive,Mot,question,Buza,Vraag,Potšišo,Umbuzo,mubvunzo,expanded_shona_lexicon,mubvunzo
Dikuatshisha,Contribution,5.0,Positive,Mot,contribution,Isethulo,Bydrae,Seabe,Igalelo,mupiro,expanded_shona_lexicon,mupiro
Dikuatshishangana,Fournissement,5.0,Positive,Mot,supply,Phakela,Voorsiening,Kabo,Ukubonelela,goverwa,expanded_shona_lexicon,goverwa
Dikudimuka,Variation,5.0,Positive,Mot,variation,Ukuphenduka,Variasie,Phapano .,Umahluko,kusiyana,expanded_shona_lexicon,kusiyana
Dikudimuna,Changement,5.0,Positive,Mot,change,Phendula,Verander,Phetogo,Utshintsho,shanduko,expanded_shona_lexicon,shanduko
Dikudimunadiamutshima,Repentance,5.0,Positive,Verbe,repentance,Ukuphenduka,Bekering,tshokologo .,Inguquko,kupfidza,expanded_shona_lexicon,kupfidza
Dikumadiamutshimabipetamunjilamibi,Avided'ungainhonteux,5.0,Positive,Mot,hungry for shameful gain,Elambile ngenzuzo eyihlazo,Honger vir skandelike wins,Tlala ya go hwetša poelo e hlabišago dihlong .,Balambile ukufumana inzuzo yeentloni,nzara yekuwana nyadzi kuwana,expanded_shona_alt,nzara yepfuma inonyadzisa
Dikumadiamutshimakubiuma,Avarice,5.0,Positive,Mot,avarice,Iphazazela,Gierigheid,Avarice .,I-avarice,avarice,expanded_shona_loanword,avarice
Dikumbana,Accomplissement,4.0,Positive,Mot,accomplishment,Ubungcweti,Prestasie,Phihlelelo .,Impumelelo,kuita,expanded_shona_alt,kubudirira
Dikuminebinayi,Quatorze,8.0,Positive,Nombre,fourteen,Ishumi nane,Veertien,Lesomenne,Shumi elinane,gumi neina,expanded_shona_lexicon,gumi neina
Dikumineibidi,Douze,8.0,Positive,Nombre,twelve,Ishumi nambili,Twaalf,Lesomepedi,Shumi elinambini,gumi nembiri,expanded_shona_lexicon,gumi nembiri
Dikumineitanu,Quinze,8.0,Positive,Nombre,fifteen,Ishumi nanhlanu,Vyftien,Lesomehlano,Shumi elinantlanu,gumi neshanu,expanded_shona_lexicon,gumi neshanu
Dikuminemuandamukulu,Dix-huit,6.0,Positive,Nombre,eighteen,Ishumi nesishayagalombili,Agtien,Lesomeseswai,Shumi elinesibhozo,gumi nesere,expanded_shona_lexicon,gumi nesere
Dikumineumue,"Onze,Onzième",6.0,Positive,Nombre,"eleven,eleventh","Eleven, Eleventh","Elf, elfde","Lesometee,lesometee .","Ishumi elinanye, ishumi elinanye","eleven, wegumi nemumwe",expanded_shona_alt,"eleven, eleventh"
Dikunji,Colonne,6.0,Positive,Mot,column,Insika,Kolom,Kholomo,Ikholamu,column,expanded_shona_loanword,column
Dikunyibua,Implanté,6.0,Positive,Mot,implanted,-Yisimukisa,Ingeplant,E tsentšwe .,Ifakwe,yakamiswa,expanded_shona_alt,kudyarwa
Dikunza,Roux,6.0,Positive,mm,redhead,-Bhebhe kahle,Rooikop,Moriri o mohwibidu .,Redhead,redhead,expanded_shona_loanword,redhead
Dikuta,Monnaie,6.0,Positive,Mot,cash,Ukheshi,Kontant,Kheše,Imali,mari,expanded_shona_lexicon,mari
Dikutadikese,Sou,6.0,Positive,Mot,sou,Ubuhlanga,Sou,Sou .,I-sou,sou,expanded_shona_loanword,sou
Diledibuakuatshiakabidi,Régénération,6.0,Positive,Mot,regeneration,Ukunyusa kabusha,Herlewing,Go tswalwa gape .,Ukuvuselelwa kwakhona,kuzvidzora,expanded_shona_alt,kuberekwa patsva
Dilejadiamampa,Propositionsdespains,2.0,Positive,Mot,bread suggestions,Iziphakamiso zesinkwa,Broodvoorstelle,Ditšhišinyo tša Borotho .,Iingcebiso zesonka,mazano echingwa,expanded_shona_lexicon,mazano echingwa
Dilejatshilema,Reproche,8.0,Positive,Mot,reproach,Ngqonhlamvu,Verwyt,kgobošo .,Ingcikivo,kuzvidza,expanded_shona_alt,kuzvidzwa
"Dilelela,tshiditshiakueyemenyibua",Certain,6.0,Positive,Mot,certain,-Azi kahle,Seker,Dingwe,Ezithile,vamwe,expanded_shona_alt,chokwadi
Dilengeja,Purification,5.0,Positive,Mot,purification,Ukuhlambululela,Suiwering,Tlhokomelo ya .,Ukucocwa,kucheneswa,expanded_shona_lexicon,kucheneswa
Dilengejibua,Perfection,5.0,Positive,Mot,perfection,Ukuphelela du,Perfeksie,Phethego .,Ukugqibelela,kukwana,expanded_shona_lexicon,kukwana
Dilengesha,Parure,5.0,Positive,Mot,adornment,Ukuhlobisa,Versiering,Mokgabišo .,Uhombiso,kushongedza,expanded_shona_lexicon,kushongedza
Dileta,Lettre,5.0,Positive,Mot,letter,Uhlamvu lokulandelana kwamagama,Brief,Lengwalo,Ileta,tsamba,expanded_shona_lexicon,tsamba
Diloba,Pêche,5.0,Positive,Mot,fishing,Ukufakaza,Visvang,Go rea dihlapi .,Ukuloba,kubata hove,expanded_shona_lexicon,kubata hove
Dilobo,Port,5.0,Positive,Mot,port,Itheku,Port,Phote,Izibuko,port,expanded_shona_loanword,port
Dilolo,Soir,5.0,Positive,Mot,evening,Kusihlwa,Aand,Mantšiboa,Ngokuhlwa,manheru,expanded_shona_lexicon,manheru
Dilomba,Demande,7.0,Positive,Mot,request,Nxusa,Versoek,Kgopelo,Isicelo,chikumbiro,expanded_shona_lexicon,chikumbiro
Dilondololadiandelanganyi,Généalogie,7.0,Positive,Mot,genealogy,Kohluzo,Genealogie,Leloko la leloko .,Umlibo,genealogy,expanded_shona_loanword,genealogy
Dilonga,Bassin,5.0,Positive,Mot,basin,Indishi,Wasbak,Beisine .,I-basin,bhesin,expanded_shona_lexicon,bhesin
Dilonga(dialabale),Plat,5.0,Positive,Mot,flat,Caba,Plat,Folete,Iflethi,flat,expanded_shona_loanword,flat
Dilongesha,Enseignement,5.0,Positive,Verbe,education,Imfundo,Onderwys,Thuto,Imfundo,dzidzo,expanded_shona_lexicon,dzidzo
Dilongolola,Préparation,4.0,Positive,Verbe,preparation,Amalungiselelo,Voorbereiding,Boitokišo,Ukulungiselela,kugadzirira,expanded_shona_lexicon,kugadzirira
Dilua,Arrivée,1.0,Positive,Mot,arrival,Ukufika,Aankoms,Go fihla,Ukufika,kusvika,expanded_shona_lexicon,kusvika
Diluangana,Lutte,2.0,Positive,Mot,struggle,Umshikashika,Stryd,Katana,Umzabalazo,kurwira,expanded_shona_alt,kutamburira
Dilubakana,Embarras,3.0,Positive,Verbe,embarrassment,Ukuphoxeka,Verleentheid,Go hlabja ke dihlong .,Iintloni,kunyara,expanded_shona_lexicon,kunyara
Dilulama,Droiture,4.0,Positive,Verbe,righteousness,Ukulunga,Geregtigheid,Go loka .,Ubulungisa,kururama,expanded_shona_lexicon,kururama
Dilumbuluisha,Jugement,1.0,Positive,Mot,judgement,Isahlulelo,Oordeel,Kahlolo .,Umgwebo,kutongwa,expanded_shona_alt,kutonga
Dima,Argile,2.0,Positive,Mot,clay,Ubumba,Klei,Letsopa,Udongwe,ivhu,expanded_shona_lexicon,ivhu
"Dimanya,lungenyi",Connaissance,2.85714285714286,Positive,Mot,awareness,Ukuzwa,Bewustheid,Temogo,Ukwazisa,kuziva,expanded_shona_lexicon,kuziva
Dimanyisha,Information,3.0,Positive,Mot,information,Ulwazi,Inligting,Tshedimošo,Ulwazi,ruzivo,expanded_shona_lexicon,ruzivo
Dimiamina,Aspersion,3.14285714285715,Positive,Mot,aspersion,Ukudabula,Aspersie,Aspersion .,I-appersion,sabashi,expanded_shona_lexicon,sabashi
Diminu,Semence,3.28571428571429,Positive,Mot,seed,Inhlwanyelo,Saad,Peu,Imbewu,mbeu,expanded_shona_lexicon,mbeu
Dimoma,Rouille,3.42857142857143,Positive,Mot,rust,Ukugqwala,Roes,Moruswi .,Rust,ngura,expanded_shona_lexicon,ngura
Dimueneka,Apparition,3.57142857142857,Positive,Mot,appearance,Ukubonakala,Voorkoms,Ponagalo,Imbonakalo,chitarisiko,expanded_shona_lexicon,chitarisiko
Dimuenesha,Démonstration,3.71428571428572,Positive,Mot,demonstration,Isibonakaliso,Demonstrasie,Pontšo .,Umboniso,kuratidzira,expanded_shona_lexicon,kuratidzira
Dina,Fos,3.85714285714286,Positive,Mot,fos,Ukuphambuza,Fos,FOS .,Fos,fos,expanded_shona_loanword,fos
Dinadiamayi,Fontaine,4.0,Positive,Mot,fountain,Isisuko,Fontein,Sediba .,Umthombo,tsime,expanded_shona_lexicon,tsime
Dinanga,Amour,4.14285714285715,Positive,Mot,love,Thanda,Liefde,Lerato,Uthando,rudo,expanded_shona_lexicon,rudo
Dinanga,Affection,4.28571428571429,Positive,Mot,affection,Uthando,Geneentheid,Lerato,Uthando,rudo,expanded_shona_lexicon,rudo
Dinanukila,Persévérer,4.42857142857143,Positive,Mot,persevere,Phikelela,Volhard,Kgotlelelo .,Zingise,kutsungirira,expanded_shona_alt,shingirira
Dinda,Matin,4.57142857142857,Positive,Mot,morning,Ekuseni,Oggend,Mesong,Ntseni,mangwanani,expanded_shona_lexicon,mangwanani
Dinda,Pointdujour,4.71428571428572,Positive,Mot,pointdujour,Inkani,Pointdujour,Ntlha ya Dujour .,I-PORTUKURE,pointdujour,expanded_shona_loanword,pointdujour
Dinemekela,Révérence,4.85714285714286,Positive,Mot,reverence,Ukuhlonipha,Eerbied,Tlhompho .,Intlonipho,kuremekedza,expanded_shona_lexicon,kuremekedza
Dinowa,Moisson,5.14285714285715,Positive,Mot,harvest,Okuvuniweyo,Oes,Buna,Ukuvuna,gohwo,expanded_shona_alt,kukohwa
Dinu,Dent,5.28571428571429,Positive,Mot,tooth,Izinyo,Tand,Leino,Izinyo,zino,expanded_shona_lexicon,zino
Dinua,Boire,5.42857142857143,Positive,Mot,drink,Phuza,Drink,Nwa,Isiselo,kunwa,expanded_shona_alt,inwai
Dinunganyi,Rumeur,5.57142857142857,Positive,Mot,rumor,Inzwabethi,Gerugte,Mabarebare .,Rumor,runyerekupe,expanded_shona_lexicon,runyerekupe
Dinungu,Jointure,5.71428571428572,Positive,Mot,join,Xhuma,Sluit aan,Kopanya,Joyina,join,expanded_shona_loanword,join
"Dinvuenkenya,Lupuishi",Poussière,5.85714285714286,Positive,Mot,dust,Uthuli,Stof,Lerole,Uthuli,guruva,expanded_shona_lexicon,guruva
Dinyanguka,Corruption,6.0,Positive,Mot,corruption,Ukonakala,Korrupsie,Bomenetša .,Urhwaphilizo,uori,expanded_shona_alt,huori
Dinyangukadiamoyo,Dissolution,6.14285714285715,Positive,Mot,dissolution,Ukucacisa,Ontbinding,Go phatlalatšwa .,Ukutshitshiswa,kupaza,expanded_shona_lexicon,kupaza
Dinyanguta,Avarie,6.28571428571429,Positive,Mot,damage,Umonakalo,Skade,Tshenyo,Umonakalo,kukuvara,expanded_shona_alt,kukuvadza
Dinyoka,Sentence,6.42857142857143,Positive,Mot,sentence,Jezisa,Sin,Lefoko,Isivakalisi,mutsara,expanded_shona_lexicon,mutsara
Dinyunguluka,Tour,6.57142857142857,Positive,Mot,round,-Yingiliza,Ronde,Sediko,Jikelezo,kutenderera,expanded_shona_lexicon,kutenderera
Diondoka,Profond,6.71428571428572,Positive,Mot,deep,-Julile,Diep,Tlase,Nzulu,zvakadzika,expanded_shona_lexicon,zvakadzika
Dipadialuse,Dondegrâce,4.0,Positive,Mot,dondegrace,I-donderace,Dondegrace,Dondegrace .,Dondergracce,donendegrce,expanded_shona_lexicon,donendegrce
Dipambuisha,Séduction,4.0,Positive,Mot,seduction,Ukuhlenga,Verleiding,Kgoketšo .,Ukucocwa,kunyengerera,expanded_shona_lexicon,kunyengerera
Dipambuka,Égarement,4.0,Positive,Mot,astrayment,Okokugwemakaza,Dwaling,Go aroša .,Ukuphazamiseka,kutsauka,expanded_shona_alt,kurasika
Dipandulula,Division,4.0,Positive,Mot,division,Isabelo,Afdeling,karohano .,Ukwahlula,kupatsanura,expanded_shona_lexicon,kupatsanura
Dipangadiakudikanda,Incontinence,4.0,Positive,Mot,incontinence,Ukungabaza,Inkontinensie,Go se kgone go itshwara .,Ukungakhathali,kusakwana,expanded_shona_lexicon,kusakwana
Dipangadikuatshisha,Inutilité,4.0,Positive,Mot,uselessness,Ukungabi nalusizo,Nutteloosheid,Go hloka mohola .,Ukungasebenzi,usashande,expanded_shona_alt,kusabatsira
Dipangadinyanguka,Incorruptibilité,4.0,Positive,Mot,incorruptibility,Ukulimaza ingozi,Onkreukbaarheid,Go se senyege .,Ukungakwazi,kusoraka,expanded_shona_alt,kusaora
Dipangadija,"Opinion,Propos",4.0,Positive,Mot,"opinion, comment","Umbono, ubeke amazwana","Opinie, kommentaar","Kgopolo, Tlhaloso .","Uluvo, izimvo","maonero, kutaura",expanded_shona_alt,"maonero, comment"
Dipatuka,Sortie,4.0,Positive,Mot,exit,Phuma,Verlaat,Tšwa,Phuma,kubuda,expanded_shona_lexicon,kubuda
Dipeta,Acquisition,4.0,Positive,Mot,acquisition,Okutholakele,Verkryging,Phihlelelo,Ukufunyanwa,kutora,expanded_shona_alt,kuwana
Dipetu,IgMotinie,4.0,Negative,Mot,igmotinie,Igmotinie,IgMotinie,Igmotinie .,Igmotinie,igmotinie,expanded_shona_loanword,igmotinie
Dipikula,Délivrance,0.0,Neutre,Mot,deliverance,Ukukhululwa,Bevryding,Tokollo .,Ukuhlangulwa,kununurwa,expanded_shona_lexicon,kununurwa
Dipila,Condamnation,4.0,Positive,Mot,conviction,Isigwebo,Oortuiging,Go bonwa molato .,Ukuqiniseka,kutendiswa,expanded_shona_lexicon,kutendiswa
"Dipingana,dipingaja",Retour,4.0,Positive,Mot,back,-Dlulile,Terug,Morago,Umva,kumashure,expanded_shona_lexicon,kumashure
Dipita,Victoire,4.0,Positive,Mot,victory,Ukwahlula,Oorwinning,Phenyo .,Uloyiso,kukunda,expanded_shona_lexicon,kukunda
Dipumbisha,Obstacle,4.0,Positive,Mot,obstacle,Isiphazamiso,Hindernis,Lepheko,Umqobo,chipinganidzo,expanded_shona_alt,chipingamupinyi
Dipumbishibua,Absence,4.0,Positive,Mot,absence,Ukungabibikho,Afwesigheid,Se be gona,Ukungabikho,kusavapo,expanded_shona_lexicon,kusavapo
Dipungadiyi,Consentementmutuel,4.0,Positive,Mot,mutualconsent,Mutalconsent,Wedersydse instemming,MutualConcent .,I-mutialscont,mutualconsent,expanded_shona_loanword,mutualconsent
Dipungi,Fatigue,4.0,Positive,Mot,fatigue,Ukudinwa,Moegheid,Lapile kudu,Ukudinwa,kupera simba,expanded_shona_alt,kuneta
Dipuyakana,Respiration,4.0,Positive,Mot,breathing,Ukuphefumula,Asemhaling,Go hema .,Ukuphefumla,kufema,expanded_shona_lexicon,kufema
Disakidila,Gratitude,4.0,Positive,Mot,gratitude,Ukubonga,Dankbaarheid,Tebogo,Umbulelo,kutenda,expanded_shona_lexicon,kutenda
Disalayi,Satellite,4.0,Positive,Mot,satellite,Imvoko,Satelliet,Sathalaete .,Isatellite,satellite,expanded_shona_loanword,satellite
Disalayidilamidiatshitudilu,Préfetduprétoire,4.0,Positive,Mot,prefect of the praetorium,Prefect of the praetorium,Prefek van die pretorium,Prefect ya praetorium .,Phinda umphambili wePlayetotium,fungidziro yeiyo praetorium,expanded_shona_alt,prefect wepraetorium
Disama,Maladie,4.0,Positive,Mot,disease,Isifo,Siekte,Bolwetši,Isifo,chirwere,expanded_shona_lexicon,chirwere
Disamadiamashiapatuka,Flux,4.0,Positive,Mot,flow,Thuntululeka,Vloei,Elela,Ukuhamba,kuyerera,expanded_shona_lexicon,kuyerera
Disamadiamubidikapia,Fièvre,4.0,Positive,Mot,fever,Imfiva,Koors,Letadi,Ifiva,kupindwa nechando,expanded_shona_lexicon,kupindwa nechando
Disambakana,Rencontre,4.0,Positive,Mot,encounter,Hlangana,Ontmoeting,Gahlana,Ukudibana,kusangana,expanded_shona_lexicon,kusangana
Disambi,Consolation,4.0,Positive,Mot,consolation,Iduta,Troos,Khomotšo .,Intsomi,nyaradzo,expanded_shona_lexicon,nyaradzo
Disangisha,Rassemblement,4.0,Positive,Mot,gathering,Idili,Byeenkoms,Kopano,Ukuqokelela,kuungana,expanded_shona_alt,kuunganidza
Disangishadiabintu,Collecte,4.0,Positive,Mot,collection,Izinto ezibuthelwe ndawonye,Versameling,Kgoboketšo,Ingqokelela,unganidzo,expanded_shona_lexicon,unganidzo
Disanka,Béatitude,4.0,Positive,Mot,bliss,Ubumnandi,Geluk,Boiketlo,Bliss,bliss,expanded_shona_loanword,bliss
Disanka,Heureux,4.0,Positive,Mot,happy,-Eneme,Gelukkig,Thabile,Bonwabile,kufara,expanded_shona_lexicon,kufara
Disanka,Joyeusement,4.0,Positive,Mot,joyfully,-Nengelo,Vreugdevol,ka lethabo .,Ngovuyo,nomufaro,expanded_shona_lexicon,nomufaro
Disankadiamuoyo,Volupté,4.0,Positive,Mot,voluptuousness,Ukuzinikela,Welwillendheid,Go ba le ditho tša ka ntle .,Ukuzivocavoca,kutsiva,expanded_shona_lexicon,kutsiva
Disankadinene,Transport,4.0,Positive,Mot,transportation,Ukuthutha,Vervoer,Thomelo ka senamelwa,Ukuthutha,zvekufambisa,expanded_shona_lexicon,zvekufambisa
Disele,Roseau,4.0,Positive,Mot,reed,Umnyathi,Riet,Reed .,Ingcongolo,reed,expanded_shona_loanword,reed
Disengelela,Supplication,5.0,Positive,Mot,supplication,Ukunxusa,Smeking,Kgopelo .,Ukucela,kuteterera,expanded_shona_lexicon,kuteterera
Dishima,Mensonge,5.0,Negative,Mot,lie,Ginqika,Lieg,Maaka,Ubuxoki,kunyepa,expanded_shona_alt,nhema
Dishimbuka,Ruine,4.0,Negative,Mot,ruin,Ingqile incithakalikayo,Ruïne,Senya,Ukonakala,kukuparadza,expanded_shona_lexicon,kukuparadza
Dishiya,Rive,0.0,Neutre,Mot,shore,Ugu,Oewer,Lebopo,Unxweme,mahombekombe,expanded_shona_lexicon,mahombekombe
Disombuela,Vengeance,5.0,Positive,Mot,revenge,Ukuphindisela,Wraak,Itefeletša,Ukuziphindezela,kutsiva,expanded_shona_lexicon,kutsiva
Disoso,Déchirure,4.0,Positive,Mot,tear,Ukudabula,Skeur,Gagola,Iinyembezi,misodzi,expanded_shona_lexicon,misodzi
Disu,Œil,4.0,Positive,Mot,eye,Ihlo,Oog,Leihlo,Iliso,ziso,expanded_shona_lexicon,ziso
Disu,Trou,5.0,Positive,Mot,hole,Umgodi,Gat,Lešoba,Umngxunya,gomba,expanded_shona_lexicon,gomba
Disua,Souhait,5.0,Positive,Mot,wish,Fisa,Wens,Duma,Ndinqwenela,chishuwo,expanded_shona_lexicon,chishuwo
Disua,Volonté,4.77272727272727,Positive,Mot,will,Isifiso,Sal,Tla,Iya,kuda,expanded_shona_lexicon,kuda
Disumakaja,Grincement,4.81468531468532,Positive,Mot,squeak,Ntswininiza,Piep,Squeak .,Squeak,svina,expanded_shona_lexicon,svina
Disuminyina,Activité,4.85664335664336,Positive,Mot,activity,Ukukhuthala,Aktiwiteit,Mošomo,Umsebenzi,chiitiko,expanded_shona_lexicon,chiitiko
Disungula,Choix,4.8986013986014,Positive,Mot,choice,Ukukhetha,Keuse,Kgetho,Ukhetho,sarudzo,expanded_shona_lexicon,sarudzo
Disunsula,Détail,4.94055944055944,Positive,Mot,detail,Umniningwane,Detail,Ka botlalo,Iinkcukacha,ruzivo,expanded_shona_lexicon,ruzivo
Ditabala,Recouvrement,4.98251748251748,Positive,Mot,recovery,Ukululama,Herstel,Kutollo,Ukubuyisela kwimeko yesiqhelo,kupora,expanded_shona_lexicon,kupora
Ditabuja,Réception,5.02447552447553,Positive,Mot,reception,Ihhovisi elamukela izivakashi ehhotela,Ontvangs,Boamogelabaeng,Ukwamkelwa,kugamuchira,expanded_shona_lexicon,kugamuchira
Ditabuja,Foi,5.06643356643357,Positive,Mot,faith,Ukholo,Geloof,Tumelo,Ukholo,kutenda,expanded_shona_lexicon,kutenda
Ditabujadikese,Petitefoi,5.10839160839161,Positive,Mot,littlefaith,Kancane,Kleingeloof,NUTHUTHUTHUTH .,Incinci,littlefaith,expanded_shona_loanword,littlefaith
Ditabujija,Perte,5.15034965034965,Positive,Mot,loss,Ukulahlekelwa,Verlies,Tahlegelo,Ilahleko,kurasikirwa,expanded_shona_lexicon,kurasikirwa
Ditalala,Tranquillité,5.19230769230769,Positive,Mot,tranquility,Ukuthula,Rustigheid,Khutšo .,Ukuzola,kugadzikana,expanded_shona_lexicon,kugadzikana
Ditama,Joue,5.23426573426573,Positive,Mot,plays,Idlala,Toneelstukke,Dipapadi tša go bapala .,Imidlalo,anotamba,expanded_shona_alt,mitambo
Ditamba,Avantage,4.0,Positive,Mot,advantage,Imbuyiselo,Voordeel,Mohola,Inzuzo,mukana,expanded_shona_lexicon,mukana
Ditambadiamutshi,Sarment,4.0,Positive,Mot,sarment,Ubuhlanya,Sarment,Sarment .,Isiphazamiso,sarment,expanded_shona_loanword,sarment
Ditamba,Triomphe,3.0,Positive,Mot,triumph,Ngokunqoba,Triomf,Triumph .,Uloyiso,kukunda,expanded_shona_lexicon,kukunda
Ditangila,Visitation,3.0,Positive,Mot,visitation,Ukuhanjelwa,Besoek,Ketelo .,Ukutyelelwa,kushanya,expanded_shona_lexicon,kushanya
Ditapuluka,Intrigue,3.0,Positive,Mot,plot,Isakhiwo sendaba,Plot,Maanomabe,Iyelenqe,zano,expanded_shona_lexicon,zano
Ditapulula,Différence,3.0,Positive,Mot,difference,Umahluko,Verskil,Phapano,Umahluko,mutsauko,expanded_shona_alt,musiyano
Ditatshisha,Importunité,4.0,Positive,Mot,importunity,Ukwelulwa kwabahli,Belangrikheid,Go reka ka ntle ga go se be le mohola .,Ukungenisa,kuparadza,expanded_shona_alt,kukosha
Ditekemena,Espérance,4.0,Positive,Mot,hope,Ithemba,Hoop,Kholofelo,Ithemba,tariro,expanded_shona_lexicon,tariro
Ditendelela,Culte,4.0,Positive,Mot,worship,Dumisa,Aanbidding,Tumiša,Unqulo,kunamata,expanded_shona_lexicon,kunamata
Ditengula,Circoncision,5.0,Positive,Mot,circumcision,Ukusoka,Besnydenis,Lebollo .,Ulwaluko,kudzingiswa,expanded_shona_lexicon,kudzingiswa
"Ditengula,divula",Dépouillement,5.0,Positive,Verbe,counting,Ukubalwa,Tel,Go bala .,Ukubala,kuverenga,expanded_shona_lexicon,kuverenga
Ditentekeshadiabianza,Impositiondesmains,5.0,Positive,Mot,laying on of hands,Ukulala izandla,Handoplegging,Go robala godimo ga diatla .,Ukulala kwezandla,kuisa maoko,expanded_shona_alt,kuturika maoko
Diteta,Épreuve,5.0,Positive,Mot,test,Ukuzama,Toets,Leka,Vavanyo,bvunzo,expanded_shona_lexicon,bvunzo
Ditokadikole,Blancheur,4.0,Positive,Mot,whiteness,Ubumsulwa,Witheid,Bosweu .,Imhlophe,white,expanded_shona_alt,kuchena
Ditomboka,Sédition,5.0,Positive,Mot,sedition,Ukubangela,Opruiing,Sedition .,I-sedation,sedition,expanded_shona_alt,kupandukira
Ditombokela,Apostasie,4.0,Positive,Mot,apostasy,Ukuphuza kakhulu,Afvalligheid,Bohlanogi .,Uwexuko,kuramba kutenda,expanded_shona_lexicon,kuramba kutenda
"Ditonda,dikula",Confession,4.0,Positive,Verbe,confession,Ukuvuma,Belydenis,Boipolelo .,Uvumo,kureurura,expanded_shona_lexicon,kureurura
Ditontolola,Contradiction,4.0,Positive,Mot,contradiction,Ukuphikisa,Teenstrydigheid,Kganetšano .,Ukuphikisana,kupokana,expanded_shona_lexicon,kupokana
Ditshina,Persécuter,0.0,Negative,Mot,persecute,Nqamuleza,Vervolg,Tlaišo .,Thumela,tambudza,expanded_shona_alt,tambudzai
Ditshiu,Oreille,0.0,Neutre,Mot,ear,Indlebe,Oor,Tsebe,Indlebe,nzeve,expanded_shona_lexicon,nzeve
Ditu,Forêt,4.0,Positive,Mot,forest,Ihlathi,Bos,Lešoka,Ihlathi,sango,expanded_shona_lexicon,sango
Ditua,Tranchant,4.0,Positive,Mot,sharp,-Bukhali,Skerp,Bogale,Bukhali,kupinza,expanded_shona_lexicon,kupinza
Dituamikemu,Gémissement,0.0,Neutre,Mot,groan,Ukugquma,Kreun,Go lla ga go lla .,Nchu,kugomera,expanded_shona_lexicon,kugomera
Dituaya,Tablier,0.0,Negative,Mot,apron,Iphinifa,Voorskoot,Apron .,I-apron,apron,expanded_shona_loanword,apron
Dituayi,Mouchoir,0.0,Negative,Mot,handkerchief,Ihengeshi,Sakdoek,Sakatuku .,I-handkerchief,ruoko,expanded_shona_lexicon,ruoko
Ditubula,Pénétrant,5.0,Neutre,Mot,penetrating,Ukungeniswa,Indringend,Go tsenelela .,Ukungena,kupinda,expanded_shona_alt,inopinza
Dituku,Jour,5.0,Neutre,Mot,day,Usuku,Dag,Letšatši,Usuku,zuva,expanded_shona_lexicon,zuva
DitukudiaDiledibua,Anniversairedenaissance,5.0,Positive,Mot,birthday,Usuku lokuzalwa,Verjaarsdag,Letšatši la matswalo,Usuku lokuzalwa,bhavhdhe,expanded_shona_lexicon,bhavhdhe
Ditukudiadisanka,Fête,5.0,Positive,Mot,party,Inhlangano,Partytjie,Mokgatlo,Itheko,party,expanded_shona_loanword,party
DitukudiaMukelenge,JourduSeigneur,4.0,Negative,Mot,dayofthelord,I-DayoOfseOlord,Dag van die Here,DayofTheMorena .,I-DayOfTeLord,dayfithothord,expanded_shona_alt,zuva raishe
Ditumbisha,Louange,0.0,Neutre,Mot,praise,Dumisa,Lofprysing,Tumiša,Indumiso,rumbidzo,expanded_shona_alt,rumbidzai
Ditumikila,Obéissance,4.0,Positive,Mot,obedience,Ukuzwa,Gehoorsaamheid,Go kwa .,Ukuthobela,kuteerera,expanded_shona_lexicon,kuteerera
Ditupakana,Ignorance,0.0,Neutre,Mot,ignorance,Ukungazi,Onkunde,Go hloka tsebo .,Ukungazi,kusaziva,expanded_shona_lexicon,kusaziva
Ditutu,Nuée,0.0,Neutre,Mot,cloud,Amafu,Wolk,Leru,Ilifu,gore,expanded_shona_lexicon,gore
Diulu,Ciel,5.0,Positive,Mot,sky,Isibhakabhaka,Hemel,Lefaufau,Isibhakabhaka,denga,expanded_shona_lexicon,denga
Diumusha,Enlèvement,4.0,Negative,Mot,kidnapping,Ukuthwala,Ontvoering,Go thopša ga batho .,Ukuthintela,kupamba,expanded_shona_lexicon,kupamba
Diumushamuditungadiabantukuyanabumuditungadikuabu,Transportation,0.0,Neutre,Mot,transportation,Ukuthutha,Vervoer,Thomelo ka senamelwa,Ukuthutha,zvekufambisa,expanded_shona_lexicon,zvekufambisa
Diunvuika,Retentissant,5.0,Neutre,Mot,resounding,-Ndumisa,Dawerend,Go a kwagala .,Ukubuyela,kutendeuka,expanded_shona_lexicon,kutendeuka
Divulangana,Débordement,6.0,Positive,Mot,overflow,Phuphuma,Oorloop,Go tlala .,Iphezulu,kufashukira,expanded_shona_lexicon,kufashukira
Divuluka,Souvenir,4.0,Positive,Mot,memory,Ukukhumbula,Geheue,Kgopolo,Imemori,ndangariro,expanded_shona_lexicon,ndangariro
Divundulula,Mouvement,5.0,Positive,Mot,movement,Ukuzamazama,Beweging,Mosepelo,Intshukumo,kufamba,expanded_shona_lexicon,kufamba
Diya,Départ,4.0,Neutre,Mot,departure,Ukuhamba,Vertrek,Go tloga,Ukumka,kuenda,expanded_shona_alt,kusimuka
Diyi,Commission,4.0,Positive,Mot,commission,Amandla okwenza,Kommissie,Khomišene,Ikhomishini,commission,expanded_shona_alt,komisheni
Diyi,Message,5.0,Positive,Mot,message,Izwi elithunyelweyo,Boodskap,Molaetša,Umyalezo,meseji,expanded_shona_alt,mharidzo
Diyidimue,Accord,5.0,Positive,Mot,agreement,Isivumelwano,Ooreenkoms,Tumelelano,Isivumelwano,chibvumirano,expanded_shona_lexicon,chibvumirano
Diyisha,Instruction,6.0,Positive,Mot,instruction,Ukufundisa,Instruksie,Thuto .,Umyalelo,kuraira,expanded_shona_lexicon,kuraira
Diyisha,Doctrine,0.0,Neutre,Mot,doctrine,Imfundiso,Leerstelling,Thuto .,Imfundiso,dzidziso,expanded_shona_lexicon,dzidziso
Diyoyi,Clameur,0.0,Neutre,Mot,clamor,Umkhumbi wakhomba,Gerrie,Go hlalefetša .,I-Clamor,kupopota,expanded_shona_alt,clamour
Diyoyo,Crierie,0.0,Neutre,Mot,criery,Imfihlo,Huil,Sediere .,Ceriry,cramer,expanded_shona_alt,kuchema
Diyoyo,Confusion,5.0,Positive,Mot,confusion,Isidididi,Verwarring,Tlhakatlhakano,Ukudideka,nyonganiso,expanded_shona_alt,kuvhiringidzika
Diyu,Œuf,5.0,Positive,Mot,egg,Iqanda,Eier,Lee,Iqanda,zai,expanded_shona_lexicon,zai
mushindu,categorie,8.0,Positive,Mot,category,uhlobo,kategorie,legoro,udidi,chikamu,expanded_shona_lexicon,chikamu
dishindike,catégorique,9.0,Positive,Mot,categorical,-qanjululekile,kategories,Go ba le legoro .,ubungakanani,zvakarongedzwa,expanded_shona_lexicon,zvakarongedzwa
kushindika,categoriquement,7.0,Positive,Mot,categorically,ngokwezigaba,kategories,Ka go lebanya ka go lebanya .,ngokwenqanaba,zvakaringana,expanded_shona_lexicon,zvakaringana
kubenga,refuser,0.0,Neutre,Mot,refuse,ala,weier,gana,inyikima,ramba,expanded_shona_alt,kuramba
nzubu,cathédrale,4.0,Positive,Mot,cathedral,enesihlalo somBhishoshi,katedraal,Cathedral .,ikati,cathedral,expanded_shona_loanword,cathedral
katolike,catholiscisme,3.0,Neutre,Mot,catholicism,UbuKatolika,Katolisisme,Bokatholika .,UbuKatolika,katurike,expanded_shona_alt,chikaturike
ekleziyawabantubonso,catholicité,0.0,Neutre,Mot,catholicity,Mocatority,katolisiteit,Bokatholika .,UbuKatolika,katholic,expanded_shona_alt,chikatorike
mukatolike,catholique,3.0,Positive,Mot,catholic,IKhatholika,Katoliek,Katholika .,AmaKatolika,katurike,expanded_shona_alt,katorike
bulondeshile,catholiquement,0.0,Neutre,Mot,catholic,iKhatholika,katoliek,Katholika .,amaKatolika,katurike,expanded_shona_alt,katorike
musokoko,catimini,0.0,Neutre,Mot,on the sly,ku-sly,op die slinkse manier,Ka Sly .,kwi-sly,pane sly,expanded_shona_alt,pamunyengeri
takanangana,cauchemar,0.0,Neutre,Mot,nightmare,iphupho elesabisayo,nagmerrie,segateledi,ubusuku,nightmare,expanded_shona_alt,hope dzinotyisa
mukila/tshipepe,caudal,6.0,Positive,Mot,caudal,caudal,stert,Caudal .,i-caudal,caudal,expanded_shona_loanword,caudal
mubela,cauris,5.0,Positive,Mot,cowries,Ama-Cowries,koekies,Dikgomo tša go swana le dikgomo .,iinkomo,mombe,expanded_shona_lexicon,mombe
kenzela,causal,5.0,Positive,Mot,causal,isengele,oorsaaklike,Sebaki .,i-causal,causal,expanded_shona_loanword,causal
dienzeja,causatif,0.0,Negative,Mot,causative,-selanayo,veroorsakende,Sebaki .,icawe,causative,expanded_shona_loanword,causative
muji,cause,-5.0,Negative,Mot,cause,dala,oorsaak,hlola,unobangela,chikonzero,expanded_shona_lexicon,chikonzero
kuyukila,causer,8.0,Positive,Mot,cause,dala,oorsaak,hlola,unobangela,chikonzero,expanded_shona_lexicon,chikonzero
diyuki,causerie,7.0,Positive,Mot,chat,ukuxoxa,gesels,boledišana,incoko,chat,expanded_shona_loanword,chat
kayuki,causette,2.0,Neutre,Mot,chat,ukuxoxa,gesels,boledišana,incoko,chat,expanded_shona_loanword,chat
mpiompia,causeur,6.0,Positive,Mot,conversationalist,oxoxa ngokuxoxa,gespreksgenoot,Motho yo a nago le poledišano .,Ingxoxo,convertationalist,expanded_shona_lexicon,convertationalist
di-osha,caustique,7.0,Positive,Mot,caustic,caostic,bytend,Caustic .,i-caustic,caustic,expanded_shona_loanword,caustic
mbabi,cauteleux,5.0,Positive,Mot,cautelous,-nobuthuzi,versigtig,Cauelous .,umkhethe,cautous,expanded_shona_alt,cauteous
tshiamu,cautere,4.0,Positive,Mot,cautery,I-CAUTELY,versorging,Go tšhuma .,cautery,cautery,expanded_shona_loanword,cautery
kuosha,cauteriser,0.0,Neutre,Mot,cauterize,nqaba,cauteriseer,Cauterize .,i-theuter,tautentize,expanded_shona_lexicon,tautentize
tshieya,caution,-6.0,Negative,Mot,deposit,faka,deposito,tipositi,idipozithi,dhipoziti,expanded_shona_lexicon,dhipoziti
kufila,cautionner,6.0,Positive,Mot,endorse,loba igama emuva kwesheke,onderskryf,Endorse .,i-enderse,endorse,expanded_shona_loanword,endorse
tshisumbu,cavalcade,8.0,Positive,Mot,cavalcade,cavalcade,kavalkade,Cavalcade .,cavavade,cavalcade,expanded_shona_loanword,cavalcade
basola/babandi,cavalerie,-5.0,Negative,Mot,cavalry,amasosha agibeleyo,kavallerie,Madira a go namela dipere .,amahashe,vatasvi,expanded_shona_alt,vatasvi vemabhiza
mubandi,cavalier,6.0,Positive,Mot,rider,umgibeli,ruiter,Mopalami .,rider,mutyairi,expanded_shona_alt,mutasvi
tshikamakama,cavalierement,9.0,Positive,Mot,cavalier,iphoyisa,kavalier,Cavalier .,cavalier,cavalier,expanded_shona_loanword,cavalier
buina,cave,8.0,Positive,Mot,cellar,sela,kelder,Sellathekeng .,celer,cellar,expanded_shona_loanword,cellar
ngomba,caveau,7.0,Positive,Verbe,vault,indlu eyisisefo esikhulu,kluis,Vault .,i-vault,vault,expanded_shona_loanword,vault
kutonkona,caver,5.0,Positive,Mot,cave,umhume,grot,lewa,umqolomba,bako,expanded_shona_lexicon,bako
lubinga,caverne,6.0,Positive,Mot,cave,umhume,grot,lewa,umqolomba,bako,expanded_shona_lexicon,bako
nyongolo,caverneux,8.0,Positive,Mot,cavernous,-qhuba ngasobala,grotagtige,Cavernous .,i-cavernous,kuravings,expanded_shona_lexicon,kuravings
mpoko,cavite,9.0,Positive,Mot,cavity,imbobo,holte,Lešoba la go ba le lešoba .,i-cavity,cavity,expanded_shona_alt,mhango
etshi,ceci,7.0,Positive,Mot,this,leli,hierdie,se,le,izvi,expanded_shona_lexicon,izvi
bufufu,cecite,0.0,Neutre,Mot,blindness,ubumpumputhe,blindheid,Bofofu .,ubumfama,kupofumiswa,expanded_shona_alt,upofu
kulekelela,ceder,0.0,Neutre,Mot,to sell,ukuthengisa,te verkoop,go rekiša .,ukuthengisa,kutengesa,expanded_shona_lexicon,kutengesa
kanyoka,cedukke,-4.0,Negative,Mot,cedukke,cedukke,cedukke,Cedukke .,i-cderkke,cedukke,expanded_shona_loanword,cedukke
kujinga,ceindre,0.0,Neutre,Mot,gird,bhince,gordel,Gird .,gin,gadzira,expanded_shona_alt,bhande
mukaba,ceinture,-3.0,Negative,Mot,belt,isibhamba,gordel,lepanta,ibhanti,bhandi,expanded_shona_lexicon,bhandi
tshimono,hanche,-8.0,Negative,Mot,hip,inqulu,heup,noka,hip,hip,expanded_shona_loanword,hip
kuvuadika,ceinturer,-7.0,Negative,Mot,belt,isibhamba,gordel,lepanta,ibhanti,bhandi,expanded_shona_lexicon,bhandi
mukaba,ceinturon,-6.0,Negative,Mot,belt,isibhamba,gordel,lepanta,ibhanti,bhandi,expanded_shona_lexicon,bhandi
atshio,cela,4.0,Positive,Mot,that,leyo,dit,gore,loo nto,izvo,expanded_shona_alt,kuti
tshiatshia,éloigné,0.0,Neutre,Mot,distant,-buqamama,ver,Kgole .,kude,kureba,expanded_shona_alt,kure
difuka,célébrant,5.0,Positive,Mot,celebrant,gumela,celebrant,Mokete wa go keteka .,umbhiyozo,calbrant,expanded_shona_alt,mupembereri
kutumbe,célébre,7.0,Positive,Mot,famous,-dumile,beroemd,tumile,idume,ane mukurumbira,expanded_shona_alt,mukurumbira
kutumbisha,célébrer,9.0,Positive,Mot,celebrate,gubha,vier,keteka,bhiyozela,pemberera,expanded_shona_lexicon,pemberera
katumbi,célébrité,-6.0,Negative,Mot,celebrity,ubizo,celebrity,Motho wa go tuma .,Udumo,mukurumbira,expanded_shona_lexicon,mukurumbira
kusokoka,celer,-7.0,Negative,Mot,celer,isinye noma noma,seler,Celer .,umntu ocelalwayo,celer,expanded_shona_loanword,celer
lubilu,célérité,-5.0,Negative,Mot,celerity,isibeletho,spoedigheid,Go Clelerity .,ubuntu,celerity,expanded_shona_loanword,celerity
mudiulu,céleste,-7.0,Negative,Mot,celestial,-bukeyela basezulwini,hemelse,Legodimo la Legodimo .,isibhakabhaka,kudenga,expanded_shona_alt,zvekudenga
bujike,célibat,-6.0,Negative,Mot,celibacy,ubumpohlo,selibaat,Go se nyale .,i-celikelelacy,celibacy,expanded_shona_alt,kusaroora
mujike,célibataire,8.0,Positive,Mot,single,-Nye zwi,Enkellopend,Tee,Tshatile,single,expanded_shona_loanword,single
mulami,céllérier,0.0,Neutre,Mot,cellar,sela,kelder,Sellathekeng .,celer,cellar,expanded_shona_loanword,cellar
tshilaminu,cellier,4.0,Positive,Mot,cellar,sela,kelder,Sellathekeng .,celer,cellar,expanded_shona_loanword,cellar
kabambalu,cellule,6.0,Positive,Mot,cell,iseli,sel,sele,iseli,sero,expanded_shona_lexicon,sero
ewu,celui,-8.0,Negative,Mot,the one,Iyona yodwa,die een,E tee .,eyona,iyo,expanded_shona_alt,uyo
ewu,celle,9.0,Positive,Mot,that,leyo,dit,gore,loo nto,izvo,expanded_shona_alt,kuti
aba,ceux,-9.0,Negative,Mot,those,lezo,dié,bao,ezo,izvo,expanded_shona_alt,avo
aba,celles,5.0,Positive,Mot,those,lezo,dié,bao,ezo,izvo,expanded_shona_alt,avo
mema,moi,9.0,Positive,Mot,me,Mina,Ek,Nna,Mna,ini,expanded_shona_lexicon,ini
butu,cendre,-6.0,Negative,Mot,ash,umlotha,as,molora,i-ash,ash,expanded_shona_loanword,ash
kushidisha,calciner,-4.0,Negative,Mot,calcine,uhlobo lwekhashi,kalsien,Calcine .,ulawulo,calcine,expanded_shona_loanword,calcine
tshiabutu,cendrier,6.0,Positive,Mot,ashtray,isitsha somlotha kagwayi,asbakkie,Ashtray .,i-ashtray,ashtray,expanded_shona_loanword,ashtray
didia,cène,-5.0,Negative,Mot,supper,ukudla kwakusihlwa,aandete,difihlolo,isidlo sangokuhlwa,kudya kwemanheru,expanded_shona_alt,chirairo
mudiambike,cénobite,4.0,Positive,Mot,cenobite,isizwe,senobie,Cenobite .,i-cenobite,cenobite,expanded_shona_loanword,cenobite
lukitaluibaka,cénotaphe,8.0,Positive,Mot,cenotaph,cenotaph,senotaaf,Cenotaph .,I-Cetaff,cenotaph,expanded_shona_loanword,cenotaph
manya,censé,0.0,Neutre,Mot,supposed,-catshalwa,veronderstel,swanetše,icingelwe,zvinofungidzirwa,expanded_shona_alt,zvakafanira
mutaludi,censeur,0.0,Neutre,Mot,censor,Cencer,sensor,Mohlahlobi wa Ditlhaloso .,censor,censor,expanded_shona_loanword,censor
didiwula/diteta,censure,-8.0,Negative,Mot,censorship,ukucwaninga,sensuur,Go hlahloba dipuku tša go hlahloba .,UCREDRORT,censorship,expanded_shona_loanword,censorship
kuteta,censurer,-3.0,Negative,Mot,censor,Cencer,sensor,Mohlahlobi wa Ditlhaloso .,censor,censor,expanded_shona_loanword,censor
lukama,cent,-5.0,Negative,Mot,hundred,ikhulu,honderd,lekgolo,ikhulu,zana,expanded_shona_lexicon,zana
lukama,centaine,5.0,Positive,Mot,hundred,ikhulu,honderd,lekgolo,ikhulu,zana,expanded_shona_lexicon,zana
mubuabua,chacal,8.0,Positive,Mot,jackal,ugwasi,jakkals,Jackal .,jackal,jacal,expanded_shona_lexicon,jacal
muntuyonso,chacun,0.0,Neutre,Mot,each,sisinye,elk,nngwe le e nngwe,nganye,imwe neimwe,expanded_shona_alt,chimwe nechimwe
dibungama,chagrin,4.0,Positive,Mot,grief,ubuhlungu,hartseer,bohloko,usizi,kusuwa,expanded_shona_lexicon,kusuwa
mutoyi,chahut,9.0,Positive,Mot,ruckus,Ruckus,rumoer,Ruckus .,ruccus,ruckus,expanded_shona_loanword,ruckus
kusalakaja,chahuter,7.0,Positive,Mot,heckle,heckle,hekel,Heckle .,Huckle,heckle,expanded_shona_loanword,heckle
lukanu,chaine,8.0,Positive,Mot,chain,uhide,ketting,tšhaene,itsheyini,chain,expanded_shona_alt,cheni
kuelekeja,chainer,7.0,Positive,Mot,chain,uhide,ketting,tšhaene,itsheyini,chain,expanded_shona_alt,cheni
kakanu,chainette,6.0,Positive,Mot,chain,uhide,ketting,tšhaene,itsheyini,chain,expanded_shona_alt,cheni
lukanu,chainon,0.0,Neutre,Mot,link,ulungu lokuthile,skakel,amanya,ikhonkco,chinongedzo,expanded_shona_lexicon,chinongedzo
munyinyi,chair,8.0,Positive,Mot,flesh,umzimba,vlees,nama,inyama,nyama,expanded_shona_lexicon,nyama
ntoyi,chaire,-8.0,Negative,Mot,pulpit,indawo yokuma uma umuntu eshumayela,preekstoel,Sefala .,ipulpiti,pulpit,expanded_shona_alt,papurupiti
nkuasa,chaise,-9.0,Negative,Mot,chair,isihlalo,stoel,setulo,isitulo,chigaro,expanded_shona_lexicon,chigaro
muenjiwankuasa,chaisier,0.0,Neutre,Mot,chair,isihlalo,stoel,setulo,isitulo,chigaro,expanded_shona_lexicon,chigaro
musumbi,chaland,0.0,Neutre,Mot,barge,isikebhe esinesinqe esibanzi sokuthwala impahla,bak,Barge .,i-barge,barge,expanded_shona_loanword,barge
muanzankongolo,chalcide,-8.0,Negative,Mot,chalcid,i-chalcid,kalk,KHALCID .,i-chalcid,chibatri,expanded_shona_lexicon,chibatri
kazubu,chalet,-6.0,Negative,Mot,cottage,indlwana ikotishi,huisie,kotase,i-cottage,imba yekutandarira,expanded_shona_lexicon,imba yekutandarira
luya,chaleur,0.0,Neutre,Mot,heat,ukushisa,hitte,phišo,ubushushu,kupisa,expanded_shona_lexicon,kupisa
kusuminyina,chaleureusement,-3.0,Negative,Mot,warmly,ngemfudumalo,warm,ka borutho .,ngokufudumeleyo,hushamwari,expanded_shona_alt,noushamwari
disuminyina,chaleureux,6.0,Positive,Mot,warm,-fudumele,warm,ruthela,kushushu,kudziya,expanded_shona_lexicon,kudziya
mitshi,chalit,7.0,Positive,Mot,bedstead,embhedeni,ledikant,Bedstead ya malao .,ibhedi,bedstead,expanded_shona_loanword,bedstead
buatu,chaloupe,-5.0,Negative,Mot,boat,isikebhe,boot,seketswana,isikhephe,chikepe,expanded_shona_lexicon,chikepe
lushiba,chalumeau,7.0,Positive,Verbe,blowtorch,Blowtorch,blaasvlam,Sethunya sa go foka .,i-blocloctch,blowtorch,expanded_shona_loanword,blowtorch
kapamba,chalut,6.0,Positive,Mot,trawl,trawl,treil,Trawl .,trawl,trawl,expanded_shona_loanword,trawl
kutanda,chamailler,0.0,Neutre,Mot,bicker,ubhilibheli,kibbel,Bicker .,ibhayisekile,bicker,expanded_shona_loanword,bicker
bilengejilu,chamarrer,5.0,Positive,Mot,brighten up,khanyisa phezulu,ophelder,Kganya godimo .,khanyisa,batidza,expanded_shona_alt,kupenya
kondakond,chambard,6.0,Positive,Mot,upheaval,-phuthumayo,omwenteling,Phapano ya godimo .,i-upheaval,upheaval,expanded_shona_alt,mhirizhonga
tshibambalu,chambre,9.0,Positive,Mot,bedroom,igumbi,slaapkamer,borobalelo,igumbi lokulala,imba yekurara,expanded_shona_lexicon,imba yekurara
kazubu,chambrette,-3.0,Negative,Mot,bedroom,igumbi,slaapkamer,borobalelo,igumbi lokulala,imba yekurara,expanded_shona_lexicon,imba yekurara
kamelo,chameau,-7.0,Negative,Mot,camel,ikameli,kameel,Kamela .,inkamela,ngamera,expanded_shona_lexicon,ngamera
musakiwatumelo,chamelier,8.0,Positive,Mot,camel driver,Umshayeli Wekamela,kameelbestuurder,Mootledi wa Kamela .,Umqhubi weCamel,camel driver,expanded_shona_alt,mutyairi wengamera
kamelokakaji,chamelle,0.0,Neutre,Mot,camel,ikameli,kameel,Kamela .,inkamela,ngamera,expanded_shona_lexicon,ngamera
budimi,champ,7.0,Positive,Mot,field,idlelo,veld,tšhemo,intsimi,munda,expanded_shona_lexicon,munda
budimi,champetre,4.0,Positive,Mot,country,izwe,land,naga,ilizwe,nyika,expanded_shona_lexicon,nyika
buowa,champignon,9.0,Positive,Mot,mushroom,ikhowe,sampioen,tlokwane,imashurumi,mushwa,expanded_shona_alt,howa
tshilobo/tshilumbayi,champion,6.0,Positive,Mot,champion,ingqwele,kampioen,Mofenyi wa mmolai .,intshatsheli,champion,expanded_shona_alt,shasha
bidimulukama,centenaire,-6.0,Negative,Mot,centenary,-esenti lemikhulu,eeufees,Lekgolo la Mengwaga .,intlangano-mali,centenary,expanded_shona_alt,zana
bidimulukama,centennal,0.0,Neutre,Mot,centennial,-ngaphakathi kakhulu,eeufees,Lekgolo la mengwaga .,I-Centennial,centennial,expanded_shona_alt,zana remakore
bitupalukama,centiseimal,-5.0,Negative,Mot,centiseimal,centisemal,sentiseimaal,CentiseImal .,i-ceritieimal,centiseimal,expanded_shona_loanword,centiseimal
tshialukamatshia,centiare,9.0,Positive,Mot,centiare,centilisare,centiare,Centiare .,dantiiare,centiare,expanded_shona_loanword,centiare
tshialukama,centième,8.0,Positive,Mot,hundredth,abakhulumile yini,honderdste,Lekgolo la .,ikhulu,zana,expanded_shona_alt,yezana
pankatshi,central,0.0,Neutre,Mot,central,-phakathi impela,sentraal,Bogare bja Bogare .,embindini,pakati,expanded_shona_alt,nechepakati
disangisha,centralisation,-6.0,Negative,Mot,centralization,ukufakwa kwamaphakathi,sentralisasie,Go tsenywa bogareng .,umbindiso,centragation,expanded_shona_lexicon,centragation
kusangisha,centraliser,7.0,Positive,Mot,centralize,hlanganisa ndawonye,sentraliseer,Go tsenya bogareng .,bize,concing,expanded_shona_lexicon,concing
nkatshi,centre,-5.0,Negative,Mot,center,indawo yangaphakathi impela,sentrum,bogareng,iziko,pakati,expanded_shona_alt,centre
kutekapankatshi,centrer,6.0,Positive,Mot,center,indawo yangaphakathi impela,sentrum,bogareng,iziko,pakati,expanded_shona_alt,centre
pankatshi,centrifuge,-8.0,Negative,Mot,centrifugal,centrifugal,sentrifugale,Centrifugal .,I-centrifugal,centrifugal,expanded_shona_loanword,centrifugal
bekapankatshi,centripète,-9.0,Negative,Mot,centripetal,centripetal,sentripetaal,Centripetal .,Menti,centratel,expanded_shona_lexicon,centratel
misangulukama,centuple,8.0,Positive,Mot,hundredfold,amakhulukhulu,honderdvoudig,Lekgolo la go menagana .,ikhulu,zana,expanded_shona_alt,zvakapetwa kazana
kuvudijamisangulukama,centupler,-6.0,Negative,Mot,hundredfold,amakhulukhulu,honderdvoudig,Lekgolo la go menagana .,ikhulu,zana,expanded_shona_alt,zvakapetwa kazana
fumu,centurion,-8.0,Negative,Verbe,centurion,inqwaba,hoofman oor honderd,Centurion .,ikhulu,centurion,expanded_shona_alt,mukuru wezana
musthiwamvinyo,cep,0.0,Neutre,Mot,vine,isithombe esithandelayo,wingerdstok,Morara .,umdiliya,muzambiringa,expanded_shona_lexicon,muzambiringa
pinapo,cependant,0.0,Neutre,Mot,however,Nokho,Egter,Le ge go le bjalo,Nangona kunjalo,zvisinei,expanded_shona_lexicon,zvisinei
disamadiamutu,cephalée,-3.0,Negative,Mot,headache,ukuphathwa yikhanda,hoofpyn,hlogo e opago,intloko ebuhlungu,kutemwa nemusoro,expanded_shona_alt,musoro
bintubiadibumba,céramique,-6.0,Negative,Mot,ceramic,-ezitsha zobumba,keramiek,Ceramic .,i-ceramic,ceramic,expanded_shona_loanword,ceramic
mufimbiwabiadibumba,céramiste,0.0,Neutre,Mot,ceramist,umthambo wezimbuphezi,keramiker,Mo-Ceramist .,i-ceram,ceramist,expanded_shona_loanword,ceramist
mulamiwatshikisu,céerbère,0.0,Neutre,Mot,ceerberus,ceerberus,cerberus,Ceerberus .,iCeerbes,ceerberus,expanded_shona_loanword,ceerberus
tshitangu,cerceau,5.0,Positive,Mot,hoop,ihashana,hoepel,Hoop .,hoop,hoop,expanded_shona_loanword,hoop
tshijengu,cercle,4.0,Positive,Mot,circle,zungeza,sirkel,sediko,isangqa,denderedzwa,expanded_shona_lexicon,denderedzwa
kuasatshitangu,cercler,6.0,Positive,Mot,circle,zungeza,sirkel,sediko,isangqa,denderedzwa,expanded_shona_lexicon,denderedzwa
mushete,cerceuil,8.0,Positive,Mot,coffin,ibhokisi lokungcwaba,kis,Lekese .,ibhokisi,bhokisi,expanded_shona_lexicon,bhokisi
ntete,céréale,9.0,Positive,Mot,cereal,inhlamvu kakolweni nezinye ezinjalo,graan,serele,i-cereal,zviyo,expanded_shona_lexicon,zviyo
lungenyi,cérébral,9.0,Positive,Mot,cerebral,i-cerebral,serebrale,Bjoko .,i-cerebral,cerebral,expanded_shona_loanword,cerebral
nseremonyiya,cérémonie,8.0,Positive,Mot,ceremony,umkhosi,seremonie,moletlo,umsitho,mhemberero,expanded_shona_lexicon,mhemberero
bukalangabupite,cérémonieux,-7.0,Negative,Mot,ceremonious,-nothando,seremonieel,Moletlo .,amandla okukhula,mhemberero,expanded_shona_lexicon,mhemberero
ngulungu,cerf,0.0,Neutre,Mot,deer,izidubhu,takbokke,tshepe,inyamakazi,nondo,expanded_shona_lexicon,nondo
kunyungulukila,cerner,9.0,Positive,Mot,to surround,ukuzungeza,omring,Go dikologa .,ukujikeleza,kutenderedza,expanded_shona_alt,kukomberedza
bushuwa,certain,6.0,Positive,Mot,certain,-azi kahle,seker,dingwe,ezithile,vamwe,expanded_shona_alt,chokwadi
bulelela,certainement,4.0,Positive,Mot,certainly,impela,beslis,ka nnete,ngokuqinisekileyo,zvirokwazvo,expanded_shona_lexicon,zvirokwazvo
bulelela,certes,5.0,Positive,Mot,certainly,impela,beslis,ka nnete,ngokuqinisekileyo,zvirokwazvo,expanded_shona_lexicon,zvirokwazvo
mukandawatshijadiku,certificat,-4.0,Negative,Mot,certificate,isitifiketi,sertifikaat,setifikeiti,isatifiketi,chitupa,expanded_shona_lexicon,chitupa
kushindika,certifier,6.0,Positive,Mot,certify,qinisa,sertifiseer,Netefatša .,qinisekisa,certify,expanded_shona_loanword,certify
bulelelabushidame,certitude,4.0,Positive,Mot,certainty,iqiniso,sekerheid,bonnete bja .,ukuqiniseka,chokwadi,expanded_shona_lexicon,chokwadi
tumyituamatshio,cérumen,0.0,Neutre,Mot,cerumen,okuhlwempula,cerumen,Cerumen .,i-curumen,cerumen,expanded_shona_loanword,cerumen
mbonko,cerveau,5.0,Positive,Mot,brain,ingqondo,brein,bjoko,Ingqondo,uropi,expanded_shona_lexicon,uropi
buongobukese,cervelet,6.0,Positive,Mot,cerebellum,cerebellum,serebellum,Cerebellum .,i-cerebellum,cerebellum,expanded_shona_loanword,cerebellum
buongo/mbonko,cervelle,7.0,Positive,Mot,brain,ingqondo,brein,bjoko,Ingqondo,uropi,expanded_shona_lexicon,uropi
nshingu,cervical,8.0,Positive,Mot,cervical,umcebile,servikale,Molomo wa popelo .,isibeleko,cervical,expanded_shona_loanword,cervical
ebi,ces,6.0,Positive,Mot,these,lezi,hierdie,tše,ezi,izvi,expanded_shona_lexicon,izvi
dilekela,cessation,-5.0,Negative,Mot,cessation,ukunqatshelwa,staking,Go kgaotša ga .,ukuphela,cessation,expanded_shona_loanword,cessation
ndekelu,cesse,-6.0,Negative,Mot,cease,phela,ophou,emiša,pheka,regedza,expanded_shona_lexicon,regedza
kulekela,cesser,-8.0,Negative,Mot,cease,phela,ophou,emiša,pheka,regedza,expanded_shona_lexicon,regedza
dilekela/kuleka,cession,0.0,Neutre,Mot,transfer,dlulisela,oordrag,fetišetša,tshintshela,chinjana,expanded_shona_lexicon,chinjana
buenakuambane,c'est-à-dire,8.0,Positive,Mot,that's to say,lokho kusho,dis te sê,Ke go re .,Oko kukuthi,ndiko kuti,expanded_shona_alt,ndiko kutaura
dikosa,césure,9.0,Positive,Mot,hyphenation,hyphenation,koppeltekens,Hyphenation .,I-Hypheetion,hyphenation,expanded_shona_loanword,hyphenation
mushipawantkuja,cétace,7.0,Positive,Mot,cetacean,I-CETACEAN,walvisvoël,Cetacean .,I-Cetacean,cetengesaan,expanded_shona_lexicon,cetengesaan
muenadikasa,chancard,0.0,Neutre,Mot,chance,ithuba,kans,sebaka,ithuba,mukana,expanded_shona_lexicon,mukana
dimemba,chance,4.0,Positive,Mot,chance,ithuba,kans,sebaka,ithuba,mukana,expanded_shona_lexicon,mukana
tutbile/tekakane,chancelant,0.0,Neutre,Mot,faltering,ukudoba,wankelend,Go thekesela .,tywina,kuderera,expanded_shona_alt,kupera simba
kulenduka,chanceler,0.0,Neutre,Mot,stagger,bhiyazela,wankel,Go thekesela .,stagger,kudzedzereka,expanded_shona_lexicon,kudzedzereka
disakadimpe,chanceux,4.0,Positive,Mot,lucky,-nenhlanhla,gelukkig,mahlatse,ngethamsanqa,rombo rakanaka,expanded_shona_lexicon,rombo rakanaka
kukuata,chancir,0.0,Neutre,Mot,change,phendula,verander,phetogo,utshintsho,shanduko,expanded_shona_lexicon,shanduko
mupila,chandail,0.0,Neutre,Mot,sweater,ijezi,trui,swetha,sweatshi,sweatre,expanded_shona_alt,juzi
dilambula,chandeleur,0.0,Neutre,Mot,candlemas,Iphoyisa,Kersfees,Di- candlema .,Candles,candlemas,expanded_shona_alt,makenduru
tshiamutshiatundeya,chandelier,6.0,Positive,Mot,candlestick,ikhandlela,kandelaar,Kerese ya go swara kerese .,Isikhandlela,chigadziko,expanded_shona_alt,chigadziko chemwenje
kandeya,chandelle,5.0,Positive,Mot,candle,ikhandlela,kers,Kerese .,ikhandlela,kenduru,expanded_shona_lexicon,kenduru
dishintakaja,change,5.0,Positive,Mot,exchange,shintshisana,ruil,phetošo,tshintshiselana,kuchinjana,expanded_shona_lexicon,kuchinjana
muakuandamuna,changeabke,-4.0,Negative,Mot,changeabke,I-Changeabke,verander,Changeabke .,utshintsholeki,changeabka,expanded_shona_lexicon,changeabka
ngandamunuinu,changement,-5.0,Negative,Mot,change,phendula,verander,phetogo,utshintsho,shanduko,expanded_shona_lexicon,shanduko
kushituka,changer,8.0,Positive,Mot,to change,ukushintsha,te verander,go fetoga .,ukutshintsha,kuchinja,expanded_shona_lexicon,kuchinja
mushitakaji,changeur,7.0,Positive,Mot,changer,umguquguquli,wisselaar,Mofetoledi .,umtshintshi,changer,expanded_shona_alt,change
musambo,chanson,2.0,Neutre,Mot,song,iculo,liedjie,koša,ingoma,rwiyo,expanded_shona_lexicon,rwiyo
kasambo,chansonnette,6.0,Positive,Mot,ditty,cuitro,ditty,Ditty .,ditty,ditty,expanded_shona_loanword,ditty
kuimba,chansonner,7.0,Positive,Mot,sing,cula,sing,opela,cula,imba,expanded_shona_lexicon,imba
muenjiwankuasa,chansonnier,5.0,Positive,Mot,singer,umculi,sanger,moopedi,imvumi,muimbi,expanded_shona_lexicon,muimbi
ngimbilu,chant,4.0,Positive,Mot,singing,ukucula,sing,Go opela .,ukucula,kuimba,expanded_shona_lexicon,kuimba
dikalu/ditempu,char,0.0,Neutre,Mot,tank,ithange,tenk,Tanka ya .,itanki,tangi,expanded_shona_lexicon,tangi
tshiakulakula,charabia,-6.0,Negative,Mot,gibberish,gibberish,brabbeltaal,Gibberish .,I-Gibberish,gibberish,expanded_shona_loanword,gibberish
nshinga/dijimbu,charade,6.0,Positive,Mot,charade,chawa,charade,Charade .,charade,charade,expanded_shona_loanword,charade
mulonda,charançon,8.0,Positive,Mot,weevil,-shobi,kalander,Weevil .,ewe,weevil,expanded_shona_loanword,weevil
makala,charbon,-5.0,Negative,Mot,coal,amalahle,steenkool,malahla,amalahle,marasha,expanded_shona_lexicon,marasha
tshimbilutshiamabueamakala,charbonnage,6.0,Positive,Mot,coal mining,Imayini yamalahle,steenkoolmynbou,Meepo ya malahla .,Imigodi yamalahle,coal mining,expanded_shona_alt,kuchera marasha
munyinyimuboza,charcuterie,9.0,Positive,Mot,cold cuts,ukusikeka okubandayo,kouevleis,Dikotwana tša go tonya .,Ukuncipha kubandayo,kutonhora kucheka,expanded_shona_alt,chando chekucheka
mupanyiwamunyinyiwangulube,charcutier,8.0,Positive,Mot,butcher,ukuhlaba inyama,slagter,Butcher ya nama .,umxheli,butcher,expanded_shona_alt,bhucha
mungonga,chardon,7.0,Positive,Verbe,thistle,thi Tistle,distel,Thistle .,nje,thtle,expanded_shona_alt,rukato
bujitu,charge,5.0,Positive,Mot,charge,khokhisa,hef,lefiša,intlawulo,mhosva,expanded_shona_lexicon,mhosva
mukenji,chargé,6.0,Positive,Mot,charge,khokhisa,hef,lefiša,intlawulo,mhosva,expanded_shona_lexicon,mhosva
ditentekabujitu,chargement,8.0,Positive,Mot,loading,ethwebula,laai,Go Laetša .,ukulayisha,kurodha,expanded_shona_lexicon,kurodha
kuambika,charger,9.0,Positive,Mot,load,thwala,laai,morwalo,umthwalo,mutoro,expanded_shona_lexicon,mutoro
muambiki,chargeur,7.0,Positive,Mot,charger,ijatshi,laaier,Charger .,itshaja,charger,expanded_shona_loanword,charger
dikalu/ditempu,chariot,0.0,Neutre,Mot,cart,ingqukumbane,karretjie,Koloyana ya .,inqwelo,ngoro,expanded_shona_lexicon,ngoro
tshipedi,charisme,0.0,Neutre,Mot,charisma,i-charism,charisma,Charisma .,charsma,charisma,expanded_shona_loanword,charisma
bulela,charitable,-4.0,Negative,Mot,charitable,-nosizo,liefdadigheid,Botho ba botho .,isisa,chibatsira,expanded_shona_lexicon,chibatsira
neluse,charitablement,0.0,Neutre,Mot,charitably,ngokunakwa,liefdadigheid,Ka botho .,ngesisa,zvine hunyanzvi,expanded_shona_alt,nerudo
dinanga,charité,-3.0,Negative,Mot,charity,umhawu,liefdadigheid,lerato,ububele,charity,expanded_shona_alt,rudo
tshinganganganga,charlatan,-8.0,Negative,Mot,charlatan,UCharlatan,charlatan,Charlatan .,I-charlatatan,charlatan,expanded_shona_loanword,charlatan
kukuatshishamilowo,charman,-7.0,Negative,Mot,charman,xhamwan,sjarmant,Charman .,charman,charman,expanded_shona_loanword,charman
milowo,charme,-6.0,Negative,Mot,charm,ubuhle,sjarme,Sekgatlhi .,umtsalane,runako,expanded_shona_lexicon,runako
kulobesha,charler,4.0,Positive,Mot,charler,hlwe kushoyo,charler,Charler .,charler,charler,expanded_shona_loanword,charler
muloji,charmeur,0.0,Neutre,Mot,charmer,ukuphambuka,sjarmant,Charmer .,charmer,charmer,expanded_shona_loanword,charmer
mubidi,charnel,5.0,Positive,Mot,carnal,intandane,vleeslik,Nama ya nama .,inyamakazi,carnal,expanded_shona_alt,zvenyama
mushikiwabilatu,charnier,7.0,Positive,Mot,mass grave,ithuna elikhulu,massagraf,Lebitla la Mmisa .,ingcwaba elikhulu,misa grave,expanded_shona_lexicon,misa grave
mubidimunene,charnu,9.0,Positive,Mot,fleshy,-namanye,vlesig,Nama ya nama .,inyama,nyama,expanded_shona_alt,munyama
nkumbikumbi,charognard,-6.0,Negative,Mot,scavenger,umvevenger,aasdier,Sehlabelo sa go ja .,iskati,scavenger,expanded_shona_loanword,scavenger
mubidimubole,charogne,-7.0,Negative,Mot,carrion,inkini,aas,Carrion .,i-carrion,carrion,expanded_shona_loanword,carrion
musakawanzubu,charpente,-5.0,Negative,Mot,framework,uhlaka,raamwerk,tlhako,isakhelo,chemagiro,expanded_shona_lexicon,chemagiro
muenamabaya,charpentier,-7.0,Negative,Mot,carpenter,umbazi wamapulangwe,timmerman,mmetli,umchweli,muvezi,expanded_shona_lexicon,muvezi
kusemuna,charrier,-6.0,Negative,Mot,carry,thwala,dra,rwala,phatha,takura,expanded_shona_lexicon,takura
muenaditempu,charretier,8.0,Positive,Mot,carter,umgungi,karretjie,Carter .,i-carter,carter,expanded_shona_loanword,carter
katempu,charrette,0.0,Neutre,Mot,cart,ingqukumbane,karretjie,Koloyana ya .,inqwelo,ngoro,expanded_shona_lexicon,ngoro
disemuna,charroi,4.0,Positive,Mot,cart,ingqukumbane,karretjie,Koloyana ya .,inqwelo,ngoro,expanded_shona_lexicon,ngoro
muenjiwamakalu,charron,6.0,Positive,Mot,wheelwright,ukhubazekile,wielmaker,Mongwadi wa Maotwana .,ivili,wheelwright,expanded_shona_alt,mutyairi wemavhiri
kasemunapamakalu,charroyer,-8.0,Negative,Mot,to cart,ku-Cart,kar toe,go ya go koloyana .,kwinqwelo,kuna ngoro,expanded_shona_alt,kungoro
tubalo,charrue,9.0,Positive,Mot,plow,hlakula,ploeg,Mogoma .,ukulima,kurima,expanded_shona_alt,gejo
mukandawashidambu,charte,-9.0,Negative,Mot,charter,nikeza amandla,handves,Tšhata .,Itshata,charter,expanded_shona_loanword,charter
disudiakashingi,chas,5.0,Positive,Mot,eye,ihlo,oog,leihlo,iliso,ziso,expanded_shona_lexicon,ziso
disu,œil,9.0,Positive,Mot,eye,ihlo,oog,leihlo,iliso,ziso,expanded_shona_lexicon,ziso
kashingi,aiguielle,-6.0,Negative,Mot,needle,usungulo,naald,Nalete .,inaliti,tsono,expanded_shona_lexicon,tsono
kuipata,chasse,-4.0,Negative,Mot,hunting,ukuguqula,jag,Go tsoma .,ukuzingela,kuvhima,expanded_shona_lexicon,kuvhima
kuta,chasser,6.0,Positive,Mot,chase,jaha,jaag,kitimiša,ukusukela,chase,expanded_shona_loanword,chase
kuipata,expulser,-5.0,Negative,Mot,expel,xosha,verdryf,Leloko .,khupha,dzinga,expanded_shona_lexicon,dzinga
kuipatshisha,poursuivre,4.0,Positive,Mot,pursue,zingela,nastreef,šala morago,sukela,tevera,expanded_shona_lexicon,tevera
kusaka,pousser,8.0,Positive,Mot,push,Phusha,druk,kgorometša,Dudula,sundidzira,expanded_shona_alt,kusunda
tshilembi,chasseur,2.0,Neutre,Mot,hunter,umzingeli,jagter,Motsomi .,umzingeli,hunter,expanded_shona_alt,muvhimi
tshipinda,fusil,3.0,Neutre,Mot,gun,isintuluntulu,geweer,Sethunya .,umpu,pfuti,expanded_shona_lexicon,pfuti
mpotsha/bipota,chassie,-8.0,Negative,Mot,chased,-xoba,gejaag,E kitimišwa .,igxothiwe,kudzingwa,expanded_shona_lexicon,kudzingwa
mpotsha,chassieux,-3.0,Negative,Mot,bleary,-ngenamandla okuzwakalayo,blêr,Bleary .,ilokhwe,bhuroka,expanded_shona_lexicon,bhuroka
nyunguluilu,chassis,-5.0,Negative,Mot,chassis,i-chassis,onderstel,Chassis .,I-chassis,chassis,expanded_shona_loanword,chassis
bukasto,chaste,5.0,Positive,Mot,chaste,umsulwa,kuis,Go hlweka .,chaste,chete,expanded_shona_alt,yakachena
muenadikasa,chançard,8.0,Positive,Mot,chance,ithuba,kans,sebaka,ithuba,mukana,expanded_shona_lexicon,mukana
dikasadimpe,chance,0.0,Neutre,Mot,chance,ithuba,kans,sebaka,ithuba,mukana,expanded_shona_lexicon,mukana
dikasa,pied,4.0,Positive,Mot,foot,unyawo,voet,leoto,inyawo,tsoka,expanded_shona_lexicon,tsoka
tutubile,chancelant,9.0,Positive,Mot,faltering,ukudoba,wankelend,Go thekesela .,tywina,kuderera,expanded_shona_alt,kupera simba
kutenduka,chanceler,7.0,Positive,Mot,stagger,bhiyazela,wankel,Go thekesela .,stagger,kudzedzereka,expanded_shona_lexicon,kudzedzereka
wadikasadimpe,chanceux,8.0,Positive,Mot,lucky,-nenhlanhla,gelukkig,mahlatse,ngethamsanqa,rombo rakanaka,expanded_shona_lexicon,rombo rakanaka
kukuatabutu,chancir,7.0,Positive,Mot,change,phendula,verander,phetogo,utshintsho,shanduko,expanded_shona_lexicon,shanduko
butu,cendre,6.0,Positive,Mot,ash,umlotha,as,molora,i-ash,ash,expanded_shona_loanword,ash
muimbi,chanteur,0.0,Neutre,Mot,singer,umculi,sanger,moopedi,imvumi,muimbi,expanded_shona_lexicon,muimbi
muabawamudimu,chantier,8.0,Positive,Mot,construction site,Indawo Yokwakha,konstruksieterrein,Lefelo la kago .,Indawo yokwakha,nzvimbo yekuvaka,expanded_shona_lexicon,nzvimbo yekuvaka
kuimbila,chantonner,-8.0,Negative,Mot,hum,amahloni,brom,Hum .,hum,hum,expanded_shona_loanword,hum
ngimba,chantre,-9.0,Negative,Mot,cantor,icantor,kantor,Cantor .,umkhumbi,cantor,expanded_shona_loanword,cantor
diamba,chanvre,0.0,Neutre,Mot,hemp,isithulwana,hennep,Hemp .,hemp,hemp,expanded_shona_loanword,hemp
bondabonda,chaos,0.0,Neutre,Mot,chaos,isiphithiphithi,chaos,tlhakatlhakano,Isiphithiphithi,nyonganiso,expanded_shona_lexicon,nyonganiso
bondabonda,chaotique,-8.0,Negative,Mot,chaotic,-phithizela,chaoties,Moferefere wa tlhakatlhakano .,isiphithiphithi,nyonganiso,expanded_shona_lexicon,nyonganiso
kuiba,chaparder,-6.0,Negative,Mot,pilfer,hambanisa,plunder,Pilfer .,i-pilfer,pilfer,expanded_shona_loanword,pilfer
muivi,chapardeur,0.0,Neutre,Mot,pilferer,umshayeli wezindiza,plunderaar,Sekgomaretši .,I-pilfererer,pilfer,expanded_shona_lexicon,pilfer
tshinkutu,chape,-3.0,Negative,Mot,screed,ukwehlela,rei,Screed .,stred,chenjera,expanded_shona_lexicon,chenjera
tshifulu,chapeau,6.0,Positive,Mot,hat,imbenge,hoed,katiba .,umnqwazi,hat,expanded_shona_loanword,hat
lunzadi,chapelet,7.0,Positive,Mot,rosary,indolorisi,rosekrans,Rosari .,rosary,rosary,expanded_shona_loanword,rosary
nzubuwadisambila,chapelle,-5.0,Negative,Mot,chapel,isontwana,kapel,Chapel .,chapel,chapel,expanded_shona_loanword,chapel
,chapelure,7.0,Positive,Verbe,breadcrumbs,ama-breadcrumbs,broodkrummels,Dikgokong tša Bogobe .,I-skercrumbs,breadcrumbbs,expanded_shona_lexicon,breadcrumbbs
bisunsukila,chapelure,6.0,Positive,Mot,breadcrumbs,ama-breadcrumbs,broodkrummels,Dikgokong tša Bogobe .,I-skercrumbs,breadcrumbbs,expanded_shona_lexicon,breadcrumbbs
mutuwadikunji,chapiteau,3.0,Neutre,Mot,marquee,umqhele empini,markiestent,Marquee .,marquee,marquee,expanded_shona_loanword,marquee
tshitupa,chapitre,5.0,Positive,Mot,chapter,isahluko,hoofstuk,Kgaolo .,Isahluko,chitsauko,expanded_shona_lexicon,chitsauko
kubela,chapitrer,6.0,Positive,Mot,chapter,isahluko,hoofstuk,Kgaolo .,Isahluko,chitsauko,expanded_shona_lexicon,chitsauko
ntungu,chapon,9.0,Positive,Mot,capon,khukhaza,kapoen,Capon .,I-Capen,capon,expanded_shona_loanword,capon
kunso/yonso,chaque,-3.0,Negative,Mot,each,sisinye,elk,nngwe le e nngwe,nganye,imwe neimwe,expanded_shona_alt,mumwe nomumwe
mumbunda,cheminée,-7.0,Negative,Mot,chimney,ushemula,skoorsteen,tshimini .,chimney,chimney,expanded_shona_loanword,chimney
dienda,cheminement,8.0,Positive,Mot,path,indlela,pad,tsela,indlela,nzira,expanded_shona_lexicon,nzira
kuenda,cheminer,0.0,Neutre,Mot,walk,vakasha,loop,sepela,hamba,famba,expanded_shona_lexicon,famba
njilawamayi,chenal,7.0,Positive,Mot,channel,insungubezi,kanaal,Mokero wa kanale .,ijelo,chiteshi,expanded_shona_lexicon,chiteshi
mupumbakane,chenapan,4.0,Positive,Mot,chenapan,iketanagan,chenapan,Chenapan .,chenapan,chenapan,expanded_shona_loanword,chenapan
kazubukambua,chenil,9.0,Positive,Mot,kennel,isithumbanja,kennel,Kennel .,kennel,kennel,expanded_shona_loanword,kennel
dishi/meshi,chenille,6.0,Positive,Mot,caterpillar,isicabucabu,ruspe,Sebopiwa sa go swana le seboko,i-caterpillar,caperpillar,expanded_shona_alt,gonye
nkangabakishi,chenopode,-6.0,Negative,Mot,goosefoot,Goosefoot,hoenderpoot,Goosefoot .,goosefoot,goosefoot,expanded_shona_loanword,goosefoot
mvi,chenu,0.0,Neutre,Mot,hoary,uhola,grys,Hoary .,i-horay,hary,expanded_shona_lexicon,hary
ngombewamulupangu,cheptel,-5.0,Negative,Mot,livestock,imfuko,vee,Diruiwa .,Imfuyo,zvipfuyo,expanded_shona_lexicon,zvipfuyo
wapamuoyi,cher,9.0,Positive,Mot,dear,-Thandekayo,Liewe,Rategago,Sithandwa,mudikani,expanded_shona_lexicon,mudikani
wapamuoyi,chère,8.0,Positive,Mot,dear,-thandekayo,liewe,rategago,sithandwa,mudikani,expanded_shona_alt,mudiwa
couteux,cher,0.0,Neutre,Mot,dear,-Thandekayo,Liewe,Rategago,Sithandwa,mudikani,expanded_shona_lexicon,mudikani
kumushinga,cherement,-6.0,Negative,Mot,dearly,-bohle,dierbaar,Ka go rata .,othandekayo,zvinorwadza,expanded_shona_alt,zvikuru
kukeba,chercher,7.0,Positive,Mot,seek,khwathaza,soek,nyaka,funa,tsvaga,expanded_shona_lexicon,tsvaga
mukebi,chercheur,-5.0,Negative,Mot,researcher,Umcwaningi,navorser,Monyakišiši .,umphandi,mutsvagiri,expanded_shona_alt,muongorori
kudiakuondoloka,chère,6.0,Positive,Mot,dear,-thandekayo,liewe,rategago,sithandwa,mudikani,expanded_shona_alt,mudiwa
munangibue,chéri,-8.0,Negative,Mot,dear,-Thandekayo,Liewe,Rategago,Sithandwa,mudikani,expanded_shona_lexicon,mudikani
kunanganedinanga,chérir,-9.0,Negative,Mot,cherish,sazisa,koester,rata,xabisa,cherish,expanded_shona_alt,koshesa
mushawuke,chétif,8.0,Positive,Mot,puny,phuzi,swak,Puny .,pun,puny,expanded_shona_loanword,puny
kabalu,cheval,-6.0,Negative,Mot,horse,ihhashi,perd,pere,ihashe,bhiza,expanded_shona_lexicon,bhiza
tshitekelu,chevalet,-8.0,Negative,Verbe,easel,isethesele,esel,Easel .,easel,easel,expanded_shona_loanword,easel
akabalu,chevalin,0.0,Neutre,Mot,equine,thwe,perde,Equine .,ilingane,equine,expanded_shona_loanword,equine
diendakanapakabalu,chevaunée,0.0,Neutre,Mot,ride,gibala ibhayisikili,ry,otlela,khwela,kukwira,expanded_shona_lexicon,kukwira
diendanekabalu,chevauner,-3.0,Negative,Mot,ride,gibala ibhayisikili,ry,otlela,khwela,kukwira,expanded_shona_lexicon,kukwira
buikilanesuki,chevelu,-6.0,Negative,Mot,hairy,-nehwanqa,harig,Hairy .,i-haine,bvudzi,expanded_shona_lexicon,bvudzi
nsuki,chevelure,0.0,Neutre,Mot,hair,uboya,hare,moriri,iinwele,bvudzi,expanded_shona_lexicon,bvudzi
mutuwababula,chevet,0.0,Neutre,Mot,bedside,-sikeletha,bed,Ka thoko ga malao .,ebhedini,mubhedha,expanded_shona_alt,padivi pemubhedha
lusuki,cheveu,5.0,Positive,Mot,hair,uboya,hare,moriri,iinwele,bvudzi,expanded_shona_lexicon,bvudzi
tshipatu/kapombo,cheville,4.0,Positive,Mot,ankle,isinqe,enkel,kokoilane,i-ankle,ankle,expanded_shona_loanword,ankle
kupopela,cheviller,6.0,Positive,Mot,peg,isikhonkwane,pen,Peg .,i-peg,peg,expanded_shona_loanword,peg
mbuji,chèvre,8.0,Positive,Mot,goat,imbuzi,bok,pudi,ibhokhwe,mbudzi,expanded_shona_lexicon,mbudzi
mpumbu,bouc,9.0,Positive,Mot,goat,imbuzi,bok,pudi,ibhokhwe,mbudzi,expanded_shona_lexicon,mbudzi
muanawambuji,chevreau,9.0,Positive,Mot,kid,ukudla,kind,mapimpane,umntwana,mwana,expanded_shona_lexicon,mwana
muanawambuji,chevrette,8.0,Positive,Mot,doe,unceda,doe,Doe .,i-DoE,doe,expanded_shona_loanword,doe
mulamiwambuji,chevrier,-7.0,Negative,Mot,goatherd,I-Gotherd,bokwagter,Goathethe o ile a hlokomela .,i-goatherd,goatherd,expanded_shona_alt,mufudzi wembudzi
dileka,chevron,0.0,Neutre,Mot,chevron,I-Chevron,chevron,Chevron .,chevron,chevron,expanded_shona_loanword,chevron
kutenganzubu,chevronner,9.0,Positive,Mot,to chevron,ku-chevron,na chevron,go ya go Chevron .,kwi-chevron,kuchevron,expanded_shona_alt,kuti chevron
kukankadiyi,chevroter,6.0,Positive,Mot,quaver,ikilafa,halwe agt,Kwano ya go tšhologa .,i-quaver,quaver,expanded_shona_loanword,quaver
tujuwu,chevrotine,4.0,Positive,Mot,buckshot,I-BuckShot,bokskoot,Buckshot .,i-bckshot,buckothot,expanded_shona_lexicon,buckothot
kua/mua,chez,5.0,Positive,Mot,at the house of,endlini ye,by die huis van,mo ntlong ya .,kwindlu ye,kumba kwa,expanded_shona_lexicon,kumba kwa
bukasto,chasteté,-4.0,Negative,Mot,chastity,ubumsulwa,kuisheid,Bohlweki .,ubunyulu,kuchena,expanded_shona_lexicon,kuchena
kazula,chasuble,6.0,Positive,Mot,chasuble,hova,kapsel,Chasuble .,qina,chigazar,expanded_shona_alt,chasule
kambishi,chat,4.0,Positive,Mot,cat,ikati,kat,katse,ikati,katsi,expanded_shona_lexicon,katsi
amubidiwansua,chatain,3.0,Neutre,Mot,chestnut,isifuba,kastaiingbruin,Chestnut .,i-chestnut,chestnut,expanded_shona_loanword,chestnut
nzubumunene,château,5.0,Positive,Mot,castle,enkulu eyinqaba,kasteel,sebo,inqaba,castle,expanded_shona_loanword,castle
munene,grand,6.0,Positive,Mot,big,-khulu,groot,kgolo,enkulu,hombe,expanded_shona_lexicon,hombe
tshipungulu,chat-haut,7.0,Positive,Mot,cat-high,ikati-liphezulu,kat-hoog,Katse-e phahameng .,ikati-ephezulu,katsi-yakakwira,expanded_shona_alt,katsi-yakakwirira
kunyoka,chatier,8.0,Positive,Mot,cat door,I-Cat Door,kat deur,Monyako wa katse .,umnyango wekati,cat door,expanded_shona_alt,katsi gonhi
dikeladiakabishi,chatière,6.0,Positive,Mot,cat flap,ikati lekati,katklep,Lephego la katse .,Ikati flap,katsi flap,expanded_shona_lexicon,katsi flap
dinyoka,chatiment,-5.0,Negative,Mot,punishment,inhlawulo,straf,Kotlo .,isohlwayo,kurangwa,expanded_shona_lexicon,kurangwa
diengeleka,chatoiement,-6.0,Negative,Mot,shimmer,shimmer,skitter,Shimmer .,shimmer,shimmer,expanded_shona_alt,kupenya
kanakakambishi,chaton,-8.0,Negative,Mot,kitten,izinyane lekati,katjie,katsana,kitten,kitten,expanded_shona_alt,katsi
disansakata,chatouillement,0.0,Neutre,Mot,tickling,ukucipha,kielie,Go kitimiša .,ukuthoba,ticking,expanded_shona_lexicon,ticking
kuafunya,chatouiller,8.0,Positive,Mot,tickle,ukuhlekisa,kielie,Tickle .,tickle,tickle,expanded_shona_loanword,tickle
amfika,chatouilleux,9.0,Positive,Mot,ticklish,-bucayi,kielieagtig,Go kitimiša .,tick,tickish,expanded_shona_lexicon,tickish
kuengeleka,chatoyer,7.0,Positive,Mot,shimmer,shimmer,skitter,Shimmer .,shimmer,shimmer,expanded_shona_alt,kupenya
kutungula,chatrer,0.0,Neutre,Mot,castrate,xholosa,kastreer,Castrate .,thambisa,kutakurwa,expanded_shona_lexicon,kutakurwa
kambishikakaji,chatte,4.0,Positive,Mot,cat,ikati,kat,katse,ikati,katsi,expanded_shona_lexicon,katsi
luya,chaud,0.0,Neutre,Mot,hot,-fudumele,warm,fiša,ishushu,kupisa,expanded_shona_alt,inopisa
neluya,chaudement,0.0,Neutre,Mot,warmly,ngemfudumalo,warm,ka borutho .,ngokufudumeleyo,hushamwari,expanded_shona_alt,noushamwari
luesuluatshiamua,chaudière,4.0,Positive,Mot,boiler,okokubilisa,ketel,Boiler .,i-boiler,boiler,expanded_shona_loanword,boiler
ditemesha,chauffage,0.0,Neutre,Mot,heating,ukufudumeza,verhitting,Go ruthetša .,ukufudumeza,kupisa,expanded_shona_alt,kudziyisa
muendeshi,chauffard,0.0,Neutre,Mot,driver,umshayeli,bestuurder,Mootledi .,umqhubi,mutyairi,expanded_shona_lexicon,mutyairi
kupisha,chauffer,2.0,Neutre,Mot,heat,ukushisa,hitte,phišo,ubushushu,kupisa,expanded_shona_lexicon,kupisa
muendeshi,chauffeur,6.0,Positive,Mot,driver,umshayeli,bestuurder,Mootledi .,umqhubi,mutyairi,expanded_shona_lexicon,mutyairi
dilabalupemba,chaulage,5.0,Positive,Mot,liming,ukukhawulela,bekalking,Go dira kalaka .,ukulinganisa,kurambidza,expanded_shona_lexicon,kurambidza
kulambalupemba,chauler,5.0,Positive,Mot,lime,eluhlaza,lemmetjie,kalaka .,lamoni,lime,expanded_shona_loanword,lime
lubalabala,chaume,-4.0,Negative,Mot,thatch,lowo,grasdak,Thatch .,chok,thatch,expanded_shona_loanword,thatch
kazubu,chaumière,-5.0,Negative,Mot,cottage,indlwana ikotishi,huisie,kotase,i-cottage,imba yekutandarira,expanded_shona_lexicon,imba yekutandarira
tshisabata,chaussure,8.0,Positive,Mot,shoe,isihlangu,skoen,Seeta .,isihlangu,shangu,expanded_shona_lexicon,shangu
lusheshete,chaussette,7.0,Positive,Mot,sock,isinkwa,sokkie,sekausu .,isokisi,sock,expanded_shona_loanword,sock
muenadibala,chauve,0.0,Neutre,Mot,bald,-mpandla,kaal,Lefatla .,i-bald,mhanza,expanded_shona_lexicon,mhanza
kapulukusu,chauve-souris,6.0,Positive,Mot,bat,isihluthamadlebe,kolf,Bat .,bat,bat,expanded_shona_loanword,bat
musungulujianganyi,chauvin,7.0,Positive,Mot,chauvinist,isidlali,chauvinisties,Mo-Chauvinist .,I-chauvinist,chauvinnist,expanded_shona_lexicon,chauvinnist
lupemba,chaux,5.0,Positive,Mot,lime,eluhlaza,lemmetjie,kalaka .,lamoni,lime,expanded_shona_loanword,lime
kuvuma/kukudimuka,chavirer,4.0,Positive,Mot,capsize,qethula,omslaan,Go menoga .,dibanisa,katsi,expanded_shona_lexicon,katsi
mfumu,chef,0.0,Neutre,Mot,chief,ophethe,hoof,kgoši,inkosi,chief,expanded_shona_alt,mukuru
mudimuwampashi,chef-d'œuvre,-6.0,Negative,Mot,masterpiece,wobungcweti,meesterstuk,Mošomo wa Bokgabo .,umkhulu,masterpiece,expanded_shona_alt,unyanzvi
bukalenge/mbufumu,chefferie,6.0,Positive,Mot,chiefdom,isikhulu,hoofmanskap,Chiefdom .,I-Inesiona,chiefm,expanded_shona_alt,ushe
musokomunene,chef-lieu,8.0,Positive,Mot,capital,inhlokodolobha,kapitaal,letlotlo,imali enkulu,capital,expanded_shona_loanword,capital
bukuankuvu,chéloniens,-5.0,Negative,Mot,chelonians,AbaseChelonians,cheloniërs,Di-Chelonia .,Ipheki,celonians,expanded_shona_lexicon,celonians
njila,chemin,6.0,Positive,Mot,path,indlela,pad,tsela,indlela,nzira,expanded_shona_lexicon,nzira
manyi-mansanto,chrème,9.0,Positive,Mot,cream,ukhilimu,room,tranelate .,i-cream,kirimu,expanded_shona_lexicon,kirimu
muena-nkristo,chrétien,8.0,Positive,Mot,christian,UmKrestu,Christen,Mokriste .,UChristian,mukristu,expanded_shona_lexicon,mukristu
tshimayi,chrysalide,7.0,Positive,Verbe,chrysalis,chrysalis,krismis,Chrysalis .,I-Chrysalis,chrissalis,expanded_shona_lexicon,chrissalis
dinunganyi/dinungana,chuchotement,5.0,Positive,Mot,whisper,nyenyeza,fluister,hwenahwena,whisper,whisper,expanded_shona_alt,zevezera
kunungana,chuchoter,6.0,Positive,Mot,whisper,nyenyeza,fluister,hwenahwena,whisper,whisper,expanded_shona_alt,zevezera
kuakula-tshidimi,chuiner,8.0,Positive,Mot,hiss,shweza,sis,Hiss .,i-furts,hers,expanded_shona_alt,zvake
tshibula,chute,9.0,Positive,Mot,fall,'-wa,val,wa,ukuwa,kudonha,expanded_shona_alt,kuwa
kutona-panshi,chuter,7.0,Positive,Mot,fall,'-wa,val,wa,ukuwa,kudonha,expanded_shona_alt,kuwa
tshiludikilu,cible,0.0,Neutre,Mot,target,okuqondiwe,teiken,tebanyo,Ithagethi,chinangwa,expanded_shona_lexicon,chinangwa
dikopo-dinsanto,ciboire,0.0,Neutre,Mot,ciborium,iciborium,ciborium,C i b i a t i l i m a .,ciborium,ciborium,expanded_shona_loanword,ciborium
tshibangu,cicatrice,-4.0,Negative,Mot,scar,isibanda,litteken,lebadi,isikhafu,vanga,expanded_shona_lexicon,vanga
dinuna,cicatrisable,0.0,Neutre,Mot,healing,ukuphulukisa,genesing,pholo,ukuphiliswa,kuporesa,expanded_shona_lexicon,kuporesa
kuumisha-mputa,cicatriser,-3.0,Negative,Mot,heal,phulukisa,genees,fodiša,hlala,poresa,expanded_shona_lexicon,poresa
diulu,ciel,-8.0,Negative,Mot,sky,isibhakabhaka,lug,lefaufau,isibhakabhaka,denga,expanded_shona_lexicon,denga
kandeyi,cierge,-7.0,Negative,Mot,candle,ikhandlela,kers,Kerese .,ikhandlela,kenduru,expanded_shona_lexicon,kenduru
tshimpulu,cigale,-6.0,Negative,Mot,cicada,i-cicada,sikade,CicAda .,cicada,cicada,expanded_shona_loanword,cicada
mutshiwamakanya,cigare,4.0,Positive,Mot,cigar,isigazi,sigaar,Sakerete .,i-cigar,cigar,expanded_shona_loanword,cigar
makanya,cigarette,0.0,Neutre,Mot,cigarette,usikilidi,sigaret,Sakerete .,icuba,mudzanga wefodya,expanded_shona_alt,mudzanga
kasongonyunyu,cigogne,5.0,Positive,Mot,stork,izindonga,ooievaar,Sekgoba .,IStork,stork,expanded_shona_loanword,stork
lukofi,cil,7.0,Positive,Mot,eyelash,ukhophe,wimpers,Eyelash .,iliso,eyelash,expanded_shona_loanword,eyelash
ankofi,ciliaire,9.0,Positive,Mot,ciliary,ubunzile,siliêre,Ciliary .,i-culiary,ciliary,expanded_shona_loanword,ciliary
kupodia,ciller,-6.0,Negative,Mot,blink,cwayiza,knip,Go panya ga leihlo .,blink,blink,expanded_shona_alt,kubwaira
musongo,cime,-7.0,Negative,Mot,peak,isiqongo sentaba,hoogtepunt,sehloa,incopho,peak,expanded_shona_loanword,peak
nshimente,ciment,-5.0,Negative,Mot,cement,ukhokhevu,sement,Samente .,isamente,simende,expanded_shona_lexicon,simende
kukolesha,cimenter,-7.0,Negative,Mot,cement,ukhokhevu,sement,Samente .,isamente,simende,expanded_shona_lexicon,simende
nkita,cimetière,-6.0,Negative,Mot,graveyard,indawo yamathuna,begraafplaas,Lebitla la .,amangcwaba,makuva,expanded_shona_alt,kumakuva
bindidimbi,cinéma,8.0,Positive,Mot,movie theater,I-movie theater,fliekteater,Lefelo la go bogela difilimi .,iqonga lemuvi,movie theatre,expanded_shona_lexicon,movie theatre
adisudikole,cinglant,0.0,Neutre,Mot,scathing,ukuphuza,skroeiend,Go hlaba .,ukuthoba,kubiridzira,expanded_shona_lexicon,kubiridzira
kunyasula-mukaba,cingler,4.0,Positive,Mot,ping,iphini lin,ping,Ping .,ping,ping,expanded_shona_loanword,ping
bitanu,cinq,6.0,Positive,Mot,five,isihlanu,vyf,hlano,Ntlanu,shanu,expanded_shona_lexicon,shanu
makumi-atanu,cinquante,-8.0,Negative,Mot,fifty,amashumi amahlanu,vyftig,masomehlano,Amashumi amahlanu,makumi mashanu,expanded_shona_lexicon,makumi mashanu
muitanu,cinqième,9.0,Positive,Mot,fifth,esihlanu,vyfde,Bohlano .,Isihlanu,cheshanu,expanded_shona_lexicon,cheshanu
lungenyi,chic,-9.0,Negative,Mot,chic,i-chic,sjiek,Chic .,i-chic,chic,expanded_shona_loanword,chic
milandu,chicane,5.0,Positive,Mot,chicane,ikalikazi,chicane,Chicane .,i-chicane,chicane,expanded_shona_loanword,chicane
kukenyika,chicaner,9.0,Positive,Mot,quibble,quubda,twis,Quibble .,phucula,quibble,expanded_shona_loanword,quibble
muenamilandu,chicaneur,-6.0,Negative,Mot,quibbler,umquba,kibbelaar,Quibbler .,I-Qubbbler,quibbler,expanded_shona_loanword,quibbler
milandu,chicanerie,-4.0,Negative,Mot,chicanery,chicanery,chicanery,Chicanery .,i-chiclery,chicanery,expanded_shona_loanword,chicanery
konkote,chiche,6.0,Positive,Mot,chick,iphuza,kuiken,Letsubu la .,inkukhu,chicku,expanded_shona_lexicon,chicku
nebusumo,chichement,-5.0,Negative,Mot,sparingly,ngokuxakile,spaarsamig,ka go se nene .,ngokungakhathali,zvishoma,expanded_shona_lexicon,zvishoma
tshikuku,chicot,4.0,Positive,Mot,snag,thambithala,haakplek,Snag .,snag,snag,expanded_shona_loanword,snag
mfimbu,chicote,8.0,Positive,Mot,chicote,ikhoti,chicote,Chicote .,i-chicote,chico,expanded_shona_lexicon,chico
mashinda,chiendent,0.0,Neutre,Mot,quack grass,utshani obuhlukile,kwak gras,Bjang bja Quack .,Ingca yengca,quack uswa,expanded_shona_lexicon,quack uswa
mbuamukaji,chienne,0.0,Neutre,Mot,female dog,inja yabesifazane,vroulike hond,Ntja e tšehali .,Inja yabasetyhini,imbwa yemukadzi,expanded_shona_alt,imbwa hadzi
mukusu,chiffon,-8.0,Negative,Mot,cloth,indwangu,lap,lešela,ilaphu,jira,expanded_shona_lexicon,jira
kuvungakaja,chiffonner,-3.0,Negative,Mot,to crumple,ukukhukhuleka,te verfrommel,go kgokologa .,ukuphefumla,kukwira,expanded_shona_alt,kuti crumple
tshishiferi,chiffre,-5.0,Negative,Mot,figure,isibalo,figuur,seswantšho,umfanekiso,mufananidzo,expanded_shona_lexicon,mufananidzo
atshianana,chimérique,5.0,Positive,Mot,chimerical,-emifanekiso,chimeriese,Chimerical .,i-chimerical,chimeriki,expanded_shona_lexicon,chimeriki
tshilota/kulotakana,chimère,8.0,Positive,Mot,chimera,UChimera,chimera,Chimera .,chimera,chimera,expanded_shona_loanword,chimera
nsoko,chimpanzé,0.0,Neutre,Mot,chimpanzee,ishimpanzi,sjimpansee,Tšhimpantši ya .,chimpanzee,chimpanzee,expanded_shona_alt,chimpanzi
kanakambua,chiot,4.0,Positive,Mot,puppy,umdlwane,hondjie,Ntšwanyana .,inja,puppy,expanded_shona_loanword,puppy
kuiba,chiper,9.0,Positive,Mot,steal,ntshontsha,steel,utswa,ukuba,kuba,expanded_shona_lexicon,kuba
mukajimuenamatandu,chipie,7.0,Positive,Mot,bitch,unondindwa,teef,Bitch .,bitch,bitch,expanded_shona_alt,hure
kutuanganamushinga,chipoter,8.0,Positive,Mot,quibble,quubda,twis,Quibble .,phucula,quibble,expanded_shona_loanword,quibble
kabuasa,chique,7.0,Positive,Mot,classy,uhlobo lwenhlanzi ebomvu,deftig,Classy .,iklasi,classy,expanded_shona_loanword,classy
dibodio,jabot,6.0,Positive,Mot,crop,isivuno,gewas,puno,isityalo,chirimwa,expanded_shona_lexicon,chirimwa
luzenzu,jabotage,0.0,Neutre,Mot,jabotage,into emihle kabanzi,jabotage,Jabotage .,ihlathi,babotage,expanded_shona_lexicon,babotage
kudilamuadi,jaboter,8.0,Positive,Mot,jabber,jwabi,brabbel,Jabber .,jabber,jabber,expanded_shona_loanword,jabber
kukula-tshiakulakula,jacasser,-8.0,Negative,Mot,chatter,umngcwabo,gesels,Chatter .,incoko,chatter,expanded_shona_loanword,chatter
tshiakulakula,jacasserie,-9.0,Negative,Mot,chatter,umngcwabo,gesels,Chatter .,incoko,chatter,expanded_shona_loanword,chatter
ditemba,jactance,0.0,Neutre,Mot,boasting,qaqamba,spog,Go ikgantšha .,ukuqhayisa,kuzvirumbidza,expanded_shona_alt,vachizvitutumadza
budimibulekela,jachère,0.0,Neutre,Mot,fallow,ukuwa,braak,Fallow .,ibhola,fallow,expanded_shona_loanword,fallow
kale,jadis,-8.0,Negative,Mot,formerly,kuqala,voorheen,Pele e be e le .,ngaphambili,zvaimboita,expanded_shona_alt,kare
kusampuka,jaillir,-6.0,Negative,Mot,spring,isipilingi,lente,seruthwane,intwasahlobo,chitubu,expanded_shona_lexicon,chitubu
disampuka,jaillissement,0.0,Neutre,Mot,gush,igilebula khava,spoel,Gush .,gush,gush,expanded_shona_loanword,gush
mutshiwakuleja,jalon,-3.0,Negative,Mot,milestone,ingqophamenze,mylpaal,monabo,phawula,milestone,expanded_shona_alt,chiitiko chikuru
kutekamisthi,jalonner,6.0,Positive,Mot,to stake,Ukuze uthole isigxobo,te spel,go bea karolo .,ukuya emngciphekweni,kubata,expanded_shona_alt,kurovera
nemukawu,jalousement,7.0,Positive,Mot,jealously,ngokuhawukela,jaloers,Ka lehufa .,ngomona,godo,expanded_shona_alt,negodo
kubaba,jalouser,-5.0,Negative,Mot,jealous,-nomhawu,jaloers,mona,ndinomona,godo,expanded_shona_lexicon,godo
lubabu,jalousie,7.0,Positive,Verbe,jealousy,umona,jaloesie,Lehufa .,umona,godo,expanded_shona_lexicon,godo
udinelubabu,jaloux,6.0,Positive,Mot,jealous,-nomhawu,jaloers,mona,ndinomona,godo,expanded_shona_lexicon,godo
katshia,jamais,0.0,Neutre,Mot,never,Naphakade,Nooit nie,Le gatee,Soze,kamwe,expanded_shona_lexicon,kamwe
mukolo,jambe,5.0,Positive,Mot,leg,umlenze,been,leoto,umlenze,gumbo,expanded_shona_lexicon,gumbo
amukolo,jambier,6.0,Positive,Mot,leg,umlenze,been,leoto,umlenze,gumbo,expanded_shona_lexicon,gumbo
dikafu,jambière,9.0,Positive,Mot,leg warmer,umlenze ufudumele,been warmer,Sethuthupi sa maoto .,umlo ofudumeleyo,gumbo rinodziya,expanded_shona_lexicon,gumbo rinodziya
tshibelutshiangulube,jambon,-3.0,Negative,Mot,ham,itshweba,ham,Ham .,iham,ham,expanded_shona_loanword,ham
tshikata,jante,-7.0,Negative,Mot,rim,usebe,rand,Morim .,rim,rim,expanded_shona_loanword,rim
tshiongo,janvier,8.0,Positive,Mot,january,UJanuwari,Januarie,Janeware,EyoMqungu,ndira,expanded_shona_lexicon,ndira
muadiwamubuabua,jappement,0.0,Neutre,Mot,yelp,Jelp,gil,Yelp .,yelp,yelp,expanded_shona_loanword,yelp
kupumunamuadi,japper,7.0,Positive,Mot,yelp,Jelp,gil,Yelp .,yelp,yelp,expanded_shona_loanword,yelp
lupanguluabilongo,jardin,4.0,Positive,Mot,garden,ingadi,tuin,serapa,igadi,gadheni,expanded_shona_lexicon,gadheni
didimadialupangu,jardinage,9.0,Positive,Mot,gardening,ukusebenza engadini,tuinmaak,Go lema dirapana .,igadi,gadheni,expanded_shona_alt,kurima gadheni
mudimiwalupangu,jardinier,6.0,Positive,Mot,gardener,umlimi,tuinier,Molemi wa Serapa .,umgcini wegadi,gardener,expanded_shona_alt,murimi
muakulumunyanguke,jargon,-6.0,Negative,Mot,jargon,jargon,jargon,Jargon .,UJargon,jargon,expanded_shona_loanword,jargon
dibungu,jarre,0.0,Neutre,Mot,jar,isitsha,kruik,jeke,imbiza,jar,expanded_shona_loanword,jar
lutembeku,jarret,-5.0,Negative,Mot,shank,sho,skenkel,Shank .,shank,shank,expanded_shona_loanword,shank
kulekelamalu,jaser,9.0,Positive,Mot,chat,ukuxoxa,gesels,boledišana,incoko,chat,expanded_shona_loanword,chat
mbokoto,jaserie,8.0,Positive,Mot,chatter,umngcwabo,gesels,Chatter .,incoko,chatter,expanded_shona_loanword,chatter
kutobakaja,jasper,0.0,Neutre,Mot,jasper,jasper,jaspis,Jasper .,jasper,jasper,expanded_shona_alt,jasipa
dikopo,jatte,-6.0,Negative,Mot,bowl,indishi,bak,sekotlelo,isitya,ndiro,expanded_shona_lexicon,ndiro
mpikilu/tshipimu,jauge,7.0,Positive,Mot,gauge,into yokulinganisa,peil,ela,igeji,geji,expanded_shona_lexicon,geji
kupima,jauger,-5.0,Negative,Mot,gauge,into yokulinganisa,peil,ela,igeji,geji,expanded_shona_lexicon,geji
kunzuluke,jaunâtre,6.0,Positive,Mot,yellowish,-phuzi,gelerig,Seruthwane sa go ba le mmala o mosehla .,tyheli,yero,expanded_shona_lexicon,yero
kunze,jaune,-8.0,Negative,Mot,yellow,-Qanda,GEEL,SEROLANE,LUBHELU,yero,expanded_shona_lexicon,yero
kukunjija,jaunir,-9.0,Negative,Mot,yellow,-qanda,geel,serolane,lubhelu,yero,expanded_shona_lexicon,yero
dikunjija,jaunissement,8.0,Positive,Mot,yellowing,-nuk,vergeling,Go ba mosehla .,tyheli,yero,expanded_shona_lexicon,yero
kafuma,javeline,-6.0,Negative,Mot,javelin,uhlobo lwemvulanzana,spiesgooi,Leru la lerumo .,javeli,javelin,expanded_shona_loanword,javelin
difuma,javelot,-8.0,Negative,Verbe,javelin,uhlobo lwemvulanzana,spiesgooi,Leru la lerumo .,javeli,javelin,expanded_shona_loanword,javelin
muadi,jérémiade,0.0,Neutre,Mot,jeremiad,uJeremiad,jeremiad,Jeremiad .,Jeeriyaad,jeremiad,expanded_shona_loanword,jeremiad
diela/dimasha,jet,0.0,Neutre,Mot,jet,umbhobho wamanzi,straler,Jet .,jet,jet,expanded_shona_loanword,jet
nkila,jetée,-3.0,Negative,Mot,pier,ipiyeri,pier,Pier .,ipier,pier,expanded_shona_loanword,pier
kuela,jeter,-6.0,Negative,Mot,throw,phonsa,gooi,foša,phosa,kukanda,expanded_shona_alt,kanda
muedi,jeteur,0.0,Neutre,Mot,thrower,umphoko,gooier,Molahledi .,uphosa,anokanda,expanded_shona_alt,mutambi
mpalata,jeton,0.0,Neutre,Mot,token,ithoni,teken,Letshwao la .,ithokheni,chiratidzo,expanded_shona_lexicon,chiratidzo
dizaba,jeu,5.0,Positive,Mot,game,igemu,speletjie,papadi,umdlalo,mutambo,expanded_shona_lexicon,mutambo
dinayi,jeudi,4.0,Positive,Mot,thursday,ULwesine,DONDERDAG,LABONE,ULWESINE,china,expanded_shona_lexicon,china
tshijila,jeûne,6.0,Positive,Mot,young,-ncane,jonk,nnyane,umncinci,mudiki,expanded_shona_lexicon,mudiki
buana,jeunesse,8.0,Positive,Mot,youth,ubusha,jeug,baswa,Ulutsha,pwere,expanded_shona_lexicon,pwere
muenatshijila,jeûneur,9.0,Positive,Mot,fasting,ukuvuza,vas,Go ikona dijo .,Ukuzila ukutya,kutsanya,expanded_shona_lexicon,kutsanya
bilengejilu,joaillerie,9.0,Positive,Mot,jewelry,amagugu,juweliersware,dibenyabje,ubucwebe,zvishongo,expanded_shona_lexicon,zvishongo
tshitabataba,jabardise,8.0,Positive,Mot,jabardise,indaba kaJabardise,jabardise,Jabardise .,jabile,jabardise,expanded_shona_loanword,jabardise
disanka,joie,-7.0,Negative,Mot,joy,injabulo,vreugde,boipshino,uvuyo,mufaro,expanded_shona_lexicon,mufaro
kulamakaja,joindre,0.0,Neutre,Mot,join,xhuma,aansluit,kopanya,Joyina,join,expanded_shona_loanword,join
dinunga/lamakane,joint,9.0,Positive,Mot,seal,ukubeka uphawu,seël,tswalela,itywina,chisimbiso,expanded_shona_lexicon,chisimbiso
ntuangenu,jointure,6.0,Positive,Mot,join,xhuma,aansluit,kopanya,Joyina,join,expanded_shona_loanword,join
impekuisu,joli,4.0,Positive,Mot,pretty,-bukeka kahle,mooi,botse,intle,runako,expanded_shona_lexicon,runako
bimpe,joliment,5.0,Positive,Mot,nicely,kahle,mooi,Se sebotse .,kuhle,zvakanaka,expanded_shona_lexicon,zvakanaka
ndawu,jonc,-4.0,Negative,Mot,rush,shesha,jaag,akgofa,ngxama,kumhanyisa,expanded_shona_lexicon,kumhanyisa
kubuikila,joncher,6.0,Positive,Mot,litter,udoti,rommel,matlakala,inkunkuma,marara,expanded_shona_lexicon,marara
disambakaja,jonction,4.0,Positive,Mot,junction,inhlangnandlela,aansluiting,Kopano ya go kopana .,ukudibana,juni,expanded_shona_lexicon,juni
ndanta,jongler,0.0,Neutre,Mot,juggle,nya- hova,jongleren,Juggle .,juggle,juggle,expanded_shona_loanword,juggle
ditama,joue,5.0,Positive,Mot,plays,idlala,speel,Dipapadi tša go bapala .,imidlalo,anotamba,expanded_shona_alt,mitambo
kunaya,jouer,6.0,Positive,Mot,play,dlala,speel,raloka,dlala,tamba,expanded_shona_lexicon,tamba
tshiakunayanatshio,jouet,7.0,Positive,Mot,toy,isidlaliso sengane,speelding,Toy .,into yokudlala,toy,expanded_shona_loanword,toy
munayi,joueur,8.0,Positive,Mot,player,umdlali,speler,Sebapadi .,umdlali,mutambi,expanded_shona_lexicon,mutambi
tshibitama,joufflu,6.0,Positive,Mot,chubby,uhlobo lwezimbambo,mollig,senatla,chubby,chubby,expanded_shona_loanword,chubby
mutshiompo,joug,-5.0,Negative,Mot,yoke,ijoka,juk,joko .,idyokhwe,joko,expanded_shona_lexicon,joko
kuela,jouir,-6.0,Negative,Mot,enjoy,thokozela,geniet,ipshina,Yonwabela,nakidzwa,expanded_shona_lexicon,nakidzwa
disanka,joussance,-8.0,Negative,Mot,enjoyment,intokozo,genot,Go thabela .,ukonwaba,kunakidzwa,expanded_shona_alt,kunakirwa
mukebiwamasaka,jouisseur,0.0,Neutre,Mot,enjoyer,intoyiya,genieter,Motho yo a thabelago .,bonwabele,kunakidza,expanded_shona_lexicon,kunakidza
dituku,jour,0.0,Neutre,Mot,day,usuku,dag,letšatši,usuku,zuva,expanded_shona_lexicon,zuva
tshibejibeji,journal,9.0,Positive,Mot,newspaper,iphephandaba,koerant,Kuranta ya .,iphepha ndaba,pepanhau,expanded_shona_lexicon,pepanhau
kudituku,journalier,7.0,Positive,Mot,daily,-zinsuku zonke,daagliks,tšatši ka tšatši,yonke imihla,zuva nezuva,expanded_shona_lexicon,zuva nezuva
mufundiwamalumumutshibejibeji,journaliste,0.0,Neutre,Mot,journalist,intatheli,joernalis,mmegaditaba,intatheli,mutori wenhau,expanded_shona_lexicon,mutori wenhau
dituku,journée,4.0,Positive,Mot,daytime,isikhathi sasemini,dagtyd,Motšehare .,ixesha lexesha,masikati,expanded_shona_lexicon,masikati
kudituku,journellement,0.0,Neutre,Mot,daily,-zinsuku zonke,daagliks,tšatši ka tšatši,yonke imihla,zuva nezuva,expanded_shona_lexicon,zuva nezuva
diluangana,joute,0.0,Neutre,Mot,joust,ukujula,steekspel,Joust .,joy,joust,expanded_shona_loanword,joust
nsongalume,jouvenceau,4.0,Positive,Mot,young,-ncane,jonk,nnyane,umncinci,mudiki,expanded_shona_lexicon,mudiki
adisanka,jovial,0.0,Neutre,Mot,jovial,-ovil,joviaal,Jovial .,inyikima,jeisial,expanded_shona_lexicon,jeisial
nedisanka,jovialement,0.0,Neutre,Mot,jovially,ngokukhethekile,joviaal,Ka lethabo .,ngenkohliso,muvully,expanded_shona_alt,nemufaro
disanka,jovialité,0.0,Neutre,Mot,joviality,joviality,jovialiteit,Joviality .,inkobe,joviality,expanded_shona_loanword,joviality
tshilengejilutshiamushingamutole,joyau,6.0,Positive,Mot,jewel,itshana eliyigugu,juweel,Jewel .,i-jeel,jewel,expanded_shona_loanword,jewel
nedisanka,joyeusement,5.0,Positive,Mot,happily,ngeneka,gelukkig,Ka lethabo .,ngovuyo,nemufaro,expanded_shona_alt,nomufaro
tshimbilu,jube,5.0,Positive,Mot,jube,indiza- itilo leligiya lamazikilibula,jube,Jube .,i-jube,jube,expanded_shona_loanword,jube
mufikilu,jubilé,-4.0,Negative,Mot,jubilee,inyabonke,jubileum,Jubilee .,i-nubilee,jubheri,expanded_shona_lexicon,jubheri
kukokola,jubiler,-5.0,Negative,Mot,gloat,nyamaphasisa,vrolik,Gloat .,i-gloat,gloat,expanded_shona_loanword,gloat
kuikila,jucher,8.0,Positive,Mot,roost,-thelisayo,slaapplek,Roost .,i-roost,roost,expanded_shona_loanword,roost
tshikidilu,juchoir,7.0,Positive,Mot,perch,perch,baars,Perch .,jikelele,perch,expanded_shona_loanword,perch
benayuda,judaïque,0.0,Neutre,Mot,judaic,I-Judaic,Judaïsties,Sejuda .,UJudac,judic,expanded_shona_lexicon,judic
akabadi,judiciaire,6.0,Positive,Mot,judicial,Ukwahlulela,geregtelik,Boahlodi .,igwetyi,kutonga,expanded_shona_alt,zvekutonga
ameji,judicieux,7.0,Positive,Mot,judicious,zisayo,oordeelkundig,E na le kahlolo .,gweba,kutongwa,expanded_shona_lexicon,kutongwa
nzuji/ndumbulula,juge,5.0,Positive,Mot,judge,gweba icala,oordeel,moahlodi,ijaji,mutongi,expanded_shona_lexicon,mutongi
dilumbuluisha,jugement,4.0,Positive,Mot,judgement,isahlulelo,oordeel,Kahlolo .,umgwebo,kutongwa,expanded_shona_alt,kutonga
kuambatshilumbu,juger,0.0,Neutre,Mot,judge,gweba icala,oordeel,moahlodi,ijaji,mutongi,expanded_shona_lexicon,mutongi
amudiminu,jugulaire,-6.0,Negative,Mot,jugular,-jugagalar,halsvormige,Jugular .,jugalar,jugular,expanded_shona_loanword,jugular
kufinamushingu,juguler,6.0,Positive,Mot,to curb,ukunqamula,te bekamp,go thibela .,ukunqanda,ku curb,expanded_shona_lexicon,ku curb
muenayuda,juif,8.0,Positive,Mot,jewish,-NobuJuda,,Sejuda .,AmaJuda,mujudha,expanded_shona_lexicon,mujudha
dipasa,jumeau,-5.0,Negative,Mot,twin,iphahla,tweeling,Lefahla .,amawele,twin,expanded_shona_alt,mapatya
disuikabintubibidi,jumelage,6.0,Positive,Mot,twinning,hlambuzi,tweeling,Go ba le mafahla .,ukujija,twinning,expanded_shona_loanword,twinning
kubambakajabintubibidi,jumeler,9.0,Positive,Mot,pair,okubili,paar,phere,isibini,vaviri,expanded_shona_lexicon,vaviri
kabalu-kakaji,jument,8.0,Positive,Mot,mare,ihhashi lensikazi,merrie,Mare .,mare,mare,expanded_shona_loanword,mare
tshisuku,jungle,7.0,Positive,Verbe,jungle,umemo,oerwoud,Sethokgwa .,ihlathi,jungle,expanded_shona_alt,sango
mutumpu,jupe,5.0,Positive,Mot,skirt,isiketi,romp,sekhethe,isiketi,sketi,expanded_shona_alt,siketi
nsenda,jurement,6.0,Positive,Mot,swear,thuka,vloek,ikana,ukufunga,kupika,expanded_shona_alt,pika
mutshipiwamutshipu,jureur,8.0,Positive,Mot,swearer,umthukazi,vloeker,Motho wa go apara .,umsikisi,kupika,expanded_shona_alt,mupiki
kujadika,jurer,9.0,Positive,Mot,swear,thuka,vloek,ikana,ukufunga,kupika,expanded_shona_alt,pika
Biapamutu,Superflu,-6.0,Negative,Mot,superfluous,-Phezulu,Oorbodig,E sa nyakegego .,I-Superflight,superfluous,expanded_shona_loanword,superfluous
Biakadiyenabibualu,Indigence,-8.0,Negative,Mot,destitution,Indawo,Behoeftigheid,Go hloka .,Ihlwempu,kupera,expanded_shona_alt,urombo
Biakane,Bienséant,7.0,Positive,Mot,proper,-Yikho ngqo,Behoorlik,Maleba,Kufanelekile,zvakakodzera,expanded_shona_lexicon,zvakakodzera
Biakulakula,Babil,-4.0,Negative,Mot,babil,Babele,Babil,Babil .,I-babil,babil,expanded_shona_alt,bhabhil
Biakunyibuabibishi,Verdure,-5.0,Negative,Mot,greenery,Uluhlaza okotshani,Groen,Botala bja .,Reenery,greenery,expanded_shona_loanword,greenery
Bibidi,Paire,0.0,Neutre,Mot,pair,Okubili,Paar,Phere,Isibini,vaviri,expanded_shona_lexicon,vaviri
Bidibisasa,Chaume,-3.0,Negative,Mot,thatch,Lowo,Grasdak,Thatch .,Chok,thatch,expanded_shona_loanword,thatch
Bidikabiyimuakuambibua,Inexprimable,6.0,Positive,Mot,inexpressible,-Nganakwa,Onuitspreeklik,E sa hlaloseheng .,Ayibonakali,zvisingaite,expanded_shona_alt,zvisingatauriki
Bidikabiyinemuoyo,Inanimé,-5.0,Negative,Mot,inanimate,-Ngaphezulu,Lewendig,Se se sa phelego .,I-intenger,inaniamate,expanded_shona_alt,upenyu
Bidimuakujimina,Incertitude,-7.0,Negative,Mot,uncertainty,Ukungaqiniseki,Onsekerheid,Go se kgonthišege .,Ukungaqiniseki,kusagadzikana,expanded_shona_alt,kusava nechokwadi
Bidimuakuzakajibua,Muable,0.0,Neutre,Mot,changeable,Phendukayo,Veranderbaar,E fetogago .,Iyatshintsha,chinoshanduka,expanded_shona_lexicon,chinoshanduka
Bidia,Repas,7.0,Positive,Mot,meal,Isidlo,Ete,Dijo,Isidlo,hupfu,expanded_shona_lexicon,hupfu
Bidiabiadibanji,Noce,8.0,Positive,Mot,wedding,Umgcagco,Trou,Monyanya,Umtshato,muchato,expanded_shona_lexicon,muchato
BidiabiaMukelenge,Cène,6.0,Positive,Mot,last supper,Isidlo sakusihlwa sokugcina,Laaste Avondmaal,Selalelo sa Mafelelo .,Ukugqibela kwesidlo sangokuhlwa,yekupedzisira chirairo,expanded_shona_alt,kudya kwemanheru kwokupedzisira
Bidiabidikabiyineluevene,Painsanslevain,3.0,Neutre,Mot,unleavened bread,Isinkwa Esingenamvubelo,Ongesuurde brood,Borotho bjo bo sa omelwago .,Isonka esingenagwele,chingwa chisina kuviriswa,expanded_shona_alt,chingwa chisina mbiriso
"Bidimu,wabidimu…",Âge,0.0,Neutre,Mot,age,Iminyaka,Ouderdom,Mengwaga,Iminyaka,zera,expanded_shona_lexicon,zera
Bielelu,Instrument,2.0,Neutre,Mot,instrument,Into yokwenza utho,Instrument,Sedirišwa,Isixhobo,chiridzwa,expanded_shona_alt,chimbo
Biensheshi,Soupçon,-6.0,Negative,Mot,suspicion,Ukusola,Verdagmakery,Dipelaelo .,Ukukrokrela,kufungidzira,expanded_shona_alt,kunyumwa
Bienzebununku,Autrement,0.0,Neutre,Mot,otherwise,Ngaphandle kwalokho,Andersins,Go sego fao,Ngenye indlela,neimwe nzira,expanded_shona_alt,zvikasadaro
Bienzedi,Fait,3.0,Neutre,Mot,do,Enza,Doen,Dira,Yenza,ita,expanded_shona_lexicon,ita
munsombelu,Conduite,4.0,Positive,Mot,conduct,Hola,Gedrag,Maitshwaro,Indlela yokuziphatha,maitiro,expanded_shona_alt,kufambisa
Bijitu,Fardeau,-7.0,Negative,Mot,burden,Thwalisa umthwalo osindayo,Las,Morwalo,Umthwalo,mutoro,expanded_shona_lexicon,mutoro
Bikole,Amèrement,-8.0,Negative,Mot,bitterly,-Babayo,Bitterlik,ka go baba .,Ngokukrakra,zvinoshungurudza,expanded_shona_alt,zvinovava
Bikole,Horriblement,-9.0,Negative,Mot,horribly,-Khosicanu,Verskriklik,ka tsela e tšhošago .,Kakhulu,zvinotyisa,expanded_shona_lexicon,zvinotyisa
kubela,Vertement,-3.0,Negative,Mot,greenly,-Mbangile,Groen,ka botala .,Luhlaza,girini,expanded_shona_lexicon,girini
Bikole,Soigneusement,7.0,Positive,Mot,thoroughly,Ngokugcwele,Deeglik,Go tsenelela,Ngokucokisekileyo,zvakakwana,expanded_shona_lexicon,zvakakwana
Bikondobiakashalakunyima,Autrefois,0.0,Neutre,Mot,formerly,Kuqala,Voorheen,Pele e be e le .,Ngaphambili,zvaimboita,expanded_shona_alt,kare
Bikuata,Prise,2.0,Neutre,Mot,socket,Inkotho,Sok,Soketeng .,Isokisi,socket,expanded_shona_loanword,socket
Bilamba,Habit,3.0,Neutre,Mot,clothing,Okokugqoka,Kleredrag,Diaparo .,Impahla,zvipfeko,expanded_shona_lexicon,zvipfeko
Bilamulamu,Écaille,1.0,Neutre,Mot,scale,Ukukala izinga,Skaal,Sekala,Isikali,chiyero,expanded_shona_lexicon,chiyero
Bilengele,Bienséance,8.0,Positive,Mot,propriety,Propright,Behoorlikheid,Go ba le mohola .,Ubushushu,propriety,expanded_shona_alt,kufanira
"Bilengele,biakanyine",Décent,6.0,Positive,Mot,decent,-Hloniphekile,Ordentlik,Lokilego,Isidima,tsvarakadenga,expanded_shona_lexicon,tsvarakadenga
Bilondeshele,Relativement,0.0,Neutre,Mot,relatively,Hlobene,Relatief,Go ba le .,Ngokulinganayo,zvakasiyana,expanded_shona_alt,zvikati
Bilongo,Lis,5.0,Positive,Mot,read,Funda,Lees,Bala,Funda,verenga,expanded_shona_lexicon,verenga
Bilongolola,Prêt,6.0,Positive,Mot,ready,-Lungiselwe,Gereed,Itokišitše,Ilungele,kugadzirira,expanded_shona_lexicon,kugadzirira
Bilulu,Habillement,2.0,Neutre,Mot,clothing,Okokugqoka,Kleredrag,Diaparo .,Impahla,zvipfeko,expanded_shona_lexicon,zvipfeko
"Bilungakajabimpe,kulamakaja",Ajustéensemble,5.0,Positive,Mot,adjustedtogether,Kulungiswe ngokuphelele,Saam aangepas,AdjutedTogether .,Iyonke,yakagadziridzwa,expanded_shona_alt,kugadziriswa pamwe chete
Bimane,Interdi,-8.0,Negative,Mot,prohibited,-Ngavunyelwe,Verbode,E thibetšwe .,Ayivumelekanga,rakarambidzwa,expanded_shona_alt,kurambidzwa
Bimpe,Justement,9.0,Positive,Mot,exactly,Ngokuyikho du,Presies,Thwii,Ngokuchanekileyo,chaizvo,expanded_shona_alt,ndizvozvo
kumona,Clairement,6.0,Positive,Mot,clearly,Ngokusobala,Duidelik,Go molaleng gore .,Ngokucacileyo,zvakajeka,expanded_shona_lexicon,zvakajeka
mushindu,Sûrement,8.0,Positive,Mot,certainly,Impela,Sekerlik,Ka nnete,Ngokuqinisekileyo,zvirokwazvo,expanded_shona_lexicon,zvirokwazvo
nekalolo,Diligemment,9.0,Positive,Mot,diligently,-Nenkani,Ywerig,Ka mafolofolo .,Ngenkuthalo,kushingairira,expanded_shona_alt,nokushingaira
Bimunyi,Lanterne,1.0,Neutre,Mot,lantern,Isiswevu,Lantern,Lebone .,I-lanne,mararamiro,expanded_shona_lexicon,mararamiro
Binamanya,Pourvuque,0.0,Neutre,Mot,provided,-Sebenzisa,Verskaf,Neetšego,Kubonelelwe,zvakapihwa,expanded_shona_lexicon,zvakapihwa
Bingikalantshiyingenza,Malgrémoi,-3.0,Negative,Mot,despite myself,Naphezu kwami,Ten spyte van myself,Go sa šetšwe nna ka noši .,Ngaphandle kwam,pasinei neni,expanded_shona_alt,zvisinei neni
Bintu,Subsistance,4.0,Positive,Mot,subsistence,Ukunqoba,Bestaan,Go iphediša .,Ukutya,kuuramba,expanded_shona_alt,kurarama
bujitu,Cargaison,2.0,Neutre,Mot,cargo,Impahla ethwelwe umkhumbi,Vrag,Merwalo .,Umthwalo,kutakura zvinhu,expanded_shona_lexicon,kutakura zvinhu
Bintubiabungenda,Marchandise,3.0,Neutre,Mot,merchandise,Impahla ethengisa,Handelsware,Dithoto tša go rekiša .,Intengiso,kutengesa,expanded_shona_lexicon,kutengesa
Bintubiabululu,Fiel,-7.0,Negative,Mot,gall,Ing gang,Gall,Gall .,Inyongo,gall,expanded_shona_loanword,gall
Bintubiamupuyamuimpe,Aromates,5.0,Positive,Mot,herbs,Amakhakhasi,Kruie,mešunkwane .,Amayeza,herbs,expanded_shona_loanword,herbs
Bintubimanshakudiala,Ordure,-8.0,Negative,Mot,garbage,Udoti,Vullis,Thogorogo,Inkunkuma,marara,expanded_shona_lexicon,marara
Binunubinayi,Quatremille,0.0,Neutre,Nombre,quatremille,Quatremille,Quatremille,Quatremille .,IQuatmille,quatmille,expanded_shona_lexicon,quatmille
Binunubisatu,Troismille,0.0,Neutre,Nombre,troismille,I-troismlle,Troismille,T r o m i m i m l e l l e .,I-tromassille,troismille,expanded_shona_loanword,troismille
Binunubitanu,Cinqmille,0.0,Neutre,Nombre,five thousand,Izinkulungwane Eziyisihlanu,Vyfduisend,Dikete tše hlano .,Amawaka amahlanu,zviuru zvishanu,expanded_shona_lexicon,zviuru zvishanu
Binunudikumi,Dixmille,0.0,Neutre,Nombre,ten thousand,Izinkulungwane eziyishumi,Tienduisend,Dikete tše lesome,Amawaka alishumi,zviuru gumi,expanded_shona_lexicon,zviuru gumi
Binunudikuminebibidi,Douzemille,0.0,Neutre,Nombre,twelve thousand,Ishumi nambili,Twaalfduisend,dikete tše lesomepedi tše dikete tše lesomepedi .,Ishumi elinambini lamawaka,zviuru gumi nembiri,expanded_shona_alt,zviuru gumi nezviviri
Binunumakumiabidi,Vingtmille,0.0,Neutre,Nombre,twenty thousand,Izinkulungwane ezingamashumi amabili,Twintigduisend,Dikete tše Masomepedi .,Amashumi amabini amawaka,zviuru makumi maviri,expanded_shona_lexicon,zviuru makumi maviri
Binunumakumiabidinebisatu,Vingt-troismille,0.0,Neutre,Nombre,twenty-three thousand,Izinkulungwane ezingamashumi amabili nantathu,Drie-en-twintigduisend,Dikete tše masomepedi-tharo .,Amashumi amabini anesithathu amawaka,zviuru makumi maviri nezvitatu,expanded_shona_lexicon,zviuru makumi maviri nezvitatu
"Bipendu,kupenda",outrager,-8.0,Negative,Verbe,outrage,ukuthukuthelisa,verontwaardiging,Kgalemo .,ingqumbo,kutsamwa,expanded_shona_lexicon,kutsamwa
Bipia,Tresse,2.0,Neutre,Mot,braided,-Ted,Gevleg,E logagantšwe .,Krazula,yakagadzirirwa,expanded_shona_alt,yakarukwa
tshipiminu,Bath,5.0,Positive,Mot,bath,Ukugeza,Bad,Go hlapa,Ibhafu,kugeza,expanded_shona_lexicon,kugeza
Bipusu,Gousse,1.0,Neutre,Mot,pod,Upombolo,Peul,Pod .,Ipod,pod,expanded_shona_loanword,pod
Bisaka,Corbeille,1.0,Neutre,Mot,basket,Ubhasikidi,Mandjie,Seroto .,Ibhasikithi,tswanda,expanded_shona_lexicon,tswanda
Bisambusambu(disankadia),fêtede,7.0,Positive,Mot,party,inhlangano,partytjie,mokgatlo,itheko,party,expanded_shona_loanword,party
Bishilangane,Contrairement,-2.0,Neutre,Mot,contrary to,Ngokuphikisana nayo,In teenstelling met,go fapana le go .,Ngokuchasene,zvinopesana,expanded_shona_lexicon,zvinopesana
Bishimikidi,Principe,6.0,Positive,Mot,principle,Isimiso,Beginsel,Molao wa motheo .,Umgaqo,nheyo,expanded_shona_lexicon,nheyo
Bisonji,Larme,-5.0,Negative,Mot,tear,Ukudabula,Skeur,Gagola,Iinyembezi,misodzi,expanded_shona_lexicon,misodzi
Bisonsa,Herbe,0.0,Neutre,Mot,grass,Isikhotha,Gras,Bjang,Ingca,huswa,expanded_shona_alt,uswa
bikepu,Balle,0.0,Neutre,Mot,ball,Ibhola,Bal,Kgwele,Ibhola,bhora,expanded_shona_lexicon,bhora
Bitambe,Amplement,6.0,Positive,Mot,ample,-Khulu,Voldoende,Se se lekanego .,Iphehle,zvakakwana,expanded_shona_lexicon,zvakakwana
bitotshi,Bourbier,-7.0,Negative,Mot,quagmire,I-Quagmire,Moeras,Quagmire .,Quagmire,quagmire,expanded_shona_loanword,quagmire
tunuke,Défaillant,-6.0,Negative,Mot,defaulter,Isiphenzana,Defaulter,Motho yo a sa lefelego .,Chaza,defaulter,expanded_shona_alt,default
Bituntuku,Reins,0.0,Neutre,Mot,kidneys,Izinsolo,Niere,Dipshio .,Izintso,itsvo,expanded_shona_lexicon,itsvo
Bitupabiabungi,Reprises,3.0,Neutre,Mot,repeats,Iyaphinda,Herhaal,Dipheta .,Ukuphindaphinda,kudzokorora,expanded_shona_alt,inodzokorora
Bitupabiamubidi,Membre,1.0,Neutre,Mot,member,Ilungu,Lid,Leloko .,Ilungu,nhengo,expanded_shona_lexicon,nhengo
Biuma,Bien-être,9.0,Positive,Mot,well-being,Inhlala-kahle,Welstand,Bophelo bjo bobotse .,Impilo-ntle,zvakanaka,expanded_shona_alt,hupenyu hwakanaka
Bizakalazakala,Raboteux,-4.0,Negative,Mot,rugged,-Enziwe,Robuust,E makgwakgwa .,Rugged,kukanda,expanded_shona_lexicon,kukanda
Bu,Guisede,-1.0,Neutre,Mot,guisede,Geele,Guisede,Guisede .,Gudlelee,guekita,expanded_shona_lexicon,guekita
Bu(pabuipine),Environ,0.0,Neutre,Mot,approximately,Cishu,Ongeveer,E ka bago,Malunga,dzinenge,expanded_shona_alt,anenge
BuMubidi,Corporel,2.0,Neutre,Mot,corporal,Ukhoporali,Korporaal,Mokoporale .,Inkampani,corpis,expanded_shona_lexicon,corpis
Bumuntu,Naturellement,6.0,Positive,Mot,naturally,Ngokwendabuko,Natuurlik,Ka tlhago .,Ngokwemvelo,zvakasikwa,expanded_shona_alt,sezvingatarisirwa
Buabualu,Moyen,1.0,Neutre,Mot,average,-Vamile,GEMIDDELDE,MAGARENG,Umndilili,pakati,expanded_shona_lexicon,pakati
BuaBualu(tshienabualu),Cause,5.0,Neutre,Mot,cause,Dala,Oorsaak,Hlola,Unobangela,chikonzero,expanded_shona_lexicon,chikonzero
Buabualuebu,Pourquoi,0.0,Neutre,Mot,for what,Kwani,Vir wat,bakeng sa eng .,Yantoni,yechii,expanded_shona_lexicon,yechii
Buakukema,Merveilleux,9.0,Positive,Mot,wonderful,-Mangalisayo,Wonderlik,Makatšago,Kuyamangalisa,zvinoshamisa,expanded_shona_lexicon,zvinoshamisa
Buapabuabu,Extraordinaire,9.0,Positive,Mot,extraordinary,Mangalisayo,Buitengewoon,Fetišišago,Engaqhelekanga,zvinoshamisa,expanded_shona_lexicon,zvinoshamisa
Buakane,Sain,9.0,Positive,Mot,healthy,-Qinile,Gesond,Phelegile,Isempilweni,hutano,expanded_shona_lexicon,hutano
Buakane(budi),Seoir,0.0,Neutre,Verbe,seoir,Seoir,Seoir,Seoir .,Seoir,seoir,expanded_shona_loanword,seoir
Buakuidi,Sacrificature,6.0,Positive,Mot,sacrifice,Hlabela,Opoffering,Ba sehlabelo,Ukubingelela,chibayiro,expanded_shona_lexicon,chibayiro
Bualu,Point,-9.0,Negative,Mot,point,Khomba,Punt,Šupa,Inqaku,poindi,expanded_shona_lexicon,poindi
Bualu,Cause,0.0,Neutre,Mot,cause,Dala,Oorsaak,Hlola,Unobangela,chikonzero,expanded_shona_lexicon,chikonzero
Bualubua,Effet,4.0,Positive,Mot,effect,Umphumela,Effek,Seabe,Isiphumo,maitiro,expanded_shona_alt,mhedzisiro
Bualubuakukema,Prodige,8.0,Positive,Mot,prodigy,Indawo okuphuma ezweni,Wonderkind,Prodigy .,Prodigy,prodigy,expanded_shona_loanword,prodigy
Bualubukole,Nécessaire,-3.0,Negative,Mot,necessary,-Funeka,Nodig,Hlokega,Yimfuneko,zvinodiwa,expanded_shona_lexicon,zvinodiwa
Bualubusokoka,Mystère,2.0,Neutre,Mot,mystery,Imfihlakalo,Misterie,Semaka,Imfihlakalo,chakavanzika,expanded_shona_lexicon,chakavanzika
Bualubusokokabuabupidia,Mystèred'iniquité,-7.0,Negative,Mot,mystery of iniquity,Imfihlakalo Yobubi,Verborgenheid van ongeregtigheid,Sephiri sa bokgopo .,Imfihlakalo yobutshinga,chakavanzika chezvakaipa,expanded_shona_alt,chakavanzika chekusarurama
muanda,Nouvelle,5.0,Positive,Mot,new,-Kwanamuhla,Nuut,Mpsha,Intsha,nyowani,expanded_shona_lexicon,nyowani
Buangabuakulabakumesu,Collyre,0.0,Neutre,Mot,eye drops,I-Eye Drop,Oogdruppels,Marotholi a Mahlo .,Iliso lamehlo,ziso rinodonha,expanded_shona_alt,madonhwe emaziso
Buatu,"Nacelle,Navire",0.0,Neutre,Mot,"nacelle,ship","Nacelle, umkhumbi","Nacelle, skip","Nacelle,Sekepe sa .","INacelle, inqanawa","nacelelle, tura",expanded_shona_lexicon,"nacelelle, tura"
mushete,Arche,6.0,Positive,Mot,ark,UmkhumbiWE,Ark,Areka .,Umkhombe,areka,expanded_shona_lexicon,areka
Buatu.,Barque,3.0,Neutre,Mot,boat,Isikebhe,Boot,Seketswana,Isikhephe,chikepe,expanded_shona_lexicon,chikepe
Bubandi,AcCharge,-6.0,Negative,Mot,accharge,Uhlamvu lokungezelela isidubulwane,AcCharge,Accharge .,I-accharge,accharge,expanded_shona_loanword,accharge
Bubanjibuabungi,Opulence,7.0,Positive,Mot,opulence,Ukubizela,Weelderigheid,Opulence .,I-optilence,opulence,expanded_shona_loanword,opulence
Bubi,Méchanceté,-8.0,Negative,Mot,wickedness,Ububi,Goddeloosheid,Bokgopo .,Ubungendawo,zvakaipa,expanded_shona_alt,uipi
Budibuakane,Convenir,4.0,Positive,Verbe,agree,Vumelana,Stem saam,Dumela,Vuma,bvumirana,expanded_shona_alt,bvumiranai
Budibuimpe,Nécessité,6.0,Positive,Mot,need,Dinga,Behoefte,Nyaka,Isidingo,kuda,expanded_shona_lexicon,kuda
Budibuitabujibua,Indulgence,7.0,Positive,Mot,indulgence,Okuzindulelayo,Genot,Go ikgotsofatša .,I-Inbulgetion,kuzvisarudzira,expanded_shona_lexicon,kuzvisarudzira
Adikamakama(Kuenzamalu),Inconvenance,-5.0,Negative,Mot,impropriety,Ukweqa noma,Onbehoorlikheid,Go se swanelege .,Ayilunganga,zvinyoreso,expanded_shona_alt,kusafanira
ADinanga,Aimable,8.0,Positive,Mot,kind,-Nomusa,Soort,Mohuta,Uhlobo,mutsa,expanded_shona_lexicon,mutsa
Akuitabushisha,Persuasion,6.0,Positive,Mot,persuasion,Ukuncenga,Oorreding,Kgodišo .,Ukweyisela,kunyengetedza,expanded_shona_lexicon,kunyengetedza
Akukema,Étrange,-2.0,Negative,Mot,odd,-Ngajwayelekile,Vreemd,Makatšago,Engaqhelekanga,zvisinganzwisisike,expanded_shona_lexicon,zvisinganzwisisike
Apatupu,Vain,-4.0,Negative,Mot,vain,-Yize,Tevergeefs,Lefeela .,Inkwenkwe,hazvina basa,expanded_shona_lexicon,hazvina basa
Atshianana,Oiseux,-5.0,Negative,Mot,birds,Izinyoni,Voëls,Dinonyana .,Iintaka,shiri,expanded_shona_lexicon,shiri
Absinthe(bululu),Absinthe,-3.0,Negative,Mot,absinthe,Absinthe,Absint,Absinthe .,I-absinthe,absinther,expanded_shona_lexicon,absinther
AdiaTshiprofete,Prophétique,7.0,Positive,Mot,prophetic,-Profethi,Profeties,Seporofeto sa boporofeta .,Isiprofetho,kuporofita,expanded_shona_alt,zvechiporofita
Adiakuatshisha,Profitable,8.0,Positive,Mot,profitable,-Sizayo,Winsgewend,E na le poelo .,Inzuzo,zvinobatsira,expanded_shona_alt,inobatsira
Adiashima,Artificieux,-6.0,Negative,Mot,artful,Ubunye Ubukhali,Kunstig,Botaki .,Ubugcisa,art,expanded_shona_lexicon,art
Alléluia,Alléluia,9.0,Positive,Mot,alleluia,Alleluia,Halleluja,Alleluia .,Alleluia,allelaia,expanded_shona_alt,alleluya!
Alo,Aloès,0.0,Neutre,Mot,aloe,I-aloe,Aalwyn,Aloe .,Aloe,aloe,expanded_shona_loanword,aloe
Alpha,Alpha,6.0,Positive,Mot,alpha,UFakaziyeli,Alfa,Alpha .,Alpha,alfa,expanded_shona_lexicon,alfa
Amen,Amen,9.0,Positive,Mot,amen,Amen,Amen,Amen .,Amen,ameni,expanded_shona_lexicon,ameni
Améthyste,Améthyste,5.0,Positive,Mot,amethyst,Amethyst,Ametis,Amethyst .,I-ameTotiste,amethyst,expanded_shona_loanword,amethyst
Andi,Fonds,0.0,Neutre,Mot,funds,Izimali,Fondse,Ditšhelete .,Imali,mari,expanded_shona_lexicon,mari
Anu,Excepté,0.0,Neutre,Mot,except,Kuphela,Behalwe,Ntle le,Ngaphandle,kunze,expanded_shona_lexicon,kunze
Anutuabatukesetuditshale,Presque,0.0,Neutre,Mot,almost,Pheshe,Amper,Nyakile,Phantse,dzinenge,expanded_shona_alt,kunenge
"Anu,misanguyonso",Toutefois,0.0,Neutre,Mot,however,Nokho,Egter,Le ge go le bjalo,Nangona kunjalo,zvisinei,expanded_shona_lexicon,zvisinei
Apapabuloba,Ici-bas,0.0,Neutre,Mot,down here,Phansi lapha,Hier onder,Tlase mo .,Apha,zasi apa,expanded_shona_alt,pasi apa
Arène,Arène,0.0,Neutre,Mot,arena,Inkundla,Arena,Arena .,I-arena,arena,expanded_shona_loanword,arena
Argent,Argent,0.0,Neutre,Mot,money,Imali,Geld,Tšhelete,Imali,mari,expanded_shona_lexicon,mari
Diabalume,Droit,7.0,Positive,Mot,right,Ngakwesokudla,Reg,Nepagetše,Kunene,rudyi,expanded_shona_lexicon,rudyi
Diamuditumba,Angulaire,4.0,Neutre,Mot,angular,-Ngularle,Hoekig,Angular .,I-angular,kurongeka,expanded_shona_lexicon,kurongeka
"Dia,bia",Dominical,6.0,Positive,Mot,dominical,-Ngaphambili,Dominical,Dominical .,I-dumical,dominical,expanded_shona_loanword,dominical
Diabulu,Diable,-9.0,Negative,Mot,devil,Onakele,Duiwel,Diabolo,UMtyholi,dhiabhori,expanded_shona_alt,dhiyabhorosi
"Diabulu,demon",Démon,-8.0,Negative,Mot,demon,Idimoni,Demoon,Letimone,Idemon,dhimoni,expanded_shona_lexicon,dhimoni
Diakane,Favorable,7.0,Positive,Mot,favorable,Vumelanayo,Gunstig,E kgahlišago .,Kufanelekileyo,zvakanaka,expanded_shona_lexicon,zvakanaka
Diakane,Commode,-3.0,Negative,Mot,convenient,-Seduze,Gerieflik,Loketšego,Ilula,nyore,expanded_shona_lexicon,nyore
"Diakane,buimpe",Digne,8.0,Positive,Mot,worthy,-Fanele,Waardig,Nago le mohola,Kufanelekile,yakakodzera,expanded_shona_alt,zvakakodzera
Diambedi,Précédent,0.0,Neutre,Mot,previous,-Kwakuqala,Vorige,Peleng,Ngaphambili,yapfuura,expanded_shona_lexicon,yapfuura
Diandamuna,Réponse,5.0,Positive,Mot,answer,Impendulo,Antwoord,Karabo,Impendulo,mhinduro,expanded_shona_alt,pindura
Diapa,Épaule,2.0,Neutre,Mot,shoulder,Igxalaba,Skouer,Legetla,Igxalaba,pfudzi,expanded_shona_lexicon,pfudzi
Diba,Soleil,6.0,Positive,Mot,sun,Ilanga,Son,Letšatši,Ilanga,zuva,expanded_shona_lexicon,zuva
Dibaadi,Aussitôt,0.0,Neutre,Mot,right away,Khona manje,Dadelik,Gateetee .,Ngoku nangoku,ipapo,expanded_shona_lexicon,ipapo
Dibadiabuakane,Soleildejustice,8.0,Positive,Mot,sunofjustice,I-SunofJustice,Sunofjustice,Sunofjustice .,Ilanga,sunoftion,expanded_shona_lexicon,sunoftion
Dibadikese,Isubstantif,3.0,Neutre,Mot,inoun,Isibobi,Inoun,Inoun .,Inoun,inoun,expanded_shona_loanword,inoun
Dibaka,Mariage,7.0,Positive,Mot,marriage,Ukugana,Huwelik,Lenyalo,Umtshato,kuroora,expanded_shona_alt,kuroorana
Dibala,Lecture,5.0,Positive,Mot,reading,Ukufunda,Lees,Go bala,Ukufunda,kuverenga,expanded_shona_lexicon,kuverenga
Dibanza,"Dette,Dû",-6.0,Negative,Mot,"debt, due","Isikweletu, kufanele","Skuld, Verskuldig","Sekoloto, se se swanetšego .","Ityala, ngenxa","chikwereti, chakakodzera",expanded_shona_alt,"chikwereti, zvakakodzera"
Dibaya,Planche,2.0,Neutre,Mot,plank,Iplank,Plank,Lepolanka .,Iplanga,plank,expanded_shona_loanword,plank
Dibeji,"Feuille,Papier",3.0,Neutre,Mot,"sheet,paper","Ishidi, iphepha","Blad, papier","Letlakala,pampiri .","Iphepha, iphepha","pepa, pepa",expanded_shona_alt,"sheet, pepa"
Dibela,Discipliner,4.0,Positive,Verbe,discipline,Imfundiso yokulalela,Dissipline,Kgalema,Uqeqesho,kurangwa,expanded_shona_alt,kuranga
Dibidi(dituku),Deuxième,0.0,Neutre,Mot,second,-Lekayo,Tweedens,Motsotswana,Isibini,chepiri,expanded_shona_lexicon,chepiri
Dibikakulufu,Résurrection,9.0,Positive,Mot,resurrection,Ukubusa,Opstanding,Tsogo .,Uvuko,kumuka,expanded_shona_alt,kumuka kuvakafa
Dibikidibua,Vocation,7.0,Positive,Mot,vocation,Ubizo,Roeping,Pitso ya .,Umsebenzi,basa,expanded_shona_lexicon,basa
Dibikila,Appel,6.0,Positive,Mot,call,Memeza,Bel,Bitša,Umnxeba,kufona,expanded_shona_lexicon,kufona
Dibingishibua,Justification,8.0,Positive,Mot,justification,Ukuthethelela isizathu esizwakalayo,Regverdiging,Go lokafatšwa .,Ukuzithethelela,kururamisa,expanded_shona_lexicon,kururamisa
Diboko,Bras,2.0,Neutre,Mot,arm,Hlomisa,Arm,Letsogo,Ingalo,ruoko,expanded_shona_lexicon,ruoko
Dibue,Maîtressepierreducoin,0.0,Neutre,Mot,mistresspierreducoin,Misstrspierreducoin,Meesterespierreducoin,Mmolemo o MogoloPierReducain .,I-Midsprespierdduin,mistresspierredereducoin,expanded_shona_lexicon,mistresspierredereducoin
Dibueamushingamukole,Permanent,4.0,Positive,Mot,permanent,-Ngenakuguqulwa,Permanent,Ruri,Isigxina,zvachose,expanded_shona_lexicon,zvachose
Dibuediamuditumba,caused'achoppement,-7.0,Negative,Mot,caused stumbling,kubangele ukukhubeka,struikeling veroorsaak het,Go bakilwe ke kgopišo .,ibangela ukukhubeka,yakakonzerwa kugumburwa,expanded_shona_alt,zvakakonzera kugumburwa
Dibuediatshilenduishi,Piété,8.0,Positive,Mot,piety,Ukuphuthakaleka,Vroomheid,Borapedi bja borapedi .,Proity,pity,expanded_shona_alt,kunamata mwari
Dibuedinene,Meule,0.0,Neutre,Mot,grindstone,Ukugaya,Slypsteen,Lefsika la go šila .,I-Grindstone,grindstone,expanded_shona_loanword,grindstone
"Dibuedinene,lubuebue",Roc,5.0,Positive,Mot,rock,Itshe elikhulu,Rots,Letlapa,Iliwa,dombo,expanded_shona_lexicon,dombo
Dibueditoketô,Cristal,6.0,Positive,Mot,crystal,Itshe elikhanya okwengilazi,Kristal,kristale .,Ikristali,crystal,expanded_shona_loanword,crystal
Dibuejibua,Introduction,4.0,Positive,Mot,introduction,Ukuqalisa,Inleiding,Matseno,Intshayelelo,nhanganyaya,expanded_shona_lexicon,nhanganyaya
Dibuela,Entrée,0.0,Neutre,Mot,entrance,Ukungena,Ingang,Mojako,Ukungena,kupinda,expanded_shona_lexicon,kupinda
Dibuelakana(malumabuelakane),Désordre,-8.0,Negative,Mot,mess,Nyakanyekisa,Gemors,Bošaedi,Ukungcola,nyonganiso,expanded_shona_lexicon,nyonganiso
Dibuenekakumesu,Extérieurement,0.0,Neutre,Mot,externally,Ngaphesheya,Ekstern,Ka ntle .,Ngaphandle,kunze,expanded_shona_lexicon,kunze
Dibuikidila,Pardon,9.0,Positive,Mot,pardon,Xolela,Verskoon,Tshwarelo,Uxolelo,kuregerera,expanded_shona_lexicon,kuregerera
Dibuikidila(mulambuwa),Propitiation,8.0,Positive,Mot,propitiation,Isazisa,Versoening,Poelano .,Ukuveliswa,kuperekedza,expanded_shona_lexicon,kuperekedza
Dibulu,Masse,0.0,Neutre,Mot,mass,Okuninginingi,Mis,Boima,Ubunzima,misa,expanded_shona_lexicon,misa
Dibuluibua,Révélation,9.0,Positive,Mot,revelation,Ukwazisa,Openbaring,Kutollo .,ISityhilelo,zvakazarurwa,expanded_shona_lexicon,zvakazarurwa
Dibungama,"Défait,Regret",-6.0,Negative,Mot,"defeated, regret","Ahluliwe, asole","Verslaan, spyt","Go fenywa, go itshola .","Yoyisiwe, ukuzisola","kukundwa, kuzvidemba",expanded_shona_alt,"kukundwa, zvidemba"
Dibungi,Nuage,0.0,Neutre,Mot,cloud,Amafu,Wolk,Leru,Ilifu,gore,expanded_shona_lexicon,gore
Dibungibungi,Vapeur,0.0,Neutre,Mot,steam,Isitimu,Stoom,Phišo,I-steam,steam,expanded_shona_loanword,steam
Dibutuka,Destruction,-9.0,Negative,Mot,destruction,Isibhicongo,Vernietiging,Tshenyo,Intshabalalo,kuparadzwa,expanded_shona_alt,kuparadza
Didiadiadisanka,Festin,8.0,Positive,Mot,feast,Idili,Fees,Monyanya,Umthendeleko,mabiko,expanded_shona_lexicon,mabiko
Didianjila,Avance,5.0,Positive,Mot,advance,Sondela,Bevorder,Gatetšego pele,Phambili,kufambira mberi,expanded_shona_lexicon,kufambira mberi
Didianjilakukosabualumumutshima,Préférence,6.0,Positive,Mot,preference,Ukuqoka,Voorkeur,Kgetho,Ukukhetha,kuda,expanded_shona_lexicon,kuda
Didianjilakumanya,Préconnaissance,7.0,Positive,Mot,precognition,Ukuhlukanisela izinhlanga,Voorkennis,Go lemoga pele ga nako .,Ukuqonda,precognitionition,expanded_shona_lexicon,precognitionition
Didibingisha,Excuse,4.0,Positive,Mot,excuse,Xolela,Ekskuus,Lebalela,Uxolo,ruregerero,expanded_shona_alt,kuregerera
Didikanda,Tempérance,8.0,Positive,Mot,temperance,Ukugxila,Matigheid,Go itshwara ka tlase ga tekanyo .,Ushushu,kuzvidzora,expanded_shona_lexicon,kuzvidzora
kalasa,Discipline,6.0,Positive,Mot,discipline,Imfundiso yokulalela,Dissipline,Kgalema,Uqeqesho,kurangwa,expanded_shona_alt,kuranga
Didinga,Fraude,-8.0,Negative,Mot,fraud,Ubuwanqa,Bedrog,Bomenetša,Ubuqhetseba,kubiridzira,expanded_shona_alt,chitsotsi
Didisankisha,Satisfaction,8.0,Positive,Mot,satisfaction,Ukugculiseka,Tevredenheid,Kgotsofalo,Ulwaneliseko,kugutsikana,expanded_shona_lexicon,kugutsikana
Didisua;diambu,Orgueil,-7.0,Negative,Mot,pride,Ukuziqhenya,Trots,Boitumelo,Ikratshi,kudada,expanded_shona_alt,kuzvikudza
Didiunda,Progrès,7.0,Positive,Mot,progress,Ukuqhubeka,Vordering,Kgatelopele,Inkqubela,kufambira mberi,expanded_shona_lexicon,kufambira mberi
Didiundisha,Édification,6.0,Positive,Mot,edification,Ukuqinisa,Opbou,Go aga .,Ukwenziwa,kugadziriswa,expanded_shona_alt,kuvaka
Dieba,Épine,-3.0,Negative,Mot,spiked,Ubutheliwe,Spits,Spiked .,I-spiked,spiked,expanded_shona_loanword,spiked
Diedibuadiamanyi,Onction,7.0,Positive,Mot,anointing,Ukugcotshwa,Salwing,Tlotšo .,Ukuthanjiswa,kuzodza,expanded_shona_alt,kuzodzwa
Dienza,Opérant,5.0,Positive,Mot,operator,Osebenzayo,Operator,Modiriši .,Umqhubi,operator,expanded_shona_loanword,operator
Dienzejibuakubukole,Contrainte,-7.0,Negative,Mot,constraint,Ingxabano,Beperking,Thibelo .,Isithintelo,kumanikidza,expanded_shona_lexicon,kumanikidza
Difikadiamunda,Indignation,-8.0,Negative,Mot,indignation,Ukucula,Verontwaardiging,Kganyogo ya go galefa .,Ukucaphuka,kutsamwa,expanded_shona_lexicon,kutsamwa
Difikishamunda,Irritation,-6.0,Negative,Mot,irritation,Ukucunula,Irritasie,Go hlohlona .,Ukucaphukisa,kutsamwiswa,expanded_shona_lexicon,kutsamwiswa
Difu,"Estomac,Matrice",0.0,Neutre,Mot,"stomach,womb","Isisu, isibeletho","Maag, baarmoeder","Mala,popelo ya popelo .","Isisu, isibeleko","dumbu, chibereko",expanded_shona_alt,"dumbu,mudumbu"
Difuma,Lance,1.0,Neutre,Mot,spear,Izala,Spies,Lerumo la lerumo .,Umkhonto,pfumo,expanded_shona_lexicon,pfumo
Difutu,Rémunération,0.0,Neutre,Mot,remuneration,Ukuzotshalaliswa,Vergoeding,Moputso .,Umvuzo,kubhadhara,expanded_shona_alt,mubayiro
Dikenga,Tribulation,-8.0,Negative,Mot,tribulation,Usizi,Verdrukking,Matshwenyego .,Imbandezelo,kutambudzika,expanded_shona_lexicon,kutambudzika
Dikenga,Détresse,-9.0,Negative,Mot,distress,Usizi,Nood,Kgakanego,Uxinzelelo,kutambudzika,expanded_shona_alt,kushungurudzika
Dikengadiabintu,Privation,-7.0,Negative,Mot,deprivation,Ukwehliswa,Ontneming,Go hloka .,Ukuthotywa,kunyimwa,expanded_shona_lexicon,kunyimwa
Dikengeshibua,Oppression,-8.0,Negative,Mot,oppression,Ukuhlupheka,Onderdrukking,Kgatelelo .,Ingcinezelo,kudzvinyirira,expanded_shona_alt,kudzvinyirirwa
Dikenke,Éclat,6.0,Positive,Mot,glow,Nkemuzela,Gloei,Phadima,Qaphela,kupenya,expanded_shona_lexicon,kupenya
Dikima,Assurance,8.0,Positive,Mot,insurance,Umshwalense,Versekering,Inšorentshe,I-inshurensi,inishuwarenzi,expanded_shona_lexicon,inishuwarenzi
Dikisha,Repos,9.0,Positive,Mot,rest,Thulisa,Rus,Khutša,Phumla,zorora,expanded_shona_lexicon,zorora
Dikolesha,Exhortation,4.0,Positive,Verbe,exhortation,Isikhuthazo,Vermaning,Kgothatšo .,Isibongozo,kurudziro,expanded_shona_lexicon,kurudziro
Dikonka,Question,0.0,Neutre,Mot,question,Buza,Vraag,Potšišo,Umbuzo,mubvunzo,expanded_shona_lexicon,mubvunzo
Dikuatshishangana,Utilité,4.0,Positive,Mot,utility,Umkhuba,Nut,Thušo,Isixhobo,zvinoshandiswa,expanded_shona_lexicon,zvinoshandiswa
Dikudimuka,Variation,0.0,Neutre,Mot,variation,Ukuphenduka,Variasie,Phapano .,Umahluko,kusiyana,expanded_shona_lexicon,kusiyana
Dikudimuna,Changement,0.0,Neutre,Mot,change,Phendula,Verander,Phetogo,Utshintsho,shanduko,expanded_shona_lexicon,shanduko
Dikudimunadiamutshima,Repentance,8.0,Positive,Mot,repentance,Ukuphenduka,Bekering,tshokologo .,Inguquko,kupfidza,expanded_shona_lexicon,kupfidza
Dikumadiamutshimabipetamunjilamibi,Avided'ungainhonteux,-6.0,Negative,Mot,hungry for shameful gain,Elambile ngenzuzo eyihlazo,Honger vir skandelike wins,Tlala ya go hwetša poelo e hlabišago dihlong .,Balambile ukufumana inzuzo yeentloni,nzara yekuwana nyadzi kuwana,expanded_shona_alt,nzara yepfuma inonyadzisa
Dikumadiamutshimakubiuma,Avarice,-7.0,Negative,Mot,avarice,Iphazazela,Gierigheid,Avarice .,I-avarice,avarice,expanded_shona_loanword,avarice
Dikumbana,Accomplissement,9.0,Positive,Mot,accomplishment,Ubungcweti,Prestasie,Phihlelelo .,Impumelelo,kuita,expanded_shona_alt,kubudirira
Dikumineumue,Onzième,0.0,Neutre,Mot,eleventh,Ishumi nanye,Elfde,Lesometee .,Ishumi elinanye,chegumi neimwe,expanded_shona_lexicon,chegumi neimwe
Dikunji,Colonne,2.0,Neutre,Mot,column,Insika,Kolom,Kholomo,Ikholamu,column,expanded_shona_loanword,column
Dikunyibua,Implanté,4.0,Positive,Mot,implanted,-Yisimukisa,Ingeplant,E tsentšwe .,Ifakwe,yakamiswa,expanded_shona_alt,kudyarwa
Dikunza,Roux,0.0,Neutre,Mot,redhead,-Bhebhe kahle,Rooikop,Moriri o mohwibidu .,Redhead,redhead,expanded_shona_loanword,redhead
Dikuta,Monnaie,0.0,Neutre,Mot,cash,Ukheshi,Kontant,Kheše,Imali,mari,expanded_shona_lexicon,mari
Dikutadikese,Sou,2.0,Neutre,Mot,sou,Ubuhlanga,Sou,Sou .,I-sou,sou,expanded_shona_loanword,sou
Diledibuakuatshiakabidi,Régénération,9.0,Positive,Mot,regeneration,Ukunyusa kabusha,Herlewing,Go tswalwa gape .,Ukuvuselelwa kwakhona,kuzvidzora,expanded_shona_alt,kuberekwa patsva
Dilejadiamampa,Propositionsdespains,6.0,Positive,Mot,bread suggestions,Iziphakamiso zesinkwa,Broodvoorstelle,Ditšhišinyo tša Borotho .,Iingcebiso zesonka,mazano echingwa,expanded_shona_lexicon,mazano echingwa
Dilejatshilema,Reproche,-6.0,Negative,Mot,reproach,Ngqonhlamvu,Verwyt,kgobošo .,Ingcikivo,kuzvidza,expanded_shona_alt,kuzvidzwa
"Dilelela,tshiditshiakueyemenyibua",Certain,5.0,Positive,Mot,certain,-Azi kahle,Seker,Dingwe,Ezithile,vamwe,expanded_shona_alt,chokwadi
Dilengeja,Purification,8.0,Positive,Mot,purification,Ukuhlambululela,Suiwering,Tlhokomelo ya .,Ukucocwa,kucheneswa,expanded_shona_lexicon,kucheneswa
Dilengejibua,Perfection,9.0,Positive,Mot,perfection,Ukuphelela du,Perfeksie,Phethego .,Ukugqibelela,kukwana,expanded_shona_lexicon,kukwana
Dilengesha,Parure,7.0,Positive,Mot,adornment,Ukuhlobisa,Versiering,Mokgabišo .,Uhombiso,kushongedza,expanded_shona_lexicon,kushongedza
Dileta,Lettre,3.0,Neutre,Mot,letter,Uhlamvu lokulandelana kwamagama,Brief,Lengwalo,Ileta,tsamba,expanded_shona_lexicon,tsamba
Diloba,Pêche,4.0,Positive,Mot,fishing,Ukufakaza,Visvang,Go rea dihlapi .,Ukuloba,kubata hove,expanded_shona_lexicon,kubata hove
Dilobo,Port,0.0,Neutre,Mot,port,Itheku,Port,Phote,Izibuko,port,expanded_shona_loanword,port
Dilomba,Requête,0.0,Positive,Mot,request,Nxusa,Versoek,Kgopelo,Isicelo,chikumbiro,expanded_shona_lexicon,chikumbiro
Dilondololadiandelanganyi,Généalogie,0.0,Neutre,Mot,genealogy,Kohluzo,Genealogie,Leloko la leloko .,Umlibo,genealogy,expanded_shona_loanword,genealogy
Dilonga,Bassin,0.0,Neutre,Mot,basin,Indishi,Wasbak,Beisine .,I-basin,bhesin,expanded_shona_lexicon,bhesin
Dilonga(dialabale),Plat,0.0,Neutre,Mot,flat,Caba,Plat,Folete,Iflethi,flat,expanded_shona_loanword,flat
Dilongesha,Enseignement,6.0,Positive,Mot,education,Imfundo,Onderwys,Thuto,Imfundo,dzidzo,expanded_shona_lexicon,dzidzo
Dilongolola,Redressement,5.0,Positive,Mot,recovery,Ukululama,Herstel,Kutollo,Ukubuyisela kwimeko yesiqhelo,kupora,expanded_shona_lexicon,kupora
Dilua,Venue,5.0,Positive,Mot,coming,Ukuza,Kom,Tlago,Ukuza,kuuya,expanded_shona_lexicon,kuuya
Diluangana,Lutte,-4.0,Negative,Mot,struggle,Umshikashika,Stryd,Katana,Umzabalazo,kurwira,expanded_shona_alt,kutamburira
Dilubakana,Embarras(êtredansl'),-5.0,Negative,Mot,embarrassment(being in),Amahloni (ukuba ngaphakathi),Verleentheid (om in te wees),dihlong(go ba ka gare) .,Ihlazo (ukuba liphakathi),kunyara (kuve mu),expanded_shona_alt,kunyara (kuva mukati)
Dilulama,Droiture,8.0,Positive,Mot,righteousness,Ukulunga,Geregtigheid,Go loka .,Ubulungisa,kururama,expanded_shona_lexicon,kururama
Dilumbuluisha,Jugement,7.0,Positive,Mot,judgement,Isahlulelo,Oordeel,Kahlolo .,Umgwebo,kutongwa,expanded_shona_alt,kutonga
Dima,Argile,0.0,Neutre,Mot,clay,Ubumba,Klei,Letsopa,Udongwe,ivhu,expanded_shona_lexicon,ivhu
Dimanya,Savoir,6.0,Positive,Mot,know,Bona,Weet,Tseba,Yazi,ziva,expanded_shona_lexicon,ziva
"Dimanya,lungenyi",Connaissance,7.0,Positive,Mot,awareness,Ukuzwa,Bewustheid,Temogo,Ukwazisa,kuziva,expanded_shona_lexicon,kuziva
Dimanyisha,Information,5.0,Positive,Mot,information,Ulwazi,Inligting,Tshedimošo,Ulwazi,ruzivo,expanded_shona_lexicon,ruzivo
Dimiamina,Aspersion,4.0,Positive,Mot,aspersion,Ukudabula,Aspersie,Aspersion .,I-appersion,sabashi,expanded_shona_lexicon,sabashi
Diminu,Semence,0.0,Neutre,Mot,seed,Inhlwanyelo,Saad,Peu,Imbewu,mbeu,expanded_shona_lexicon,mbeu
Dimoma,Rouille,-6.0,Negative,Mot,rust,Ukugqwala,Roes,Moruswi .,Rust,ngura,expanded_shona_lexicon,ngura
Dimueneka,Manifestation,6.0,Positive,Mot,demonstration,Isibonakaliso,Demonstrasie,Pontšo .,Umboniso,kuratidzira,expanded_shona_lexicon,kuratidzira
Dimuenesha,Démonstration,8.0,Positive,Mot,demonstration,Isibonakaliso,Demonstrasie,Pontšo .,Umboniso,kuratidzira,expanded_shona_lexicon,kuratidzira
Tshina,Puits,-5.0,Negative,Mot,well,Ngakho,Wel,Gabotse,Kuhle,zvakanaka,expanded_shona_lexicon,zvakanaka
Dinadiamayi,Fontaine,6.0,Positive,Mot,fountain,Isisuko,Fontein,Sediba .,Umthombo,tsime,expanded_shona_lexicon,tsime
Dinanga,Amour,9.0,Positive,Mot,love,Thanda,Liefde,Lerato,Uthando,rudo,expanded_shona_lexicon,rudo
"Dinanga,Kusua(kuimpe)(1)",Affection,8.0,Positive,Mot,affection,Uthando,Geneentheid,Lerato,Uthando,rudo,expanded_shona_lexicon,rudo
Dinanukila,Persévérer,7.0,Positive,Verbe,persevere,Phikelela,Volhard,Kgotlelelo .,Zingise,kutsungirira,expanded_shona_alt,shingirira
Dinda,Matin,5.0,Positive,Mot,morning,Ekuseni,Oggend,Mesong,Ntseni,mangwanani,expanded_shona_lexicon,mangwanani
Dinda,Pointdujour,6.0,Positive,Mot,pointdujour,Inkani,Pointdujour,Ntlha ya Dujour .,I-PORTUKURE,pointdujour,expanded_shona_loanword,pointdujour
Dinemekela,Révérence,8.0,Positive,Mot,reverence,Ukuhlonipha,Eerbied,Tlhompho .,Intlonipho,kuremekedza,expanded_shona_lexicon,kuremekedza
Dinkenke,Splendeur,9.0,Positive,Mot,splendor,Ubukhazikhazi,Prag,Letago .,Ubuhle,kubwinya,expanded_shona_lexicon,kubwinya
Dinowa,Moisson,7.0,Positive,Mot,harvest,Okuvuniweyo,Oes,Buna,Ukuvuna,gohwo,expanded_shona_alt,kukohwa
Dinu,Dent,0.0,Neutre,Mot,tooth,Izinyo,Tand,Leino,Izinyo,zino,expanded_shona_lexicon,zino
Dinua,Boire,0.0,Neutre,Mot,drink,Phuza,Drink,Nwa,Isiselo,kunwa,expanded_shona_alt,inwai
Dinunganyi,Ruse,-4.0,Negative,Mot,cunning,Ubuqiyi,Slinks,Bohlale,Ubuqili,cunning,expanded_shona_loanword,cunning
Dinungu,Jointure,0.0,Neutre,Mot,join,Xhuma,Sluit aan,Kopanya,Joyina,join,expanded_shona_loanword,join
"Dinvuenkenya,Lupuishi",Poussière,-3.0,Negative,Mot,dust,Uthuli,Stof,Lerole,Uthuli,guruva,expanded_shona_lexicon,guruva
Dinyanguka,Corruption,-8.0,Negative,Mot,corruption,Ukonakala,Korrupsie,Bomenetša .,Urhwaphilizo,uori,expanded_shona_alt,huori
Dinyangukadiamoyo,Dissolution,-7.0,Negative,Mot,dissolution,Ukucacisa,Ontbinding,Go phatlalatšwa .,Ukutshitshiswa,kupaza,expanded_shona_lexicon,kupaza
Dinyanguta,Avarie,-6.0,Negative,Mot,damage,Umonakalo,Skade,Tshenyo,Umonakalo,kukuvara,expanded_shona_alt,kukuvadza
Dinyoka,Sentence,4.0,Positive,Mot,sentence,Jezisa,Sin,Lefoko,Isivakalisi,mutsara,expanded_shona_lexicon,mutsara
Dinyunguluka,Tour,0.0,Neutre,Mot,round,-Yingiliza,Ronde,Sediko,Jikelezo,kutenderera,expanded_shona_lexicon,kutenderera
Diondoka,Profond,5.0,Positive,Mot,deep,-Julile,Diep,Tlase,Nzulu,zvakadzika,expanded_shona_lexicon,zvakadzika
Dipa,Présent,7.0,Positive,Mot,here,Lapha,Hier,Mo,Apha,pano,expanded_shona_lexicon,pano
Dipadialuse,Dondegrâce,9.0,Positive,Mot,dondegrace,I-donderace,Dondegrace,Dondegrace .,Dondergracce,donendegrce,expanded_shona_lexicon,donendegrce
Dipambuka,Erreur,-7.0,Negative,Mot,error,Ukuphambeka,Fout,Phošo,Impazamo,kukanganisa,expanded_shona_lexicon,kukanganisa
Dipandulula,Division,-5.0,Negative,Mot,division,Isabelo,Afdeling,karohano .,Ukwahlula,kupatsanura,expanded_shona_lexicon,kupatsanura
Dipangadiakudikanda,Incontinence,-7.0,Negative,Mot,incontinence,Ukungabaza,Inkontinensie,Go se kgone go itshwara .,Ukungakhathali,kusakwana,expanded_shona_lexicon,kusakwana
Dipangadikuatshisha,Inutilité,-6.0,Negative,Mot,uselessness,Ukungabi nalusizo,Nutteloosheid,Go hloka mohola .,Ukungasebenzi,usashande,expanded_shona_alt,kusabatsira
Dipangadinyanguka,Incorruptibilité,8.0,Positive,Mot,incorruptibility,Ukulimaza ingozi,Onkreukbaarheid,Go se senyege .,Ukungakwazi,kusoraka,expanded_shona_alt,kusaora
Dipangadija,Propos,0.0,Neutre,Mot,about,Maqondana,Oor,Mabapi le,Malunga,nezve,expanded_shona_lexicon,nezve
Dipeta,Acquisition,6.0,Positive,Mot,acquisition,Okutholakele,Verkryging,Phihlelelo,Ukufunyanwa,kutora,expanded_shona_alt,kuwana
Dipetu,Mépris,-8.0,Negative,Mot,contempt,Ukudelela,Minagting,Lenyatšo,Ukudelela,kuzvidza,expanded_shona_lexicon,kuzvidza
Dipikula,Délivrance,9.0,Positive,Mot,deliverance,Ukukhululwa,Bevryding,Tokollo .,Ukuhlangulwa,kununurwa,expanded_shona_lexicon,kununurwa
Dipila,Condamnation,-9.0,Negative,Mot,conviction,Isigwebo,Oortuiging,Go bonwa molato .,Ukuqiniseka,kutendiswa,expanded_shona_lexicon,kutendiswa
"Dipingana,dipingaja",Retour,5.0,Positive,Mot,back,-Dlulile,Terug,Morago,Umva,kumashure,expanded_shona_lexicon,kumashure
Dipita(bukole),Victoire,9.0,Positive,Mot,victory,Ukwahlula,Oorwinning,Phenyo .,Uloyiso,kukunda,expanded_shona_lexicon,kukunda
Dipumbisha,Obstacle,-6.0,Negative,Mot,obstacle,Isiphazamiso,Hindernis,Lepheko,Umqobo,chipinganidzo,expanded_shona_alt,chipingamupinyi
Dipumbishibua,Absence,-4.0,Negative,Mot,absence,Ukungabibikho,Afwesigheid,Se be gona,Ukungabikho,kusavapo,expanded_shona_lexicon,kusavapo
Dipungadiyi,Consentementmutuel,6.0,Positive,Mot,mutualconsent,Mutalconsent,Wedersydse instemming,MutualConcent .,I-mutialscont,mutualconsent,expanded_shona_loanword,mutualconsent
Dipungi,Fatigue,-5.0,Negative,Mot,fatigue,Ukudinwa,Moegheid,Lapile kudu,Ukudinwa,kupera simba,expanded_shona_alt,kuneta
Disakidila,Gratitude,8.0,Positive,Mot,gratitude,Ukubonga,Dankbaarheid,Tebogo,Umbulelo,kutenda,expanded_shona_lexicon,kutenda
Disalayidilamidiatshitudilu,Préfetduprétoire,0.0,Neutre,Mot,prefect of the praetorium,Prefect of the praetorium,Prefek van die pretorium,Prefect ya praetorium .,Phinda umphambili wePlayetotium,fungidziro yeiyo praetorium,expanded_shona_alt,prefect wepraetorium
Disama,Maladie,-8.0,Negative,Mot,disease,Isifo,Siekte,Bolwetši,Isifo,chirwere,expanded_shona_lexicon,chirwere
Disamadiamashiapatuka,Flux,-3.0,Negative,Mot,flow,Thuntululeka,Vloei,Elela,Ukuhamba,kuyerera,expanded_shona_lexicon,kuyerera
Disamadiamubidikapia,Fièvre,-5.0,Negative,Mot,fever,Imfiva,Koors,Letadi,Ifiva,kupindwa nechando,expanded_shona_lexicon,kupindwa nechando
Disambakana,Rencontre,5.0,Positive,Mot,encounter,Hlangana,Ontmoeting,Gahlana,Ukudibana,kusangana,expanded_shona_lexicon,kusangana
Disambi,Consolation,8.0,Positive,Mot,consolation,Iduta,Troos,Khomotšo .,Intsomi,nyaradzo,expanded_shona_lexicon,nyaradzo
Disangisha,Rassemblement,0.0,Neutre,Mot,gathering,Idili,Byeenkoms,Kopano,Ukuqokelela,kuungana,expanded_shona_alt,kuunganidza
Disanka,Bonheur,9.0,Positive,Mot,happiness,Injabulo,Geluk,Lethabo,Ulonwabo,mufaro,expanded_shona_lexicon,mufaro
Disanka(diadijidiladiantempelo),Dédicace,7.0,Positive,Mot,dedication,Ukunikela,Toewyding,Kabelo,Ukunikezelwa,kuzvitsaurira,expanded_shona_lexicon,kuzvitsaurira
Disanka(ne),Joyeusement,8.0,Positive,Mot,joyfully,-Nengelo,Vreugdevol,ka lethabo .,Ngovuyo,nomufaro,expanded_shona_lexicon,nomufaro
Disankadiamuoyo,Volupté,7.0,Positive,Mot,voluptuousness,Ukuzinikela,Welwillendheid,Go ba le ditho tša ka ntle .,Ukuzivocavoca,kutsiva,expanded_shona_lexicon,kutsiva
Disankadinene(ne),Transport,6.0,Positive,Mot,transportation,Ukuthutha,Vervoer,Thomelo ka senamelwa,Ukuthutha,zvekufambisa,expanded_shona_lexicon,zvekufambisa
Disele,Roseau,0.0,Neutre,Mot,reed,Umnyathi,Riet,Reed .,Ingcongolo,reed,expanded_shona_loanword,reed
Disengelela;ditendekena,Supplication,8.0,Positive,Mot,supplication,Ukunxusa,Smeking,Kgopelo .,Ukucela,kuteterera,expanded_shona_lexicon,kuteterera
Dishima,Mensonge,-8.0,Negative,Mot,lie,Ginqika,Lieg,Maaka,Ubuxoki,kunyepa,expanded_shona_alt,nhema
Dishimbuka,Ruine,-9.0,Negative,Mot,ruin,Ingqile incithakalikayo,Ruïne,Senya,Ukonakala,kukuparadza,expanded_shona_lexicon,kukuparadza
Disolayi,Soldat,2.0,Neutre,Mot,soldier,Ibutho,Soldaat,Lešole,Ijoni,musoja,expanded_shona_alt,murwi
Disombuela,Vengeance,-8.0,Negative,Mot,revenge,Ukuphindisela,Wraak,Itefeletša,Ukuziphindezela,kutsiva,expanded_shona_lexicon,kutsiva
Disoso,Déchirure,-6.0,Negative,Mot,tear,Ukudabula,Skeur,Gagola,Iinyembezi,misodzi,expanded_shona_lexicon,misodzi
Disu,Œil,0.0,Neutre,Mot,eye,Ihlo,Oog,Leihlo,Iliso,ziso,expanded_shona_lexicon,ziso
Disu(disoso),Trou,-3.0,Negative,Mot,hole,Umgodi,Gat,Lešoba,Umngxunya,gomba,expanded_shona_lexicon,gomba
Disua,Souhait,6.0,Positive,Mot,wish,Fisa,Wens,Duma,Ndinqwenela,chishuwo,expanded_shona_lexicon,chishuwo
Disua,Volonté,7.0,Positive,Mot,will,Isifiso,Sal,Tla,Iya,kuda,expanded_shona_lexicon,kuda
Disumakaja,Grincement,-5.0,Negative,Mot,squeak,Ntswininiza,Piep,Squeak .,Squeak,svina,expanded_shona_lexicon,svina
Disuminyina,Diligence,7.0,Positive,Verbe,diligence,Inkuthalo,Vlytigheid,Boithabišo .,Ukukhuthala,kushingairira,expanded_shona_alt,kushingaira
Disungula,Choix,6.0,Positive,Mot,choice,Ukukhetha,Keuse,Kgetho,Ukhetho,sarudzo,expanded_shona_lexicon,sarudzo
Disunsula(tshintu),Détail,0.0,Neutre,Mot,detail,Umniningwane,Detail,Ka botlalo,Iinkcukacha,ruzivo,expanded_shona_lexicon,ruzivo
Ditabala(mesu),Recouvrement,5.0,Positive,Mot,recovery,Ukululama,Herstel,Kutollo,Ukubuyisela kwimeko yesiqhelo,kupora,expanded_shona_lexicon,kupora
Ditabuja,Réception,6.0,Positive,Mot,reception,Ihhovisi elamukela izivakashi ehhotela,Ontvangs,Boamogelabaeng,Ukwamkelwa,kugamuchira,expanded_shona_lexicon,kugamuchira
Ditabuja(ditabujadiabuenakilisto),Fo,9.0,Positive,Mot,fo,Faka,Fo,F o .,Fo,fo,expanded_shona_loanword,fo
Ditabujadikese,Petitefoi,-3.0,Negative,Mot,littlefaith,Kancane,Kleingeloof,NUTHUTHUTHUTH .,Incinci,littlefaith,expanded_shona_loanword,littlefaith
Ditabujija,Perte,-7.0,Negative,Mot,loss,Ukulahlekelwa,Verlies,Tahlegelo,Ilahleko,kurasikirwa,expanded_shona_lexicon,kurasikirwa
Ditalala,Paix,8.0,Positive,Mot,peace,Ukuthula,Vrede,Khutšo,Uxolo,runyararo,expanded_shona_alt,rugare
Ditama,Joue,0.0,Neutre,Mot,plays,Idlala,Toneelstukke,Dipapadi tša go bapala .,Imidlalo,anotamba,expanded_shona_alt,mitambo
Ditamba,Branche,7.0,Positive,Mot,branch,Igatsha,Tak,Lekala,Isebe,bazi,expanded_shona_lexicon,bazi
"Ditamba,ditshimuna(kulombolamu)",Triomphe,9.0,Positive,Mot,triumph,Ngokunqoba,Triomf,Triumph .,Uloyiso,kukunda,expanded_shona_lexicon,kukunda
Ditangila(dilua),Visitation,6.0,Positive,Mot,visitation,Ukuhanjelwa,Besoek,Ketelo .,Ukutyelelwa,kushanya,expanded_shona_lexicon,kushanya
Ditapuluka,Intrigue,-6.0,Negative,Mot,plot,Isakhiwo sendaba,Plot,Maanomabe,Iyelenqe,zano,expanded_shona_lexicon,zano
Ditapulula,Différence,0.0,Neutre,Mot,difference,Umahluko,Verskil,Phapano,Umahluko,mutsauko,expanded_shona_alt,musiyano
Ditatshisha,Importunité,-5.0,Negative,Mot,importunity,Ukwelulwa kwabahli,Belangrikheid,Go reka ka ntle ga go se be le mohola .,Ukungenisa,kuparadza,expanded_shona_alt,kukosha
Ditekemena,Espérance,9.0,Positive,Mot,hope,Ithemba,Hoop,Kholofelo,Ithemba,tariro,expanded_shona_lexicon,tariro
Ditendelela,Culte,8.0,Positive,Mot,worship,Dumisa,Aanbidding,Tumiša,Unqulo,kunamata,expanded_shona_lexicon,kunamata
Ditengula,Circoncision,0.0,Neutre,Mot,circumcision,Ukusoka,Besnydenis,Lebollo .,Ulwaluko,kudzingiswa,expanded_shona_lexicon,kudzingiswa
"Ditengula,divula",Dépouillement,-6.0,Negative,Mot,counting,Ukubalwa,Tel,Go bala .,Ukubala,kuverenga,expanded_shona_lexicon,kuverenga
Ditentekeshadiabianza,Impositiondesmains,7.0,Positive,Mot,laying on of hands,Ukulala izandla,Handoplegging,Go robala godimo ga diatla .,Ukulala kwezandla,kuisa maoko,expanded_shona_alt,kuturika maoko
Diteta,Épreuve,-5.0,Negative,Mot,test,Ukuzama,Toets,Leka,Vavanyo,bvunzo,expanded_shona_lexicon,bvunzo
Ditokadikole,Blancheur,6.0,Positive,Mot,whiteness,Ubumsulwa,Witheid,Bosweu .,Imhlophe,white,expanded_shona_alt,kuchena
Ditombokela(Nzambi),Apostasie,-9.0,Negative,Mot,apostasy,Ukuphuza kakhulu,Afvalligheid,Bohlanogi .,Uwexuko,kuramba kutenda,expanded_shona_lexicon,kuramba kutenda
"Ditonda,dikula",Confession,8.0,Positive,Mot,confession,Ukuvuma,Belydenis,Boipolelo .,Uvumo,kureurura,expanded_shona_lexicon,kureurura
Ditontolola,Contradiction,-6.0,Negative,Mot,contradiction,Ukuphikisa,Teenstrydigheid,Kganetšano .,Ukuphikisana,kupokana,expanded_shona_lexicon,kupokana
Ditshina,Persécuter,-8.0,Negative,Verbe,persecute,Nqamuleza,Vervolg,Tlaišo .,Thumela,tambudza,expanded_shona_alt,tambudzai
Ditu,Forêt,0.0,Neutre,Mot,forest,Ihlathi,Bos,Lešoka,Ihlathi,sango,expanded_shona_lexicon,sango
Ditua(diamuelewanvita),Tranchant,-3.0,Negative,Mot,sharp,-Bukhali,Skerp,Bogale,Bukhali,kupinza,expanded_shona_lexicon,kupinza
Dituamikemu,Gémissement,-6.0,Negative,Mot,groan,Ukugquma,Kreun,Go lla ga go lla .,Nchu,kugomera,expanded_shona_lexicon,kugomera
Dituaya,Tablier,0.0,Neutre,Mot,apron,Iphinifa,Voorskoot,Apron .,I-apron,apron,expanded_shona_loanword,apron
Dituayi,Mouchoir,0.0,Neutre,Mot,handkerchief,Ihengeshi,Sakdoek,Sakatuku .,I-handkerchief,ruoko,expanded_shona_lexicon,ruoko
Ditubula,Pénétrant,5.0,Positive,Mot,penetrating,Ukungeniswa,Indringend,Go tsenelela .,Ukungena,kupinda,expanded_shona_alt,inopinza
Dituku,"Jour,Journée",4.0,Positive,Mot,"day,day","Usuku, usuku","Dag, dag","Letšatši,Letšatši la Letšatši .","Usuku, usuku","zuva, zuva",expanded_shona_lexicon,"zuva, zuva"
DitukudiaDiledibua,Anniversairedenaissance,6.0,Positive,Mot,birthday,Usuku lokuzalwa,Verjaarsdag,Letšatši la matswalo,Usuku lokuzalwa,bhavhdhe,expanded_shona_lexicon,bhavhdhe
Ditukudiadisanka,Fête,8.0,Positive,Mot,party,Inhlangano,Partytjie,Mokgatlo,Itheko,party,expanded_shona_loanword,party
DitukudiaMukelenge,JourduSeigneur,9.0,Positive,Mot,dayofthelord,I-DayoOfseOlord,Dag van die Here,DayofTheMorena .,I-DayOfTeLord,dayfithothord,expanded_shona_alt,zuva raishe
Ditumbisha,Louange,9.0,Positive,Mot,praise,Dumisa,Lofprysing,Tumiša,Indumiso,rumbidzo,expanded_shona_alt,rumbidzai
Ditumikila,Soumission,8.0,Positive,Mot,submission,Ukuthobela,Voorlegging,Boikokobetšo,Inguquko,kuzviisa pasi,expanded_shona_lexicon,kuzviisa pasi
Ditupakana,Ignorance,-7.0,Negative,Mot,ignorance,Ukungazi,Onkunde,Go hloka tsebo .,Ukungazi,kusaziva,expanded_shona_lexicon,kusaziva
Diulu,Ciel,9.0,Positive,Mot,sky,Isibhakabhaka,Hemel,Lefaufau,Isibhakabhaka,denga,expanded_shona_lexicon,denga
Diumusha,Enlèvement,6.0,Positive,Mot,kidnapping,Ukuthwala,Ontvoering,Go thopša ga batho .,Ukuthintela,kupamba,expanded_shona_lexicon,kupamba
Diumushamuditungadiabantukuyanabumuditungadikuabu,Transportation,4.0,Positive,Mot,transportation,Ukuthutha,Vervoer,Thomelo ka senamelwa,Ukuthutha,zvekufambisa,expanded_shona_lexicon,zvekufambisa
Diunvuika,Retentissant,5.0,Positive,Mot,resounding,-Ndumisa,Dawerend,Go a kwagala .,Ukubuyela,kutendeuka,expanded_shona_lexicon,kutendeuka
Divulangana,Débordement,-4.0,Negative,Mot,overflow,Phuphuma,Oorloop,Go tlala .,Iphezulu,kufashukira,expanded_shona_lexicon,kufashukira
Divuluka,Souvenir,6.0,Positive,Mot,memory,Ukukhumbula,Geheue,Kgopolo,Imemori,ndangariro,expanded_shona_lexicon,ndangariro
Divundulula,Mouvement,4.0,Positive,Mot,movement,Ukuzamazama,Beweging,Mosepelo,Intshukumo,kufamba,expanded_shona_lexicon,kufamba
Diya,Départ,0.0,Neutre,Mot,departure,Ukuhamba,Vertrek,Go tloga,Ukumka,kuenda,expanded_shona_alt,kusimuka
Diyi,Voix,5.0,Positive,Mot,voice,Iphimbo,Stem,Lentšu,Ilizwi,izwi,expanded_shona_lexicon,izwi
Diyi(diunvua),Message,6.0,Positive,Mot,message,Izwi elithunyelweyo,Boodskap,Molaetša,Umyalezo,meseji,expanded_shona_alt,mharidzo
Diyidimue,Accord,7.0,Positive,Mot,agreement,Isivumelwano,Ooreenkoms,Tumelelano,Isivumelwano,chibvumirano,expanded_shona_lexicon,chibvumirano
Diyisha,Prédication,8.0,Positive,Mot,preaching,Ukushumayela,Prediking,Go rera .,Ukushumayela,kuparidza,expanded_shona_lexicon,kuparidza
Diyisha(meyi),Doctrine,6.0,Positive,Mot,doctrine,Imfundiso,Leerstelling,Thuto .,Imfundiso,dzidziso,expanded_shona_lexicon,dzidziso
Diyoyi,Clameur,-5.0,Negative,Mot,clamor,Umkhumbi wakhomba,Gerrie,Go hlalefetša .,I-Clamor,kupopota,expanded_shona_alt,clamour
Diyoyo,rouble,-6.0,Negative,Mot,ruble,iceble,roebel,Ruble .,iruble,rubu,expanded_shona_lexicon,rubu
Disumpakana,Confusion,-8.0,Negative,Mot,confusion,Isidididi,Verwarring,Tlhakatlhakano,Ukudideka,nyonganiso,expanded_shona_alt,kuvhiringidzika
Diyu,Œuf,0.0,Neutre,Mot,egg,Iqanda,Eier,Lee,Iqanda,zai,expanded_shona_lexicon,zai
Tshilulu,Voile,0.0,Neutre,Mot,veil,Iveyili,Sluier,Seširo .,Isigqubuthelo,chifukidzo,expanded_shona_alt,chifukidziro
Tshilulutshialinetshitoke,Linceul,-5.0,Negative,Mot,shroud,Shwimvu,Kleed,Sekhurumetšo .,I-shroud,shroud,expanded_shona_loanword,shroud
Tshilumbu,Procès,-6.0,Negative,Mot,trial,Ukuqulwa,Verhoor,Teko,Ulingo,kutongwa,expanded_shona_alt,muedzo
Tshilumbuluidi,SaTribunal,0.0,Neutre,Mot,satribunal,Isinanazelo,SaTribunaal,Satribunal .,I-SATRIUSAL,satribunal,expanded_shona_loanword,satribunal
TshimanuTshitokesha,Paroiblanchie,-3.0,Negative,Mot,wallwashed,I-WALLWASHERE,Muur gewas,Go hlatswiwa ka lebota .,I-Wallwashed,wallwashed,expanded_shona_alt,washedshed
Tshimanyibue,Apparent,0.0,Neutre,Mot,apparent,-Bonakele,Klaarblyklik,Bonagalago,Kubonakala,zviri pachena,expanded_shona_lexicon,zviri pachena
Tshimanyinu,Preuve,4.0,Positive,Mot,evidence,Ubufakazi,Bewyse,Bohlatse,Ubungqina,uchapupu,expanded_shona_lexicon,uchapupu
Tshimanyishilu(ne),Marqué,0.0,Neutre,Mot,brand,Phawula,Handelsmerk,Leswao,Uphawu,brand,expanded_shona_loanword,brand
Tshimenga,Province,0.0,Neutre,Mot,province,Ingxenye yezwe,Provinsie,Profense,Iphondo,province,expanded_shona_loanword,province
"Tshimenga,Musoko",Ville,5.0,Positive,Mot,city,Idolobha,Stad,Toropokgolo,Isixeko,guta,expanded_shona_lexicon,guta
Tshimpe,Agréé,7.0,Positive,Mot,approved,-Vunyelwe,Goedgekeur,Dumeletšwe,Ivunyiwe,yakatenderwa,expanded_shona_lexicon,yakatenderwa
Tshimuanyi,Dispersion,-4.0,Negative,Mot,dispersion,Ukuhlakazeka,Verspreiding,Go phatlalatšwa .,Ukusasazeka,kupararira,expanded_shona_lexicon,kupararira
Tshimuenenu,Apparence,0.0,Neutre,Mot,appearance,Ukubonakala,Voorkoms,Ponagalo,Imbonakalo,chitarisiko,expanded_shona_lexicon,chitarisiko
Tshimuma,Fruit,6.0,Positive,Mot,fruit,Isithelo,Vrugte,Seenywa,Iziqhamo,michero,expanded_shona_lexicon,michero
Tshimunyi,Flambeau,5.0,Positive,Mot,torch,Isihlonti,Fakkel,Torch .,Itotshi,torch,expanded_shona_loanword,torch
Tshinayi,Quart,0.0,Neutre,Mot,quarter,Iqhezu elilodwa,Kwartaal,Kotara,Ikota,quarter,expanded_shona_loanword,quarter
Tshindelele,Perplexité,-5.0,Negative,Mot,perplexity,Ukucabanga,Verwarring,Go gakanega .,Ndixakekile,kukanganisa,expanded_shona_alt,kuvhiringidzika
Tshinefuke,Précieux,8.0,Positive,Mot,precious,-Nqabile,Kosbaar,Ya bohlokwa,Ixabisekile,yakakosha,expanded_shona_lexicon,yakakosha
Tshinema,Pesant,-3.0,Negative,Mot,weighing,Isisindo,Weeg,Go ba le boima bja mmele .,Ubunzima,kurema,expanded_shona_lexicon,kurema
Tshinene,Large,0.0,Neutre,Mot,wide,-Banzi,Wyd,Phara,Banzi,wide,expanded_shona_loanword,wide
"Tshinene,tshitumbe(tshia)",Grandement,6.0,Positive,Mot,greatly,Kakhulu,Baie,Se segolo kudu .,Kakhulu,zvekare,expanded_shona_alt,zvikuru
Tshinfuanyi,Copie,2.0,Neutre,Mot,copy,Kopisha,Kopieer,Khopi .,Ikopi,kopi,expanded_shona_lexicon,kopi
Tshinfuanyikiji,Type,3.0,Neutre,Mot,kind,-Nomusa,Soort,Mohuta,Uhlobo,mutsa,expanded_shona_lexicon,mutsa
Tshinfuanyikiji(Eb.1.3),Empreinte,5.0,Positive,Mot,footprint,Umaka wonyawo enhlabathini,Voetspoor,Kgato ya maoto .,Inyawo,tsoka,expanded_shona_lexicon,tsoka
Tshinfuanyikishi,Image,6.0,Positive,Mot,picture,Isithombe,Prentjie,Seswantšho,Umfanekiso,mufananidzo,expanded_shona_lexicon,mufananidzo
Tshinfuanyikishi,Ressemblance,7.0,Positive,Mot,resemblance,Inswebu,Ooreenkomstigheid,Go swana .,Ukufana,kufanana,expanded_shona_lexicon,kufanana
Tshinfyanyi,Conforme,6.0,Positive,Mot,compliant,-Vumelayo,Voldoen,Se se sepelelanago le sona .,Uthobela,kuenderana,expanded_shona_alt,zvinoenderana
Tshinkonya(tshiamayi),Baie,0.0,Neutre,Mot,bay,Itheku,Baai,Khunwana,Bay,bay,expanded_shona_loanword,bay
Tshintu,Objet,0.0,Neutre,Mot,object,Nqaba,Voorwerp,Selo,Into,chinhu,expanded_shona_lexicon,chinhu
Tshintutshia(tshidimuntumupete),Possession,5.0,Positive,Mot,possession,Ukuba nempahla,Besit,Go ba le,Ubunini,kuva,expanded_shona_lexicon,kuva
Tshintutshialuse,Aumône,7.0,Positive,Mot,alms,Izipho,Aalmoes,Dimpho tša Ditšhegofatšo .,Ii-alms,alms,expanded_shona_loanword,alms
Tshintutshianvita,Arme,0.0,Neutre,Mot,armed,-Hlomile,Gewapen,O hlometše ka dibetša .,Ixhobile,zvombo,expanded_shona_lexicon,zvombo
Tshintutshinyenga,Choseextorquée,-6.0,Negative,Mot,thingextorted,I-Thimexctorty,Ding afgepers,ThingExtorted .,Into yento,chinhu,expanded_shona_lexicon,chinhu
"Tshintu,Tshienabualu",Affaire,0.0,Neutre,Mot,affair,Indaba,Affair,Kamano,Ukuthandana,kudanana,expanded_shona_lexicon,kudanana
Tshintuluntulu,Subit,-4.0,Negative,Mot,subit,Indawo,Dien in,Subit .,Isitshixo,subit,expanded_shona_alt,subt
Tshinu,Genou,2.0,Neutre,Mot,knee,Idolo,Knie,Khuru,Idolo,ibvi,expanded_shona_lexicon,ibvi
Tshinunu,Mille,0.0,Neutre,Nombre,thousand,Inkulungwane,Duisend,Sekete,Iwaka,zviuru,expanded_shona_alt,chiuru
Tshinyangu,Dissipation,-7.0,Negative,Mot,dissipation,Ukuhlakazeka,Dissipasie,Dissipation .,Ukungasebenzi,kupaza,expanded_shona_lexicon,kupaza
Tshinyenga(munvita),Butin,4.0,Positive,Mot,booty,Butha,Buit,Booty .,I-booty,booty,expanded_shona_loanword,booty
Tshioshelutshiamanananshi,Encensoir,6.0,Positive,Mot,censer,Umcengeli,Warmpan,Dibapadi tša Ditšoantšo .,Intsholongwane,censer,expanded_shona_loanword,censer
"Tshioshelu,tshishipelu",Autel,7.0,Positive,Mot,altar,Ilathi,Altaar,aletare .,Isibingelelo,atari,expanded_shona_lexicon,atari
Tshiota,Famille,8.0,Positive,Mot,family,Umndeni,Familie,Lapa,Usapho,mhuri,expanded_shona_lexicon,mhuri
Tshipambuke,Désordonné,-6.0,Negative,Mot,messy,-Nembayo,Morsig,Hlakahlakane,Ukungcola,messy,expanded_shona_loanword,messy
"Tshipanza,tshivuadi",Vaisseau,0.0,Neutre,Mot,vessel,Umkhumbi,Vaartuig,Sekepe,Inqanawa,mudziyo,expanded_shona_lexicon,mudziyo
Tshipaputshialubilu,Lice,0.0,Neutre,Mot,lice,Inkomba,Luise,Dinta .,Iintwala,nzizi,expanded_shona_alt,inda
Tshipebua,Dépôt,4.0,Positive,Mot,deposit,Faka,Deposito,Tipositi,Idipozithi,dhipoziti,expanded_shona_lexicon,dhipoziti
Tshipela,Désert,-3.0,Negative,Mot,desert,Hlamuka,Woestyn,Leganata,Intlango,renje,expanded_shona_lexicon,renje
Tshipendu,Injure,-8.0,Negative,Mot,insult,Eyisa,Belediging,Maroga,Ukuthuka,kutuka,expanded_shona_lexicon,kutuka
Tshipepeletshikone,Tempête,-6.0,Negative,Mot,storm,Isivunguvungu,Storm,Ledimo,Isaqhwithi,dutu,expanded_shona_lexicon,dutu
Tshipepudi,Van,0.0,Neutre,Mot,van,Imoto eyisigadla,Van,Van .,Van,van,expanded_shona_loanword,van
Tshipese,Morceau,2.0,Neutre,Mot,piece,Isiqephu,Stuk,Karolo,Isiqwenga,chidimbu,expanded_shona_lexicon,chidimbu
Tshipia,Neuf,0.0,Neutre,Nombre,nine,Isishiyagalolunye,Nege,Senyane,Thoba,pfumbamwe,expanded_shona_lexicon,pfumbamwe
Tshipiminu,Balance,0.0,Neutre,Mot,balance,Ukuzimelela,Balans,Palantshe,Ibhalansi,balance,expanded_shona_loanword,balance
Tshipiminutshiabujitu,Livre,4.0,Positive,Mot,book,Ibhuku,Boek,Puku,Incwadi,bhuku,expanded_shona_lexicon,bhuku
Tshipiminutshiabulebuamayi,Sonde,2.0,Neutre,Mot,probe,Icala lolo munye noma,Ondersoek,Probe .,Probe,probe,expanded_shona_loanword,probe
Tshipimu,Proportion,5.0,Positive,Mot,proportion,Ukulinganisa,Proporsie,Karolo ya .,Umlinganiso,chikamu,expanded_shona_lexicon,chikamu
Tshipungidi,Alliance,8.0,Positive,Mot,alliance,Isivumelwano sokubambisana,Alliansie,Selekane sa .,Umanyano,alliance,expanded_shona_alt,mubatanidzwa
Tshipupu,Tourbillon,-5.0,Negative,Mot,whirlwind,Shirlwind,Warrelwind,Ledimo la ledimo .,I-whirlwind,chimbudzi,expanded_shona_alt,chamupupuri
Walumulunene,Fameux,6.0,Positive,Mot,famous,-Dumile,Beroemd,Tumile,Idume,ane mukurumbira,expanded_shona_lexicon,ane mukurumbira
WaLuse,Miséricordieux,9.0,Positive,Mot,merciful,Isihe,Genadig,Kgaugelo ya go ba le kgaugelo .,Inceba,ngoni,expanded_shona_alt,ane ngoni
Wamabue,Rocailleux,-4.0,Negative,Mot,rocky,Namatshe,Rotsagtig,Lefika la lefika .,I-rocky,dombo,expanded_shona_lexicon,dombo
Wamuandamukulu,Huitième,0.0,Neutre,Numéral,eighth,-Sishayagalombili,Agtste,Boseswai .,Isibhozo,chesere,expanded_shona_lexicon,chesere
WaMubidi,Charnel,-6.0,Negative,Mot,carnal,Intandane,Vleeslik,Nama ya nama .,Inyamakazi,carnal,expanded_shona_loanword,carnal
WaNzambi(mudimu),Religieux,8.0,Positive,Mot,religious,-Kholiwe,Godsdienstig,Ya sedumedi,Inkolo,chitendero,expanded_shona_alt,zvechitendero
Watshijila,Pur,9.0,Positive,Mot,pure,-Nalutho,Suiwer,Hlwekile,Icocekile,yakachena,expanded_shona_lexicon,yakachena
Watshijila,Saint,9.0,Positive,Mot,saint,Usanti,Heilige,Mokgethwa .,Eng,saint,expanded_shona_alt,mutsvene
Watshitema,Neuvième,0.0,Neutre,Numéral,ninth,Okwesishiyagalolunye,Negende,Senyane .,Isithoba,chepfumbamwe,expanded_shona_lexicon,chepfumbamwe
Wende,Propre,6.0,Positive,Mot,own,Yami,Eie,Rua,Eyakho,ndega,expanded_shona_lexicon,ndega
Weste,Occident,0.0,Neutre,Mot,west,Intshonalanga,Wes,Bophirima .,Entshona,kumadokero,expanded_shona_lexicon,kumadokero
Tulu,Sommeil,4.0,Positive,Mot,sleep,Ukulala,Slaap,Robala,Ukulala,kurara,expanded_shona_alt,rara
Tumumanvinyo,Raisin,0.0,Neutre,Mot,grapes,Amagilebhisi,Druiwe,Diterebe,Iidiliya,mazambiringa,expanded_shona_lexicon,mazambiringa
Tunvi,Fumier,-7.0,Negative,Mot,manure,Ubulongwe,Mis,Manyoro .,Umgquba,manyowa,expanded_shona_alt,mupfudze
Tupamba,Filets,2.0,Neutre,Mot,nets,Inshiya,Nette,Maloka a .,Iminatha,nets,expanded_shona_alt,mambure
Tuseka,Moquerie,5.0,Positive,Mot,mockery,Inkalo,Bespotting,Kgegeo .,Ukugculela,kuseka,expanded_shona_alt,chiseko
UdiKamama(mukaji),Vierge,8.0,Positive,Mot,virgin,Intombi egcweleyo,Maagd,Kgarebe,Intombi,mhandara,expanded_shona_lexicon,mhandara
Udikawuyiukumbana,Indignement,-7.0,Negative,Mot,indignantly,Ngokunukayo,Verontwaardig,Ka go galefa .,Ngentlonelo,nehasha,expanded_shona_lexicon,nehasha
Udikayidisakidila,Ingrat,-8.0,Negative,Mot,ungrateful,-Ngabongi,Ondankbaar,Go se be le tebogo .,Ngokungathandabuzekiyo,vasingaongi,expanded_shona_lexicon,vasingaongi
Udikayimuakanangane,Indigne,-7.0,Negative,Mot,unworthy,-Ngafanele,Onwaardig,Ga e swanelwe ke .,Ayifanelekanga,zvisina kukodzera,expanded_shona_alt,vasina kufanira
Udikayimubingishibue,Inexcusable,-9.0,Negative,Mot,inexcusable,Akunakuqhathaniswa,Onverskoonbaar,E sa lebalelwego .,Ngokungakhathali,zvisingagoneke,expanded_shona_alt,hazvina pembedzo
Udikayimujame,Inexpérimenté,-6.0,Negative,Mot,inexperienced,Ongenalwazi,Onervare,E se na phihlelo .,Engenamava,vasina ruzivo,expanded_shona_alt,kusaziva
Udikayimumanyemukanda,Illettré,-8.0,Negative,Mot,illiterate,-Ngakwazi ukufunda,Ongeletterd,Go bala le go ngwala yo a sa tsebego go bala le go ngwala .,Ukungafundi,vasingadzoreki,expanded_shona_alt,kusagona kuverenga
Udikayimushindame,Incertaindanssespensées,-5.0,Negative,Mot,uncertain in his thoughts,Ungaqinisekile emcabangweni wakhe,Onseker in sy gedagtes,go se kgonthišege menaganong ya gagwe .,Engaqinisekanga kwiingcamango zakhe,zvisina chokwadi mupfungwa dzake,expanded_shona_alt,haana chokwadi mupfungwa dzake
Udikayimutengula,Incirconcision,-7.0,Negative,Mot,uncircumcision,-Ngasokile,Onbesnydenis,Go se bolotše .,Ukungaluki,kusadzingiswa,expanded_shona_lexicon,kusadzingiswa
Udikayinebualu,Innocent,8.0,Positive,Mot,innocent,-Msulwa,Onskuldig,Hloka molato,Umsulwa,asina mhosva,expanded_shona_lexicon,asina mhosva
Udikayineditekemenakabidi,Désespérer,-8.0,Negative,Verbe,to despair,Ukuphelelwa yithemba,Om te wanhoop,Go itlhoboga .,Ukuphelelwa lithemba,kupererwa,expanded_shona_lexicon,kupererwa
Udikayinekudikanda,Incontinent,-6.0,Negative,Mot,incontinent,-Ngavumelani,Inkontinent,Go se kgone go itshwara .,Ukungasebenzi,zvisingagone,expanded_shona_lexicon,zvisingagone
Udimudifile,Adonné,-4.0,Negative,Mot,gave,Unikele,Het gegee,File,Unike,akapa,expanded_shona_lexicon,akapa
Udimuelamulawu,Maudit,-9.0,Negative,Mot,cursed,Kuqalekisiwe,Vervloek,E rogilwe .,Iqalekisiwe,akatukwa,expanded_shona_lexicon,akatukwa
Udimuenamukoso,Médisant,-7.0,Negative,Mot,backbiting,-Bhekabule emuva,Agtergrond,Go backbiting .,Ukubuyisela umva,kudzosera,expanded_shona_alt,kuchera
Udimuitaje,Croyant,8.0,Positive,Mot,believer,Okhwalwayo,Gelowige,Modumedi .,Ikholwa,mutendi,expanded_shona_lexicon,mutendi
Udimupambuke,Perverti,-8.0,Negative,Mot,perverted,Kuhlanekezelwe,Perverse,E kgopamego .,Igqwethekile,kutsveneswa,expanded_shona_alt,yakatsveyamiswa
Udimusungula,Élu,9.0,Positive,Mot,elected,Ekhethwe,Uitverkies,E kgethilwe .,Bonyulwe,vakasarudzwa,expanded_shona_alt,akasarudzwa
Udinebundu,Honteux,-6.0,Negative,Mot,ashamed,-Jabhile,Skaam,Jewa ke dihlong,Zineentloni,kunyara,expanded_shona_lexicon,kunyara
Udinebuowa,Timide,-4.0,Negative,Mot,shy,-Esabayo,Skaam,Dihlong,Ntloni,kunyara,expanded_shona_alt,nyarai
Udinebupole,Paisible,8.0,Positive,Mot,peaceful,-Thulile,Vreedsaam,Ka khutšo,Uxolo,rugare,expanded_shona_alt,runyararo
Udinedisakidila,Reconnaître,9.0,Positive,Mot,recognize,Khumbula,Herken,Lemoga,Qaphela,ziva,expanded_shona_lexicon,ziva
Udinedisanka,Bienheureux,9.0,Positive,Mot,blessed,-Busisekile,Geseënd,Šegofaditšwe,Usikelelekile,wakakomborerwa,expanded_shona_lexicon,wakakomborerwa
Udinelukukaluabiuma,Cupide,-7.0,Negative,Mot,greedy,-Hahile,Gierig,Go timana,Ukubawa,makaro,expanded_shona_alt,kukara
Udinelukunukunu,Zélé,8.0,Positive,Mot,zealous,Shisela,Ywerig,E fišegago .,Ngenzondelelo,vanoshingairira,expanded_shona_alt,anoshingaira
Udinelulamatu,Fidèle,9.0,Positive,Mot,faithful,-Thembekile,Getrou,Botega,Ithembekile,kutendeka,expanded_shona_alt,akatendeka
Udinelumulunene,Distingué,7.0,Positive,Mot,distinguished,Dilicaged,Uitsonderlik,E hlomphega .,Ukwahlula-hlula,kusiyaniswa,expanded_shona_lexicon,kusiyaniswa
Udinelutulu,Patient,8.0,Positive,Mot,patient,-Nesineke,Geduldig,Molwetši,Isigulana,murwere,expanded_shona_alt,mwoyo murefu
Udinemanyi,Gras,0.0,Neutre,Mot,fat,Amafutha,Vet,Lekhura,Amanqatha,mafuta,expanded_shona_lexicon,mafuta
Udinemunana,Hydropique,-6.0,Negative,Mot,dropsical,Kwehla,Druppies,Dropsical .,Istriptical,kudonha,expanded_shona_lexicon,kudonha
Udinemuoyo,Vivant,9.0,Positive,Mot,alive,-Zwayo,Lewendig,Phela,Uyaphila,vapenyu,expanded_shona_lexicon,vapenyu
Udipabuipi(nemuntu),Voisin,6.0,Positive,Mot,neighbor,Umakhelwane,Buurman,Moagišani,Ummelwane,muvakidzani,expanded_shona_lexicon,muvakidzani
Udiudisuila,Volontaire,8.0,Positive,Mot,voluntary,-Ngokuzinikela,Vrywillig,Boithaopo .,Ngokuzithandela,nokuzvidira,expanded_shona_lexicon,nokuzvidira
"Udiukenga,utata.",Affligé,-7.0,Negative,Mot,distressed,-Nobuhlungu,Benoud,O tlamegile .,Ixinezelekile,kushungurudzika,expanded_shona_lexicon,kushungurudzika
Udiulamatshijila,Continent,7.0,Positive,Mot,continent,Izwekazi,Kontinent,Kontinente,Ilizwekazi,continent,expanded_shona_loanword,continent
UdiulondantedeleluwabuenaYuda,Prosélyte,6.0,Positive,Mot,proselyte,Umguquki,Proseliet,Proselyte .,I-Proslyte,kutendeukira,expanded_shona_alt,mutendeuki
Udiupita(malubukole),Victorieux,9.0,Positive,Mot,victorious,-Nqobha,Oorwinnend,Mofenyi .,Uloyiso,kukunda,expanded_shona_alt,anokunda
Udiusama,Infirme,-8.0,Negative,Mot,crippled,Kukhubazekile,Kreupel,Go golofala .,Kuqhubekile,zvirema,expanded_shona_alt,chirema
Udiusanka,Joyeux,9.0,Positive,Mot,happy,-Eneme,Gelukkig,Thabile,Bonwabile,kufara,expanded_shona_lexicon,kufara
Udiuzakala,Tremblant,-6.0,Negative,Mot,trembling,-Bheshekayo,Bewend,Go thothomela .,Ukungcangcazela,kudedera,expanded_shona_lexicon,kudedera
Udiwenzabibi,Inconvenante,-7.0,Negative,Mot,unseemly,Empeleni empeleni,Onbehoorlik,ka mo go sa swanelago .,Ngokungafanelekanga,zvisingaonekwe,expanded_shona_alt,zvisina kufanira
Ufuafua,Mourant,-8.0,Negative,Mot,dying,Okokufa,Sterf,Go hwa,Ukufa,kufa,expanded_shona_lexicon,kufa
Ukungula,Rugissant,-5.0,Negative,Mot,roaring,Bhosa,Gebrul,Go rora .,Ukugquma,kuhukura,expanded_shona_alt,kudzvova
Umuepele,Unique,8.0,Positive,Mot,unique,-Hlukile,Uniek,Moswananoši,Eyahlukileyo,akasiyana,expanded_shona_lexicon,akasiyana
Unakila,Persévérant,9.0,Positive,Mot,persevering,Wabaphakelayo,Volhardend,Go phegelela .,Ukunyamezela,kutsungirira,expanded_shona_alt,kushingirira
Utamba,Surabondant,8.0,Positive,Mot,overabundant,-Banzi,Oorvloedig,Se se lego gona ka mo go feteletšego .,Ngaphezulu,kuwedzera,expanded_shona_lexicon,kuwedzera
Utema,Ardent,7.0,Positive,Mot,ardent,-Ngecebo,Vurig,Ardent .,Inqaku,akajaira,expanded_shona_alt,adent
Utema(kapia),Brûlant,6.0,Positive,Mot,burning,-Vulayo,Brandende,Go fiša .,Ukutshisa,kupisa,expanded_shona_alt,kusvirwa
UtshianaWamuishibua,Nourrisson,5.0,Positive,Mot,infant,Usana,Baba,Lesea,Usana,mucheche,expanded_shona_lexicon,mucheche
Utshidikamama,Chaste,9.0,Positive,Mot,chaste,Umsulwa,Kuis,Go hlweka .,Chaste,chete,expanded_shona_lexicon,chete
Tshisaka,Panier,0.0,Neutre,Mot,basket,Ubhasikidi,Mandjie,Seroto .,Ibhasikithi,tswanda,expanded_shona_lexicon,tswanda
Tshisalu,Marché,0.0,Neutre,Mot,walk,Vakasha,Loop,Sepela,Hamba,famba,expanded_shona_alt,fambai
Tshisamba,Tribu,5.0,Positive,Mot,tribe,Isizwana,Stam,Morafe .,Isizwe,dzinza,expanded_shona_lexicon,dzinza
Tshisanga,Ile,0.0,Neutre,Mot,island,Isiqhingi,Eiland,Sehlakahlaka,Isiqithi,island,expanded_shona_loanword,island
Tshisangisha,Mélange,0.0,Neutre,Mot,blend,Xubanisa,Meng,Tswakanya,Dibanisa,sanganisa,expanded_shona_lexicon,sanganisa
Tshisanji,Harpe,6.0,Positive,Mot,harp,Uhado,Harp,HARP .,Ihadi,harp,expanded_shona_loanword,harp
Tshisatutshiapa,Tiers,0.0,Neutre,Mot,third party,Ilungu langaphandle,Derde party,Motho wa boraro .,Iqela lesithathu,wechitatu bato,expanded_shona_lexicon,wechitatu bato
Tshiseba,Cuir,0.0,Neutre,Mot,leather,Isikhumba esishukiweyo,Leer,Mokgopa,Ulusu,ganda,expanded_shona_lexicon,ganda
Tshisebatshiakufundila,"Parchemin,Peau",0.0,Neutre,Mot,"parchment,hide","Isikhumba, fihla","Perkament, versteek","Letlalo la letlalo,Patago .","Isikhumba, fihla","parment, kuvanza",expanded_shona_lexicon,"parment, kuvanza"
Tshisenesha,Uni,6.0,Positive,Mot,united,-Hlangene,Verenigde,United .,Umanyani,united,expanded_shona_loanword,united
Tshishi,Teigne,-6.0,Negative,Mot,ringworm,Inhloso,Ringwurm,Seboko sa Ringworm .,Ringworm,ringurm,expanded_shona_alt,zvirwere
Tshishiki,Entièrement,7.0,Positive,Mot,entirely,Konke,Heeltemal,ka botlalo .,Ngokupheleleyo,zvachose,expanded_shona_alt,zvakakwana
Tshishikulatshimuenembomboinayinebinunubinayi,Centquarante-quatremille,0.0,Neutre,Nombre,one hundred and forty-four thousand,Izinkulungwane eziyikhulu namashumi amane nane,Honderd vier en veertig duisend,Dikete tše lekgolo le masomenne-nne .,Ikhulu elinamashumi amane anesine lamawaka,zana nemakumi mana nevana zviuru,expanded_shona_alt,zviuru zana namakumi mana nezvina
Tshishima,Miraculeux,9.0,Positive,Mot,miraculous,Ngokuyisimangaliso,Wonderbaarlik,Mohlolo .,Ummangaliso,zvinoshamisa,expanded_shona_alt,chishamiso
Tshishimikidi,Soutien,8.0,Positive,Mot,support,Singatha,Ondersteuning,Thekga,Inkxaso,tsigiro,expanded_shona_lexicon,tsigiro
Tshishindame,Immobile,4.0,Positive,Mot,immobile,Indlovumula,Onbeweeglik,Go se šikinyege .,Imoto,marou,expanded_shona_lexicon,marou
Tshishipelu,Boucherie,-8.0,Negative,Mot,butcher's shop,Isitolo se-Butcher's,Slaghuis,Lebenkele la Butcher .,Ivenkile ye-butcher,chitoro chebhotera,expanded_shona_alt,chitoro chebhucha
Tshisombedi,Siège,3.0,Neutre,Mot,seat,Isihlalo,Sitplek,Madulo,Isihlalo,chigaro,expanded_shona_lexicon,chigaro
Tshisonga,Chardon,-5.0,Negative,Mot,thistle,Thi Tistle,Distel,Thistle .,Nje,thtle,expanded_shona_lexicon,thtle
"Tshisuikidi,nkanu",Lien,4.0,Positive,Mot,link,Ulungu lokuthile,Skakel,Amanya,Ikhonkco,chinongedzo,expanded_shona_lexicon,chinongedzo
Tshisumbu,Compagnie,0.0,Neutre,Mot,company,Iviyo,Maatskappy,Khamphani,Inkampani,kambani,expanded_shona_lexicon,kambani
Tshisumbu(tshiabanayi),Bande,0.0,Neutre,Mot,band,Isibopho,Band,Lepanta,Band,bhendi,expanded_shona_lexicon,bhendi
Tshisumbutshiabantu,Attroupement,-4.0,Negative,Mot,gathering,Idili,Byeenkoms,Kopano,Ukuqokelela,kuungana,expanded_shona_alt,kuunganidza
Tshisumbutshiabenanvita,Armée,6.0,Positive,Mot,army,Impi,Weermag,Sešole,Umkhosi,mauto,expanded_shona_lexicon,mauto
Tshisumbutshiamasalayi,Cohorte,5.0,Positive,Mot,cohort,Cohort,Kohort,Sehlopha sa sehlopha .,Cohort,cohort,expanded_shona_loanword,cohort
Tshisumbutshianyama,Troupeau,0.0,Neutre,Mot,herd,Idanzi,Kudde,Mohlape,Umhlambi,herd,expanded_shona_loanword,herd
Tshisumbutshienenetshiabantu,Populace,-5.0,Negative,Mot,populace,Ukuphindisa,,Baagi .,Abantu abaninzi,populace,expanded_shona_loanword,populace
Tshitadi(kulambula),Tribut,4.0,Positive,Mot,tribute,Okuhlonipha,Huldeblyk,Tribute .,Irhafu,mutero,expanded_shona_lexicon,mutero
Tshitakutshiabuatu,Poupe,0.0,Neutre,Mot,stern,-Zithiba,Stern,Selemo sa ka morago .,Rhabaxa,sters,expanded_shona_lexicon,sters
Tshitalale,Doux,8.0,Positive,Mot,soft,-Potozelayo,Sag,Boleta,Ithambile,nyoro,expanded_shona_lexicon,nyoro
Tshitambala,Suaire,-6.0,Negative,Mot,shroud,Shwimvu,Kleed,Sekhurumetšo .,I-shroud,shroud,expanded_shona_loanword,shroud
Tshitambebuimpe,Meilleur,9.0,Positive,Mot,best,-Hle kakhulu,Beste,Kaonekaone,Eyona ilungileyo,zvakanakisa,expanded_shona_lexicon,zvakanakisa
Tshitangidilu,Théâtre,5.0,Positive,Mot,theater,Ithiyeta,Teater,Theatre .,Ithiyetha,theatre,expanded_shona_lexicon,theatre
Tshitapitapi,Onguent,7.0,Positive,Mot,ointment,Okokugcobisa umzimba,Salf,Setlolo .,Ioyile,oiri,expanded_shona_alt,mafuta
Tshitekelutshiamakasa,Marchepied,4.0,Positive,Mot,footboard,Ibhodi,Voetbord,Letlapa la maoto .,Ikhibhodi,tsoka,expanded_shona_lexicon,tsoka
Tshitekelutshiaminda,Chandelier,6.0,Positive,Mot,candlestick,Ikhandlela,Kandelaar,Kerese ya go swara kerese .,Isikhandlela,chigadziko,expanded_shona_alt,chigadziko chemwenje
Tshitema,Brillant,8.0,Positive,Mot,bright,-Gqamile,Helder,Phadimago,Iqaqambile,kupenya,expanded_shona_lexicon,kupenya
Tshitendelelu,Sanctuaire,9.0,Positive,Mot,sanctuary,Isiphephelo,Heiligdom,Sekgethwa .,Ingcwele,sanda,expanded_shona_lexicon,sanda
Tshitoke,Blanc,7.0,Positive,Mot,white,Okumhlophe,Wit,Tšhweu,Mhlophe,chena,expanded_shona_lexicon,chena
Tshitoketoke,Livide,-6.0,Negative,Mot,livid,-Bubhegqayela,Lewendig,Livid .,Icacile,lidvid,expanded_shona_lexicon,lidvid
Tshitotshi,Boue,-7.0,Negative,Mot,mud,Ibishi,Modder,Leraga,Udaka,matope,expanded_shona_alt,madhaka
Tshitshiu,Dureté,-5.0,Negative,Mot,hardness,Ubunzima,Hardheid,Go thatafala .,Ubunzima,kuomesa,expanded_shona_alt,kuoma
Tshitua(mueleanyikele),Tranchant,-4.0,Negative,Mot,sharp,-Bukhali,Skerp,Bogale,Bukhali,kupinza,expanded_shona_lexicon,kupinza
Tshituadilutshiatshitalu,Bière,0.0,Neutre,Mot,beer,Ubhiya,Bier,Piri,Ibhiya,doro,expanded_shona_lexicon,doro
Tshitudilu,Camp,0.0,Neutre,Mot,camp,Khempa,Kamp,Kampo ya .,Inkampu,musasa,expanded_shona_lexicon,musasa
Tshitue(tshiamua),Aigu,5.0,Positive,Mot,acute,-Hlabayo,Akute,Bogale,Ubuhlungu,acute,expanded_shona_loanword,acute
Tshituilu,Aire,0.0,Neutre,Mot,area,Indawo,Gebied,Tikologo,Indawo,nharaunda,expanded_shona_lexicon,nharaunda
Tshitupatshipi,Bientôt,4.0,Positive,Mot,soon,Ngokushesha,Binnekort,Ka pela,Kungekudala,munguva pfupi,expanded_shona_alt,nenguva isipi
Tshiula,Grenouille,0.0,Neutre,Mot,frog,Iselesele,Padda,Segwagwa,Isele,chura,expanded_shona_alt,datya
Tshiûle,Plein,6.0,Positive,Mot,full,-Gcwele,Vol,Tletše,Igcwele,izere,expanded_shona_lexicon,izere
Tshiunvuika,Intelligible,7.0,Positive,Mot,intelligible,-Sobala,Verstaanbaar,E kwešišegago .,Kuyacaca,zvinonzwisisika,expanded_shona_alt,inonzwisisika
Tshiuyuya,Tiède,-3.0,Negative,Mot,lukewarm,Lukewarm,Louwarm,Bofofu .,Dadawarm,kudziya,expanded_shona_lexicon,kudziya
Tshivulangane,Varié,5.0,Positive,Mot,varied,-Nhlobonhlobo,Gevarieerd,E fapa-fapana .,Eyahlukileyo,dzakasiyana siyana,expanded_shona_lexicon,dzakasiyana siyana
Tshivulukidi,Mémoire,6.0,Positive,Mot,memory,Ukukhumbula,Geheue,Kgopolo,Imemori,ndangariro,expanded_shona_lexicon,ndangariro
Tshiyole,Famine,-8.0,Negative,Mot,famine,Indlala,Hongersnood,Tlala,Indlala,nzara,expanded_shona_lexicon,nzara
Tshume,Sec,-4.0,Negative,Mot,dry,-Omile,Droog,Omile,Yomile,kuoma,expanded_shona_lexicon,kuoma
Tshuwidi,Plénitude,8.0,Positive,Mot,fullness,Ukugcwele,Volheid,Go tlala .,Ukugcwala,kuzara,expanded_shona_lexicon,kuzara
Tsilulutshipuekele,Costumedécent,7.0,Positive,Mot,decent suit,I-HORTENT Suit,Ordentlike pak,Sutu e hlomphehang .,Isuti efanelekileyo,sutu yakanaka,expanded_shona_lexicon,sutu yakanaka
Tsjiji,Rage,-7.0,Negative,Mot,rage,Intukuthelo esabisayo,Woede,Pefelo,Ingqumbo,kutsamwa,expanded_shona_lexicon,kutsamwa
Tujila,Ruelle,0.0,Neutre,Mot,alley,Umhubhe,Steeg,Alley .,I-alley,alley,expanded_shona_loanword,alley
Tshidime,Cultivateur,5.0,Positive,Mot,farmer,Umninipulazi,Boer,Molemi,Umlimi,murimi,expanded_shona_lexicon,murimi
Tshidimu,Année,0.0,Neutre,Mot,year,Unyaka,Jaar,Ngwaga,Unyaka,gore,expanded_shona_lexicon,gore
Tshidimutshiamayowa,Été,5.0,Positive,Mot,summer,Ihlobo,Somer,Selemo,Ihlobo,zhizha,expanded_shona_lexicon,zhizha
Tshienalomo,Latin,0.0,Neutre,Mot,latin,IsiLatini,Latyn,Selatine sa Selatine .,isiLatini,ratini,expanded_shona_lexicon,ratini
Tshiendelele,AJamais,9.0,Positive,Mot,anever,Aver,Nooit,A n o r t o n g .,Abhuti,hanhose,expanded_shona_lexicon,hanhose
Tshiendelu,Parvis,4.0,Positive,Mot,courtyard,Igceke,Binnehof,Lebala .,Intendelezo,chivanze,expanded_shona_lexicon,chivanze
Tshienzedi,Action,6.0,Positive,Mot,action,Ukwenza,Aksie,Kgato,Isenzo,chiito,expanded_shona_lexicon,chiito
"Tshienzedi,malu",Œuvre,7.0,Positive,Mot,artwork,Ubuciko,Kunswerk,Mošomo wa bokgabo .,Umsebenzi wobugcisa,artwork,expanded_shona_loanword,artwork
Tshieya,Garant,5.0,Positive,Mot,guarantor,Umphathi,Borg,Motiisetso .,Isiqinisekiso,guarantor,expanded_shona_loanword,guarantor
Tshifuafua,Mortel,-6.0,Negative,Mot,mortal,-Phethe,Sterflike,Motho yo a hwago .,Umntu,walm,expanded_shona_alt,anofa
Tshifufu,Complot,-7.0,Negative,Mot,conspiracy,Umbimbi,Sameswering,Go loga maanomabe .,Iyelenqe,kurangana,expanded_shona_lexicon,kurangana
Tshifukibua,Créature,6.0,Positive,Mot,creature,Isilwane,Skepsel,Sebopiwa .,Isidalwa,chisikwa,expanded_shona_lexicon,chisikwa
Tshifukibuatshipiatshipia,Nouvellecréation,8.0,Positive,Mot,new creation,Indalo entsha,Nuwe skepping,Tlholo e Mpsha .,Indalo entsha,chisiko chitsva,expanded_shona_alt,chisikwa chitsva
Tshifulu,Casque,4.0,Positive,Mot,helmet,Umgqomo,Helm,Lekarapa,Isigcina-ntloko,ngowani,expanded_shona_lexicon,ngowani
Tshifulutshiabutumbi,Diadème,7.0,Positive,Mot,tiara,Tisana,Tiara,Tiara .,ITiara,tiara,expanded_shona_loanword,tiara
Tshiji,Colère,-7.0,Negative,Mot,anger,Intukuthelo,Woede,Pefelo,Umsindo,kutsamwa,expanded_shona_alt,hasha
Tshiji,Colère,-6.0,Negative,Mot,anger,Intukuthelo,Woede,Pefelo,Umsindo,kutsamwa,expanded_shona_alt,hasha
Tshiji(tshikole),Fureur,-8.0,Negative,Mot,fury,Isibhengubhengu,Woede,Kgalefo .,Ubushushu,hasha,expanded_shona_lexicon,hasha
Tshijidila,Sacré,9.0,Positive,Mot,sacred,-Ngcwele,Heilig,Tšhogile,Ngcwele,tsvene,expanded_shona_alt,zvitsvene
Tshijila,Sainteté,9.0,Positive,Mot,holiness,Ubungcwele,Heiligheid,Bokgethwa .,Ubungcwele,hutsvene,expanded_shona_alt,utsvene
Tshijila(mu),Saintement,8.0,Positive,Mot,holy,'-Ngcwele,Heilig,Kgethwa .,Ngcwele,mutsvene,expanded_shona_lexicon,mutsvene
Tshijila(wa),Saint,9.0,Positive,Mot,saint,Usanti,Heilige,Mokgethwa .,Eng,saint,expanded_shona_alt,mutsvene
Tshikankanyi,Talon,0.0,Neutre,Mot,heel,Isithende,Hak,Serethe .,Isithende,chitsitsinho,expanded_shona_lexicon,chitsitsinho
Tshikenakumona,Vision,8.0,Positive,Mot,vision,Umbono,Visie,Ponelopele,Umbono,chiratidzo,expanded_shona_lexicon,chiratidzo
"Tshikoleadi,tshidi",Grave,-4.0,Negative,Mot,severe,-Khulu,Ernstig,Šoro,Kakhulu,zvakanyanya,expanded_shona_alt,zvakaoma
Tshikololo,Corbeau,0.0,Neutre,Mot,crow,Igwababa,Kraai,Legokobu,Crow,crow,expanded_shona_alt,gunguwo
Tshikololo;Mukanku,Aigle,5.0,Positive,Mot,eagle,Ukhozi,Arend,Ntšhu,Ukhozi,eagle,expanded_shona_alt,gondo
Tshikondo,Antérieurement,3.0,Neutre,Mot,previously,Ngaphambilini,Voorheen,Peleng .,Ngaphambili,pakutanga,expanded_shona_alt,kare
Tshikondo,Moment,5.0,Positive,Mot,moment,Isikhashana,Oomblik,Nakwana,Umzuzu,nguva,expanded_shona_lexicon,nguva
Tshikondoetshi,Actuel,6.0,Positive,Mot,current,-Dlulayo,Huidige,Bjale,Okwangoku,zvazvino,expanded_shona_lexicon,zvazvino
Tshikondotshimpe,Opportun,7.0,Positive,Mot,timely,Ngesikhathi,Betyds,Nako .,Ngexesha elifanelekileyo,nenguva,expanded_shona_alt,panguva
Tshikote,Cumin,0.0,Neutre,Mot,cumin,Uhlobo lwensanzaka,Komyn,Kumine .,I-cumin,cumin,expanded_shona_alt,kumin
Tshikowelu,Vêtement,4.0,Positive,Mot,garment,Isigqoko,Kledingstuk,Seaparo sa .,Ingubo,nguo,expanded_shona_lexicon,nguo
Tshikoyeke,Immonde,-8.0,Negative,Mot,filthy,Ngcolile kakhulu,Vieslik,Ditšhila,Ngcolile,tsvina,expanded_shona_alt,yakasviba
Tshikumbane,AssezUtile,5.0,Positive,Mot,quiteuseful,-Buze,Redelik Nuttig,E tloga e le e nago le mohola .,Ngethu,zvinoshandisa,expanded_shona_lexicon,zvinoshandisa
"Tshikumbane,tshiûja",Complet,8.0,Positive,Mot,complete,Feza,Voltooi,Feleletše,Gcwalisa,zadzisa,expanded_shona_lexicon,zadzisa
Tshikusu,Ver,-6.0,Negative,Mot,worm,Impethu,Wurm,Seboko,Umbungu,honye,expanded_shona_lexicon,honye
Tshikutu(tshiakapia),Fournaise,-7.0,Negative,Mot,furnace,Imbuthuma,Oond,Sebjana sa go fiša .,Isithando somlilo,choto,expanded_shona_lexicon,choto
"Tshikutu,tshipukatshiamitshi",Buisson,0.0,Neutre,Mot,bush,Ihlathi,Bush,Sethokgwa,Ityholo,bush,expanded_shona_loanword,bush
Tshilambuidi,Recette,4.0,Positive,Mot,recipe,Indlela yokwenza into ethize efana nokupheka,Resep,Motswako,Iresiphi,recipe,expanded_shona_loanword,recipe
Tshilejelu,Exemple,6.0,Positive,Mot,example,Isibonelo,Voorbeeld,Mohlala,Umzekelo,muenzaniso,expanded_shona_lexicon,muenzaniso
Tshilele,Coutume,5.0,Positive,Mot,custom,Umkhuba,Pasgemaak,Tlwaelo,Isiko,tsika,expanded_shona_lexicon,tsika
"Tshilele,tshibidilu",Habitude,4.0,Positive,Mot,habit,Isiko,Gewoonte,Setlwaedi,Umkhwa,tsika,expanded_shona_lexicon,tsika
Tshilelela,Véritable,7.0,Positive,Mot,true,-Qotho,Waar,Nnete,Yinyani,ichokwadi,expanded_shona_alt,chokwadi
Tshilelela(tshiatshinfuanyi),Antitype,0.0,Neutre,Mot,antitype,Ukuwobelana,Antitipe,Antitype .,Antifity,fananidze,expanded_shona_lexicon,fananidze
Tshilema,Faute,-6.0,Negative,Mot,mistake,Iphutha,Fout,Phošo,Impazamo,kukanganisa,expanded_shona_lexicon,kukanganisa
Tshilenduishi,Scandale,-8.0,Negative,Mot,scandal,Amapeketwane,Skandaal,Mahlabisadihlong .,Isikrelemnqa,nyonganiso,expanded_shona_lexicon,nyonganiso
Tshileshelu,Formule,4.0,Positive,Mot,formula,Uhlobo,Formule,Formula .,Ifomula,formula,expanded_shona_loanword,formula
Tshilobeshi,Proie,-6.0,Negative,Mot,prey,Inyamazane edliwayo,Prooi,Sebolawa,Ixhoba,pwanya,expanded_shona_lexicon,pwanya
Tshilongo,Fleur,6.0,Positive,Mot,flower,Umqhakazo,Blom,Letšoba,Intyatyambo,ruva,expanded_shona_lexicon,ruva
Tshilota,Songe,7.0,Positive,Mot,dream,Iphupha,Droom,Toro,Iphupha,kurota,expanded_shona_lexicon,kurota
Tshilotalota,Extase,9.0,Positive,Mot,ecstasy,Enyanyayo,Ekstase,Ekgola .,Ecstasy,ecstasy,expanded_shona_loanword,ecstasy
Tshilulu,Linge,0.0,Neutre,Mot,linen,Okokulala embhedeni,Linne,Linen .,Ilineni,rineni,expanded_shona_lexicon,rineni
Tshiapabuloba,Terrestre,0.0,Neutre,Mot,terrestrial,Umhlabathi,Terrestriële,Lefaseng la pele .,I-terrestral,terrestrial,expanded_shona_alt,zvenyika
Tshiapankatshi,Moitié,0.0,Neutre,Mot,half,Uhlangothi,Die helfte,Seripagare,Isiqingatha,hafu,expanded_shona_lexicon,hafu
Tshiapatupu,Déshonneur,-8.0,Negative,Mot,dishonor,Ukuhlamba,Oneer,Go Hlomphollwa .,Ihlazo,kushoora,expanded_shona_alt,kusaremekedza
Tshiatshiendelele,Éternel,9.0,Positive,Mot,eternal,-Ngapheliyo,Ewige,Sa feleng,Kanaphakade,kusingaperi,expanded_shona_alt,nokusingaperi
Tshiatshipendu,Injurieux,-7.0,Negative,Mot,offensive,-Casulayo,Aanstootlik,Lehlapa,Kuyakhubekisa,zvinogumbura,expanded_shona_lexicon,zvinogumbura
Tshiatshitshiu,Peuple,4.0,Positive,Mot,people,Abantu,Mense,Batho,Abantu,vanhu,expanded_shona_lexicon,vanhu
Tshiabungi,Immense,8.0,Positive,Mot,immense,-Khulu kakhulu,Enorm,Kgolo kudu,Enkulu,chikuru,expanded_shona_lexicon,chikuru
Tshiakabidi,Double,0.0,Neutre,Mot,double,-Bili,Dubbel,Gabedi,Phinda kabini,kaviri,expanded_shona_lexicon,kaviri
TshiakaneTshiditshianyisha,AgréableAgréer,8.0,Positive,Mot,pleasantagree,Intombiwezwe-,Aangenaam Stem saam,Pleasantree .,I-Deestanagree,zvinonzwisisika,expanded_shona_lexicon,zvinonzwisisika
TshiakaneTshiditshisankisha,quiplait,8.0,Positive,Mot,who pleased,Ngubani ojabule,wie behaag het,Ke mang yo a kgahlilego .,ngubani owonwabileyo,ndiani akafara,expanded_shona_alt,ndiani akafadzwa
Tshiakulakula,Conte,5.0,Positive,Mot,tale,Indaba,Verhaal,Tale .,Tale,ngano,expanded_shona_lexicon,ngano
Tshiamutshiamitaku,Airain,0.0,Neutre,Mot,brass,Ithusi,Geelkoper,koporo .,Ubhedu,ndarira,expanded_shona_lexicon,ndarira
Tshianana,Nullement,-6.0,Negative,Mot,no way,Akunakwenzeka,Geen manier nie,Ga go tsela ye nngwe,Akho ndlela yimbi,hapana nzira,expanded_shona_lexicon,hapana nzira
Tshianyishanyisha,Flatterie,-7.0,Negative,Mot,flattery,-Tulall,Vleiery,Go reta ka go phaphatha .,Fihlatha,flattery,expanded_shona_loanword,flattery
Tshianza,Main,4.0,Positive,Mot,hand,Isandla,Hand,Seatla,Isandla,ruoko,expanded_shona_lexicon,ruoko
Tshibanda,Descente,0.0,Neutre,Mot,descent,Isimo esizayo,Afkoms,Go theoga .,Umnqweno,kudzidziswa,expanded_shona_lexicon,kudzidziswa
Tshibandilu,Degré,4.0,Positive,Mot,degree,Ibanga,Graad,Tikrii,Isidanga,degree,expanded_shona_alt,dhigirii
Tshibangidilu,Fondation,6.0,Positive,Mot,foundation,Isisusa,Stigting,Motheo,Isiseko,nyaya,expanded_shona_lexicon,nyaya
Tshibelu,Cuisse,0.0,Neutre,Mot,thigh,Ithanga,Bobeen,Serope,Ithanga,chidya,expanded_shona_lexicon,chidya
Tshibi,Mauvais,-8.0,Negative,Mot,bad,-Ngalungile,Sleg,Mpe,Kubi,zvakaipa,expanded_shona_lexicon,zvakaipa
Tshibipe,Impur,-6.0,Negative,Mot,impure,Ngcolisa,Onrein,Go se hlweke .,Ukungasebenzi,kuremara,expanded_shona_alt,kusachena
Tshibishi,Vert,0.0,Neutre,Mot,green,-Yimpatho,Groen,Talamorogo,Luhlaza,girinhi,expanded_shona_lexicon,girinhi
Tshibobe,Maturité,7.0,Positive,Mot,maturity,Ukuvuthwa,Volwassenheid,Matšhurithi,Ukukhula,kukura,expanded_shona_lexicon,kukura
Tshibombu,Bourse,4.0,Positive,Mot,sotck exchange,SOTCK Exchange,Sotck ruil,Phapanyetsano ya Sotck .,Ukutshintshiselana nge-sotck,sotck exchange,expanded_shona_loanword,sotck exchange
Tshibueledi,Accès,6.0,Positive,Mot,access,Tholakala,Toegang,Fihlelela,Fikelela,kupinda,expanded_shona_lexicon,kupinda
Tshibuikilu(tshiamushetewatshipungidi),Propitiatoire,8.0,Positive,Mot,propitiatory,Okuphathelene nenkululeko,Versoenend,Poelano .,Propitiatory,kurume,expanded_shona_alt,propititory
Tshibuikilutshiapatshiadi,Cuirasse,5.0,Positive,Mot,breastplate,Isihlanzi sesifuba,Borsplaat,Sephedi sa sefuba .,Isifuba,chidzitiro,expanded_shona_alt,chiputi chezamu
Tshibulula,Ouvert,6.0,Positive,Mot,open,Vula,Maak oop,Bula,Vula,vhura,expanded_shona_lexicon,vhura
Talala,Paisiblement,8.0,Positive,Mot,peacefully,Ngokuba khona,Vreedsaam,Ka khutšo .,Ngoxolo,runyararo,expanded_shona_alt,norugare
Tatu,Père,9.0,Positive,Mot,father,Uyihlo,Vader,Papa,Utata,baba,expanded_shona_lexicon,baba
Thuya,Thuya,0.0,Neutre,Mot,thuja,Thuja,Thuja,Thuja .,Thuja,thuja,expanded_shona_loanword,thuja
Topaze,Topaze,7.0,Positive,Mot,topaz,Isihloko,Topaas,Topase .,Topaz,topaz,expanded_shona_alt,topazi
Tshakabidi,Nouveau,6.0,Positive,Mot,new,-Kwanamuhla,Nuut,Mpsha,Intsha,nyowani,expanded_shona_lexicon,nyowani
Tshabungibe,Abondamment,8.0,Positive,Mot,abundantly,Kakhulu,Oorvloedig,ka bontši .,Kakhulu,zvakawanda,expanded_shona_lexicon,zvakawanda
Tshakane(tshidi),cequiest,9.0,Positive,Mot,what is,yini,wat is,ke eng,Yintoni i,chii,expanded_shona_lexicon,chii
Tsheya,Caution,7.0,Positive,Mot,deposit,Faka,Deposito,Tipositi,Idipozithi,dhipoziti,expanded_shona_lexicon,dhipoziti
Tshiabademon,Diabolique,-8.0,Negative,Mot,diabolical,Diabolical,Diabolies,Bodiabolo .,Dialocal,dhiabolical,expanded_shona_alt,dhiyabhorosi
Tshiabukelenge,Royal,9.0,Positive,Mot,royal,-Obukhosi,Koninklike,Bogoši .,IRoyal,royal,expanded_shona_loanword,royal
Tshiabuowa,Terrible,-7.0,Negative,Mot,terrible,-Sabisayo,Verskriklik,Mpe kudu,Yoyikeka,zvinotyisa,expanded_shona_lexicon,zvinotyisa
Tshiabutumbi,Splendidement,8.0,Positive,Mot,splendidly,Ngokubabazekayo,Pragtig,Ka mo go kgahlišago .,Qaqambid,kusakwana,expanded_shona_lexicon,kusakwana
"Tshiadikumi,Kufilatshitupaatshi",îmer,6.0,Positive,Mot,îmer,îmer,îmer,ÎMER .,îmer,îmer,expanded_shona_loanword,îmer
Tshiadimomena,Rouillé,-6.0,Negative,Mot,rust,Ukugqwala,Roes,Moruswi .,Rust,ngura,expanded_shona_lexicon,ngura
Tshiakale(muleji),Ancien,4.0,Positive,Mot,ancient,-Daladala,Antieke,Kgalekgale,Amandulo,yekare,expanded_shona_lexicon,yekare
Tshiakudia,Aliment,6.0,Positive,Mot,food,Ukudla,Kos,Dijo,Ukutya,chikafu,expanded_shona_alt,zvokudya
Tshiakufunda,Tablette,0.0,Neutre,Mot,tablet,Iphilisi,Tablet,Letlapa la .,Ithebhulethi,piritsi,expanded_shona_lexicon,piritsi
Tshiakuitaba,Acceptable,8.0,Positive,Mot,acceptable,-Mukelekile,Aanvaarbaar,E amogelegago .,Yamkelekile,zvinogamuchirika,expanded_shona_lexicon,zvinogamuchirika
Tshiakunua,Breuvage,5.0,Positive,Mot,beverage,Okokuphuza,Drank,Dinotagi,Isiselo,chinwiwa,expanded_shona_lexicon,chinwiwa
Tshiamudiulu,Céleste,9.0,Positive,Mot,celestial,-Bukeyela basezulwini,Hemelse,Legodimo la Legodimo .,Isibhakabhaka,kudenga,expanded_shona_alt,yekudenga
Tshiamutshisuku,Sauvage,-4.0,Negative,Mot,savage,-Dlovulile,Wild,Sehlogo,Isavage,savage,expanded_shona_loanword,savage
Tshiamubidi,Corporellement,0.0,Neutre,Mot,bodily,-Ngomzimba,Liggaamlik,Mmele wa mmele .,Emzimbeni,mumuviri,expanded_shona_lexicon,mumuviri
Tshiamuinshi(muabuloba),Infernal,-8.0,Negative,Mot,infernal,I-infernal,Infernal,Infernal .,Intsholongwane,infernal,expanded_shona_loanword,infernal
Tshianvita,Dépouille,-6.0,Negative,Mot,remains,Inqobe,Oorblyfsels,Mašaledi .,Idubile,zvinoramba,expanded_shona_alt,anosara
TshiaNyuma,Spirituel,9.0,Positive,Mot,spiritual,-Kwenhliziyo,Geestelik,Semoya .,Ngokomoya,zvomweya,expanded_shona_alt,zvemweya
TshiaNzambi,Divin,9.0,Positive,Mot,divine,-Ngenaphezulu,Goddelike,Sa Modimo,Ubuthixo,divine,expanded_shona_loanword,divine
Tshibungubungu,Rivage,4.0,Positive,Mot,shore,Ugu,Oewer,Lebopo,Unxweme,mahombekombe,expanded_shona_lexicon,mahombekombe
Tshibutshidi;tshintutshiamushingamukole,Trésor,8.0,Positive,Mot,treasure,Igugu,Skat,Lehumo,Ubuncwane,pfuma,expanded_shona_lexicon,pfuma
Tshidikapia,Bouillant,-3.0,Negative,Mot,boiling,Bilisa,Kook,Go bela .,Ukubila,kubheya,expanded_shona_alt,kuvira
Tshidikatshiyimuakujingulula,Insondable,8.0,Positive,Mot,unfathomable,-Ngenalo,Ondeurgrondelik,E sa kwešišegego .,Ayinakufikeleleka,zvisina kujairika,expanded_shona_alt,zvisinganzwisisike
TshidikatshiyiTshijiminaa,Impérissable,9.0,Positive,Mot,imperishable,Ukungabona lutho,Onverganklik,E sa senyegego .,I-inofrieble,isingarobvu,expanded_shona_alt,kusaparara
Tshidikatshiyitshijinguluka;bundu,Confus,-6.0,Negative,Mot,confused,Didekile,Verward,Hlakahlakane,Udidekile,kuvhiringidzika,expanded_shona_alt,kuvhiringika
Tshidikatshiyitshinyanguka,Incorruptible,9.0,Positive,Mot,incorruptible,-Nokulimala,Onkreukbaar,E sa senyeheng .,Okungenakona,risingaori,expanded_shona_alt,isingaori
Tshidikatshiyitshipetangananetshikuabu,Contraire,-5.0,Negative,Mot,opposite,Bhekene,Oorkant,Lelatodi,Ngokuchaseneyo,zvakatarisana,expanded_shona_lexicon,zvakatarisana
"Tshidinebukole,",Valide,8.0,Positive,Mot,valid,-Lungile,Geldig,Makgonthe,Isebenza,zvinoshanda,expanded_shona_alt,inoshanda
Tshidinebulelela,Sincérité,9.0,Positive,Mot,sincerity,Ubuqatha,Opregtheid,Botshepegi .,Ukunyaniseka,kutendeseka,expanded_shona_alt,kuperera
Tshidinengikadiluwabukole,Endurcissement,-7.0,Negative,Mot,hardening,Ukuqina,Verharding,Go thatafala .,Ukuqina,kuomesa,expanded_shona_lexicon,kuomesa
Tshidipepi,Proche,6.0,Positive,Mot,close,Ngokuminyanisa,Maak toe,Tswalela,Vala,vhara,expanded_shona_lexicon,vhara
Tshiditshabundu,Infâme,-8.0,Negative,Mot,infamous,-Ngokwesabekayo,Berug,E tumile ka go tuma .,Inqabile,infamous,expanded_shona_alt,akashata
Tshiditshiabonso,Public,4.0,Positive,Mot,audience,Abathameli,Gehoor,Batheeletši,Abaphulaphuli,vateereri,expanded_shona_lexicon,vateereri
Tshiditshiakuakaja,Traitable,7.0,Positive,Mot,treatable,Yelaphe,Behandelbaar,E ka alafšago .,Inyanga,kurapwa,expanded_shona_alt,zvinorapika
Tshiditshiatshijila,Magnifique,9.0,Positive,Mot,gorgeous,-Bucwazicwazi,Pragtig,Botse kudu,Mhle,kunaka,expanded_shona_lexicon,kunaka
Tshiditshiatshilele,Naturel,8.0,Positive,Mot,natural,-Yimvelo,Natuurlik,Tlhago,Indalo,zvakasikwa,expanded_shona_lexicon,zvakasikwa
Tshiditshiengelela,Lumineux,9.0,Positive,Mot,bright,-Gqamile,Helder,Phadimago,Iqaqambile,kupenya,expanded_shona_lexicon,kupenya
Tshiditshikenka,Éclatant,8.0,Positive,Mot,brilliant,-Benyezelayo,Briljant,Bohlale,Iqaqambile,brilliant,expanded_shona_loanword,brilliant
Tshiditshikongyangale,Tortu,-6.0,Negative,Mot,turtle,Ufudu lwasemanzini,Skilpad,Pshinyaleraga,Turtle,turtle,expanded_shona_loanword,turtle
Tshiditshikulukulu,Vieux,0.0,Neutre,Mot,old,-Dala,Oud,Kgale,Mdala,chembere,expanded_shona_lexicon,chembere
Tshiditshimpebe,Excellent,9.0,Positive,Mot,excellent,-Hle kakhulu,Uitstekend,Gabotse kudu,Ngokugqwesileyo,zvakanaka,expanded_shona_lexicon,zvakanaka
Tshiditshimueneka,Visible,7.0,Positive,Mot,visible,Qavile,Sigbaar,Go bonagala .,Ibonakale,inoonekwa,expanded_shona_lexicon,inoonekwa
Tshiditshishalatshiendelele,Permettre,6.0,Positive,Mot,allow,Vumela,Laat toe,Dumelela,Vumela,bvumidza,expanded_shona_alt,bvumira
Tshiditshitabujibua,Supportable,5.0,Positive,Verbe,bearable,-Bekezelekayo,Verdraaglik,E kgotlelelwago .,Iyakwazi,kutsigira,expanded_shona_alt,zvinogoneka
Tshiditshitupu,Vide,-4.0,Negative,Mot,empty,-Ngahlali lutho,Leeg,Se nago selo,Ingenanto,isina chinhu,expanded_shona_lexicon,isina chinhu
Tshiditshiyanguka,Corruptible,-8.0,Negative,Mot,corruptible,-Nesomana,Verganklik,E senyegilego .,Ingozi,kuora,expanded_shona_alt,huori
Tshidibuluenyi,Aneth,0.0,Neutre,Mot,dill,Diss,Dille,Dill .,Dill,dill,expanded_shona_loanword,dill
Tshidikijilutshialubilu,Course,4.0,Positive,Mot,race,Jaha,Ras,Morafe,Ugqatso,race,expanded_shona_loanword,race
Tshidilu(tshianyama),Crèche,0.0,Neutre,Mot,crib,Umkhombe,Krip,Crib .,Crib,crib,expanded_shona_loanword,crib
Tshidimba,Gouvernail,5.0,Positive,Mot,rudder,Isiqondiso sebhanoyi,Roer,Selemo sa leru la .,I-rudder,ruzha,expanded_shona_lexicon,ruzha
Nzubuwakunvuabilumbu,Audience,6.0,Positive,Mot,hearing,Ukuzwa,Gehoor,Go kwa .,Ukuva,kunzwa,expanded_shona_lexicon,kunzwa
Nzubuwalukanu,Prison,-8.0,Negative,Mot,prison,Itilongo,Tronk,Kgolego,Intolongo,jeri,expanded_shona_lexicon,jeri
Nzubuwamasalayi,Forteresse,7.0,Positive,Mot,fortress,Inqaba enkulu eyakhiweyo,Vesting,Sebo .,Inqaba,nhare,expanded_shona_lexicon,nhare
Nzubuwatshilalabenyi,Hôtellerie,4.0,Positive,Mot,hospitality,Ukuphana nezicolo ezihambini,Gasvryheid,Kamogelabaeng,Ukubuka iindwendwe,kugamuchira vaeni,expanded_shona_lexicon,kugamuchira vaeni
Nangananga,Nécessairement,6.0,Positive,Mot,necessarily,-Yicingeni,Nodig,ka mo go swanetšego .,Kufuneka,zvakakodzera,expanded_shona_lexicon,zvakakodzera
Ndeji,Nourrice,5.0,Positive,Mot,nurse,Umhlengi,Verpleegster,Mooki,Umongikazi,mukoti,expanded_shona_lexicon,mukoti
Ndekelu,Terme,0.0,Neutre,Mot,term,Ukuphela,Termyn,Lereo,Ikota,term,expanded_shona_loanword,term
Ndelanganyi,Génération,6.0,Positive,Mot,generation,Ukukhiqiza,Generasie,Tlhagišo,Isizukulwana,chizvarwa,expanded_shona_lexicon,chizvarwa
Ndenalio,Denier,0.0,Neutre,Mot,denier,Jika,Ontkenner,Denier .,I-Denier,dhier,expanded_shona_lexicon,dhier
Ndobo,Hameçon,0.0,Neutre,Mot,hook,Isihintshelo,Haak,Kobi,I-hook,hove,expanded_shona_lexicon,hove
Ndondo,Profondeur,-7.0,Negative,Mot,depth,Ukujula,Diepte,Botebo,Ubunzulu,kudzika,expanded_shona_lexicon,kudzika
Nebubanji,Richement,8.0,Positive,Mot,richly,Ngokucebile,Ryklik,ka go huma .,Ngokutyebileyo,zvakanaka,expanded_shona_alt,zvakapfuma
Nebukole,Puissamment,9.0,Positive,Mot,powerfully,Ngokunamandla,Kragtig,ka maatla .,Ngamandla,zvine simba,expanded_shona_alt,nesimba
Nebundu,Motinieusement,-8.0,Negative,Mot,painstakingly,Ngobuhlungu,Moeilik,Ka bohloko .,I-Paintictly,zvinorwadza,expanded_shona_lexicon,zvinorwadza
Nebupuekele,Simplicité,8.0,Positive,Mot,simplicity,Ukungabi lula,Eenvoud,Bonolo .,Ukulula,kupusa,expanded_shona_alt,zviri nyore
Nedikima,Hardiment,7.0,Positive,Mot,boldly,Ngesibindi,Met vrymoedigheid,ka sebete .,Ngenkalipho,noushingi,expanded_shona_lexicon,noushingi
Nedisanka,Volontiers,8.0,Positive,Mot,gladly,Ngobuhlakani,Met graagte,Ka lethabo .,Ngovuyo,nemufaro,expanded_shona_lexicon,nemufaro
Nedisua,Spontanément,9.0,Positive,Mot,spontaneously,Ngokuzenzakalelayo,Spontaan,ka go itiragalela .,Ngokuzenzekelayo,zvine zvisizvo,expanded_shona_alt,zvekare
Nelukasa,Promptement,8.0,Positive,Mot,promptly,Masinyane,Onmiddellik,Ka pela .,Ngokukhawuleza,nekukurumidza,expanded_shona_alt,nokukurumidza
Nemutshimamutoke,Libéralement,9.0,Positive,Mot,liberally,Ngokulula,Liberaal,ka bolokologi .,Ngokukhululekileyo,zvakasununguka,expanded_shona_alt,rusununguko
Nemutshimaumue,Unanimement,9.0,Positive,Mot,unanimously,Ngokufanele,Eenparig,ka go kwana .,Ngamaxesha athile,zvisingaiti,expanded_shona_alt,nozwi rimwe chete
NeNzala,Jeun,-6.0,Negative,Mot,young,-Ncane,Jong,Nnyane,Umncinci,mudiki,expanded_shona_lexicon,mudiki
Netshiji,Misérablement,-8.0,Negative,Mot,miserably,Ngokudabukisayo,Jammerlik,ka tsela e bobe .,Ngqiqweni,zvisingaite,expanded_shona_alt,zvinosiririsa
Netshijila,Purement,9.0,Positive,Mot,purely,Kuphela,Suiwer,E hloekileng feela .,Icocekile,zvakachena,expanded_shona_lexicon,zvakachena
Neje,Neige,6.0,Positive,Mot,snow,Iqhwa elikhithikile,Sneeu,Lehlwa,Ikhephu,chando,expanded_shona_lexicon,chando
Nfigi,Figue,5.0,Positive,Mot,fig,Umkhiwane,Fig,FIG .,ikhiwane,fig,expanded_shona_loanword,fig
Nfudilu,Bout,0.0,Neutre,Mot,end,Ukugcina,Einde,Mafelelo,Isiphelo,kupera,expanded_shona_lexicon,kupera
Nfulakatelio,Pièce,4.0,Positive,Mot,piece,Isiqephu,Stuk,Karolo,Isiqwenga,chidimbu,expanded_shona_lexicon,chidimbu
Nfumu,Chef,7.0,Positive,Mot,chief,Ophethe,Hoof,Kgoši,Inkosi,chief,expanded_shona_alt,sabhuku
Ngabu,Bouclier,6.0,Positive,Mot,shield,Isihlangu,Skild,Kotse,Ikhaka,nhovo,expanded_shona_lexicon,nhovo
Ngasa,Grâce,9.0,Positive,Mot,grace,Umusa,Genade,Mohau .,Ubabalo,nyasha,expanded_shona_lexicon,nyasha
"Ngasa,disanka,",Gré,7.0,Positive,Mot,gre,Bhethizetheka,Gre,Gre .,Gre,gre,expanded_shona_loanword,gre
NgeleluwaMenji,Raisonnement,8.0,Positive,Mot,reasoning,Ukubeka into enengqondo,Redenering,Go bea mabaka .,Ukuqiqa,kukurukurirana,expanded_shona_alt,kurangarira
Ngena,Géhenne,-9.0,Negative,Mot,gehenna,IGhehanna,Gehenna,Gehenna .,Gehena,gehena,expanded_shona_lexicon,gehena
Ngendamushinga,Marchand,4.0,Positive,Mot,merchant,Umthengisi,Handelaar,Mogwebi,Umthengisi,mutengesi,expanded_shona_lexicon,mutengesi
Ngikadilu,Qualité,0.0,Neutre,Mot,quality,Isimo,Kwaliteit,Boleng,Umgangatho,mhando,expanded_shona_alt,hunhu
Ngolo,Or,8.0,Positive,Mot,gold,Imali ebomvu,Goud,Gauta,Igolide,goridhe,expanded_shona_alt,ndarama
Ngombe,Bœuf,0.0,Neutre,Mot,beef,Inyama yenkomo,Beesvleis,Nama ya kgomo,Inyama yenkomo,nyama yemombe,expanded_shona_lexicon,nyama yemombe
Ngondo,Mois,6.0,Positive,Mot,month,Inyanga,Maand,Kgwedi,Inyanga,mwedzi,expanded_shona_lexicon,mwedzi
Ngulube,Pourceau,-6.0,Negative,Mot,pig,Ingulube,Vark,Kolobe,Ihagu,nguruve,expanded_shona_lexicon,nguruve
Ngulubemukaji,Truie,-5.0,Negative,Mot,sow,Thwalwa,Saai,Bjala .,Hlwayela,kudyara,expanded_shona_lexicon,kudyara
Nhikidilu,Fin,7.0,Positive,Mot,end,Ukugcina,EINDE,MAFELELO,ISIPHELO,kupera,expanded_shona_lexicon,kupera
Njanu,Murmure,-6.0,Negative,Mot,murmur,Ukhololo,Gemor,Go ngunanguna .,Murmur,kugunun'una,expanded_shona_lexicon,kugunun'una
"Njetu,mulemenda",Boiteux,-7.0,Negative,Mot,lame,-Khelezayo,Lam,Hlotšago,Isiqhwala,lame,expanded_shona_alt,chirema
Njila,Voie,6.0,Positive,Mot,way,Indlela,Manier,Tsela,Indlela,nzira,expanded_shona_lexicon,nzira
Njilawakupatukila,Issue,5.0,Positive,Mot,issue,Izindaba okuphikiswana ngazo,Kwessie,Tlhagišo,Khupha,nyaya,expanded_shona_lexicon,nyaya
Njila;kuyane,Route,4.0,Positive,Mot,road,Umgwaqo,Pad,Tsela,Indlela,mugwagwa,expanded_shona_lexicon,mugwagwa
Njiû,Périlleux,-7.0,Negative,Mot,perilous,-Ezwayo,Gevaarlik,E kotsi .,Ubungozi,njodzi,expanded_shona_alt,nengozi
Nkamaibidi,Deuxcents,0.0,Neutre,Nombre,two hundred,Amakhulu amabili,Twee honderd,makgolo a mabedi .,Amawaka amabini,mazana maviri,expanded_shona_lexicon,mazana maviri
Nkamainayi,Quatrecents,0.0,Neutre,Nombre,four hundred,Namakhulu amane,Vier honderd,Makgolo a Mane .,Amawaka amane,mazana mana,expanded_shona_lexicon,mazana mana
Maluakukema,Merveill,9.0,Positive,Mot,wonder,Ukumangala,Wonder,Tlabega,Uyazibuza,kushamisika,expanded_shona_lexicon,kushamisika
MaluadikaayiaNzambi,Impiété,-8.0,Negative,Mot,impiety,Ukuthakasaba,Goddeloosheid,Go se ikemišetše .,Ifihla,zvisina kunaka,expanded_shona_lexicon,zvisina kunaka
Maluvu,Cervoise,0.0,Neutre,Mot,cervoise,Isikhonzi,Servoise,Cervoise .,I-curvoise,cervoise,expanded_shona_loanword,cervoise
Maluvu(anvinyo),Vin,0.0,Neutre,Mot,wine,Iwayini,Wyn,Beine,Isiselo somdiliya,waini,expanded_shona_lexicon,waini
Mamata,Grumeau,-4.0,Negative,Mot,lump,Isigaxa,Klomp,Sekutu,Intlavu,lump,expanded_shona_loanword,lump
Maminu,Produit,5.0,Positive,Mot,product,Umphumela,Produk,Setšweletšwa,Imveliso,chigadzirwa,expanded_shona_lexicon,chigadzirwa
Mamona,Richess,-7.0,Negative,Mot,wealth,Ingcebo,Rykdom,Lehumo,Ubutyebi,pfuma,expanded_shona_lexicon,pfuma
Mampanu,Tuile,0.0,Neutre,Mot,tile,Itilo,Teël,Thaele .,Tile,tile,expanded_shona_loanword,tile
Mamu,Mère,9.0,Positive,Mot,mother,Umame,Moeder,Mma,Umama,amai,expanded_shona_lexicon,amai
Mana,Manne,8.0,Positive,Mot,manna,Umanana,Manna,Manna .,Imana,mana,expanded_shona_lexicon,mana
Manananshi,Parfum,7.0,Positive,Mot,scent,Iphunga,Geur,Monkgo,Ivumba,kunhuhwirira,expanded_shona_alt,kunhuwirira
MananshiaNado,Nard,6.0,Positive,Mot,nard,Isigwegwe,Nard,Nard .,I-nard,nadhi,expanded_shona_lexicon,nadhi
Mansanga,Coin,0.0,Neutre,Mot,corner,Ingosi,Hoek,Sekhutlo,Kwikona,kona,expanded_shona_lexicon,kona
Manseba,,4.0,Positive,Mot,nah,nah,nee,Nah .,nah,nah,expanded_shona_loanword,nah
Manyi,Huile,5.0,Positive,Mot,oil,Amafutha,Olie,Oli,Ioyile,mafuta,expanded_shona_lexicon,mafuta
Mapuapua,Aile,6.0,Positive,Mot,wing,Iphiko,Vlerk,Lephego la lephego .,Iphiko,wing,expanded_shona_alt,bapiro
Marbre,Marbre,7.0,Positive,Mot,marble,Itshe elmabula,Marmer,Mmabole .,Marble,marble,expanded_shona_loanword,marble
Masandi,Débauche,-8.0,Negative,Mot,debauchery,Ukuphosana,Losbandigheid,Boitlhamelo .,I-Debauechery,deabucery,expanded_shona_alt,kusazvibata
Masangu,Carrefour,0.0,Neutre,Mot,crossroads,Imigwaqo,Kruispad,Mabato a ditsela .,I-rossroads,crossroads,expanded_shona_loanword,crossroads
Mashi,Sang,-6.0,Negative,Mot,blood,Igazi,Bloed,Madi,Igazi,ropa,expanded_shona_lexicon,ropa
Mashika,Froid,-4.0,Negative,Mot,cold,Ukubanda,Koud,Tonya,Kubanda,kutonhora,expanded_shona_lexicon,kutonhora
Mashinde,Pâture,5.0,Positive,Mot,pasture,Idlela,Weiding,Mafulo .,Amadlelo,mafuro,expanded_shona_lexicon,mafuro
Matambe,Infinimentplus,8.0,Positive,Mot,infinitelymore,Insekermore,Oneindig meer,Ka mo go sa felego mogo .,Ngokungalunganga,infinitelymore,expanded_shona_loanword,infinitelymore
Matandu,Querelle,-7.0,Negative,Mot,quarrel,Xabana,Twis,Kgakgana,Ixampe,kupopotedzana,expanded_shona_alt,kukakavadzana
Mateketa,Infirmité,-6.0,Negative,Mot,infirmity,Mpofu,Swakheid,Boko .,Ubuthathaka,kushaya simba,expanded_shona_alt,utera
"Matshika,luseke",Territoire,4.0,Positive,Mot,territory,Umbuso,Gebied,Mollwane,Intsimi,ndima,expanded_shona_lexicon,ndima
Matshuwa,,0.0,Neutre,Mot,nah,nah,nee,Nah .,nah,nah,expanded_shona_loanword,nah
Matuku(masomba),Séjour,5.0,Positive,Mot,stay,Hlala,Bly,Dula,Hlala,gara,expanded_shona_lexicon,gara
Matukualualua,Avenir,8.0,Positive,Mot,future,-Phambili,Toekoms,Bokamoso,Kwikamva,remangwana,expanded_shona_lexicon,remangwana
Matumbaanayiabulebuamuomumue,Carré,0.0,Neutre,Mot,square,Igceke,Vierkantig,Khutlonne,Isikwere,square,expanded_shona_loanword,square
Mavuala,Vague,4.0,Positive,Mot,wave,Vayizela,Golf,Lephoto,Amaza,wave,expanded_shona_loanword,wave
Mayi,Eau,6.0,Positive,Mot,water,Nisela,Water,Meetse,Amanzi,mvura,expanded_shona_lexicon,mvura
Mayiadinemuenji,Torrent,4.0,Positive,Mot,torrent,Isithwamela,Torrent,Torrent .,Irrent,torrent,expanded_shona_loanword,torrent
Mayimaneneatalata,Merdeverre,7.0,Positive,Mot,merdeverre,Hlunga,Merdeverre,M e r d e v e d r e .,Umnini-ndlebe,merdeverre,expanded_shona_alt,merdevere
Mayishaakumudilu,Rudiment,0.0,Neutre,Mot,rudiment,Ukujikijelozela,Rudiment,Rudiment .,Irhasi,rudiment,expanded_shona_loanword,rudiment
"Mayishaakumudilu,bintubidibimuenekabiapabuloba",Élément,5.0,Positive,Mot,element,Isithako semvelo,Element,Ntlha,Into,element,expanded_shona_loanword,element
Mbila,Cri,-5.0,Negative,Mot,cry,Memeza,Huil,Lla,Khala,kuchema,expanded_shona_alt,chema
Mbomboitanu,Cinquantemille,0.0,Neutre,Nombre,fifty thousand,Izinkulungwane ezingamashumi amahlanu,Vyftigduisend,Dikete tše Masomehlano .,Amashumi amahlanu amawaka,zviuru makumi mashanu,expanded_shona_lexicon,zviuru makumi mashanu
Mbombonembombo,Millier,0.0,Neutre,Nombre,thousand,Inkulungwane,Duisend,Sekete,Iwaka,zviuru,expanded_shona_alt,chiuru
Mbuji,Chèvre,3.0,Neutre,Mot,goat,Imbuzi,Bok,Pudi,Ibhokhwe,mbudzi,expanded_shona_lexicon,mbudzi
Mbuji(mbumbu),Bouc,0.0,Neutre,Mot,goat,Imbuzi,Bok,Pudi,Ibhokhwe,mbudzi,expanded_shona_lexicon,mbudzi
Menemene,Absolument,8.0,Positive,Mot,absolutely,Nakanjani,Absoluut,Ka nnete,Ngokupheleleyo,zvechokwadi,expanded_shona_alt,zvamazvirokwazvo
Menji,Intention,6.0,Positive,Mot,intention,Okuqondiwe,Voorneme,Maikemišetšo,Injongo,chinangwa,expanded_shona_lexicon,chinangwa
Menji(a),Intellectuel,9.0,Positive,Mot,intellectual,Onobuhlakani,Intellektueel,Bohlale,Ingqondo,njuchenjeri,expanded_shona_lexicon,njuchenjeri
Menji(dipangadija),Conseil,8.0,Positive,Mot,advice,Iseluleko,Raad,Maele,Ingcebiso,zano,expanded_shona_alt,mazano
MenjiaNzambi,Pieux,9.0,Positive,Mot,pious,-Cwekazi,Vroom,Borapedi bja borapedi .,Inyani,kunamata,expanded_shona_lexicon,kunamata
"Mesa,mensa",Table,6.0,Positive,Mot,table,Itafula,Tafel,Tafola,Itafile,tafura,expanded_shona_lexicon,tafura
Meshi(abiumabiapabuloba),Souci,-6.0,Negative,Mot,worry,Khathazeka,Bekommernis,Tshwenyega,Ixhala,kunetseka,expanded_shona_lexicon,kunetseka
Meyiadiyisha,Discours,7.0,Positive,Mot,speech,Intshumayelo,Toespraak,Polelo,Intetho,kutaura,expanded_shona_lexicon,kutaura
Meyiamikenji,Exigence,5.0,Positive,Mot,requirement,Okudingekayo,Vereiste,Senyakwa .,Imfuneko,zvinodiwa,expanded_shona_lexicon,zvinodiwa
MeyiaNzambi,Oracle,8.0,Positive,Mot,oracle,Owesinye,Orakel,Oracle .,I-oracle,oracle,expanded_shona_loanword,oracle
MeyiaTshiprofete,Prophétie,9.0,Positive,Mot,prophecy,Isiprofetho,Profesie,Seporofeto .,Isiprofetho,chiporofita,expanded_shona_lexicon,chiporofita
Mianda,Récit,6.0,Positive,Mot,narrative,Ukulandisa kwenhliziyo,Narratief,Kanegelo,Ingxelo,nhoroondo,expanded_shona_lexicon,nhoroondo
Mibi(nyuma),Malin,-7.0,Negative,Mot,clever,-Hlakaniphile,Slim,Hlalefile,Ubukrelekrele,clever,expanded_shona_loanword,clever
Mibuabua,Renard,-6.0,Negative,Mot,fox,Uhlotshana oluthize lwempungushe,Jakkals,Phukubje,Impungutye,fox,expanded_shona_loanword,fox
Midima,Obscur,-5.0,Negative,Mot,obscure,-Fiphele,Duister,Šira,Ukufihlwa,kuvanzika,expanded_shona_alt,asikajeka
Miepu,Épi,5.0,Positive,Mot,ear,Indlebe,Oor,Tsebe,Indlebe,nzeve,expanded_shona_lexicon,nzeve
Mifundu,Inscription,6.0,Positive,Mot,registration,Ukurejistwa,Registrasie,Boingwadišo .,Ubhaliso,kunyoresa,expanded_shona_lexicon,kunyoresa
Mikalu,Borne,4.0,Positive,Mot,terminal,Isikhumulo,Terminale,Terminal .,Indawo yokukhwelela,terminal,expanded_shona_loanword,terminal
Mikemu,Soupir,-5.0,Negative,Mot,sigh,Bubaza,Sug,Fegelwa,Ncwilika,kugomera,expanded_shona_alt,gomera
Mikenji,Loi,7.0,Positive,Mot,law,Umthetho,Wet,Molao,Umthetho,mutemo,expanded_shona_lexicon,mutemo
Mikete,Artifice,-6.0,Negative,Mot,artifice,Ubuthi,Kunsgreep,Sehlomathiso .,Ubugcisa,apficess,expanded_shona_lexicon,apficess
Mikumu,Coup,-4.0,Negative,Mot,cut,Ukusika,Sny,Ripa,Sika,cheka,expanded_shona_lexicon,cheka
"Mimpe,buimpe,tshimpe…",Bon,8.0,Positive,Mot,good,Kuhle ngokuncomekayo,Goed,Gabotse,Kulungile,kugona,expanded_shona_lexicon,kugona
Minda,Luminaire,7.0,Positive,Mot,lighting,Ukhanyisela,Beligting,Mabone .,Ukukhanya,kuvhenekera,expanded_shona_lexicon,kuvhenekera
Mineku,Plaisanterie,5.0,Positive,Mot,joke,Ihlaya,Grappie,Metlae,Hlekisa,joke,expanded_shona_loanword,joke
Mionshi,Courroie,0.0,Neutre,Mot,belt,Isibhamba,Gordel,Lepanta,Ibhanti,bhandi,expanded_shona_lexicon,bhandi
Miosa,Laine,4.0,Positive,Mot,wool,Uvolo,Wol,Wulu,Uboya,makushe,expanded_shona_lexicon,makushe
Mioyokulu,Suspen,-3.0,Negative,Mot,suspend,Hlehlisa,Opskort,Go emišwa .,Nqumamisa,kumisa,expanded_shona_lexicon,kumisa
Mipote,Perpétuité,8.0,Positive,Mot,perpetuity,Ubuqili,Ewigdurigheid,Go se fele .,Ukwenzeka,kusaririra,expanded_shona_alt,kusingaperi
Misambu,Psaume,9.0,Positive,Mot,psalm,Ikhasi lesiphingo,Psalm,Psalme .,IINDUMISO,pisarema,expanded_shona_lexicon,pisarema
Misanguinayi,Quadruple,0.0,Neutre,Mot,quadruple,Quadruple,Vierdubbel,Go ba le makga a mane .,Quadrupple,quadruple,expanded_shona_loanword,quadruple
Misangulukama,Centuple,6.0,Positive,Mot,hundredfold,Amakhulukhulu,Honderdvoudig,Lekgolo la go menagana .,Ikhulu,zana,expanded_shona_alt,zvinezana
Misangunemisangu,Souvent,5.0,Positive,Mot,often,Vamile,Dikwels,Gantši,Rhoqo,kazhinji,expanded_shona_lexicon,kazhinji
Misanguyabungi,Fréquent,6.0,Positive,Mot,frequent,Gqigqa,Gereeld,Gantši,Rhoqo,kazhinji,expanded_shona_alt,kakawanda
Misanguyonso,Cesse,7.0,Positive,Mot,cease,Phela,Hou op,Emiša,Pheka,regedza,expanded_shona_lexicon,regedza
Misesu,Rue,0.0,Neutre,Mot,street,Isitaladi,Straat,Seterata,Isitrato,mugwagwa,expanded_shona_lexicon,mugwagwa
Mishiku,Lèvre,4.0,Positive,Mot,lip,Udebe,Lip,Molomo .,Imilebe,muromo,expanded_shona_lexicon,muromo
Mishindumivulangane,Diversité,6.0,Positive,Mot,diversity,Ukwehluka,Diversiteit,Pharologano,Iyantlukwano,kusiyana,expanded_shona_alt,kusiyana-siyana
Mishindunemishindu,Divers,5.0,Positive,Mot,miscellaneous,-Nhlobonhlobo,Diverse,Hlakahlakanego,I-succellaneous,miscellaneous,expanded_shona_loanword,miscellaneous
"Misumba,mbombo",Myriade,7.0,Positive,Mot,myriad,Incekukazi,Magdom,Myriad .,I-reaf,myriad,expanded_shona_loanword,myriad
Mitambebungi,Surabondamment,8.0,Positive,Mot,overabundantly,Ngokuzwakalayo,Oorvloedig,ka mo go feteletšego ka mo go feteletšego .,Ngaphezulu,zvakanyanyisa,expanded_shona_alt,zvakawandisa
Mitendekenu,Intercession,9.0,Positive,Mot,intercession,Ukuxolelwa,Voorbidding,Boipolelo .,Umnyhadala,kureverera,expanded_shona_alt,kunyengeterera
Mitshipu,Imprécations,-8.0,Negative,Mot,imprecations,Ukungasebenzi,Beskuldigings,Dikgatišo tša go se šitišwe .,Izinto ezibonakalayo,zvisingaverengeki,expanded_shona_alt,iprecations
Momumue,Pareil,4.0,Positive,Mot,the same,Okufanayo,Dieselfde,Go swana le .,Enjalo,zvimwe chete,expanded_shona_lexicon,zvimwe chete
Monjimunene,Cep,0.0,Neutre,Mot,cep,Isikhashana,Cep,CEP .,I-cup,cep,expanded_shona_loanword,cep
Moyo,Salutation,8.0,Positive,Mot,greeting,Izwi lokubingelela,Groete,Madume,Imibuliso,kukwazisa,expanded_shona_alt,kwaziwai
Mpalawabuatu,Proue,0.0,Neutre,Mot,bow,Ukuthoba,Buig,Inama,Isaphetha,uta,expanded_shona_lexicon,uta
Mpalata,Drachme,0.0,Neutre,Mot,drachma,Idrama,Drachme,Drachma .,Idrarchma,drachma,expanded_shona_loanword,drachma
Mpanganu,Assorti,-5.0,Negative,Mot,assorted,-Nhlobonhlobo,Verskeie,Assorted .,Nxibelelaniswa,assorted,expanded_shona_loanword,assorted
Mpata,Dissension,-4.0,Negative,Mot,dissension,Uhlangothi,Onenigheid,Go se kwane .,Ukwahlukana,kupokana,expanded_shona_alt,kusawirirana
Mpata;kutantamena,Contredit,-6.0,Negative,Verbe,contradicted,Kuphambene,Weerspreek,E ganetšwa .,Chasa,zvinopesana,expanded_shona_lexicon,zvinopesana
Mpidieu,Incessamment,7.0,Positive,Mot,incessantly,-Ngenakuhleleka,Onophoudelik,Ka go se kgaotše .,Ngokungapheliyo,zvisingaperi,expanded_shona_alt,nokusingaperi
Mpingu,Idole,-8.0,Negative,Mot,idol,Isithombe esikhulekelwayo,Idol,Modingwana .,Isithixo,chidhori,expanded_shona_lexicon,chidhori
Mpokolowamayi,Réservoird'eau,4.0,Positive,Mot,water tank,Ithangi lamanzi,Watertenk,Tanka ya meetse .,Itanki lamanzi,mvura tangi,expanded_shona_alt,tangi remvura
Mpongo,Vallée,5.0,Positive,Mot,valley,Isihosha,Vallei,Molapo,Intlambo,mupata,expanded_shona_lexicon,mupata
Mpudimatshiu,Sourd,-6.0,Negative,Mot,deaf,-Ngenakuzwa ngezindlebe,Doof,Mofoafadi,Andiva,matsi,expanded_shona_lexicon,matsi
Mpukapuka,Aventure,6.0,Positive,Mot,adventure,Ukwenza okungajweyelekile nokuqabulayo,Avontuur,Bohlagahlaga,I-adventure,mutambo,expanded_shona_lexicon,mutambo
Mpunda,Ânesse,0.0,Neutre,Mot,donkey,Imbongolo,Donkie,Tonki,Idonki,mbongoro,expanded_shona_lexicon,mbongoro
Mpunda(buampunda),Somme,0.0,Neutre,Mot,sum,Isibalo,Som,Palomoka,Isixa,sum,expanded_shona_loanword,sum
Mpungi,Trompette,6.0,Positive,Mot,trumpet,Icilongo,Trompet,Phalafala .,Ixilongo,hwamanda,expanded_shona_lexicon,hwamanda
Mpungu,Péage,0.0,Neutre,Mot,toll,INDAWO YOKUKHOKHA,TOL,Tefo ya go lefelwa .,ITHOLI,toll,expanded_shona_loanword,toll
Mputa,Plaindre,-7.0,Negative,Verbe,complain,Khalaza,Kla,Belaela,Ukhalaza,kunyunyuta,expanded_shona_alt,chengeta
Mputawalubangu,Gangrène,-8.0,Negative,Mot,gangrene,Gangrene,Gangreen,Gangrene .,Gangrene,gangrene,expanded_shona_loanword,gangrene
"Mputa,mikumu",Blessure,-6.0,Negative,Mot,injury,Isikhubazo,Besering,Kgobalo,Ukwenzakala,kukuvara,expanded_shona_lexicon,kukuvara
Mputa,Ulcère,-7.0,Negative,Mot,ulcer,Isilonda,Ulkus,Seso sa .,Isilonda,ulcer,expanded_shona_loanword,ulcer
Mubulelela,Certainement,8.0,Positive,Mot,certainly,Impela,Sekerlik,Ka nnete,Ngokuqinisekileyo,zvirokwazvo,expanded_shona_lexicon,zvirokwazvo
Mudifuanagana,Conformitéde,8.0,Positive,Mot,compliance,Ukuthobela,Voldoening,Obamela,Ukuthobela,kutevedzera,expanded_shona_alt,kuteerera
Mudinyunguluka,Ronde,5.0,Positive,Mot,round,-Yingiliza,Ronde,Sediko,Jikelezo,kutenderera,expanded_shona_lexicon,kutenderera
Mukuenza(nunku),Entrefaites,4.0,Positive,Mot,entrefaits,Entrefaits,Entrefaits,Di-Trefait .,Inzuzo,entrefaits,expanded_shona_loanword,entrefaits
Mumayi,Large,6.0,Positive,Mot,wide,-Banzi,Wyd,Phara,Banzi,wide,expanded_shona_loanword,wide
Mumushinduonso,Manière,5.0,Positive,Mot,manner,Uhlobo,Manier,Mokgwa,Ngendlela,maitiro,expanded_shona_lexicon,maitiro
Mumusokoko,Secrètement,7.0,Positive,Mot,secretly,Ngasese,In die geheim,Ka sephiring .,Ngasese,muchivande,expanded_shona_alt,pachivande
Munkatshi,Milieu,4.0,Positive,Mot,medium,Okuphakathi,Medium,Dirišwago,Phakathi,pakati,expanded_shona_lexicon,pakati
MuNyuma,Spirituellement,9.0,Positive,Mot,spiritually,Ngokomoya,Geestelik,Semoya .,Ngokomoya,pakunamata,expanded_shona_lexicon,pakunamata
Munzubu,Toit,4.0,Positive,Mot,roof,Uphahla,Dak,Marulelo,Uphahla,denga,expanded_shona_lexicon,denga
"Mutshikondo,mutshilejelu,bu",Titre,6.0,Positive,Mot,title,Ibizo,Titel,Thaetlele,Isihloko,zita,expanded_shona_lexicon,zita
Mutshikoso,Brièvement,7.0,Positive,Mot,briefly,Kafushane,Kortliks,ka boripana .,Ngokufutshane,muchidimbu,expanded_shona_lexicon,muchidimbu
Mutshilele,Traditionnellement,8.0,Positive,Mot,traditionally,Ngokwesiko,Tradisioneel,ka setšo .,Ngokwesiko,netsika,expanded_shona_alt,pachivanhu
Muaba,Région,5.0,Positive,Mot,region,Indawo,Streek,Selete,Umda,dunhu,expanded_shona_lexicon,dunhu
Muabamupengame,Écart,-4.0,Negative,Mot,gap,Insungubezi,Gaping,Sekgoba,Umsantsa,gap,expanded_shona_loanword,gap
Muabamutumbuke,Estrade,4.0,Positive,Mot,platform,Indawo yokuqhudelana,Platform,Polatefomo,Iqonga,chikuva,expanded_shona_lexicon,chikuva
Muabawabafue,Hadès,-9.0,Negative,Mot,hades,Hase,Hades,Hades .,Hads,hadhesi,expanded_shona_lexicon,hadhesi
Muabawakuala,Logement,5.0,Positive,Mot,accommodation,Indawo yokuhlala nokulala,Akkommodasie,Marobalo,Indawo yokuhlala,pekugara,expanded_shona_lexicon,pekugara
Muabawamabue,Pavé,0.0,Neutre,Mot,pavement,Indlela yokuhamba ngezinyawo eseduze nomgwaqo,Sypaadjie,Tselanathoko,Indlela,pambiro,expanded_shona_lexicon,pambiro
Muabawetu(ditunga),Patrie,8.0,Positive,Mot,country,Izwe,Land,Naga,Ilizwe,nyika,expanded_shona_lexicon,nyika
Muabanyanganyi,Participant,6.0,Positive,Mot,participant,Umhlanganyeli,Deelnemer,Motšeakarolo .,Inxaxheba,mutori wechikamu,expanded_shona_lexicon,mutori wechikamu
Muadi,Pleur,-6.0,Negative,Mot,cry,Memeza,Huil,Lla,Khala,kuchema,expanded_shona_alt,chema
Muakane,Juste,9.0,Positive,Mot,just,-Qotho,Net,Fela,Nje,just,expanded_shona_loanword,just
Muakuidi,Sacrificateur,7.0,Positive,Mot,priest,Mpristi,Priester,Moruti,Umbingeleli,mupristi,expanded_shona_alt,muprista
Muakuidimunene,Souverainsacrificateur,9.0,Positive,Mot,highpriest,-Phezulu,Hoëpriester,Highspest .,Ukuphakama,highprest,expanded_shona_alt,muprista mukuru
Muakulu,Langage,6.0,Positive,Mot,language,Ulimi,Taal,Polelo,Ulwimi,mutauro,expanded_shona_lexicon,mutauro
Muakulu(mukese),Dialecte,5.0,Positive,Mot,dialect,Lwendawo,Dialek,Polelosemmotwana .,Ulwimi,mutauro,expanded_shona_lexicon,mutauro
Muambi,Prédicateur,8.0,Positive,Mot,preacher,Umshumayeli,Prediker,Mmoledi .,Umshumayeli,muparidzi,expanded_shona_lexicon,muparidzi
Muambuluishangany,Associé,7.0,Positive,Mot,partner,Obambisene naye ebhizinisini,Vennoot,Molekane,Iqabane,mumwe wako,expanded_shona_lexicon,mumwe wako
Muan'abomukashi,Sœur,8.0,Positive,Mot,sister,Udadewenu,Suster,Sesi,Usisi,hanzvadzi sikana,expanded_shona_lexicon,hanzvadzi sikana
Muana,"Enfant,Petit",7.0,Positive,Mot,"child,small","Ingane, ezincane","Kind, Klein","Ngwana,e nyenyane .","Umntwana, omncinci","mwana, zvidiki",expanded_shona_alt,"mwana, mudiki"
Muanabute,Premier-né,8.0,Positive,Mot,firstborn,Izibulo,Eersgeborene,Leitšibulo .,Amazibulo,dangwe,expanded_shona_lexicon,dangwe
Muanamukaji,Fille,7.0,Positive,Mot,girl,Intombi,Meisie,Mosetsana,Intombazana,musikana,expanded_shona_lexicon,musikana
Muanamulume,Fils,8.0,Positive,Mot,son,Umfana,Seun,Morwa .,Unyana,mwanakomana,expanded_shona_lexicon,mwanakomana
Muanawadibutuka,Filsdeperdition,-8.0,Negative,Mot,son of perdition,Indodana ye-perition,Seun van die verderf,Morwa wa Pedi .,Unyana weperdia,mwanakomana wekuparadzwa,expanded_shona_alt,mwanakomana wokuparara
Muanawamasandi,Bâtard,-7.0,Negative,Mot,bastard,Udoti,Bastard,Lepastere,Inja,bastard,expanded_shona_loanword,bastard
Muanawamungena,Filsdelagéhenne,-9.0,Negative,Mot,sondelagéhenne,Sondelagéhenne,Sondelagéhenne,Sondelagéhenne ya go hlaboša.,Sondelagéhenne,sondelagéhenne,expanded_shona_loanword,sondelagéhenne
Muanawamukoko,Agneau,9.0,Positive,Mot,lamb,inyama yemvu,Lam,Kwana,inyama yegusha,gwayana,expanded_shona_lexicon,gwayana
Muanawamunya,Filsdelalumière,9.0,Positive,Mot,sons of light,Amadodana Okukhanya,Seuns van die Lig,Barwa ba Seetša .,Oonyana bokukhanya,vanakomana vechiedza,expanded_shona_alt,vana vechiedza
Muanawangombemukaji,Génisse,0.0,Neutre,Mot,heifer,Isithomulo soHiferi,Vers,Heifer .,Heifor,tsiru,expanded_shona_lexicon,tsiru
MuanawaNgombe,Veau,0.0,Neutre,Mot,calf,Isitho,Kalf,Namane,Ithole,mhuru,expanded_shona_lexicon,mhuru
Muanawanshiye,Orphelin,-6.0,Negative,Mot,orphan,Intandane,Weeskind,Tšhuana,Inkedama,orphan,expanded_shona_alt,nherera
Muandamukulu,Huit,0.0,Neutre,Nombre,eight,Isishiyagalombili,Agt,Seswai,Sibhozo,sere,expanded_shona_lexicon,sere
Muandamutekete,Sept,0.0,Neutre,Nombre,seven,Isikhombisa,Sewe,Seven .,Sixhengxe,zvinomwe,expanded_shona_alt,nomwe
Muanetu,Frère,8.0,Positive,Mot,brother,Umfowenu,Broer,Buti,Ubhuti,hanzvadzi konama,expanded_shona_lexicon,hanzvadzi konama
Muangatshipamue,Coparticipant,7.0,Positive,Mot,co-participant,Obambe iqhaza,Mede-deelnemer,Motšeakarolo mmogo .,I-Co-thatha inxaxheba,co-mutori vechikamu,expanded_shona_alt,co-mutori wechikamu
Muanjelo,Ange,9.0,Positive,Mot,angel,Ingelosi,Engel,Lengeloi,Ingelosi,ngirozi,expanded_shona_lexicon,ngirozi
Muanjelomutambebakuabu,Archange,9.0,Positive,Mot,archangel,Indawo yokubekezela,Aartsengel,Morongwa yo Mogolo .,Inkosi,ngirozil,expanded_shona_alt,ngirozi huru
Muanzankongolo,Arcenciel,9.0,Positive,Mot,rainbow,Uthingo lwenkosazana,Reënboog,Molalatladi .,Umnyama,rainbow,expanded_shona_alt,muraravungu
Muasambi,Consolateur,8.0,Positive,Mot,comforter,Umgorphater,Trooster,Mohomotši wa Mohomo .,Umthuthuzeli,munyaradzi,expanded_shona_lexicon,munyaradzi
Mubaki,Époux,7.0,Positive,Mot,husband,Umyeni,Man,Molekane wa monna,Umyeni,murume,expanded_shona_lexicon,murume
Mubandi,Accusateur,-7.0,Negative,Mot,accuser,Umgqugquzeli,Beskuldiger,Molatodiši .,Umtyholwa,vapomeri,expanded_shona_alt,mupomeri
Mubandiwapakabalu,Cavalier,4.0,Positive,Mot,rider,Umgibeli,Ruiter,Mopalami .,Rider,mutyairi,expanded_shona_lexicon,mutyairi
Mubanga,Ivoire,6.0,Positive,Mot,ivory,Izinyo lendlovu,Ivoor,Manaka a tlou .,Iimpondo zendlovu,nyanga dzenzou,expanded_shona_lexicon,nyanga dzenzou
Mubangiwamalumapia-mapia,Inventeur,7.0,Positive,Mot,inventor,Umqambi,Uitvinder,Mohlami .,Umveleli,muvambi,expanded_shona_lexicon,muvambi
Mubangila,Fiancé,8.0,Positive,Mot,fiance,Umfeyiko,Verloofde,Molekane,I-feance,fiance,expanded_shona_loanword,fiance
Mubangu,Frange,0.0,Neutre,Mot,fringe,Umganu,Kuif,Fringe .,I-fringe,fringe,expanded_shona_loanword,fringe
Mubanji,Riche,8.0,Positive,Mot,rich,Nothile,Ryk,Humile,Sisityebi,mupfumi,expanded_shona_lexicon,mupfumi
Mubengibue,Illicite,-8.0,Negative,Mot,illicit,-Ngenamsebenzi,Onwettig,Se se sego molaong .,Ukungasebenzi,zvisirizvo,expanded_shona_alt,zviri pamutemo
Mubi(muaku),Méchant,-7.0,Negative,Mot,wicked,-Bi,Goddeloos,Bokgopo,Ongendawo,wakaipa,expanded_shona_lexicon,wakaipa
Mubi(Mufidimuleji),Méchant,-6.0,Negative,Mot,wicked,-Bi,Goddeloos,Bokgopo,Ongendawo,wakaipa,expanded_shona_lexicon,wakaipa
Mubidi,Corps,0.0,Neutre,Mot,body,Umzimba,Liggaam,Mmele,Umzimba,muviri,expanded_shona_lexicon,muviri
Mubidiudiumueneka,Extérieur,0.0,Neutre,Mot,outside,Ngembaba,Buite,Ka ntle,Ngaphandle,kunze,expanded_shona_lexicon,kunze
Mubikila,Convié,7.0,Positive,Mot,invited,-Mema,Genooi,E laleditšwe .,Imenyiwe,kukokwa,expanded_shona_alt,wakokwa
"Mubisha,Muvuijibuepamutupamulu",Élevé,8.0,Positive,Mot,pupil,Umfundi,Leerling,Morutwana,Umfundi,mudzidzi,expanded_shona_alt,mwana wechikoro
Mubumbakane,Étroit,-4.0,Negative,Mot,narrow,-Ncane ngobubanzi,Smal,Sesane,Mxinwa,netswa,expanded_shona_lexicon,netswa
Mubundabunda,Meurtrissure,-7.0,Negative,Mot,bruising,Ukuxhamazela,Kneusing,Go gobala .,Ukuqhekeza,kupwanya,expanded_shona_lexicon,kupwanya
Mubungame,Triste,-6.0,Negative,Mot,sad,-Lusizi,Hartseer,Sad .,Ukukhazeka,suwa,expanded_shona_lexicon,suwa
Mudianjidi,Précurseur,8.0,Positive,Mot,precursor,Idlulisela,Voorloper,Selelekela .,I-Precursor,precursor,expanded_shona_loanword,precursor
Mudiba,Grenier,5.0,Positive,Mot,attic,Ikethe,Solder,Attic .,I-attic,attic,expanded_shona_loanword,attic
Mudiimumukole,Faix,-5.0,Negative,Mot,faix,Isimele,Faix,Faix .,Faix,fax,expanded_shona_lexicon,fax
Mudimu,Administration,7.0,Positive,Mot,administration,Ukusingatha,Administrasie,Taolo .,Ulawulo,manejimendi,expanded_shona_lexicon,manejimendi
Mudimumukole,Labeur,5.0,Positive,Mot,labor,Ukusebenza,Arbeid,Modiro,Umsebenzi,basa,expanded_shona_lexicon,basa
Mudimuwabianza,Métier,6.0,Positive,Mot,job,Umsebenzi,Job,Mošomo,Umsebenzi,jobho,expanded_shona_lexicon,jobho
Mudimuke,Prudent,8.0,Positive,Mot,careful,-Nakayo,Versigtig,Hlokomela,Ngononophelo,chenjera,expanded_shona_lexicon,chenjera
Mudingi,Imposteur,-8.0,Negative,Mot,impostor,Umfundisi,Bedrieër,Moikaketši .,Umkhombe,impostor,expanded_shona_alt,munyengeri
Mudishikamine,Libre,9.0,Positive,Mot,free,Khululekile,Gratis,Lokologile,Simahla,yemahara,expanded_shona_lexicon,yemahara
Mudishikamine(udi),Affranchi,8.0,Positive,Mot,freed,-Thunjya,Bevry,E lokolotšwe .,Ikhululwe,kusunungurwa,expanded_shona_lexicon,kusunungurwa
Mudisui,Orgueilleux,-7.0,Negative,Mot,proud,-Zidlayo,Trots,Itumela,Ndinekratshi,kudada,expanded_shona_alt,kuzvikudza
Muele,Faucille,0.0,Neutre,Mot,sickle,Isikela,Sekel,Sekele .,Irhokhwe,zviro,expanded_shona_lexicon,zviro
Muele(wanvita),Épée,5.0,Positive,Mot,sword,Insabule,Swaard,Lerumo,Ikrele,pfumo,expanded_shona_alt,munondo
Muena(tshisamba),Appartenir,6.0,Positive,Verbe,belong,Qondana no,Behoort,Ya,Yeyo,ndewe,expanded_shona_lexicon,ndewe
Muenabademon,Démoniaque,-9.0,Negative,Mot,demonic,Amademoni,Demonies,Batemona .,Idemon,dhimoni,expanded_shona_alt,madhimoni
Muenabiakulakula,Discoureur,-4.0,Negative,Mot,discourser,Umphathi,Diskoers,Modiri wa Discourser .,I-syvier,discourser,expanded_shona_loanword,discourser
Muenabuatu,Matelot,4.0,Positive,Mot,sailor,Itilosi,Matroos,Mosesiši wa sekepe .,Umatiloshe,chikepe,expanded_shona_lexicon,chikepe
Muenabupidia,Désobéissant,-7.0,Negative,Mot,disobedient,-Ngalaleli,Ongehoorsaam,Go se kwe .,Ongathobeliyo,vasingateereri,expanded_shona_alt,kusateerera
Muenadibanza,Débiteur,-5.0,Negative,Mot,debtor,Okweletayo,Debiteur,Mokoloti .,Ityala,vane chikwereti,expanded_shona_alt,mukwereti
Muenadikenga,Misérable,-7.0,Negative,Mot,miserable,-Lusizi,Miserabel,Mahlomola,Lusizi,kusuwa,expanded_shona_alt,hurombo
Muenadipetu,Contempteur,-6.0,Negative,Mot,contemptor,Umhluzwi,Minagter,Sephediši sa go nyatša .,Mgadi,zvinoregedza,expanded_shona_alt,muzvidza
Muenadishima,Menteur,-7.0,Negative,Mot,liar,Umqambi manga,Leuenaar,Moaketši wa maaka .,Lixoki,murevi wenhema,expanded_shona_lexicon,murevi wenhema
Muenaebelu,Hébreu,4.0,Positive,Mot,hebrew,IsiHeberu,Hebreeus,Sehebere .,IsiHebhere,chihebhuru,expanded_shona_lexicon,chihebhuru
Muenakaneke,Paralytique,-6.0,Negative,Mot,paralytic,Okukhubazayo,Verlamming,Go golofala ga go gola .,Ukhula,mitezo,expanded_shona_lexicon,mitezo
Muenakilisto,Chrétien,8.0,Positive,Mot,christian,UmKrestu,Christen,Mokriste .,UChristian,mukristu,expanded_shona_lexicon,mukristu
Muenakuabu,Parenté,6.0,Positive,Mot,relationship,Ukuzalana,Verhouding,Kamano,Ubudlelwane,hukama,expanded_shona_lexicon,hukama
MuenaLewi,Lévite,5.0,Positive,Mot,levite,Incwadi yamaLevi,Leviet,Levite .,UmLevi,revhitiko,expanded_shona_alt,murevhi
Muenalonji,Cruel,-8.0,Negative,Mot,cruel,-Ngenamhawu,Wreed,Sehlogo,Ukhohlakele,hutsinye,expanded_shona_lexicon,hutsinye
Muenalubombo,Hypocrite,-7.0,Negative,Mot,hypocritical,-Zenzisa,Skynheilig,Boikarabelo .,I-hypocrical,unyengeri,expanded_shona_lexicon,unyengeri
Muenalukanu,Prisonnier,-6.0,Negative,Mot,prisoner,Obanjiwe,Gevangene,Mogolegwa .,Ibanjwa,musungwa,expanded_shona_lexicon,musungwa
Muenalukunukunu,Zélote,5.0,Positive,Mot,zealot,Iteloki,Yweraar,Zealot .,I-zealot,zealot,expanded_shona_loanword,zealot
Muenalungenyi,Sage,9.0,Positive,Mot,wise,-Hlakaniphile,Wys,Bohlale,Bubulumko,kuchenjera,expanded_shona_alt,akachenjera
Muenamasandi,Fornicateur,-8.0,Negative,Mot,fornicator,Umfelakazi,Hoereerder,Motho wa bootswa .,I-additor,fornicator,expanded_shona_alt,mhombwe
Muenamatandu,Disputeur,-6.0,Negative,Mot,disputer,Phamba endaweni ekabula,Dispuut,Mongangiši .,Umphangi,discuter,expanded_shona_lexicon,discuter
Muenamudi,Intempérance,-7.0,Negative,Mot,intemperance,Ukuthakaphancence,Onmatigheid,Go se leka-lekane .,I-Impimpim,kumanikidza,expanded_shona_alt,kusazvidzora
Muenamudimu,Domestique,7.0,Positive,Mot,domestic,-Silwane esifuyiweyo,Binnelandse,Ka nageng,Ekhaya,domestic,expanded_shona_alt,zvemumba
Muenamudimuwamumuabaaba,Jardinier,5.0,Positive,Mot,gardener,Umlimi,Tuinman,Molemi wa Serapa .,Umgcini wegadi,gardener,expanded_shona_loanword,gardener
Muenamudio,Mangeur,3.0,Neutre,Mot,eater,Endlengwane,Eter,Moja .,Okwethutyana,kudya,expanded_shona_alt,anodya
Muenamupongo,Magicien,4.0,Positive,Mot,magician,Umlumbi,Towenaar,Moloi wa Boselamose .,Umlingo,n'anga,expanded_shona_lexicon,n'anga
Muenamutshimamupuekele,Débonnaire,7.0,Positive,Mot,debonair,Isihlwangu,Debonair,Debonair .,IDebonair,dhorieir,expanded_shona_lexicon,dhorieir
Muenamutshimawaluse(buakukuatshisha),Libéral,8.0,Positive,Mot,liberal,-Banzi,Liberaal,Tokologo ya go ba le tokologo .,Inkululeko,liberal,expanded_shona_alt,riberal
Muenanabu,Compagnon,7.0,Positive,Mot,companion,Okanye na-isihlobo,Metgesel,Mogwera,Iqabane,shamwari,expanded_shona_lexicon,shamwari
MuenaNsudi,Lépreux,-6.0,Negative,Mot,leper,-Madwangeni,Melaatse,Molephera .,Umntu oneqhenqa,leper,expanded_shona_alt,ane maperembudzi
Muenapamuaba,Habitant,5.0,Positive,Mot,inhabitant,Owakhile,Inwoner,Modudi .,Abemi,mugari,expanded_shona_lexicon,mugari
MuenaStoiko,Stoïcien,6.0,Positive,Mot,stoic,Stoic,Stoïsyns,Stoic .,Isitovu,stoic,expanded_shona_loanword,stoic
Muenatshinyangu,Abominable,-8.0,Negative,Mot,abominable,Kungeteki,Afskuwelik,Se se šišinyegago .,Amasikizi,zvinonyangadza,expanded_shona_alt,zvinosemesa
Muenatshipuamuoyo,Oublieux,-5.0,Negative,Mot,forgetful,-Khohlwayo,Vergeetagtig,Go lebala .,Ndiyalibala,kukanganwa,expanded_shona_lexicon,kukanganwa
Muenatshiseke,Lunatique,-6.0,Negative,Mot,moody,Isihawu,Moody,Matepe,Moody,moody,expanded_shona_loanword,moody
Muenayenda,Pite,-4.0,Negative,Mot,pite,Zizobe,Pite,KUTHUTLO YA GO TLHOKA GO TLHOKA .,Pite,pite,expanded_shona_loanword,pite
Muendiwamasandimukaji.,Prostituée,-8.0,Negative,Mot,prostitute,Isifebe,Prostituut,Mogweba-ka-mmele .,Ihenyukazi,pfambi,expanded_shona_alt,chihure
Muengu(kupidianemuengu),Dégoût,-7.0,Negative,Mot,disgust,Ukucunula,Afgryse,Go hlaswa .,Intiyo,kusemesa,expanded_shona_alt,kusema
Muenji,Faiseur,6.0,Positive,Mot,maker,UMenzi,Maker,Modiri wa .,Umenzi,mugadziri,expanded_shona_lexicon,mugadziri
Muenjiwabibi,Pécheur,-8.0,Negative,Mot,fisherman,Umdobi wenhlanzi,Visserman,Mohlapi wa Dihlapi wa Dihlapi .,Umlobi,hove,expanded_shona_lexicon,hove
Muenjiwabilengele,Bienfaiteur,9.0,Positive,Mot,benefactor,Umuphi,Weldoener,Mothuši .,Umncedisi,bhaibheri,expanded_shona_lexicon,bhaibheri
Muenjiwamalumabi,Malfaiteur,-8.0,Negative,Mot,malefactor,Isithukuthalo,kwaaddoener,Motho wa go rata go dira dilo tša go swana le motho yo a nago le bokgoni bja go swana le bja gagwe .,I-flafactor,malefactor,expanded_shona_loanword,malefactor
Muenjiwamikenji,Législateur,8.0,Positive,Mot,legislator,Obushayatha,Wetgewer,Molaodi wa Molao .,Umthetho,legaislator,expanded_shona_alt,mutevedzeri wemitemo
Muenyi,Forain,4.0,Positive,Mot,fairground,Indawo ye-fair,Kermisterrein,Fairground .,Ibala leFieftional,nzvimbo,expanded_shona_lexicon,nzvimbo
"Muenyi,muenanzubu",Hôte,6.0,Positive,Mot,host,Impi,Gasheer,Monggae,Umkhosi,host,expanded_shona_loanword,host
Muenzeji,Auteur,7.0,Positive,Mot,author,Umlobi,Skrywer,Mongwadi,Umbhali,munyori,expanded_shona_lexicon,munyori
Mufalese,Philosophe,8.0,Positive,Mot,philosopher,Isixokelele,Filosoof,radifilosofi .,Isithandi-sobulumko,muzivi,expanded_shona_lexicon,muzivi
Mufike,Ténébreux,-6.0,Negative,Mot,dark,-Hwelele,Donker,Leswiswi,Mnyama,rima,expanded_shona_lexicon,rima
Mufitu,Obscurité,-8.0,Negative,Mot,darkness,Ubumnyama,Duisternis,Lefsifsi .,Ubumnyama,rima,expanded_shona_lexicon,rima
Mufofo(muaku),Aveugle,-6.0,Negative,Mot,blind,-Ngaboniyo,Blind,Foufala,Ukungaboni,bofu,expanded_shona_lexicon,bofu
Mufuanangane,Semblable,5.0,Positive,Mot,similar,-Fanayo,Soortgelyk,Swanago,Efanayo,zvakafanana,expanded_shona_lexicon,zvakafanana
Mufuba,Os,0.0,Neutre,Mot,bone,Ithambo,Been,Lerapo,Ithambo,pfupa,expanded_shona_lexicon,pfupa
Mufudi,Ride,-4.0,Negative,Mot,wrinkled,Ehlanganiswe,Gerimpeld,Wrinkled .,Icinyiwe,akapwanyika,expanded_shona_lexicon,akapwanyika
Mufue,Mort,-5.0,Negative,Mot,dead,-Fileyo,Dood,Hlokofetše,Ufile,akafa,expanded_shona_alt,vakafa
Mufuidianganyiwaluse,Compatissant,8.0,Positive,Mot,compassionate,Ububele,Deernisvol,Nago le kgaugelo,Imfesane,netsitsi,expanded_shona_alt,tsitsi
Mufuki,Créateur,9.0,Positive,Mot,creator,UMdali,Skepper,Mmopi .,UMdali,musiki,expanded_shona_lexicon,musiki
Mufumbiwadima,Potier,6.0,Positive,Mot,potter,Umbunyomba,Pottebakker,Mmopi wa letsopa .,Umbumbi,muumbi,expanded_shona_lexicon,muumbi
Mufundi,Scribe,7.0,Positive,Mot,scribe,Bhala umbhali,Skriba,Mongwadi .,Umbhali,munyori,expanded_shona_lexicon,munyori
Mufundu,Écriteau,5.0,Positive,Mot,sign,Bhala,Teken,Leswao,Uphawu,chiratidzo,expanded_shona_lexicon,chiratidzo
Mufutshi,Rémunérateur,8.0,Positive,Mot,remunerative,-Hlelelayo,Besoldig,Moputso wa moputso .,Imbuyekezo,mari,expanded_shona_lexicon,mari
Muibaki,Architecte,7.0,Positive,Mot,architect,Isazi sokwakha,Argitek,Moatšhiteke,Uyilo,architect,expanded_shona_loanword,architect
Muibi,Voleur,-8.0,Negative,Mot,thief,Isela,Dief,Lehodu,Isela,mbavha,expanded_shona_lexicon,mbavha
Muibidi,Second,5.0,Positive,Mot,second,-Lekayo,Tweedens,Motsotswana,Isibini,chepiri,expanded_shona_lexicon,chepiri
Muidikiji,Imitateur,6.0,Positive,Mot,imitator,Umshini wokulingisa,Nabootser,Moekiši .,I-imetitor,kutevedzera,expanded_shona_alt,mutevedzeri
Muikale,Situé,4.0,Positive,Mot,located,-Akhiwe,Geleë,E behilwe .,Ibekwe,inowanikwa,expanded_shona_alt,location
Muimbiwamisambu,Musicien,7.0,Positive,Mot,musician,Umculi,Musikant,Seopedi sa mmino .,Imvumi,muimbi,expanded_shona_lexicon,muimbi
Muimitshisha,Enceinte,0.0,Neutre,Mot,pregnant,-Sindayo,Swanger,Imile,Ndikhulelwe,nhumbu,expanded_shona_lexicon,nhumbu
Muimpe(oleve),Franc,1.0,Positive,Mot,franc,Iphoyisa,Frank,Franc .,I-franc,franc,expanded_shona_loanword,franc
Muinda,Lampe,2.0,Positive,Mot,lamp,Ilambu,Lamp,Lebone,Isibane,rambi,expanded_shona_lexicon,rambi
Muinshimuamakasa,Plante,-2.0,Negative,Mot,plant,Tshala,Plant,Semela,Tyala,chirimwa,expanded_shona_lexicon,chirimwa
"Muinshimua,bukokeshi",Obligation,-3.0,Negative,Mot,obligation,Isibopho,Verpligting,Tlamego,Uxanduva,chisungo,expanded_shona_alt,mutoro
Muisatu,Troisième,0.0,Neutre,Mot,third,-Esithathu,Derde,Boraro,Isithathu,chetatu,expanded_shona_lexicon,chetatu
Mujadiki,Oculaire,0.0,Neutre,Mot,eyepiece,I-Eyepiede,Oogstuk,Selo sa mahlo .,Nyekwe,eyepice,expanded_shona_lexicon,eyepice
Muji,Racine,0.0,Neutre,Mot,root,Impande,Wortel,Modu,Ingcambu,midzi,expanded_shona_lexicon,midzi
Mujikiji,Consommateur,0.0,Neutre,Mot,consumer,Umthengi,Verbruiker,Moreki .,Umthengi,mutengi,expanded_shona_lexicon,mutengi
Mujinguludi,Interprète,2.0,Positive,Mot,interpreter,Umtoliki,Tolk,Mofetoledi,Itoliki,muturikiri,expanded_shona_lexicon,muturikiri
Mukaba,Ceinture,0.0,Neutre,Mot,belt,Isibhamba,Gordel,Lepanta,Ibhanti,bhandi,expanded_shona_lexicon,bhandi
Mukaji,Épouse,5.0,Positive,Mot,marry,Gcagca,Trou,Nyala .,Tshata,roora,expanded_shona_alt,kuroora
Mukaji(Nginabanza),Dame,4.0,Positive,Mot,lady,Owesifazane,Dame,Lekgarebe,Inenekazi,mukadzi,expanded_shona_lexicon,mukadzi
Mukajiwamulufuila,Veuve,-4.0,Negative,Mot,widow,Umfelwakazi,Weduwee,Mohwana,Umhlolokazi,chirikadzi,expanded_shona_lexicon,chirikadzi
Mukalu,Confins,1.0,Positive,Mot,borders,Imingholo,Grense,Mellwane .,Imida,miganhu,expanded_shona_lexicon,miganhu
Mukana,Bouche,0.0,Neutre,Mot,mouth,Umlomo,Mond,Molomo,Umlomo,muromo,expanded_shona_lexicon,muromo
Mukanda,Livre,3.0,Positive,Mot,book,Ibhuku,Boek,Puku,Incwadi,bhuku,expanded_shona_lexicon,bhuku
Mukanda(mayi),Encre,0.0,Neutre,Mot,ink,Uyinki,Ink,Enke .,Inki,ink,expanded_shona_loanword,ink
Mukandamuvung,Rouleau,0.0,Neutre,Mot,roll,Qoqa,Rol,Kgokologa,Roll,roll,expanded_shona_loanword,roll
Mukandawabumanyishi,Lettrederecommandation,6.0,Positive,Mot,letter of recommendation,Incwadi Yokuncoma,Aanbevelingsbrief,Lengolo la kgothaletso .,Ileta yengcebiso,tsamba yekurumbidza,expanded_shona_alt,tsamba yekukurudzira
Mukawu,Jalousie,-6.0,Negative,Mot,jealousy,Umona,Jaloesie,Lehufa .,Umona,godo,expanded_shona_lexicon,godo
Mukebi,Meneur,2.0,Positive,Mot,leader,Umholi,Leier,Moetapele,Inkokeli,mutungamiri,expanded_shona_alt,mutungamiriri
Mukelenge,Seigneur,3.0,Positive,Mot,lord,Ungqongqoshe,Here,Morena,Nkosi,ishe,expanded_shona_lexicon,ishe
Mukelenge(muanawa),Prince,4.0,Positive,Mot,prince,Inkosana yasebukhosini,Prins,Kgosana .,Inkosana,prince,expanded_shona_loanword,prince
Mukelengealuebiandi,Maranatha,5.0,Positive,Mot,maranatha,Imananatha,Maranatha,Maranatha .,Maranatha,maranatha,expanded_shona_loanword,maranatha
Mukelengemukashi,Reine,4.0,Positive,Mot,queen,Indlovukazi,Koningin,Kgošigadi,Ukumkanikazi,mambokadzi,expanded_shona_lexicon,mambokadzi
Mukelengemunene,Roi,4.0,Positive,Mot,king,Ingonyama,Koning,Kgošikgolo,Inkosi,mambo,expanded_shona_lexicon,mambo
Mukengeshi,"Bourreau,Persécution",-8.0,Negative,Mot,"executioner,persecution","Umbulali, Ushushiso","Beul, vervolging","Mobolai,Tlaišo .","Umphathi, intshutshiso","mukurukurei, kutambudzwa",expanded_shona_alt,"muurayi,kutambudzwa"
Mukengeshibue,Opprimé,-7.0,Negative,Mot,oppressed,Kucindezelwe,Onderdruk,O gateletšwe .,Icinezelwe,kudzvanywa,expanded_shona_alt,kudzvinyirirwa
Mukenji,Commandement,2.0,Positive,Mot,command,Juba,Bevel,Laela,Umyalelo,raira,expanded_shona_lexicon,raira
Mukenji,Messager,3.0,Positive,Mot,messenger,Isikhonzi,Boodskapper,Moromiwa .,Umthunywa,nhume,expanded_shona_lexicon,nhume
Mukenjimuela,Ordre,1.0,Positive,Mot,order,Hlela,Bestel,Tatelano,Iodolo,kurongeka,expanded_shona_lexicon,kurongeka
Mukese,Mineur,1.0,Positive,Mot,minor,Omncane,Minor,Nnyane,Mncinci,diki,expanded_shona_lexicon,diki
Mukete,Dard,-4.0,Negative,Mot,dart,Umdweshu,Pyltjie,Dart .,Dart,dart,expanded_shona_loanword,dart
Mukinyibue,Haïssable,-9.0,Negative,Mot,hateful,-Enyanyekayo,Haatlik,Lehloyo la go hloya .,Intiyo,kuvenga,expanded_shona_lexicon,kuvenga
Mukishi,Fantôme,-5.0,Negative,Mot,ghost,Umoya omubi,Spook,Sepoko,Isiporho,ghost,expanded_shona_alt,mweya
Mukokeshi,Dominateur,-3.0,Negative,Mot,dominant,-Thelelayo,Oorheersend,Koketšwa,Ubukhulu,simba,expanded_shona_lexicon,simba
Mukokomukaji,Brebis,2.0,Positive,Mot,sheep,Imvu,Skape,Nku,Iigusha,gwai,expanded_shona_alt,makwai
Mukole,Puissant,6.0,Positive,Mot,powerful,-Bukhali,Kragtig,Nago le maatla,Inamandla,zvine simba,expanded_shona_lexicon,zvine simba
Mukole(dina),Fortement,0.0,Neutre,Mot,strongly,Ngokuqinile,Sterk,ka matla .,Ngamandla,zvine simba,expanded_shona_alt,zvakasimba
Mukonyiwabiseba,Corroyeur,-2.0,Negative,Mot,grinder,Isigaxa,Grinder,Setsi sa Setsi .,Grinder,grinder,expanded_shona_loanword,grinder
Mukoso,Médisance,1.0,Negative,Mot,backbiting,-Bhekabule emuva,Agtergrond,Go backbiting .,Ukubuyisela umva,kudzosera,expanded_shona_alt,kuchera
Mukumukaji,Belle-mère,0.0,Positive,Mot,mother-in-law,Umamezala,Skoonma,Mmatswale .,Umazala,vamwene,expanded_shona_lexicon,vamwene
Mukuabu,Autrui,0.0,Neutre,Mot,others,Abanye,Ander,ba bangwe .,Abanye,vamwe,expanded_shona_lexicon,vamwe
Mukuatshibue(nemenjiamue),Animé,3.0,Positive,Mot,animated,Okwibizekile,Geanimeerde,Animated .,Iposti,animated,expanded_shona_loanword,animated
Mukuatshikiwamaluvu,Ivrogne,-6.0,Negative,Mot,drunkard,Isidakwanke,Dronk,Letagwa la go tagwa .,Inxila,chidhakwa,expanded_shona_lexicon,chidhakwa
Mukuatshishanganyiwamudimu,Collaborateur,3.0,Positive,Mot,collaborator,Umphathi,Medewerker,Modirišani .,Intsebenzo,collaborator,expanded_shona_alt,mushandi
Mukuatshishi,Tuteur,2.0,Positive,Mot,tutor,Umfundisi,Tutor,Mohlahli,Umfundisi,mudzidzisi,expanded_shona_lexicon,mudzidzisi
Mukudi,Orateur,3.0,Positive,Mot,speaker,Isikhulumisi,Spreker,Seboledi .,Somlomo,mutauri,expanded_shona_lexicon,mutauri
Mukuebe,Prochain,2.0,Positive,Mot,next,Olandelayo,Volgende,Latelago,Okulandelayo,next,expanded_shona_loanword,next
Mukukuidi,Adorateur,3.0,Positive,Mot,worshiper,Umkhulekeli,Aanbidder,Morapedi .,Umnquli,vanamati,expanded_shona_alt,munamati
Mukulu(muaku),Ancien,2.0,Positive,Mot,ancient,-Daladala,Antieke,Kgalekgale,Amandulo,yekare,expanded_shona_lexicon,yekare
Mukumbane,Parfait,5.0,Positive,Mot,perfect,Gweda,Perfek,Phethegilego,Igqibelele,kukwana,expanded_shona_alt,yakakwana
"Mukumianganyi,mushipianganyi",Batteur,1.0,Positive,Mot,drummer,Umshayi wesigubhu,Tromspeler,Moletši wa meropa .,Idrummer,drummer,expanded_shona_loanword,drummer
Mukumike,Abattu,-6.0,Negative,Mot,shot down,Adubule phansi,Afgeskiet,Thunya fase .,Dubula phantsi,akapfurwa pasi,expanded_shona_alt,kupfurwa pasi
Mukumu,Soufflet,-4.0,Negative,Mot,bellows,Amalobi,Balg,Di-Bellow .,Amagxolo,belows,expanded_shona_lexicon,belows
Mukuna,Colline,2.0,Positive,Mot,hill,Ummango,Heuwel,Mmoto,Induli,chikomo,expanded_shona_lexicon,chikomo
Mukungulu,Tonnerre,1.0,Positive,Mot,thunder,Ukuduma,Donderweer,Ledimo,Indudumo,kutinhira,expanded_shona_lexicon,kutinhira
Mukunzekunzu,Écarlate,0.0,Neutre,Mot,scarlet,-Dlolulekile,Skarlaken,Sekhubelu sa .,Umqolo,scarlet,expanded_shona_loanword,scarlet
Mûla,Myrrhe,3.0,Positive,Mot,myrrh,Myrh,Mirre,Myrrh .,Myrrh,myrrh,expanded_shona_alt,mura
Mulalmiwanzubuwalukanu,Geôlier,-5.0,Negative,Mot,gaoler,I-gaerer,Gaoler,Gaoler .,Gaoler,gaoler,expanded_shona_loanword,gaoler
Mulambu,Impôt,1.0,Positive,Mot,tax,Intela,Belasting,Lekgetho la lekgetho .,Irhafu,mutero,expanded_shona_lexicon,mutero
Mulambuwakuoshapakapia,Holocauste,-8.0,Negative,Mot,holocaust,Ukuzwelongwa,Holocaust,Polao e Sehlogo .,I-Holocaust,kuurayiwa,expanded_shona_lexicon,kuurayiwa
Mulami,Berger,4.0,Positive,Mot,shepherd,Umalusi wezimvu,Herder,Modisa .,Umalusi,mufudzi,expanded_shona_lexicon,mufudzi
Mulamiwabintu,ÉcoMote,2.0,Positive,Mot,ecomote,Umlomona,EcoMote,Ecomote .,I-Ecome,kurongeka,expanded_shona_lexicon,kurongeka
Mulamiwabintubiamukelenge,Chambellan,1.0,Neutre,Mot,chamberlain,IChamberlain,Chamberlain,Chamberlain .,Igumbi,chamberlain,expanded_shona_loanword,chamberlain
Mulamiwabudimibuanvinyo,Vigneron,2.0,Positive,Mot,winemaker,Umberlathi,Wynmaker,Modiri wa beine .,I-wayimamarmaker,winemaker,expanded_shona_loanword,winemaker
"Mulamiwakutshibi,nsentedi(mulumeanyimukaji)",Portier,0.0,Neutre,Mot,porter,Othwala izimpahla,Portier,Porter .,I-porter,porter,expanded_shona_loanword,porter
Mulamiwatshibutshilu,Intendant,1.0,Positive,Mot,steward,Igosa,Rentmeester,Mohlokomedi .,Igosa,mutariri,expanded_shona_lexicon,mutariri
Mulamiwatshilalabenyi,Hôtelier,0.0,Neutre,Mot,hotelier,Indilili,Hotelier,Modiri wa dihotele .,Inyukayo,hotsier,expanded_shona_lexicon,hotsier
Mulamibue(kuikala),Gardé,1.0,Positive,Mot,guard,Vikela,Wag,Leta,Unogada,chengetedza,expanded_shona_lexicon,chengetedza
Mulawu,Malédiction,-9.0,Negative,Mot,curse,Qalekisa,Vloek,Rogaka,Phawula,kutuka,expanded_shona_alt,tuka
Mulayi,Promesse,5.0,Positive,Mot,promise,Thembisa,Belowe,Tshephišo,Isithembiso,vimbiso,expanded_shona_lexicon,vimbiso
Muledi,Parent,3.0,Positive,Mot,parent,Umzali,Ouer,Motswadi .,Umzali,mubereki,expanded_shona_lexicon,mubereki
Mulema,Perclus,-5.0,Negative,Mot,crippled,Kukhubazekile,Kreupel,Go golofala .,Kuqhubekile,zvirema,expanded_shona_alt,chirema
Mulembakane,Inutile,-6.0,Negative,Mot,useless,-Ngenalusizo,Nutteloos,Hlokago mohola,Ayinamsebenzi,zvisina basa,expanded_shona_alt,zvisingabatsiri
Mulengele,Beau,5.0,Positive,Mot,beautiful,-Bukekayo,Pragtig,Botse,Entle,runako,expanded_shona_lexicon,runako
Mulengeshi,Instructeur,4.0,Positive,Mot,instructor,Umfundisi,Instrukteur,Mohlahli .,Umhlohli,murayiridzi,expanded_shona_alt,mudzidzisi
Mulobi,Pêcheur,0.0,Positive,Mot,fisherman,Umdobi wenhlanzi,Visserman,Mohlapi wa Dihlapi wa Dihlapi .,Umlobi,hove,expanded_shona_lexicon,hove
Mulombi,Mendiant,-4.0,Negative,Mot,beggar,Isinxibi,Bedelaar,Mokgopedi wa go hlokomela batho .,Umvelisi,mupemhi,expanded_shona_lexicon,mupemhi
Mulombodi,Conducteur,2.0,Positive,Mot,driver,Umshayeli,Bestuurder,Mootledi .,Umqhubi,mutyairi,expanded_shona_lexicon,mutyairi
Mulondo(yabiseba),Outre,0.0,Neutre,Mot,besides,Ngaphandle,Buitendien,Ka ntle ga,Ngaphandle,kunze kwezvo,expanded_shona_lexicon,kunze kwezvo
Mulondowaalabasta,Albâtre,3.0,Neutre,Mot,alabaster,Ihalasi,Albaste,Alabaster .,Alabaster,alabaster,expanded_shona_loanword,alabaster
"Mulondo,mushete",Vase,4.0,Neutre,Mot,vase,Ivasi,Vaas,Sebjanatsopa,Vase,vase,expanded_shona_loanword,vase
Mulongo,Classe,2.0,Positive,Mot,class,Bhanqa,Klas,Phapoši,Iklasi,kirasi,expanded_shona_lexicon,kirasi
Mulongo,Rang,2.0,Positive,Mot,rank,Isikhundla,Rang,Maemo a .,Isikhundla,chinzvimbo,expanded_shona_lexicon,chinzvimbo
Mulopo,Ambassadeur,3.0,Positive,Mot,ambassador,Inxusa,Ambassadeur,Moemedi .,I-ambassiador,mumiriri,expanded_shona_lexicon,mumiriri
"Mulopo,Ngovena",Gouverneur,2.0,Positive,Mot,governor,UNdunankulu,Goewerneur,Mmušiši .,Irhuluneli,gavhuna,expanded_shona_lexicon,gavhuna
Mulotshiwabilota,Rêveur,1.0,Positive,Mot,dreamer,-Phobholile,Dromer,Molori wa Molori .,Iphupha,kurota,expanded_shona_lexicon,kurota
Muluate,Habillé,2.0,Positive,Mot,dressed,Ugqoke,Geklee,O apešitšwe .,Inxibe,kupfeka,expanded_shona_alt,vakapfeka
Mulubu,Rapport,0.0,Neutre,Mot,report,Ukwenza umbiko,Rapporteer,Pego,Ingxelo,chirevo,expanded_shona_lexicon,chirevo
Muluishi,Opposant,-2.0,Negative,Mot,opponent,Isitha,Teenstander,Moganetši .,Umchasi,mupikisi,expanded_shona_lexicon,mupikisi
Mulumbuluishi,Préteur,2.0,Positive,Mot,lender,Umlandeli,Uitlener,Moadimiši .,Umbolekisi,lender,expanded_shona_alt,mukweretesi
Mulume,Mari,3.0,Positive,Mot,husband,Umyeni,Man,Molekane wa monna,Umyeni,murume,expanded_shona_lexicon,murume
Mulumewangombe,Taureau,0.0,Neutre,Mot,bull,Inkunzi,Bul,Poo,Inkunzi,nzombe,expanded_shona_lexicon,nzombe
Mulunda,Ami,4.0,Positive,Mot,friend,Umngane,Vriend,Mogwera .,Umhlobo,shamwari,expanded_shona_lexicon,shamwari
Mulundawamubakiwamukashi,Filsdelachambrenuptiale,4.0,Positive,Mot,sonsofthebridalroom,Isoso-i-sonoftherloom,Seuns van die bruidskamer,Sonsoftheridalroom,Igumbi lokuthengisa,savanakomanaguru,expanded_shona_lexicon,savanakomanaguru
Mulundawapamuoyo,Intime,3.0,Positive,Mot,respondent,Ophendula umxhwele,Respondent,Mongangišwa .,Ummangalelwa,mupinduri,expanded_shona_lexicon,mupinduri
Mumanyishi,Témoin,2.0,Positive,Mot,witness,Fakazela,Getuie,Hlatse,INgqina,chapupu,expanded_shona_lexicon,chapupu
Mumiaminyi,Semeur,2.0,Positive,Mot,sower,Umfayi,Saaier,Mogopo .,Umhlwayeli,sower,expanded_shona_alt,mudzvari
Muminu,Gosier,0.0,Neutre,Mot,throat,Umphimbo,Keel,Mogolo,Umqala,pahuro,expanded_shona_alt,huro
Munamukole,Chaud,2.0,Positive,Mot,hot,-Fudumele,Warm,Fiša,Ishushu,kupisa,expanded_shona_alt,sravana sameeralu serial 4th hot
Munanga,Bien-aimé,5.0,Positive,Mot,beloved,-Thandekayo,Geliefde,A rategago,Zintanda,mudiwa,expanded_shona_alt,mudikani
Munangibue,Affectionné,4.0,Positive,Mot,affectionate,-Thandekayo,Aanhanklik,Go ba le lerato .,Nothando,rudo,expanded_shona_lexicon,rudo
Munda,Intérieur,1.0,Neutre,Mot,interior,Indawo yangaphakathi,Binne,Ka gare .,Ingaphakathi,zvemukati,expanded_shona_lexicon,zvemukati
Mundamashi,Dysenterie,-6.0,Negative,Mot,dysentery,-Nesiko,Dysenterie,Letšhollo la go hloka mohola .,I-Dyentery,dysentery,expanded_shona_loanword,dysentery
"Munda,mudifu",Ventre,0.0,Neutre,Mot,belly,Isisu,Maag,Mpa,Isisu,dumbu,expanded_shona_lexicon,dumbu
Mundankulu,Minuit,0.0,Neutre,Mot,midnight,Imaphakathi kwamabili,Middernag,Bošegogare,Ezinzulwini zobusuku,pakati peusiku,expanded_shona_alt,pakati pehusiku
Mundidimbi,Ombre,-1.0,Positive,Mot,shadow,Ithunzi,Skaduwee,Morithi,Isithunzi,mumvuri,expanded_shona_lexicon,mumvuri
Munene,Principal,4.0,Positive,Mot,main,-Namandla,Hoof,Kgolo,Eyona nto iphambili,main,expanded_shona_loanword,main
Munenewamasalayiabenalomo,,-3.0,Negative,Mot,nah,nah,nee,Nah .,nah,nah,expanded_shona_loanword,nah
Munowi,Moissonneur,2.0,Positive,Mot,reaper,Imvume evela,Reaper,Reaper .,Umvuni,anokohwa,expanded_shona_alt,mukohwi
Muntu,Gens,0.0,Neutre,Mot,people,Abantu,Mense,Batho,Abantu,vanhu,expanded_shona_lexicon,vanhu
MuntuMuakane,Juste,5.0,Positive,Mot,just,-Qotho,Net,Fela,Nje,just,expanded_shona_loanword,just
Muntumubi,,-8.0,Negative,Mot,nah,nah,nee,Nah .,nah,nah,expanded_shona_loanword,nah
Muntumubi,Profane,-8.0,Negative,Mot,profane,Umlako,Profaan,Go gobogilego .,Hlazo,profi,expanded_shona_lexicon,profi
Muntumubi(muaku),Injuste,-7.0,Negative,Mot,unfair,-Ngenaqiniso,Onregverdig,Go hloka toka .,Ayilunganga,zvisina kunaka,expanded_shona_lexicon,zvisina kunaka
Muntumubi(mufidimulejingikadilu),Injuste,-7.0,Negative,Mot,unfair,-Ngenaqiniso,Onregverdig,Go hloka toka .,Ayilunganga,zvisina kunaka,expanded_shona_lexicon,zvisina kunaka
Muntumukole,Hommefait,2.0,Positive,Mot,manmade,Mangalisa,Mensgemaakte,E dirilwe ke motho .,I-manmade,manmade,expanded_shona_loanword,manmade
Muntumunene,Noble,4.0,Positive,Mot,noble,Umubi,Edel,Mohlomphegi .,Intle,noble,expanded_shona_loanword,noble
Muntunemukuabu,Mutuel,3.0,Positive,Mot,mutual,-Vumelanayo,Wedersydse,Mmogo,Mbini,mutual,expanded_shona_loanword,mutual
Muntunemuntu,Individuellement,0.0,Neutre,Mot,individually,Nga nganye,Individueel,ka bomong ka bomong .,Ngokukodwa,mumwe nemumwe,expanded_shona_alt,mumwe nomumwe
"Muntuudimupudikile,nemupangedikima",Femmelette,-5.0,Negative,Mot,wifelette,Iwifelette,Vroulief,W i m e l e t t .,Inkosi,mukadzi,expanded_shona_lexicon,mukadzi
Muntuutshienakamama(mulumeanyimukaji),Virginité,3.0,Positive,Mot,virginity,Intombi,Maagdelikheid,Bokgarebe .,Ubuntombi,humhandara,expanded_shona_lexicon,humhandara
Muntuwamunda,Hommeintérieur,2.0,Positive,Mot,maninterior,Isinantiso,Binnehuis,Mainerior .,Maninterior,manintor,expanded_shona_lexicon,manintor
MuntuwaNzambi,HommedeDieu,5.0,Positive,Mot,manofgod,Manofgod,ManofGod,ManofGod .,I-manofgood,manefgod,expanded_shona_lexicon,manefgod
Munu,Doigt,0.0,Neutre,Mot,finger,Umunwe,Vinger,Monwana,Umnwe,chigunwe,expanded_shona_lexicon,chigunwe
Munu(wamaluvu),Buveur,-4.0,Negative,Mot,drinker,Uphuzile,Drinker,Monwi .,Isrinker,kudhakwa,expanded_shona_alt,chinwiwa
Munvui,Auditeur,2.0,Positive,Mot,listener,Umlaleli,Luisteraar,Motheeletši .,Mphulaphuli,muteereri,expanded_shona_lexicon,muteereri
Munyenganganyi,Sacrilège,-8.0,Negative,Mot,sacrilege,Imakisiweyoyo,Heilige heiligmaking,Sacrilege .,Ukucheba,slicerlege,expanded_shona_lexicon,slicerlege
Munyengi,Ravisseur,-7.0,Negative,Mot,abductor,Umphongolo,Ontvoerder,Abductor .,Umntu,abductor,expanded_shona_loanword,abductor
Munyenyi,"Brigand,Larron",-8.0,Negative,Mot,"brigand, thief","I-Brigand, Isela","Brigand, Dief","Brigand, lehodu .","I-Brigband, isela","brigand, mbavha",expanded_shona_lexicon,"brigand, mbavha"
Munyingalaja(kuikala),Indigné,-3.0,Negative,Mot,unworthy,-Ngafanele,Onwaardig,Ga e swanelwe ke .,Ayifanelekanga,zvisina kukodzera,expanded_shona_alt,vasina kufanira
Munyingalala,Peiné,-4.0,Negative,Mot,penalty,Inhlawulo,Straf,Kotlo .,Isohlwayo,chirango,expanded_shona_lexicon,chirango
Munyinyimunenewamumayi,Cétacé,0.0,Neutre,Mot,cetacean,I-CETACEAN,Walvisvoël,Cetacean .,I-Cetacean,cetengesaan,expanded_shona_lexicon,cetengesaan
"Munyinyiwamumayi,Mushipa",Poisson,0.0,Neutre,Mot,fish,Bhibhiya,Vis,Hlapi,Intlanzi,hove,expanded_shona_lexicon,hove
Muomumue,Égal,3.0,Positive,Mot,equal,-Kanye,Gelyk,Lekana,Ilingane,zvakaenzana,expanded_shona_lexicon,zvakaenzana
Muondapi;ngangabuka,Médecin,4.0,Positive,Mot,doctor,Udokotela,Dokter,Ngaka,Ugqirha,chiremba,expanded_shona_lexicon,chiremba
Muonji(lukanu),Câble,0.0,Neutre,Mot,cable,Komhlaba,Kabel,kabel .,Intambo,cable,expanded_shona_loanword,cable
Muosa,Poil,0.0,Neutre,Mot,hair,Uboya,Hare,Moriri,Iinwele,bvudzi,expanded_shona_lexicon,bvudzi
Muoyo,Vie,5.0,Positive,Mot,life,Impilo,Lewe,Bophelo,Ubomi,hupenyu,expanded_shona_lexicon,hupenyu
Muoyo(tshidine),Vif,3.0,Positive,Mot,lively,-Phekuzayo,Lewendig,Sephedi se se phelago .,Ngokuphila,lively,expanded_shona_loanword,lively
Muoyo(udinemuoyo),Vivant,4.0,Positive,Mot,alive,-Zwayo,Lewendig,Phela,Uyaphila,vapenyu,expanded_shona_lexicon,vapenyu
Muoyowatshiendelele,Vieéternelle,6.0,Positive,Mot,eternallife,Amandla,Ewige lewe,Bophelo bjo bo sa Felego .,I-mninnifellife,enallife,expanded_shona_alt,hupenyu husingaperi
Mupambuke,Errant,-3.0,Negative,Mot,wandering,Edlulisa,Dwaal,Go lelera .,Ukuzula,kudzungaira,expanded_shona_lexicon,kudzungaira
Mupangi,Ignorant,-5.0,Negative,Mot,ignorant,-Ngazi,Onkundig,Go hloka tsebo .,Ukungazi,kusaziva,expanded_shona_lexicon,kusaziva
Mupanyi,Vendeur,0.0,Neutre,Mot,seller,Umthengisi,Verkoper,Morekisi wa morekisi .,Umthengisi,mutengesi,expanded_shona_lexicon,mutengesi
Mupele,Nécessiteuse,-4.0,Negative,Mot,needy,-Ntulayo,Behoeftig,Mohloki .,Ihlwempu,vanoshaya,expanded_shona_lexicon,vanoshaya
Mupendianganyi,BlasphémateurOutrageux,-8.0,Negative,Mot,blasphemeroutrageous,I-Blasphemerourateus,Godslaster Verregaande,Go nyefola mo go gobogilego .,Rhanezela,kunyomba,expanded_shona_lexicon,kunyomba
Mupenya,Éclair,0.0,Neutre,Mot,flash,Unyampu,Flits,Gadima,Ifleshi,flash,expanded_shona_loanword,flash
Mupepele,Aisé,3.0,Positive,Mot,easy,-Ncwaba,Maklik,Bonolo,Kulula,nyore,expanded_shona_lexicon,nyore
Mupia-mupia,nouvelle,2.0,Positive,Mot,new,-kwanamuhla,nuut,mpsha,intsha,nyowani,expanded_shona_alt,itsva
MupiamupiamuBualubuaNzambi(mukudimunemutshima),Converti,4.0,Positive,Mot,converted,Kuguquliwe,Omgeskakel,E fetotšwe .,Iguqulwe,kushandurwa,expanded_shona_alt,yakashandurwa
Mupianyi,Héritier,5.0,Positive,Mot,heir,Indlalifa,Erfgenaam,Mojalefa,Indlalifa,mugari wenhaka,expanded_shona_lexicon,mugari wenhaka
Mupika,Esclave,-6.0,Negative,Mot,slave,Isigqila,Slaaf,Lekgoba,Ikhoboka,muranda,expanded_shona_lexicon,muranda
Mupikamukaji,Servante,0.0,Neutre,Mot,servant,Isikhonzi,Dienskneg,Mohlanka .,Isicaka,mushandi,expanded_shona_alt,muranda
"Mupika,muenamudimu",,2.0,Positive,Mot,nah,nah,nee,Nah .,nah,nah,expanded_shona_loanword,nah
Mupile,Coupable,-7.0,Negative,Mot,guilty,-Jezile,Skuldig,Na le molato,Unetyala,mhosva,expanded_shona_alt,ane mhosva
Mupinganyi,Successeur,3.0,Positive,Mot,successor,Umlandeli,Opvolger,Mohlahlami .,Umlandeli,mutsivi,expanded_shona_lexicon,mutsivi
Mupote,Fou,-6.0,Negative,Mot,mad,Phambeneyo,Mal,Gafa,Hlanya,kupenga,expanded_shona_lexicon,kupenga
Muprofete,Prophète,5.0,Positive,Mot,prophet,Umpholofidi,Profeet,Moporofeta .,Umprofeti,muporofita,expanded_shona_lexicon,muporofita
Muprofetemukaji,Prophétesse,5.0,Positive,Mot,prophetess,Umprofethiya,Profetes,Moporofeta wa Moporofeta .,Proferimisa,muporofita,expanded_shona_lexicon,muporofita
Mupstolo,Apôtre,5.0,Positive,Mot,apostle,Umphostoli,Apostel,Moapostola .,Mpostile,muapostora,expanded_shona_alt,apostora
Mupuekele,Moindre,-3.0,Negative,Mot,lesser,-Ncikene,Minder,Lesser .,Umncinci,mudiki,expanded_shona_alt,zvishoma
Mupumbishibue,Absent,-2.0,Negative,Mot,absent,-Ngekho,Afwesig,Hlokega,Ukungabikho,kusavapo,expanded_shona_lexicon,kusavapo
Mupuya,Odeur,0.0,Neutre,Mot,smell,Iphinga,Reuk,Nkgelela,Ivumba,kunhuhwirira,expanded_shona_alt,kunhuwa
MupuyawaNzambi,InspirédeDieu,6.0,Positive,Mot,inspiredbygod,Ugqozi,Geïnspireer deur God,E hlohleleditšweBygod .,Ephefumlelwe,tembygod,expanded_shona_alt,kufemerwa namwari
Musambu,Cantique,4.0,Positive,Mot,song,Iculo,Liedjie,Koša,Ingoma,rwiyo,expanded_shona_lexicon,rwiyo
Musame,Malade,-6.0,Negative,Mot,sick,-Ngaphilile,Siek,Lwala,Ndiyagula,kurwara,expanded_shona_lexicon,kurwara
Musamewakaneke,Paralysé,-7.0,Negative,Mot,paralyzed,Ekhubazekile,Verlam,Go golofetše .,Ukhubazekile,mitezo,expanded_shona_alt,akaoma mitezo
Musamu,Oreiller,0.0,Neutre,Mot,pillow,Iphilo,Kussing,Mosamelo,Umqamelo,pilo,expanded_shona_lexicon,pilo
Musangishiwamilambu,Publicain,-2.0,Positive,Mot,publican,Umcwaningilizwe,Tollenaar,Molekgetho .,Phindahla,mutauri,expanded_shona_lexicon,mutauri
"Musangu,Misangu",Foi,0.0,Neutre,Mot,faith,Ukholo,Geloof,Tumelo,Ukholo,kutenda,expanded_shona_lexicon,kutenda
Musanke(kuikala),Satisfait,3.0,Positive,Mot,satisfied,-Neliseka,Tevrede,Kgotsofetše,Yanelisekile,kugutsikana,expanded_shona_alt,ndagutsikana
"Musanke,mupole",Content,4.0,Positive,Mot,thrilled,-Mnandi,Opgewonde,Nago le mafolofolo,Ndiphucule,kufara,expanded_shona_alt,ndakafara
Musankididiwabenyi,,4.0,Positive,Mot,nah,nah,nee,Nah .,nah,nah,expanded_shona_loanword,nah
Museki,Moqueur,-5.0,Negative,Mot,mockingbird,Mckingbird,Spotvoël,Nonyana ya go itira .,Moctickbird,mockingbird,expanded_shona_loanword,mockingbird
Musenji,Barbare,-6.0,Negative,Mot,barbarous,-Lushini,Barbaars,Barbarous .,I-barbaaus,barbarous,expanded_shona_loanword,barbarous
Mushamusha,Moinea,2.0,Positive,Mot,moinea,IMoinea,Moinea,Moinea .,Moinea,moinea,expanded_shona_loanword,moinea
Mushete,Boisseau,0.0,Neutre,Mot,bushel,Shayiselisa,Bushel,Bushel .,Ibhasi,bharil,expanded_shona_lexicon,bharil
Mushiku,Ouverture,2.0,Positive,Mot,opening,Ukuvula,Opening,Go bulwa .,Ukuvula,kuvhura,expanded_shona_lexicon,kuvhura
Mushikuwambelu,Porte,1.0,Neutre,Mot,door,Isicabha,Deur,monyako .,Umnyango,gonhi,expanded_shona_lexicon,gonhi
Mushimi,Menteur,-7.0,Negative,Mot,liar,Umqambi manga,Leuenaar,Moaketši wa maaka .,Lixoki,murevi wenhema,expanded_shona_lexicon,murevi wenhema
Mushimianganyi,Trompeur,-7.0,Negative,Mot,misleading,-Dukisayo,Misleidend,Go aroša .,Ukulahlekisa,kutsausa,expanded_shona_lexicon,kutsausa
Mushindu,Façon,0.0,Neutre,Mot,way,Indlela,Manier,Tsela,Indlela,nzira,expanded_shona_lexicon,nzira
Mushindu(nyama…),Espèce,0.0,Neutre,Mot,species,Uhlobo lwezinhlobo,Spesies,Mohuta,Iintlobo,marudzi,expanded_shona_alt,zvisikwa
Mushindumubi,Injustement,-6.0,Negative,Mot,unfairly,-Thembekile,Onregverdig,Ka go hloka toka .,Ngokungafanelekanga,zvisina kunaka,expanded_shona_alt,zvisizvo
MushinduudikawuyiwaNzambi,Impiement,-7.0,Negative,Mot,ungodliness,Ungamhloniphihli,Goddeloosheid,Go se boife Modimo .,Ukungaduki,kusada,expanded_shona_alt,kusada mwari
Mushinduwakuikala,Manièred'être,0.0,Neutre,Mot,way of being,Indlela yokuba,Manier van wees,tsela ya go ba .,Indlela yokuba,nzira yekuve,expanded_shona_lexicon,nzira yekuve
Mushinga,Valeur,2.0,Positive,Mot,value,Thanda,Waarde,Boleng,Ixabiso,kukosha,expanded_shona_lexicon,kukosha
"Mushinga,tshuwidi,disangisha",Somme,0.0,Neutre,Mot,sum,Isibalo,Som,Palomoka,Isixa,sum,expanded_shona_loanword,sum
Mushintakaji,Changeur,0.0,Neutre,Mot,changer,Umguquguquli,Wisselaar,Mofetoledi .,Umtshintshi,changer,expanded_shona_loanword,changer
Mushipi,Destructeur,-8.0,Negative,Mot,destructive,-Bhubhizayo,Destruktief,Se se senyago .,Eyonakalisayo,kuparadza,expanded_shona_lexicon,kuparadza
Mushipiwabipungidi,Implacable,-7.0,Negative,Mot,implacable,-Ngenamandla,Onverbiddelik,E sa kgonego go ba gona .,Ayinakho,kusarudzika,expanded_shona_lexicon,kusarudzika
Mushipiwamikenji,Transgresseur,-8.0,Negative,Mot,transgressor,Ukuhlephula,Oortreder,Motlodi wa molao .,Igqitha,darressor,expanded_shona_lexicon,darressor
Mushipianganyi,Meurtrier,-9.0,Negative,Mot,murderer,Ukubulala,Moordenaar,Mmolai .,Umbulali,murdeer,expanded_shona_alt,mhondi
Mushipu,Automne,0.0,Neutre,Mot,autumn,Ikwindla,Herfs,Lehlabula,Ekwindla,autumn,expanded_shona_loanword,autumn
Musoko,Cité,0.0,Neutre,Mot,quoted,-Nyuzile,Aangehaal,E tsopotšwe .,Ecatshulwe,zvakataurwa,expanded_shona_lexicon,zvakataurwa
Musokomukese,Village,2.0,Positive,Mot,village,Umuzi,Dorp,Motse,Ilali,musha,expanded_shona_lexicon,musha
Musokoko,Secret,-1.0,Positive,Mot,secret,-Yimfihlo,Geheim,Sephiri,Imfihlo,chakavanzika,expanded_shona_lexicon,chakavanzika
Musokome(muaba),Secret,-1.0,Positive,Mot,secret,-Yimfihlo,Geheim,Sephiri,Imfihlo,chakavanzika,expanded_shona_lexicon,chakavanzika
Musombeshanganyi,Créancier,0.0,Neutre,Mot,creditor,Okweletha,Krediteur,Mokoloti .,Umbolekisi,mukweretesa,expanded_shona_lexicon,mukweretesa
Musombuedi,Vengeur,-6.0,Negative,Mot,avenger,Umveli,Wreker,Mophetedi wa Moafetsi wa .,Umveli,anotsge,expanded_shona_lexicon,anotsge
Musonga,Faîte,2.0,Positive,Mot,done,Usulile,Klaar,Phethilwe,Yenziwe,zvakaitwa,expanded_shona_alt,ndapedza
Musonguedianganyi,Délateur,-8.0,Negative,Mot,informer,Impimpi,Inligter,Mosedimoši wa Tshedimošo .,I-Olformer,informer,expanded_shona_loanword,informer
Musuka,Âme,5.0,Positive,Mot,soul,Umuphefumulo,Siel,Moya,Umphefumlo,mweya,expanded_shona_lexicon,mweya
Musukulampampa,Éponge,0.0,Neutre,Mot,sponge,Isiponji,Spons,Sepontšhe .,Isiponji,chipanje,expanded_shona_lexicon,chipanje
Musulu,Fleuve,2.0,Positive,Mot,river,Umfula,Rivier,Noka,Umlambo,rwizi,expanded_shona_lexicon,rwizi
Musumba,Multitude,0.0,Neutre,Mot,multitude,Ingxenye yeningi,Menigte,Letšoele la go ba le lešaba .,Intlupheko,multitude,expanded_shona_alt,vazhinji
Musungidi,auveur,6.0,Positive,Mot,author,umlobi,skrywer,mongwadi,umbhali,munyori,expanded_shona_lexicon,munyori
Mutabale(kuikala),Vigilant,5.0,Positive,Mot,vigilant,-Phaphalisa,Waaksaam,Go phafoga .,Phaphili,vakasvinura,expanded_shona_lexicon,vakasvinura
Mutalela,Humidité,0.0,Neutre,Mot,humidity,Ukuswakama,Humiditeit,Bošidi,Umswakama,humidity,expanded_shona_loanword,humidity
Mutambe(mushintuludi),Fort,0.0,Neutre,Mot,strong,-Namandla,Sterk,Maatla,Yomelele,yakasimba,expanded_shona_lexicon,yakasimba
Mutanda,Pâte,0.0,Neutre,Mot,dough,Inhlama,Deeg,Tege,Inhlama,mukanyiwa,expanded_shona_lexicon,mukanyiwa
Mutangadiki,Évangéliste,5.0,Positive,Mot,evangelist,Umvangeli,Evangelis,Moebangedi .,Ivangeli,muevangelist,expanded_shona_alt,muvhangeri
Mutangidi,Surveillant,2.0,Positive,Mot,supervisor,Umphathi,Toesighouer,Mookamedi,Isuphavayiza,supervisor,expanded_shona_alt,mutariri
Mutatakane,Inconstant,-4.0,Negative,Mot,inconstant,-Ngemishi,Onkonstant,Go se fetoge .,Engashukumi,zvisingapindirani,expanded_shona_lexicon,zvisingapindirani
Mutekete,Faible,-5.0,Negative,Mot,weak,-Ngenamandla,Swak,Fokola,Ubuthathaka,kushaya simba,expanded_shona_lexicon,kushaya simba
Mutekete(muntu),Impotent,-6.0,Negative,Mot,impotent,-Ngenamandla,Impotent,Se se sa kgonego go dira selo .,Ongenamandla,kushaya simba,expanded_shona_lexicon,kushaya simba
Mutelu(katshiyi),Couture,-2.0,Negative,Mot,sewing,Ukuzingela,Naaldwerk,Go roka .,Ukuthunga,kusona,expanded_shona_lexicon,kusona
Mutempeshiwambuku,Exorciste,3.0,Positive,Mot,exorcist,I-exorcist,Eksorsis,Moletši wa go ntšha moya .,I-eschcist,exorcist,expanded_shona_alt,anodzinga mweya yakaipa
Mutendelediwampingu,Idolâtre,-8.0,Negative,Mot,idolatrous,Ukubamba izithombe,Afgodsdiens,Borapedi bja medimo ya diswantšho .,Izithixo,kunamata zvidhori,expanded_shona_alt,vanonamata zvidhori
Mutentekedi,Agentsecret,-3.0,Positive,Mot,secret agent,I-Ejenti Yemfihlo,geheime agent,Moemedi wa Sephiri .,iarhente eyimfihlo,akavanzika mumiririri,expanded_shona_lexicon,akavanzika mumiririri
Muteyi,Tentateur,-7.0,Negative,Mot,tempter,Umfanekiso,Versoeker,Moleki .,Tempter,tempter,expanded_shona_alt,muedzi
Mutoke,,2.0,Positive,Mot,nah,nah,nee,Nah .,nah,nah,expanded_shona_loanword,nah
Mutontolodi,Murmurateur,-6.0,Negative,Mot,whisperer,Ukuhleba,Fluisteraar,Mohlobodi .,I-whisperer,whispeer,expanded_shona_alt,muzevezi
Mutoto,Étoile,3.0,Positive,Mot,star,Inkanyezi,Ster,Naledi,Inkanyezi,nyeredzi,expanded_shona_lexicon,nyeredzi
Mutotowankesha,Étoiledumatin,4.0,Positive,Mot,morningstar,Indlu yasekuseni,Môrester,Morningstar .,Tu,mangwanani,expanded_shona_lexicon,mangwanani
Mutoyi,Mélodie,3.0,Positive,Mot,melody,Indlela yamagama,Melodie,Molodi .,I-melody,melody,expanded_shona_loanword,melody
Mutshi,Plantevégétale,2.0,Positive,Mot,plantvegetable,intwamshi,plantgroente,Semela sa semela sa go bjala .,kuvakala,kudyara,expanded_shona_lexicon,kudyara
Mutshimunene,Poutre,0.0,Neutre,Mot,beam,Usebe lokukhanya,Straal,Phadima,I-beam,danda,expanded_shona_lexicon,danda
Mutshimutshiamakane,Bois,0.0,Neutre,Mot,drink,Phuza,Drink,Nwa,Isiselo,kunwa,expanded_shona_alt,inwai
Mutshimutshiamakane,Croix,5.0,Positive,Mot,cross,Inkathazo,Kruis,Sefapano,Umnqamlezo,muchinjiko,expanded_shona_alt,muchinjikwa
MutshiwaNfigi,Figuier,2.0,Positive,Mot,fig tree,Umkhiwane,Vyeboom,Sefate sa feiga .,Umthi womkhiwane,muonde,expanded_shona_lexicon,muonde
Mutshiwatshikokedi,Joug,-3.0,Negative,Mot,yoke,Ijoka,Juk,joko .,Idyokhwe,joko,expanded_shona_lexicon,joko
Mutshiwatshikunyibua,Tige,0.0,Neutre,Mot,stem,Isiqu,Stam,Kutu,Isiqu,stem,expanded_shona_loanword,stem
Mutshima,Cœur,5.0,Positive,Mot,heart,Inhliziyo,Hart,Pelo,Intliziyo,moyo,expanded_shona_alt,mwoyo
"Mutshima,kondokamutshima",Conscience,4.0,Positive,Mot,awareness,Ukuzwa,Bewustheid,Temogo,Ukwazisa,kuziva,expanded_shona_lexicon,kuziva
Dibungama,Regret,-5.0,Negative,Mot,regret,Zisola,Berou,Maswabi,Ukuzisola,kuzvidemba,expanded_shona_alt,zvidemba
Dibutuka,Destruction,-8.0,Negative,Mot,destruction,Isibhicongo,Vernietiging,Tshenyo,Intshabalalo,kuparadzwa,expanded_shona_alt,kuparadza
Didiadiadisanka,Festin,4.0,Positive,Mot,feast,Idili,Fees,Monyanya,Umthendeleko,mabiko,expanded_shona_lexicon,mabiko
Didianjila,Avance,2.0,Positive,Mot,advance,Sondela,Bevorder,Gatetšego pele,Phambili,kufambira mberi,expanded_shona_lexicon,kufambira mberi
Didianjilakukosabualumumutshima,Préférence,3.0,Positive,Mot,preference,Ukuqoka,Voorkeur,Kgetho,Ukukhetha,kuda,expanded_shona_lexicon,kuda
Didianjilakumanya,Préconnaissance,2.0,Positive,Mot,precognition,Ukuhlukanisela izinhlanga,Voorkennis,Go lemoga pele ga nako .,Ukuqonda,precognitionition,expanded_shona_lexicon,precognitionition
Didibingisha,Excuse,0.0,Neutre,Mot,excuse,Xolela,Ekskuus,Lebalela,Uxolo,ruregerero,expanded_shona_alt,kuregerera
Didikanda,Tempérance,4.0,Positive,Mot,temperance,Ukugxila,Matigheid,Go itshwara ka tlase ga tekanyo .,Ushushu,kuzvidzora,expanded_shona_lexicon,kuzvidzora
"Didimuisha,dilongesha,kalasa",Discipline,3.0,Positive,Mot,discipline,Imfundiso yokulalela,Dissipline,Kgalema,Uqeqesho,kurangwa,expanded_shona_alt,kuranga
Didinga,Fraude,-7.0,Negative,Mot,fraud,Ubuwanqa,Bedrog,Bomenetša,Ubuqhetseba,kubiridzira,expanded_shona_alt,chitsotsi
Didisankisha,Satisfaction,4.0,Positive,Mot,satisfaction,Ukugculiseka,Tevredenheid,Kgotsofalo,Ulwaneliseko,kugutsikana,expanded_shona_lexicon,kugutsikana
Didisua;diambu,Orgueil,-6.0,Negative,Mot,pride,Ukuziqhenya,Trots,Boitumelo,Ikratshi,kudada,expanded_shona_alt,kuzvikudza
Didiunda,Croissance,5.0,Positive,Mot,growth,Ukundlondlobala,Groei,Kgolo,Ukukhula,kukura,expanded_shona_lexicon,kukura
Didiundisha,Avancemen,5.0,Positive,Mot,progress,Ukuqhubeka,Vordering,Kgatelopele,Inkqubela,kufambira mberi,expanded_shona_lexicon,kufambira mberi
Dieba,Épine,-4.0,Negative,Mot,spiked,Ubutheliwe,Spits,Spiked .,I-spiked,spiked,expanded_shona_loanword,spiked
Diedibuadiamanyi,Onction,5.0,Positive,Mot,anointing,Ukugcotshwa,Salwing,Tlotšo .,Ukuthanjiswa,kuzodza,expanded_shona_alt,kuzodzwa
Dienza,Opérant,3.0,Positive,Mot,operator,Osebenzayo,Operator,Modiriši .,Umqhubi,operator,expanded_shona_loanword,operator
Dienzejibuakubukole,Contrainte,-3.0,Negative,Mot,constraint,Ingxabano,Beperking,Thibelo .,Isithintelo,kumanikidza,expanded_shona_lexicon,kumanikidza
Difikadiamunda,Courroux,-7.0,Negative,Mot,wrath,Ukuthukusana,Toorn,Kgalefo,Ingqumbo,kutsamwa,expanded_shona_alt,hasha
Difikishamunda,Irritation,0.0,Negative,Mot,irritation,Ukucunula,Irritasie,Go hlohlona .,Ukucaphukisa,kutsamwiswa,expanded_shona_lexicon,kutsamwiswa
Difu,Estomac,0.0,Neutre,Mot,stomach,Isisu,Maag,Dimpa,Isisu,dumbu,expanded_shona_lexicon,dumbu
Difuma,Lance,-2.0,Negative,Mot,spear,Izala,Spies,Lerumo la lerumo .,Umkhonto,pfumo,expanded_shona_lexicon,pfumo
Difutu,Dépens,3.0,Positive,Mot,costs,Izindleko,Kostes,Ditshenyagalelo .,Iindleko,mari,expanded_shona_alt,mariro
Difutu,Salaire,3.0,Positive,Mot,salary,Umholo,Salaris,Mogolo,Umvuzo,muhoro,expanded_shona_lexicon,muhoro
Dijadika,Convictio,4.0,Positive,Mot,convictio,Okokwethuna,Oortuiging,Mokgomo wa go ahlola .,Ukugwetywa,mhosva,expanded_shona_lexicon,mhosva
Dijadikibua,Expérience,3.0,Positive,Mot,experience,Isipiliyoni,Ervaring,Maitemogelo,Amava,zvakaitika,expanded_shona_lexicon,zvakaitika
Dijalame,Légal,2.0,Positive,Mot,legal,-Omthetho,Wettig,Semolao,Ngokusemthethweni,zviri pamutemo,expanded_shona_alt,zvemutemo
Dijanguluka,Retardement,-2.0,Negative,Mot,delay,Libazisa,Vertraag,Diega,Ukulibaziseka,kunonoka,expanded_shona_lexicon,kunonoka
Dijiba,La,0.0,Neutre,Mot,there,Lapho,Daar,Moo,Pha,ipapo,expanded_shona_alt,ikoko
Dijikula,Profession,2.0,Positive,Mot,occupation,Ukuhlala,Beroep,Mošomo,Umsebenzi,basa,expanded_shona_lexicon,basa
Dijimbu,Obscurément,-2.0,Negative,Mot,obscurely,Ngokusobala,Onduidelik,Se se sa šišinyegego .,Ngokungakhathali,kuvanzika,expanded_shona_alt,zvisinganzwisisike
Dijimija,Pervers,-8.0,Negative,Mot,pervert,Phendukela,Pervers,Hlanoša,Ngentla,kukanganisa,expanded_shona_lexicon,kukanganisa
"Dijimija,kulekelela(bubi)",Rémission,4.0,Positive,Mot,remission,Ukunqunywa,Remissie,Tebalelo .,Ukuxolelwa,kuregererwa,expanded_shona_lexicon,kuregererwa
Dijimina,Disparaître,-1.0,Positive,Mot,disappear,Nyamalala,Verdwyn,Nyamelela,Nyamalala,nyangarika,expanded_shona_alt,kunyangarika
Dijiminadikole,Dommage,-4.0,Negative,Mot,damage,Umonakalo,Skade,Tshenyo,Umonakalo,kukuvara,expanded_shona_alt,kukuvadza
Dijinga,Besoin,1.0,Positive,Mot,need,Dinga,Behoefte,Nyaka,Isidingo,kuda,expanded_shona_lexicon,kuda
Dijingulula,Discernemen,4.0,Positive,Mot,discernment,Ukudabuka,Onderskeidingsvermoë,Temogo .,Ukuqonda,kunzwisisa,expanded_shona_lexicon,kunzwisisa
Dijula,Relèvement,4.0,Positive,Mot,recovery,Ukululama,Herstel,Kutollo,Ukubuyisela kwimeko yesiqhelo,kupora,expanded_shona_lexicon,kupora
Dikalu,Char,0.0,Neutre,Mot,tank,Ithange,Tenk,Tanka ya .,Itanki,tangi,expanded_shona_lexicon,tangi
Dikamakama,Fourberie,-7.0,Negative,Mot,deceit,Amacebo,Bedrog,Bofora .,Inkohliso,kunyengera,expanded_shona_lexicon,kunyengera
Dikankamaja,Rafraîchissement,3.0,Positive,Mot,refreshment,Ukuqabuleka,Verversing,Go lapološa .,Ukuhlaziyeka,zororo,expanded_shona_alt,kuzorodza
Dikanyina,Menace,-6.0,Negative,Mot,threat,Ukusongela,Bedreiging,Matšhošetši,Isoyikiso,kutyisidzira,expanded_shona_lexicon,kutyisidzira
Dikasa,Piège,-3.0,Positive,Mot,trap,Isicupho,Val,Molaba,Umgibe,musungo,expanded_shona_lexicon,musungo
Dikatshi,Rayon,2.0,Positive,Mot,radius,Ithambo logalo elingaphandle kwengalo,Radius,Radius .,Iradius,radius,expanded_shona_alt,radhiyasi
Dikelemesha,Égalité,4.0,Positive,Mot,equality,Ukulingana,Gelykheid,Tekatekano .,Ukulingana,kuenzana,expanded_shona_lexicon,kuenzana
Dikema,Étonnement,-2.0,Positive,Mot,astonishment,Ukwethuka,Verbasing,Go makala .,Ukukhwankqiswa,kushamisika,expanded_shona_lexicon,kushamisika
Dikenga,Misère,-8.0,Negative,Mot,misery,Ubuhlungu,Ellende,Masetlapelo,Ububi,kusuwa,expanded_shona_alt,nhamo
Dikenga,Tribulation,-7.0,Negative,Mot,tribulation,Usizi,Verdrukking,Matshwenyego .,Imbandezelo,kutambudzika,expanded_shona_lexicon,kutambudzika
Dikenga(dikole),Détresse,-7.0,Negative,Mot,distress,Usizi,Nood,Kgakanego,Uxinzelelo,kutambudzika,expanded_shona_alt,kushungurudzika
Dikengadiabintu,Privation,-6.0,Negative,Mot,deprivation,Ukwehliswa,Ontneming,Go hloka .,Ukuthotywa,kunyimwa,expanded_shona_lexicon,kunyimwa
Dikenke,Éclat,3.0,Positive,Mot,glow,Nkemuzela,Gloei,Phadima,Qaphela,kupenya,expanded_shona_lexicon,kupenya
Dikima,Assuranc,4.0,Positive,Mot,insurance,Umshwalense,Versekering,Inšorentshe,I-inshurensi,inishuwarenzi,expanded_shona_lexicon,inishuwarenzi
Dikisha,Repos,3.0,Positive,Mot,rest,Thulisa,Rus,Khutša,Phumla,zorora,expanded_shona_lexicon,zorora
Dikolesha,Exhortation,2.0,Positive,Mot,exhortation,Isikhuthazo,Vermaning,Kgothatšo .,Isibongozo,kurudziro,expanded_shona_lexicon,kurudziro
Dikuatshisha,Profit,4.0,Positive,Mot,profit,Inzuzo,Wins,Profiti,Inzuzo,purofiti,expanded_shona_lexicon,purofiti
Dikuatshishangana,Fournissement,3.0,Positive,Mot,supply,Phakela,Voorsiening,Kabo,Ukubonelela,goverwa,expanded_shona_lexicon,goverwa
Dikudimuka,Variation,-1.0,Positive,Mot,variation,Ukuphenduka,Variasie,Phapano .,Umahluko,kusiyana,expanded_shona_lexicon,kusiyana
Dikudimuna,Changement,1.0,Positive,Mot,change,Phendula,Verander,Phetogo,Utshintsho,shanduko,expanded_shona_lexicon,shanduko
Dikudimunadiamutshima,Repentance,4.0,Positive,Mot,repentance,Ukuphenduka,Bekering,tshokologo .,Inguquko,kupfidza,expanded_shona_lexicon,kupfidza
Dikumadiamutshimabipetamunjilamibi,Avided'ungainhonteux,-7.0,Negative,Mot,hungry for shameful gain,Elambile ngenzuzo eyihlazo,Honger vir skandelike wins,Tlala ya go hwetša poelo e hlabišago dihlong .,Balambile ukufumana inzuzo yeentloni,nzara yekuwana nyadzi kuwana,expanded_shona_alt,nzara yepfuma inonyadzisa
Dikumadiamutshimakubiuma,Avarice,-6.0,Negative,Mot,avarice,Iphazazela,Gierigheid,Avarice .,I-avarice,avarice,expanded_shona_loanword,avarice
Dikumbana,Accomplissement,5.0,Positive,Mot,accomplishment,Ubungcweti,Prestasie,Phihlelelo .,Impumelelo,kuita,expanded_shona_alt,kubudirira
Dikumi,Dix,0.0,Neutre,Mot,ten,Ishumi,Tien,Lesome,Shumi,gumi,expanded_shona_lexicon,gumi
Dikuminebinayi,Quatorze,0.0,Neutre,Mot,fourteen,Ishumi nane,Veertien,Lesomenne,Shumi elinane,gumi neina,expanded_shona_lexicon,gumi neina
Dikumineibidi,Douze,0.0,Neutre,Mot,twelve,Ishumi nambili,Twaalf,Lesomepedi,Shumi elinambini,gumi nembiri,expanded_shona_lexicon,gumi nembiri
Dikumineitanu,Quinze,0.0,Neutre,Mot,fifteen,Ishumi nanhlanu,Vyftien,Lesomehlano,Shumi elinantlanu,gumi neshanu,expanded_shona_lexicon,gumi neshanu
Dikuminemuandamukulu,Dix-huit,0.0,Neutre,Mot,eighteen,Ishumi nesishayagalombili,Agtien,Lesomeseswai,Shumi elinesibhozo,gumi nesere,expanded_shona_lexicon,gumi nesere
Dikumineumue,Onzième,0.0,Neutre,Nombre,eleventh,Ishumi nanye,Elfde,Lesometee .,Ishumi elinanye,chegumi neimwe,expanded_shona_lexicon,chegumi neimwe
Dikunji,Colonne,0.0,Neutre,Mot,column,Insika,Kolom,Kholomo,Ikholamu,column,expanded_shona_loanword,column
Dikunyibua,Implanté,2.0,Positive,Mot,implanted,-Yisimukisa,Ingeplant,E tsentšwe .,Ifakwe,yakamiswa,expanded_shona_alt,kudyarwa
Diledibuakuatshiakabidi,Régénération,5.0,Positive,Mot,regeneration,Ukunyusa kabusha,Herlewing,Go tswalwa gape .,Ukuvuselelwa kwakhona,kuzvidzora,expanded_shona_alt,kuberekwa patsva
Dilejatshilema,Reproche,-4.0,Negative,Mot,reproach,Ngqonhlamvu,Verwyt,kgobošo .,Ingcikivo,kuzvidza,expanded_shona_alt,kuzvidzwa
"Dilelela,tshiditshiakueyemenyibua",Certain,2.0,Positive,Mot,certain,-Azi kahle,Seker,Dingwe,Ezithile,vamwe,expanded_shona_alt,chokwadi
Dilengeja,Purification,4.0,Positive,Mot,purification,Ukuhlambululela,Suiwering,Tlhokomelo ya .,Ukucocwa,kucheneswa,expanded_shona_lexicon,kucheneswa
Dilengesha,Parure,3.0,Positive,Mot,adornment,Ukuhlobisa,Versiering,Mokgabišo .,Uhombiso,kushongedza,expanded_shona_lexicon,kushongedza
Dileta,Lettre,1.0,Neutre,Mot,letter,Uhlamvu lokulandelana kwamagama,Brief,Lengwalo,Ileta,tsamba,expanded_shona_lexicon,tsamba
Diloba,Pêche,0.0,Neutre,Mot,fishing,Ukufakaza,Visvang,Go rea dihlapi .,Ukuloba,kubata hove,expanded_shona_lexicon,kubata hove
Dilomba,Demande,0.0,Neutre,Mot,request,Nxusa,Versoek,Kgopelo,Isicelo,chikumbiro,expanded_shona_lexicon,chikumbiro
Dilondololadiandelanganyi,Généalogie,2.0,Positive,Mot,genealogy,Kohluzo,Genealogie,Leloko la leloko .,Umlibo,genealogy,expanded_shona_loanword,genealogy
Dilongesha,Enseignement,4.0,Positive,Mot,education,Imfundo,Onderwys,Thuto,Imfundo,dzidzo,expanded_shona_lexicon,dzidzo
Dilongolola,Redressement,3.0,Positive,Mot,recovery,Ukululama,Herstel,Kutollo,Ukubuyisela kwimeko yesiqhelo,kupora,expanded_shona_lexicon,kupora
Dilua,Arrivée,2.0,Positive,Mot,arrival,Ukufika,Aankoms,Go fihla,Ukufika,kusvika,expanded_shona_lexicon,kusvika
Dilubakana,Embarras,-3.0,Negative,Mot,embarrassment,Ukuphoxeka,Verleentheid,Go hlabja ke dihlong .,Iintloni,kunyara,expanded_shona_lexicon,kunyara
Dilulama,Droiture,5.0,Positive,Mot,righteousness,Ukulunga,Geregtigheid,Go loka .,Ubulungisa,kururama,expanded_shona_lexicon,kururama
Dimanya,Savoir,4.0,Positive,Mot,know,Bona,Weet,Tseba,Yazi,ziva,expanded_shona_lexicon,ziva
"Dimanya,lungenyi",Connaissance,4.0,Positive,Mot,awareness,Ukuzwa,Bewustheid,Temogo,Ukwazisa,kuziva,expanded_shona_lexicon,kuziva
Dimiamina,Aspersion,1.0,Neutre,Mot,aspersion,Ukudabula,Aspersie,Aspersion .,I-appersion,sabashi,expanded_shona_lexicon,sabashi
Dimoma,Rouille,-3.0,Negative,Mot,rust,Ukugqwala,Roes,Moruswi .,Rust,ngura,expanded_shona_lexicon,ngura
Dimueneka,Apparition,3.0,Positive,Mot,appearance,Ukubonakala,Voorkoms,Ponagalo,Imbonakalo,chitarisiko,expanded_shona_lexicon,chitarisiko
Dimuenesha,Démonstration,3.0,Positive,Mot,demonstration,Isibonakaliso,Demonstrasie,Pontšo .,Umboniso,kuratidzira,expanded_shona_lexicon,kuratidzira
Dina,Fosse,3.0,Positive,Mot,ditch,Umsele,Sloot,Sola,Umsele,ditch,expanded_shona_loanword,ditch
Dinadiamayi,Fontaine,2.0,Positive,Mot,fountain,Isisuko,Fontein,Sediba .,Umthombo,tsime,expanded_shona_lexicon,tsime
Dinanga,Amour,6.0,Positive,Mot,love,Thanda,Liefde,Lerato,Uthando,rudo,expanded_shona_lexicon,rudo
"Dinanga,Kusua(kuimpe)",Affection,5.0,Positive,Mot,affection,Uthando,Geneentheid,Lerato,Uthando,rudo,expanded_shona_lexicon,rudo
Dinanukila,Persévérer,4.0,Positive,Mot,persevere,Phikelela,Volhard,Kgotlelelo .,Zingise,kutsungirira,expanded_shona_alt,shingirira
Dinda,Matin,2.0,Positive,Mot,morning,Ekuseni,Oggend,Mesong,Ntseni,mangwanani,expanded_shona_lexicon,mangwanani
Dinda,Pointdujour,2.0,Positive,Mot,pointdujour,Inkani,Pointdujour,Ntlha ya Dujour .,I-PORTUKURE,pointdujour,expanded_shona_loanword,pointdujour
Dinemekela,Révérence,4.0,Positive,Mot,reverence,Ukuhlonipha,Eerbied,Tlhompho .,Intlonipho,kuremekedza,expanded_shona_lexicon,kuremekedza
Dinowa,Moisson,3.0,Positive,Mot,harvest,Okuvuniweyo,Oes,Buna,Ukuvuna,gohwo,expanded_shona_alt,kukohwa
Dinua,Boir,0.0,Neutre,Mot,drink,Phuza,Drink,Nwa,Isiselo,kunwa,expanded_shona_alt,inwai
Dinunganyi,Rumeur,-3.0,Negative,Mot,rumor,Inzwabethi,Gerugte,Mabarebare .,Rumor,runyerekupe,expanded_shona_lexicon,runyerekupe
Dinungu,Jointure,1.0,Neutre,Mot,join,Xhuma,Sluit aan,Kopanya,Joyina,join,expanded_shona_loanword,join
"Dinvuenkenya,Lupuishi",Poussière,2.0,Positive,Mot,dust,Uthuli,Stof,Lerole,Uthuli,guruva,expanded_shona_lexicon,guruva
Dinyangukadiamoyo,Dissolution,-6.0,Negative,Mot,dissolution,Ukucacisa,Ontbinding,Go phatlalatšwa .,Ukutshitshiswa,kupaza,expanded_shona_lexicon,kupaza
Dinyanguta,Avarie,-5.0,Negative,Mot,damage,Umonakalo,Skade,Tshenyo,Umonakalo,kukuvara,expanded_shona_alt,kukuvadza
Dinyoka,Sentence,5.0,Positive,Mot,sentence,Jezisa,Sin,Lefoko,Isivakalisi,mutsara,expanded_shona_lexicon,mutsara
Diondoka,Profond,2.0,Positive,Mot,deep,-Julile,Diep,Tlase,Nzulu,zvakadzika,expanded_shona_lexicon,zvakadzika
Dipa,Don,5.0,Positive,Mot,don,Donne,Don,Don .,Don,don,expanded_shona_loanword,don
Dipadialuse,Dondegrâce,6.0,Positive,Mot,dondegrace,I-donderace,Dondegrace,Dondegrace .,Dondergracce,donendegrce,expanded_shona_lexicon,donendegrce
Dipambuka,Égarement,-7.0,Negative,Mot,astrayment,Okokugwemakaza,Dwaling,Go aroša .,Ukuphazamiseka,kutsauka,expanded_shona_alt,kurasika
Dipandulula,Division,-4.0,Negative,Mot,division,Isabelo,Afdeling,karohano .,Ukwahlula,kupatsanura,expanded_shona_lexicon,kupatsanura
Dipangadiakudikanda,Sansvoix,-6.0,Negative,Verbe,speechless,-Bindelwe,Sprakeloos,Hlokago polelo,Ayithethi,kutaura,expanded_shona_alt,kusataura
Dipangadikuatshisha,Inutilité,-5.0,Negative,Mot,uselessness,Ukungabi nalusizo,Nutteloosheid,Go hloka mohola .,Ukungasebenzi,usashande,expanded_shona_alt,kusabatsira
Dipangadinyanguka,Incorruptibilité,6.0,Positive,Mot,incorruptibility,Ukulimaza ingozi,Onkreukbaarheid,Go se senyege .,Ukungakwazi,kusoraka,expanded_shona_alt,kusaora
Dipeta,Acquisition,3.0,Positive,Mot,acquisition,Okutholakele,Verkryging,Phihlelelo,Ukufunyanwa,kutora,expanded_shona_alt,kuwana
Dipikula,Rédemption,6.0,Positive,Mot,redemption,Ukukhangwa,Verlossing,Phološo,Intlawulelo,ruregerero,expanded_shona_alt,rudzikinuro
Dipila,Sedonner,-7.0,Negative,Verbe,sedon,Udonki olwaneni,Sedon,Sedon .,I-sedon,sedon,expanded_shona_loanword,sedon
"Dipingana,dipingaja",Retour,2.0,Positive,Mot,back,-Dlulile,Terug,Morago,Umva,kumashure,expanded_shona_lexicon,kumashure
Dipita(bukole),Victoire,6.0,Positive,Mot,victory,Ukwahlula,Oorwinning,Phenyo .,Uloyiso,kukunda,expanded_shona_lexicon,kukunda
Dipumbisha,Obstacle,-3.0,Negative,Mot,obstacle,Isiphazamiso,Hindernis,Lepheko,Umqobo,chipinganidzo,expanded_shona_alt,chipingamupinyi
Dipumbishibua,Absence,-2.0,Negative,Mot,absence,Ukungabibikho,Afwesigheid,Se be gona,Ukungabikho,kusavapo,expanded_shona_lexicon,kusavapo
Dipungi,Fatigue,-3.0,Negative,Mot,fatigue,Ukudinwa,Moegheid,Lapile kudu,Ukudinwa,kupera simba,expanded_shona_alt,kuneta
Dipuyakana,Respiration,2.0,Positive,Mot,breathing,Ukuphefumula,Asemhaling,Go hema .,Ukuphefumla,kufema,expanded_shona_lexicon,kufema
Disakidila,Gratitude,5.0,Positive,Mot,gratitude,Ukubonga,Dankbaarheid,Tebogo,Umbulelo,kutenda,expanded_shona_lexicon,kutenda
Disama,Fléau,-8.0,Negative,Mot,scourge,Isichilo,Plaag,Leuba .,Isibetho,denda,expanded_shona_lexicon,denda
Disamadiamashiapatuka,Flux,-2.0,Positive,Mot,flow,Thuntululeka,Vloei,Elela,Ukuhamba,kuyerera,expanded_shona_lexicon,kuyerera
Disambakana,Rencontre,3.0,Positive,Mot,encounter,Hlangana,Ontmoeting,Gahlana,Ukudibana,kusangana,expanded_shona_lexicon,kusangana
Disangisha,Rassemblement,2.0,Positive,Mot,gathering,Idili,Byeenkoms,Kopano,Ukuqokelela,kuungana,expanded_shona_alt,kuunganidza
Disangishadiabintu,Collecte,1.0,Neutre,Mot,collection,Izinto ezibuthelwe ndawonye,Versameling,Kgoboketšo,Ingqokelela,unganidzo,expanded_shona_lexicon,unganidzo
Disanka,Plaisir,6.0,Positive,Mot,pleasure,Injabulo,Genot,Boithabišo,Ulonwabo,mafaro,expanded_shona_lexicon,mafaro
Disanka(diadijidiladiantempelo),Grandejoie,5.0,Positive,Mot,greatjoy,Thakazelayo,Groot vreugde,Greatjoy .,Mkhulu,greatjoy,expanded_shona_alt,mufaro mukuru
Disanka(ne),Joyeusement,4.0,Positive,Mot,joyfully,-Nengelo,Vreugdevol,ka lethabo .,Ngovuyo,nomufaro,expanded_shona_lexicon,nomufaro
Disankadiamuoyo,Volupté,2.0,Positive,Mot,voluptuousness,Ukuzinikela,Welwillendheid,Go ba le ditho tša ka ntle .,Ukuzivocavoca,kutsiva,expanded_shona_lexicon,kutsiva
Disankadinene(ne),Transpor,0.0,Neutre,Mot,transportation,Ukuthutha,Vervoer,Thomelo ka senamelwa,Ukuthutha,zvekufambisa,expanded_shona_lexicon,zvekufambisa
Disengelela;ditendekena,Supplication,3.0,Positive,Mot,supplication,Ukunxusa,Smeking,Kgopelo .,Ukucela,kuteterera,expanded_shona_lexicon,kuteterera
Dishima,Tromperie,-7.0,Negative,Mot,deception,Amacebo,Misleiding,Bofora .,Inkohliso,kunyengera,expanded_shona_alt,kunyengedza
Dishimbuka,Ruine,-8.0,Negative,Mot,ruin,Ingqile incithakalikayo,Ruïne,Senya,Ukonakala,kukuparadza,expanded_shona_lexicon,kukuparadza
Dishiya,Rive,1.0,Neutre,Mot,shore,Ugu,Oewer,Lebopo,Unxweme,mahombekombe,expanded_shona_lexicon,mahombekombe
Disolayi,Soldat,2.0,Positive,Mot,soldier,Ibutho,Soldaat,Lešole,Ijoni,musoja,expanded_shona_alt,murwi
Disombuela,Vengeance,-6.0,Negative,Mot,revenge,Ukuphindisela,Wraak,Itefeletša,Ukuziphindezela,kutsiva,expanded_shona_lexicon,kutsiva
Disoso,Déchirure,-4.0,Negative,Mot,tear,Ukudabula,Skeur,Gagola,Iinyembezi,misodzi,expanded_shona_lexicon,misodzi
Disu,Œil,1.0,Neutre,Mot,eye,Ihlo,Oog,Leihlo,Iliso,ziso,expanded_shona_lexicon,ziso
Disu(disoso),Trou,-2.0,Positive,Mot,hole,Umgodi,Gat,Lešoba,Umngxunya,gomba,expanded_shona_lexicon,gomba
Disua,Souhait,2.0,Positive,Mot,wish,Fisa,Wens,Duma,Ndinqwenela,chishuwo,expanded_shona_lexicon,chishuwo
Ditua(diamuelewanvita),Tranchant,2.0,Positive,Mot,sharp,-Bukhali,Skerp,Bogale,Bukhali,kupinza,expanded_shona_lexicon,kupinza
Dituamikemu,Gémissement,-3.0,Negative,Mot,groan,Ukugquma,Kreun,Go lla ga go lla .,Nchu,kugomera,expanded_shona_lexicon,kugomera
Ditubula,Pénétrant,1.0,Positive,Mot,penetrating,Ukungeniswa,Indringend,Go tsenelela .,Ukungena,kupinda,expanded_shona_alt,inopinza
Dituku,Jour,2.0,Positive,Mot,day,Usuku,Dag,Letšatši,Usuku,zuva,expanded_shona_lexicon,zuva
DitukudiaDiledibua,Anniversairedenaissance,3.0,Positive,Mot,birthday,Usuku lokuzalwa,Verjaarsdag,Letšatši la matswalo,Usuku lokuzalwa,bhavhdhe,expanded_shona_lexicon,bhavhdhe
Ditukudiadisanka,Fête,4.0,Positive,Mot,party,Inhlangano,Partytjie,Mokgatlo,Itheko,party,expanded_shona_loanword,party
DitukudiaMukelenge,JourduSeigneur,5.0,Positive,Mot,dayofthelord,I-DayoOfseOlord,Dag van die Here,DayofTheMorena .,I-DayOfTeLord,dayfithothord,expanded_shona_alt,zuva raishe
Ditumbisha,Louange,6.0,Positive,Mot,praise,Dumisa,Lofprysing,Tumiša,Indumiso,rumbidzo,expanded_shona_alt,rumbidzai
Ditumikila,Soumission,3.0,Positive,Mot,submission,Ukuthobela,Voorlegging,Boikokobetšo,Inguquko,kuzviisa pasi,expanded_shona_lexicon,kuzviisa pasi
Ditupakana,Ignorance,-5.0,Negative,Mot,ignorance,Ukungazi,Onkunde,Go hloka tsebo .,Ukungazi,kusaziva,expanded_shona_lexicon,kusaziva
Diulu,Ciel,4.0,Positive,Mot,sky,Isibhakabhaka,Hemel,Lefaufau,Isibhakabhaka,denga,expanded_shona_lexicon,denga
Diumusha,Enlèvement,2.0,Positive,Mot,kidnapping,Ukuthwala,Ontvoering,Go thopša ga batho .,Ukuthintela,kupamba,expanded_shona_lexicon,kupamba
Diunvuika,Retentissant,2.0,Positive,Mot,resounding,-Ndumisa,Dawerend,Go kwagala .,Ukubuyela,kutendeuka,expanded_shona_lexicon,kutendeuka
Divulangana,Débordement,5.0,Positive,Mot,overflow,Phuphuma,Oorloop,Go tlala .,Iphezulu,kufashukira,expanded_shona_lexicon,kufashukira
Divuluka,Souvenir,3.0,Positive,Mot,memory,Ukukhumbula,Geheue,Kgopolo,Imemori,ndangariro,expanded_shona_lexicon,ndangariro
Divundulula,Mouvement,0.0,Neutre,Mot,movement,Ukuzamazama,Beweging,Mosepelo,Intshukumo,kufamba,expanded_shona_lexicon,kufamba
Diyi,Voix,2.0,Positive,Verbe,voice,Iphimbo,Stem,Lentšu,Ilizwi,izwi,expanded_shona_lexicon,izwi
Diyi(diunvua),Message,3.0,Positive,Mot,message,Izwi elithunyelweyo,Boodskap,Molaetša,Umyalezo,meseji,expanded_shona_alt,mharidzo
Diyidimue,Accord,4.0,Positive,Mot,agreement,Isivumelwano,Ooreenkoms,Tumelelano,Isivumelwano,chibvumirano,expanded_shona_lexicon,chibvumirano
Diyisha,Prédication,4.0,Positive,Mot,preaching,Ukushumayela,Prediking,Go rera .,Ukushumayela,kuparidza,expanded_shona_lexicon,kuparidza
Diyisha(meyi),Doctrine,3.0,Positive,Mot,doctrine,Imfundiso,Leerstelling,Thuto .,Imfundiso,dzidziso,expanded_shona_lexicon,dzidziso
Diyoyi,Clameur,5.0,Positive,Mot,clamor,Umkhumbi wakhomba,Gerrie,Go hlalefetša .,I-Clamor,kupopota,expanded_shona_alt,clamour
Diyoyo,Crierie,-5.0,Negative,Mot,criery,Imfihlo,Huil,Sediere .,Ceriry,cramer,expanded_shona_alt,kuchema
"Diyoyo,Disumpakana",Confusion,-6.0,Negative,Mot,confusion,Isidididi,Verwarring,Tlhakatlhakano,Ukudideka,nyonganiso,expanded_shona_alt,kuvhiringidzika
E(Bulelelamenemene),Certes,0.0,Neutre,Mot,certainly,Impela,Sekerlik,Ka nnete,Ngokuqinisekileyo,zvirokwazvo,expanded_shona_lexicon,zvirokwazvo
Ekola,École,3.0,Positive,Mot,school,Isikole,Skool,Sekolo,Isikolo,chikoro,expanded_shona_lexicon,chikoro
Ekuneeku(Kutangadika),Çaetlà,0.0,Neutre,Mot,here and there,Lapha nalaphaya,Hier en daar,mo le mo .,Apha kwaye apho,heino uye ipapo,expanded_shona_alt,pano nepapo
Emeraude,Émeraude,2.0,Positive,Mot,emerald,Emerald,Smarag,Emerald .,I-emerald,emerald,expanded_shona_loanword,emerald
Epikuleo,Épicurien,5.0,Positive,Mot,epicurean,Isesikhukazi,Epikuriese,Epicurean .,Epikuyan,epicurean,expanded_shona_alt,epikuro
Esete,Orient,1.0,Neutre,Mot,east,Impumalanga,Oos,Bohlabela,Bucala ngasekhohlo,mabvazuva,expanded_shona_lexicon,mabvazuva
Etata,Ephphatha,5.0,Positive,Mot,ephphatha,I-Ephphatha,Effata,Ephphatha .,Efpatha,efirha,expanded_shona_alt,efata
Kufilamulubu,Rapporter,1.0,Positive,Verbe,report,Ukwenza umbiko,Rapporteer,Pego,Ingxelo,chirevo,expanded_shona_lexicon,chirevo
Kufinda,Sombre,4.0,Positive,Verbe,dark,-Hwelele,Donker,Leswiswi,Mnyama,rima,expanded_shona_lexicon,rima
KufindakuaNvula,Orage,5.0,Positive,Verbe,thunderstorm,Isiphepho,Donderstorm,Ledimo la go duma .,Indudumo,kutinhira,expanded_shona_alt,mabhanan'ana
Kufua,Mourir,7.0,Positive,Verbe,die,Shona,Sterf,Hlokofala,Ufe,kufa,expanded_shona_lexicon,kufa
Kufualuse,Apaiser,6.0,Positive,Verbe,soothe,Slothe,Kalmeer,Soothe .,Toothe,soothe,expanded_shona_loanword,soothe
Kufuana,Ressembler,9.0,Positive,Verbe,look like,Kufana ne,Lyk soos,Lebelela bjalo ka .,Ibonakala njenge,fanana,expanded_shona_lexicon,fanana
Kufuangikija,Supposer,8.0,Positive,Verbe,assume,Cabangela,Aanvaar,Bona gore,Cinga,fungidzira,expanded_shona_lexicon,fungidzira
Kufuanyikija,Représenter,4.0,Positive,Verbe,represent,Mela,Verteenwoordig,Emela,Zimele,inomiririra,expanded_shona_lexicon,inomiririra
Kufuanyikila,Imagination,4.0,Positive,Verbe,imagination,Okubunjwe inhliziyo,Verbeelding,Boikgopolelo .,Umbono,kufungidzira,expanded_shona_lexicon,kufungidzira
Kufubidisha,Sécher,9.0,Positive,Verbe,dry,-Omile,Droog,Omile,Yomile,kuoma,expanded_shona_lexicon,kuoma
Kufubila,Flétrir,9.0,Positive,Verbe,wither,Vutha,Verdor,M o o t r e r .,Buna,vaoma,expanded_shona_lexicon,vaoma
Kufuilangana,Interdire,9.0,Positive,Verbe,to forbid,Ukwenqabela,Om te verbied,Go thibela .,Ukunqanda,kurambidza,expanded_shona_lexicon,kurambidza
Kufuka,Créer,9.0,Positive,Verbe,create,Dala,Skep,Hlama,Dala,gadzira,expanded_shona_lexicon,gadzira
Kufuma,Revenir,8.0,Positive,Mot,to come back,Ukubuya,Om terug te kom,go boa .,Ukubuya,kudzoka,expanded_shona_lexicon,kudzoka
Kufuna(bulobo),Déchaîner,8.0,Positive,Mot,unleash,Dela,Ontketen,Unleash .,Ungenise,uleash,expanded_shona_lexicon,uleash
Kufunafuna,Jactance,-1.0,Negative,Mot,jactance,Ukujena,Jaktance,Jactance .,Jackence,jactance,expanded_shona_loanword,jactance
Kufunda,Prescrire,7.0,Positive,Mot,prescribe,Khetha,Voorskryf,laela .,Nikezela,nyora,expanded_shona_lexicon,nyora
Kufunda,Rédiger,7.0,Positive,Verbe,write,Bhala,Skryf,Ngwala,Bhala,nyora,expanded_shona_lexicon,nyora
Kufunda,Inscrire,7.0,Positive,Mot,register,Regista,Registreer,Ingwadiša,Irejista,rejista,expanded_shona_lexicon,rejista
Kufundapatshintutshikole(dibue…),Graver,-1.0,Negative,Mot,engrave,Ukuqopha ukudweba,Graveer,Engrave .,Ukuqhutywa,engrave,expanded_shona_loanword,engrave
"Kufunda,kusangisha",Composer,1.0,Positive,Mot,compose,Lahlela,Komponeer,Hlama .,Qamba,nyora,expanded_shona_lexicon,nyora
Kufundisha,Enregistrer,1.0,Positive,Mot,save,Hlenga,Stoor,Boloka,Gcina,chengetedza,expanded_shona_alt,sevha
Kufuta,Payer,3.0,Positive,Mot,pay,Bhadala,Betaal,Lefa,Hlawula,kubhadhara,expanded_shona_lexicon,kubhadhara
Kufutadibanza,Dépenser,4.0,Positive,Mot,spend,Khipha,Spandeer,Ntšha tšhelete,Chitha,shandisa,expanded_shona_lexicon,shandisa
Kuiba,Dérober,5.0,Positive,Mot,steal,Ntshontsha,Steel,Utswa,Ukuba,kuba,expanded_shona_lexicon,kuba
Kuibaka,Bâtir,-3.0,Negative,Mot,build,Akha,Bou,Aga,Yakha,kuvaka,expanded_shona_alt,vaka
kuibakulula,Réédifier,6.0,Positive,Mot,re-edit,Hlela kabusha,Redigeer,hlophisa botjha .,Hlela kwakhona,re-kugadzirisa,expanded_shona_lexicon,re-kugadzirisa
Kuidikija,Imiter,8.0,Positive,Verbe,imitate,Lingisa,Imiteer,Ekiša .,Xelisa,tevedzera,expanded_shona_lexicon,tevedzera
Kuikala,Exister,9.0,Positive,Mot,exist,Hlala,Bestaan,Go ba gona,Zikhona,kuvapo,expanded_shona_alt,uripo
Kuikala(muakuwapamuanda),Être,8.0,Positive,Mot,be,Yiba,Wees,Go ba,Yiba,be,expanded_shona_alt,iva
Kuikala(muaku),Être,-3.0,Negative,Mot,be,Yiba,Wees,Go ba,Yiba,be,expanded_shona_alt,iva
Kuikala(mukumbane),Capable,1.0,Positive,Mot,able,-Kwazi,Bekwaam,Kgona,Uyakwazi,kugona,expanded_shona_lexicon,kugona
Kuikalamufue,Mort,9.0,Positive,Mot,dead,-Fileyo,Dood,Hlokofetše,Ufile,akafa,expanded_shona_alt,vakafa
Kuikalamunyokibue,Torturé,1.0,Positive,Mot,torture,Nqamuleza,Marteling,Tlaiša,Intuthumbo,kushungurudzwa,expanded_shona_alt,kutambudza
Kuikalamusungudibuediambedi,Préordonner,-9.0,Negative,Mot,preorder,Ngaphambi koku-oda,Voorafbestelling,Preorder .,I-ODA yangaphambili,preorder,expanded_shona_loanword,preorder
Kuikalamutambibue,Vaincu,-8.0,Negative,Mot,defeated,Kunqobile,Verslaan,E fentšwe .,Yoyisiwe,kukundwa,expanded_shona_lexicon,kukundwa
Kuikalamutshimunyi,Vainqueur,3.0,Positive,Mot,winner,Owinileyo,Wenner,Mofenyi .,Ophumeleleyo,kuhwina,expanded_shona_lexicon,kuhwina
Kuikalane(bukokeshi),Disposer,2.0,Positive,Mot,arrange,Hlela,Reël,Beakanya,Cwangcisa,ronga,expanded_shona_lexicon,ronga
Kuikalanebua,Devoir,6.0,Positive,Mot,duty,Isibopho,Plig,Mošomo,Umsebenzi,basa,expanded_shona_lexicon,basa
Kuikalanedikima,Enhardir,5.0,Positive,Mot,embolden,Mbumba,Embolden,Sethunya sa go ba le sebete .,Embolden,embolden,expanded_shona_loanword,embolden
KuikalaneMukawu,Envieux,8.0,Positive,Mot,envious,-Hawukelayo,Afgunstig,mona .,Onemona,godo,expanded_shona_alt,shanje
Kuikalanemusangu(netshikondo),Vaquer,9.0,Positive,Verbe,vacation,Ikhefu,Vakansie,Maikhutšo,Iholide,zororo,expanded_shona_lexicon,zororo
Kuikalanentema,Attentif,1.0,Positive,Verbe,attentive,-Qaphelisayo,Oplettend,HLOKOMELANG .,Imamela,teerera,expanded_shona_lexicon,teerera
Kuikalanetshikondo,Loisir,-8.0,Negative,Verbe,leisure,Ukuzihlalela,Ontspanning,Boiketlo,Ukuzonwabisa,kusununguka,expanded_shona_alt,kutandara
Kuikalakukumubidi,Présence,4.0,Positive,Verbe,presence,Ukuba khona,Teenwoordigheid,Go ba gona,Ubukho,kuvapo,expanded_shona_alt,huvepo
Kuikalanemuoyo,Vivre,5.0,Positive,Verbe,live,Zwa,Leef,Phela,Phila,rarama,expanded_shona_lexicon,rarama
Kuikisha,Récréer,9.0,Positive,Verbe,recreate,Buyisela,Herskep,Bopa gape .,Phinda,varaidzo,expanded_shona_lexicon,varaidzo
Kuimana,Arrêter,-5.0,Negative,Mot,stop,Ima,Stop,Ema,Yeka,mira,expanded_shona_lexicon,mira
Kuimansha,Arracher,-8.0,Negative,Mot,to tear out,Ukudiliza,Om uit te skeur,Go gagoga .,Ukuthoba,kubvarura,expanded_shona_lexicon,kubvarura
Kuimanyika,Suspendre,3.0,Positive,Verbe,suspend,Hlehlisa,Opskort,Go emišwa .,Nqumamisa,kumisa,expanded_shona_lexicon,kumisa
Kuimanyikakutshilumbuluidi,Traduire,4.0,Positive,Mot,translate,Humusha,Vertaal,Fetolela,Guqula,dudziro,expanded_shona_alt,shandura
Kuimba,Chanter,6.0,Positive,Verbe,sing,Cula,Sing,Opela,Cula,imba,expanded_shona_alt,imbai
Kuinamumayimanene,Noyer,-5.0,Negative,Verbe,walnut,Ziyadliwa,Okkerneut,Walnut .,I-walnut,walnut,expanded_shona_loanword,walnut
Kuinama,Baisser,7.0,Positive,Verbe,lower,Shonisa,Laer,Fasana,Isezantsi,kuderera,expanded_shona_lexicon,kuderera
Kuindila,Attendre,3.0,Positive,Verbe,to wait for,Ukulinda,Om te wag,go leta .,Ukulinda,kumirira,expanded_shona_lexicon,kumirira
Kuinjidila,Renfermer,7.0,Positive,Verbe,enclose,Buyela,Sluit in,Akaretša .,Faka,enclose,expanded_shona_loanword,enclose
Kuinyika,Motmer,9.0,Positive,Verbe,motmer,Umhumushi,Motmer,Motmer .,Umzobo,motmer,expanded_shona_loanword,motmer
"Kuinyika(dina),kubikila",Appeler,1.0,Positive,Verbe,to call,Ukushayela ucingo,Om te bel,go bitša .,Ukubiza,kufona,expanded_shona_lexicon,kufona
Kuinyisha,Plonger,6.0,Positive,Mot,dive,Ziphonsa ngekhanda emanzini,Duik,Thinya,Dive,dive,expanded_shona_loanword,dive
Kuipata;kumusha,Chasser,1.0,Positive,Verbe,hunt,Ukuzingela,Jag,Tsoma,Ukuzingela,kuvhima,expanded_shona_lexicon,kuvhima
Kuipatshila,Aborder,1.0,Positive,Verbe,to land,Ukufika Emhlabeni,Om te land,go kotama .,Emhlabeni,kusvika pasi,expanded_shona_alt,kudzika
Kuipila,Déchausser,5.0,Positive,Verbe,take off your shoes,Susa izicathulo zakho,Trek jou skoene uit,Tloša dieta tša gago .,Susa izihlangu zakho,bvisa shangu dzako,expanded_shona_lexicon,bvisa shangu dzako
Kuitabuatu,Ramer,-9.0,Negative,Verbe,row,Gwedla,Ry,Mothalo,Umqolo,mutsara,expanded_shona_lexicon,mutsara
Kuitabuja,Accepter,-9.0,Negative,Verbe,accept,Amukela,Aanvaar,Amogela,Yamkela,gamuchira,expanded_shona_lexicon,gamuchira
Kuitabuja(bualu),Affirmer,4.0,Positive,Mot,affirm,Nyanisa,Bevestig,Tiiša .,Qinisekisa,simbisa,expanded_shona_alt,bvisa
"Kuitabuja,kuangatakumudimu",Engager,-8.0,Negative,Verbe,engage,Sebenzisa iqhaza,Betrek,Beeletša,Ukuzibandakanya,ita,expanded_shona_lexicon,ita
Kuitabujibua,Acceptation,6.0,Positive,Verbe,acceptance,Ukwamukela,Aanvaarding,Kamogelo .,Ukwamkelwa,kugamuchirwa,expanded_shona_alt,kubvuma
Kuitabusha,Pernicieux,2.0,Positive,Verbe,pernicious,-Nonya,Verderflik,E senyago .,Enomsindo,kuwirirana,expanded_shona_alt,inotyisa
Kûja,Remplir,4.0,Positive,Verbe,fill,Gcwalisa,Vul,Tlatša,Gcwalisa,zadza,expanded_shona_lexicon,zadza
Kujadika,Approuver,5.0,Positive,Verbe,approve,Vumela,Keur goed,Dumelela,Vuma,bvumidza,expanded_shona_alt,bvumira
Kujalama,Ferme,2.0,Positive,Verbe,farm,Ipulazi,Plaas,Polase,Ifama,purazi,expanded_shona_lexicon,purazi
Kujana,Murmurer,1.0,Positive,Verbe,whisper,Nyenyeza,Fluister,Hwenahwena,Whisper,whisper,expanded_shona_alt,zevezera
Kujanguluka,Tarder,3.0,Positive,Verbe,delay,Libazisa,Vertraag,Diega,Ukulibaziseka,kunonoka,expanded_shona_lexicon,kunonoka
Kujibika,Boucher,3.0,Positive,Verbe,butcher,ukuhlaba inyama,Slagter,Butcher ya nama .,umxheli,butcher,expanded_shona_loanword,butcher
Kujidila,Consacrer,2.0,Positive,Mot,dedicate,Nikela,Wyd toe,ineela .,Nikezela,tsaurira,expanded_shona_lexicon,tsaurira
Kujika,Défaillir,3.0,Positive,Verbe,fail,Phutha,Misluk,Palelwa,Usilele,kutadza,expanded_shona_lexicon,kutadza
Kujikija,Accomplir,4.0,Positive,Verbe,accomplish,Feza,Voltooi,Fihlelela,Phumeza,zadzisa,expanded_shona_alt,pedzisa
Kujikuila,,1.0,Positive,Verbe,nah,nah,nee,Nah .,nah,nah,expanded_shona_loanword,nah
Kujilakuabiakudia,Jeûner,-7.0,Negative,Verbe,fast,Sheshayo,Vinnig,Potlako,Ngokukhawuleza,nekukurumidza,expanded_shona_lexicon,nekukurumidza
Kujima,Éteindre,2.0,Positive,Verbe,turn off,Vala,Skakel af,Tima .,Cima,dzima,expanded_shona_lexicon,dzima
Kujimija,Abolition,1.0,Positive,Verbe,abolition,Ukuqedelana,Afskaffing,Go fedišwa .,Ukupheliswa,kubviswa,expanded_shona_lexicon,kubviswa
Kujimika,Perle,1.0,Positive,Mot,pearl,Amaphelisi,Pêrel,Perela .,Iperile,pearl,expanded_shona_loanword,pearl
Kujimina,Effacer,1.0,Positive,Mot,to erase,Ukusula,Om uit te vee,Go phumola .,Ukucima,kudzima,expanded_shona_lexicon,kudzima
Kujingila,Bander,2.0,Positive,Mot,get hard,Thola kanzima,Word hard,thata .,Yiba nzima,tora zvakaoma,expanded_shona_alt,wana zvakaoma
Kujingila,Emmailloter,-5.0,Negative,Verbe,swaddle,Swaddle,Swaddle,Swaddle .,Swaddle,swaddle,expanded_shona_loanword,swaddle
Kujinguluila,Expliquer,-9.0,Negative,Verbe,explain,Chasisa,Verduidelik,Hlaloša,Chaza,tsanangura,expanded_shona_lexicon,tsanangura
Kujingulula,Discerner,4.0,Positive,Verbe,discern,Hlola,Onderskei,Temogo .,Qaphela,nzwisisa,expanded_shona_lexicon,nzwisisa
Kujula,Déraciner,4.0,Positive,Verbe,uproot,Isiphepho,Ontwortel,Go tumolwa ka medu .,Ukuphosa,kumutsa,expanded_shona_alt,bvisa
Kujuladiyoyo,Contester,4.0,Positive,Mot,challenge,Cela,Uitdaging,Tlhotlo,Umngeni,dambudziko,expanded_shona_lexicon,dambudziko
"Kukama,kuma",Tarir,4.0,Positive,Verbe,dry up,Yomile,Droog op,Omisa godimo .,Yomisiwe,kuoma,expanded_shona_lexicon,kuoma
Kukanda,Bride,4.0,Positive,Verbe,flange,I-flange,Flens,Flange .,Iflange,flange,expanded_shona_loanword,flange
Kukanda(Kakuyi),Empêchement,4.0,Positive,Verbe,prevention,Ukuvimbela,Voorkoming,Thibelo .,Ukuthintela,kudzivirira,expanded_shona_lexicon,kudzivirira
Kukandika,Enjoindre,4.0,Positive,Verbe,enjoin,Isixumulo,Gee aan,enjoin .,Yayalela,fungai,expanded_shona_lexicon,fungai
Kukanga,Fermer,-2.0,Negative,Verbe,close,Ngokuminyanisa,Maak toe,Tswalela,Vala,vhara,expanded_shona_lexicon,vhara
Kukangila,Enfermer,2.0,Positive,Verbe,lock up,Ukukhiya,Sluit toe,Notlela godimo .,Tshixela,kukiya,expanded_shona_lexicon,kukiya
Kukanka,Frémir,2.0,Positive,Verbe,shudder,Shukume,Ridder,Go thothomela .,Umthubi,shudder,expanded_shona_loanword,shudder
Kukanyina,Menacer,2.0,Positive,Verbe,threaten,Songela,Dreig,Tšhošetša,Songela,kutyisidzira,expanded_shona_lexicon,kutyisidzira
Kukeba,Chercher,2.0,Positive,Verbe,seek,Khwathaza,Soek,Nyaka,Funa,tsvaga,expanded_shona_lexicon,tsvaga
Kukebanelukunukunu,Rechercher,2.0,Positive,Verbe,to research,Ukucwaninga,Om navorsing te doen,go dira nyakišišo .,Ukuqhuba,kutsvagisa,expanded_shona_alt,kutsvakurudza
Kukebulula,Sonder,2.0,Positive,Verbe,probe,Icala lolo munye noma,Ondersoek,Probe .,Probe,probe,expanded_shona_loanword,probe
Kukema,Ému,2.0,Positive,Verbe,moved,Ethuse,Geskuif,Moved .,Ishukunyisiwe,kutama,expanded_shona_alt,asuduruka
Kukemesha,Étonne,2.0,Positive,Verbe,surprised,Mangangele,Verras,Maketše,Yamangaliswa,akashamisika,expanded_shona_lexicon,akashamisika
Kukenga,"Souffrir,Subir",-4.0,Negative,Mot,"suffer, suffer","Ahlupheke, ahlupheke","Ly, ly","tlaišega, tlaišega .","Buhlungu, yiva","tambura, tambura",expanded_shona_alt,"kutambudzika, kutambudzika"
Kukenga(bikole),Cruellement,-4.0,Negative,Mot,cruelly,-Nonya,Wreed,Ka sehlogo .,Ngenkani,zvine hutsinye,expanded_shona_alt,hutsinye
"Kukengela,kuikalabikengela",Falloir,-4.0,Negative,Mot,to need,Ukudinga,Om te benodig,go hloka .,Ukufuna,kuda,expanded_shona_lexicon,kuda
Kukengesha,Dévaster,1.0,Positive,Mot,devastate,Bhuqa,Verwoest,Senya sa go senya .,Chitha,kuparadza,expanded_shona_lexicon,kuparadza
Kukenka,Briller,4.0,Positive,Mot,shine,Khanya,Skyn,Phadima,Kukhanya,penya,expanded_shona_lexicon,penya
"Kukenka,kutema",Reluire,-2.0,Negative,Verbe,shine,Khanya,Skyn,Phadima,Kukhanya,penya,expanded_shona_lexicon,penya
Kukenkesha,Illuminer,-3.0,Negative,Mot,illuminate,Khanyisa,Verlig,Sedile .,Khanyisa,kuvhenekera,expanded_shona_lexicon,kuvhenekera
Kukepesha,Abréger,1.0,Positive,Verbe,shorten,Nciphisa,Verkort,Khutsufatsa .,Mfutshane,kupfupisa,expanded_shona_lexicon,kupfupisa
Kukina,Horreu,-5.0,Negative,Verbe,horror,Ukwesaba okukhulu,Gruwel,Poifo,Yorar,zvinotyisa,expanded_shona_lexicon,zvinotyisa
Kukoka,Attirer,2.0,Positive,Verbe,attract,Khanga,Lok,Ba le maatlakgogedi,Tsala,kukwezva,expanded_shona_lexicon,kukwezva
Kukoka,Tirer,2.0,Positive,Verbe,to pull,Ukudonsa,Om te trek,Go goga .,Ukutsala,kudhonza,expanded_shona_lexicon,kudhonza
Kukokela,Assujettir,2.0,Positive,Verbe,subject,Beka,Onderwerp,Hlogotaba,Isifundo,musoro,expanded_shona_alt,chidzidzo
Kukokesha,Alimenter,2.0,Positive,Mot,feed,Idili,Voer,Fepa,Yondla,kudyisa,expanded_shona_lexicon,kudyisa
Kukolesha,Affermir,-3.0,Negative,Mot,strengthen,Qinisa,Versterk,Matlafatsa .,Yomeleza,simbisa,expanded_shona_lexicon,simbisa
Kukolesha(mutshima),soncœur,6.0,Positive,Mot,his heart,Inhliziyo Yakhe,sy hart,Pelo ya gagwe .,Intliziyo yakhe,mwoyo wake,expanded_shona_lexicon,mwoyo wake
Kukoleshakuamutshima,Courage,3.0,Positive,Verbe,courage,Isibindi,Moed,Mafolofolo,Isibindi,ushingi,expanded_shona_lexicon,ushingi
Kukomba,Balayer,-9.0,Negative,Mot,sweep,Shanela,Vee,Swiela,Ukutshayela,kutsvaira,expanded_shona_alt,tsvaira
Kukonka,Interroger,1.0,Positive,Verbe,ask,Buza,Vra,Kgopela,Buza,bvunza,expanded_shona_lexicon,bvunza
Kukonkangana,Entre-demander,1.0,Positive,Mot,inter-ask,Inter-Buza,Inter-vra,Inter-kgopelang .,Ungene,inter-bvunza,expanded_shona_lexicon,inter-bvunza
Kukonya(binu),Ployer,1.0,Positive,Verbe,ploy,Amapulangwe,Ploeg,Leano la go ba le molao .,Ploy,ploy,expanded_shona_loanword,ploy
Kukonyangaja,Tordre,1.0,Positive,Mot,twist,Sontana,Draai,Sopha,Twist,twist,expanded_shona_loanword,twist
Kukosa,Couper,-1.0,Negative,Mot,cut,Ukusika,Sny,Ripa,Sika,cheka,expanded_shona_lexicon,cheka
Kukosamutu,Décapiter,2.0,Positive,Mot,decapitate,Khohlisa,Onthoof,Decapitate .,Isidingu,kudengenyeka,expanded_shona_lexicon,kudengenyeka
Kukosanensele,Scier,4.0,Positive,Mot,saw,Isaha,Saag,Bone,Wabona,saw,expanded_shona_loanword,saw
Kukoyobuka,Dévoyer,4.0,Positive,Mot,deflect,Delela,Deflekteer,Deflect .,Ukuthotywa,deflect,expanded_shona_loanword,deflect
Kukuabu,Ailleurs,4.0,Positive,Verbe,elsewhere,Kwenye indawo,Elders,Felo go gongwe .,Kwenye indawo,kumwe kunhu,expanded_shona_alt,kumwewo
Kukuamba,Rapporter,4.0,Positive,Verbe,report,Ukwenza umbiko,Rapporteer,Pego,Ingxelo,chirevo,expanded_shona_lexicon,chirevo
Kukuata,Imposer,4.0,Positive,Verbe,impose,Thela,afdwing,Lefiša,Faka,kumanikidza,expanded_shona_lexicon,kumanikidza
Kukuatamudimu,Administrer,4.0,Positive,Verbe,administer,Singatha,Administreer,Go laola .,Phatha,maneja,expanded_shona_alt,administrator
Kukuatshika,Enivrer,-3.0,Negative,Verbe,intoxicate,Intombazanazazana,Bedwelm,Botaki .,Yiyo,kudhira,expanded_shona_lexicon,kudhira
Kukuatshikane(…buowa),Emparer,4.0,Positive,Verbe,seize,Qhwaga,Gryp,Golega,Bamba,mubate,expanded_shona_lexicon,mubate
Kukuatshisha,Aider,-2.0,Negative,Verbe,help,Usizo,Help,Thušo,Nceda,rubatsiro,expanded_shona_lexicon,rubatsiro
Kukuatshisha(nebintu),Kukuatshisha,-1.0,Negative,Verbe,kukuatshisha,Kukuatshisha,Kukuatshisha,Kukuatshisha .,I-Kukuatshisha,kukuatshisha,expanded_shona_loanword,kukuatshisha
Kukuatshishakudidiunda,Contribueràl'avancement,-6.0,Negative,Verbe,contribute to advancement,Yiba nokuthuthuka,Dra by tot vooruitgang,Go tsenya letsogo go tšwelopele .,Igalelo kwinkqubela phambili,batsira kufambira mberi,expanded_shona_alt,batsira kufambiro mberi
Kukuba,Épargner,2.0,Positive,Verbe,save,Hlenga,Stoor,Boloka,Gcina,chengetedza,expanded_shona_alt,sevha
Kukudika,Pendre,2.0,Positive,Verbe,hang,Zula,Hang,Ikgama,Hang,hang,expanded_shona_loanword,hang
Kukudimuka,Convertir,2.0,Positive,Verbe,convert,Guqula,Skakel om,Fetoša,Guqula,shandura,expanded_shona_lexicon,shandura
Kukudimuna,Changer,2.0,Positive,Verbe,to change,Ukushintsha,Om te verander,go fetoga .,Ukutshintsha,kuchinja,expanded_shona_lexicon,kuchinja
Kukudimunakuamutshima,Conversion,-1.0,Negative,Verbe,conversion,Ukuphenduka,Omskakeling,Phetolelo ya go sokologa .,Ukuguqulwa,kutendeuka,expanded_shona_lexicon,kutendeuka
Kukuila,Hommage,5.0,Positive,Verbe,tribute,Okuhlonipha,Huldeblyk,Tribute .,Irhafu,mutero,expanded_shona_lexicon,mutero
Kukukuila,Adorer,6.0,Positive,Verbe,worship,Dumisa,Aanbidding,Tumiša,Unqulo,kunamata,expanded_shona_lexicon,kunamata
Kukulakaja,Kukulakaja,2.0,Positive,Verbe,kukulakaja,Kukulakaja,Kukulakaja,Kukulakaja .,I-Kwenzeka,kukura ka,expanded_shona_alt,kukurakaja
Kukuma,Châtier,1.0,Positive,Verbe,punish,Hlawulisa,Straf,Go otla .,Ukohlwaya,kuranga,expanded_shona_alt,ranga
Kukumadikasaku,Heurter,-2.0,Negative,Verbe,hit,Shaya,Tref,Betha,Hit,rova,expanded_shona_lexicon,rova
Kukumakumutshimutshiamakane,Crucifier,3.0,Positive,Verbe,crucify,Mbethela,Kruisig,Go bapola .,Mbethelele,kurovererwa,expanded_shona_alt,murovererei
Kukumamutshima,Convoiter,2.0,Positive,Verbe,covet,Vala,Begeer,Kganyogo ya go kganyogwa .,Inkanuko,kuchiva,expanded_shona_lexicon,kuchiva
Kukumbaja,Compléter,4.0,Positive,Verbe,complete,Feza,Voltooi,Feleletše,Gcwalisa,zadzisa,expanded_shona_lexicon,zadzisa
"Kukumbaja,kuwuja",Abonder,4.0,Positive,Mot,abound,Ningi futhi,Oorvloedig,a atile .,Indand,zvakawanda,expanded_shona_alt,akawanda
Kukumbana,Suffisant,4.0,Positive,Mot,sufficient,-Lingene,Voldoende,Lekanetšego,Zanele,kukwana,expanded_shona_alt,zvakakwana
Kukumbanababungi,Multiplier,4.0,Positive,Verbe,multiply,Andisa,Vermenigvuldig,atisa .,Phinda-phinda,wedzera,expanded_shona_alt,wanza
Kukumbanyina,Mériter,4.0,Positive,Verbe,deserve,Fanela,Verdien,Swanelwa ke,Kufanelekile,zvakakodzera,expanded_shona_lexicon,zvakakodzera
Kukuna,Planter,4.0,Positive,Verbe,plant,Tshala,Plant,Semela,Tyala,chirimwa,expanded_shona_lexicon,chirimwa
Kukungija,Ramasser,4.0,Positive,Verbe,pick up,Phakamisa,Tel op,Topa,Phakamisa,nhonga,expanded_shona_lexicon,nhonga
Kukungula,Rugir,4.0,Positive,Verbe,roar,Bhosa,Gebrul,Go rora .,Roar,roar,expanded_shona_loanword,roar
Kukuobamisha,Courber,4.0,Positive,Verbe,bend,Gobisa,Buig,Koba,Gobe,bend,expanded_shona_loanword,bend
Kukupa,Lancer,4.0,Positive,Mot,throw,Phonsa,Gooi,Foša,Phosa,kukanda,expanded_shona_alt,kanda
Kukupamutu,Hocher,4.0,Positive,Verbe,nod,Nqekuzisa ikhanda,Knik,nod .,Nod,nod,expanded_shona_loanword,nod
Kukupula,Essuyer,4.0,Positive,Verbe,to wipe,Ukusula,Om af te vee,Go phumola .,Ukusula,kupukuta,expanded_shona_lexicon,kupukuta
Kukuta(kumeyi…),Surprendre,4.0,Positive,Verbe,surprise,Mangaza,Verrassing,Makatša,Ukumangala,kushamisika,expanded_shona_lexicon,kushamisika
Kukutshisha,Rassasier,4.0,Positive,Verbe,satisfy,Gculisa,Bevredig,Kgotsofatša,Yanelisa,kugutsa,expanded_shona_lexicon,kugutsa
Kûla,"Emplir,Enfler",-7.0,Negative,Mot,"fill, swell","Gcwalisa, ukuvuvukala","Vul, Swell","Tlatša, go ruruga .","Gcwalisa, dumba","zadza, zvitsvage",expanded_shona_alt,"zadza, zvimba"
Kuladiyibikole,Écrier,-5.0,Negative,Verbe,write,Bhala,Skryf,Ngwala,Bhala,nyora,expanded_shona_lexicon,nyora
Kûlakuamusulu,Inondation,4.0,Positive,Verbe,flood,Isikhukhula,Vloed,Mafula,Umkhukula,mafashama,expanded_shona_alt,mafashamo
Kulaba,Embaumer,4.0,Positive,Verbe,embalm,Insolo,Balsem,Setlolo sa go tlotša .,Imfazwe,kusasika,expanded_shona_lexicon,kusasika
Kulabamanyi,Oindre,4.0,Positive,Verbe,anoint,-Nela phansi,Salf,Tlotši ya go tlotša .,Ithambiso,anoint,expanded_shona_loanword,anoint
Kulabula,Goûter,4.0,Positive,Verbe,to taste,Ukunambitha,Om te proe,Go latswa .,Ukungcamla,kuravira,expanded_shona_lexicon,kuravira
Kulaka,Lécher,4.0,Positive,Verbe,lick,Khotha,Lek,Latswa,Lick,lick,expanded_shona_loanword,lick
Kuloka,Pleuvoir,4.0,Positive,Verbe,rain,Imvula,Reën,Pula,Imvula,kunaya,expanded_shona_alt,mvura
"Kulala,kuladika",Loger,4.0,Positive,Verbe,accommodate,Hlalisa,Akkommodeer,Amohelang .,Hlala,gadzirira,expanded_shona_lexicon,gadzirira
Kulama,Conservation,4.0,Positive,Verbe,conservation,Ukongiwa,Bewaring,Pabalelotlhago,Ulondolozo,kuchengetedza,expanded_shona_lexicon,kuchengetedza
"Kulama,kushiya",Réserver,4.0,Positive,Mot,to book,Ukubhuka,Om te bespreek,Go beakanya puku .,Ukubhuka,kubhuku,expanded_shona_lexicon,kubhuku
Kulamakaja,Unir,4.0,Positive,Verbe,unite,Bandakanya,Verenig,Kopanya .,Ndidibanise,kubatana,expanded_shona_lexicon,kubatana
Kulamakajibua,Participation,4.0,Positive,Verbe,participation,Ukuhlanganyela,Deelname,Go tšea karolo .,Ukuthatha inxaxheba,kutora chikamu,expanded_shona_lexicon,kutora chikamu
Kulamata,Dépendre,4.0,Positive,Verbe,depend,Enqika,Hang af,Holofela,Kuxhomekeke,zvinoenderana,expanded_shona_lexicon,zvinoenderana
Kulambuisha,Percevoir,4.0,Positive,Verbe,perceive,Qonda,Waarneem,Lemoga,Qaphela,zvinonzwisisika,expanded_shona_lexicon,zvinonzwisisika
Kulambula,Sacrifier,4.0,Positive,Verbe,sacrifice,Hlabela,Opoffering,Ba sehlabelo,Ukubingelela,chibayiro,expanded_shona_lexicon,chibayiro
Kulamikaditambadiamutshi,Enter,4.0,Positive,Verbe,enter,Ngena,Voer in,Tsena,Ngena,pinda,expanded_shona_lexicon,pinda
Kulaya,Ajourner,-5.0,Negative,Verbe,adjourn,Hlehlisa,Verdaag,Go šuthiša nako .,I-adjord,adjururur,expanded_shona_lexicon,adjururur
Kulayidila,Excuser,3.0,Positive,Verbe,excuse,Xolela,Ekskuus,Lebalela,Uxolo,ruregerero,expanded_shona_alt,kuregerera
Kule(udi),Éloigné,3.0,Positive,Verbe,distant,-Buqamama,Veraf,Kgole .,Kude,kureba,expanded_shona_alt,kure
Kuledibua,Naissance,3.0,Positive,Verbe,birth,Ukuzalwa,Geboorte,Matswalo .,Ukuzalwa,kuzvarwa,expanded_shona_lexicon,kuzvarwa
Kuledibuakuatshiakabidi,Naîtredenouveau,3.0,Positive,Verbe,be born again,ukuzalwa kabusha,wedergebore word,Tswala gape .,ndizalwe ngokutsha,bereka patsva,expanded_shona_alt,kuzvarwa patsva
Kuleja,Indiquer,3.0,Positive,Verbe,indicate,Khombisa,Dui aan,Laetša,Bonisa,ratidza,expanded_shona_lexicon,ratidza
Kulejatshilema,Reprocher,3.0,Positive,Verbe,to reproach,Ukuhlambalaza,Om te verwyt,go nyatša .,Ukugculelwa,kushora,expanded_shona_alt,kuzvidza
Kulekela,Abandon,3.0,Positive,Verbe,abandonment,Ukulahlwa,Verlating,Go Tloga .,Ukuyeka,kusiiwa,expanded_shona_lexicon,kusiiwa
Kulekelela,Acquitter,3.0,Positive,Verbe,acknowledge,Vuma,Erken,Amogela,Vuma,bvuma,expanded_shona_lexicon,bvuma
Kulekelelamuntububi,Pardonner,-3.0,Negative,Verbe,forgive,Xolela,Vergewe,Lebalela,Xolela,kanganwira,expanded_shona_alt,regererai
Kulela,Accoucher,-4.0,Negative,Verbe,give birth,Zala,Geboorte gee,go belega .,Zala,zvara,expanded_shona_lexicon,zvara
Kulelelatshiakabidi,Régénérer,4.0,Positive,Verbe,regenerate,Hlanganisa,Regenereer,Tsošološa .,Hlaziya kwakhona,regenerate,expanded_shona_loanword,regenerate
Kulenduisha,Scandaliser,4.0,Positive,Verbe,scandalize,Ona,Skandaaliseer,Scandalize .,Hlamba,nyadzisa,expanded_shona_lexicon,nyadzisa
Kulenduka,Broncher,-2.0,Negative,Verbe,flinch,Umgqugquzo,Flinch,Flinch .,I-flinch,flinch,expanded_shona_loanword,flinch
Kulenga,Toucher,5.0,Positive,Verbe,to touch,Ukuthinta,Om aan te raak,Go kgoma .,Ukuchukumisa,kubata,expanded_shona_lexicon,kubata
Kulengeja,Orner,5.0,Positive,Verbe,adorn,Hlabisa,Versier,Mokgabišo .,I-adorn,shongedza,expanded_shona_lexicon,shongedza
Kulengejatshishiki,Perfidie,-6.0,Negative,Verbe,perfidy,Umphetho,Perfiditeit,Perfidy .,I-perfidy,perfidy,expanded_shona_loanword,perfidy
Kulengeja,Sanctifier,3.0,Positive,Verbe,sanctify,Ngcwelisa,Heilig,Kgalemo ya go kgetha .,Ngcwalisa,tsvenesa,expanded_shona_alt,sactify
Kulengejibua,Perfectionnement,3.0,Positive,Verbe,improvement,Ukululama,Verbetering,Kaonafalo,Ukuphuculwa,kuvandudza,expanded_shona_lexicon,kuvandudza
Kulengulula,Négliger,-5.0,Negative,Mot,neglect,Ukunganaki,Verwaarlosing,Hlokomologa,Ukungakhathalelwa,kuregeredza,expanded_shona_lexicon,kuregeredza
Kulepa,Stature,7.0,Positive,Mot,stature,Ibanga elimbethe,Statuur,Seemo .,Ide,statu,expanded_shona_alt,chimiro
Kulepesha,Prolonger,7.0,Positive,Mot,extend,Nweba,Verleng,Katološa,Yandisa,wedzera,expanded_shona_lexicon,wedzera
Kulesha,Présenter,7.0,Positive,Verbe,to present,Ukwethula,Om aan te bied,go tšweletša .,Ukuzisa,kuti aripo,expanded_shona_lexicon,kuti aripo
Kuloba,Pêcher,7.0,Positive,Mot,sin,Ona,Sonde,Sebe .,Isono,chivi,expanded_shona_lexicon,chivi
Nsumuinuyamaluaapatupu,Fable,2.0,Positive,Mot,fable,Insumo,Fabel,Nonwane .,Intsomi,ngano,expanded_shona_lexicon,ngano
Mpala,Face,0.0,Neutre,Mot,face,Ubuso,Gesig,Sefahlogo,Ubuso,chiso,expanded_shona_lexicon,chiso
Muenatshinyangu,Fâcheux,-6.0,Negative,Mot,unfortunate,-Neshwa,Ongelukkig,Go se loke .,Ngelishwa,zvisina kunaka,expanded_shona_alt,urombo
Butekete,Facile,4.0,Positive,Mot,easy,-Ncwaba,Maklik,Bonolo,Kulula,nyore,expanded_shona_lexicon,nyore
Mutekete,Faible,-4.0,Negative,Mot,weak,-Ngenamandla,Swak,Fokola,Ubuthathaka,kushaya simba,expanded_shona_lexicon,kushaya simba
Butekete,Faiblesse,-5.0,Negative,Mot,weakness,Ubuthaka,Swakheid,Bofokodi,Ubuthathaka,kushaya simba,expanded_shona_lexicon,kushaya simba
Kulenduka,Faillir,-7.0,Negative,Verbe,fail,Phutha,Misluk,Palelwa,Usilele,kutadza,expanded_shona_lexicon,kutadza
Nzala,Faim,-3.0,Negative,Mot,hunger,Iphango,Honger,Tlala .,Indlala,nzara,expanded_shona_lexicon,nzara
Kuenza,Faire,1.0,Positive,Verbe,do,Enza,Doen,Dira,Yenza,ita,expanded_shona_lexicon,ita
Kunfila,Fairelaconduite,-2.0,Negative,Mot,dothedriving,I-DOTTEDIVIVIVIVIVIVIVIVIVIVIVIVIVIVIVIVIVIVIVIVIVIVIVIV,Dothedriving,Dothedriving .,Ukuthambisa,dothingriving,expanded_shona_lexicon,dothingriving
Muenji,Faiseur,0.0,Neutre,Mot,maker,UMenzi,Maker,Modiri wa .,Umenzi,mugadziri,expanded_shona_lexicon,mugadziri
Bienzedi,Fait,2.0,Positive,Mot,do,Enza,Doen,Dira,Yenza,ita,expanded_shona_lexicon,ita
Musonga,Faîte,1.0,Positive,Mot,done,Usulile,Klaar,Phethilwe,Yenziwe,zvakaitwa,expanded_shona_alt,ndapedza
Mudiimu,Faix,-5.0,Negative,Mot,faix,Isimele,Faix,Faix .,Faix,fax,expanded_shona_lexicon,fax
Kukengela,Falloir,0.0,Neutre,Verbe,to need,Ukudinga,Om te benodig,go hloka .,Ukufuna,kuda,expanded_shona_lexicon,kuda
Kudinga,Falsifier,-7.0,Negative,Verbe,falsify,-Khohlisayo,Vervals,Falsify .,Fakisa,falsty,expanded_shona_lexicon,falsty
Walumu,Fameux,5.0,Positive,Mot,famous,-Dumile,Beroemd,Tumile,Idume,ane mukurumbira,expanded_shona_lexicon,ane mukurumbira
Tshiyole,Famine,-9.0,TrèsNegative,Mot,famine,Indlala,Hongersnood,Tlala,Indlala,nzara,expanded_shona_lexicon,nzara
Mukishi,Fantôme,-3.0,Negative,Mot,ghost,Umoya omubi,Spook,Sepoko,Isiporho,ghost,expanded_shona_alt,mweya
Bijitu,Fardeau,-6.0,Negative,Mot,burden,Thwalisa umthwalo osindayo,Las,Morwalo,Umthwalo,mutoro,expanded_shona_lexicon,mutoro
Bukula,Farine,2.0,Positive,Mot,flour,Incushuncushu,Meel,Folouru,Umgubo,hupfu,expanded_shona_lexicon,hupfu
Dipungi,Fatigue,-4.0,Negative,Mot,fatigue,Ukudinwa,Moegheid,Lapile kudu,Ukudinwa,kupera simba,expanded_shona_alt,kuneta
Kupungila,Fatiguer,-5.0,Negative,Verbe,tired,-Cobekile,Moeg,Lapile,Ndidiniwe,ndaneta,expanded_shona_alt,taneta
Tshianana,Faussement,-6.0,Negative,Mot,falsely,Ngamanga,Valslik,ka maaka .,Ubuxoki,nhema,expanded_shona_lexicon,nhema
Tshilema,Faute,-7.0,Negative,Mot,mistake,Iphutha,Fout,Phošo,Impazamo,kukanganisa,expanded_shona_lexicon,kukanganisa
Muenadishima,False,-6.0,Negative,Mot,false,-Namanga,Onwaar,Maaka,Ubuxoki,nhema,expanded_shona_lexicon,nhema
Luse,Faveur,6.0,Positive,Mot,favor,Umusa,Guns,Gaugela,Inkoliseko,kufarira,expanded_shona_alt,favour
Kudinga,Feindre,-6.0,Negative,Verbe,pretend,Khohlisa,Voorgee,Ikgakantšha,Yenza ngathi,kunyepedzera,expanded_shona_lexicon,kunyepedzera
Bakaji,Femelle,0.0,Neutre,Mot,female,Insikazi,Vroulik,Mosadi,Umfazi,mukadzi,expanded_shona_lexicon,mukadzi
Butekete,Féminin,2.0,Positive,,female,Insikazi,Vroulik,Mosadi,Umfazi,mukadzi,expanded_shona_lexicon,mukadzi
Mukaji,Femme,3.0,Positive,Mot,women,Abantu,Vroue,Basadi,Abafazi,vakadzi,expanded_shona_lexicon,vakadzi
Muntuudimupudikile,Femmelette,-5.0,Negative,Mot,wifelette,Iwifelette,Vroulief,W i m e l e t t .,Inkosi,mukadzi,expanded_shona_lexicon,mukadzi
Kupanda,Fendre,-2.0,Negative,Verbe,split,Hlukanisa,Verdeel,Kgaoganya,Umehlulelwano,kupatsanurana,expanded_shona_lexicon,kupatsanurana
Dididishi,Fenêtre,1.0,Positive,Mot,window,Iwindi,Venster,Lefasetere,Iwindow,hwindo,expanded_shona_lexicon,hwindo
Kulamata,Ferm,2.0,Positive,Mot,close,Ngokuminyanisa,Maak toe,Tswalela,Vala,vhara,expanded_shona_lexicon,vhara
Kujalama,Ferme,0.0,Neutre,Mot,farm,Ipulazi,Plaas,Polase,Ifama,purazi,expanded_shona_lexicon,purazi
Kujadika,Fermement,3.0,Positive,Mot,firmly,-Thehlelo,Stewig,ka go tia .,Ngokuqinileyo,zvakasimba,expanded_shona_lexicon,zvakasimba
Kukanga,Fermer,-1.0,Neutre,Verbe,close,Ngokuminyanisa,Maak toe,Tswalela,Vala,vhara,expanded_shona_lexicon,vhara
Lulamatu,Fermeté,4.0,Positive,Mot,firmness,Ukuqineleka,Fermheid,Go tia .,Ukuqina,kusimba,expanded_shona_lexicon,kusimba
Bufuke,Fertile,5.0,Positive,Mot,fertile,-Zothile,Vrugbaar,Nonnego,Vertile,yakaorera,expanded_shona_lexicon,yakaorera
Bukole,Fervent,6.0,Positive,Mot,fervent,OKWENGCWELE,Vurig,Fetellang .,I-firvent,imba,expanded_shona_lexicon,imba
Ditukudiadisanka,Fête,7.0,Positive,Mot,party,Inhlangano,Partytjie,Mokgatlo,Itheko,party,expanded_shona_loanword,party
Kasonsa,Fétu,-3.0,Negative,Mot,fetu,Uhlobo lwenkani,Fetu,Fetu .,I-fetu,fetu,expanded_shona_loanword,fetu
Kapia,Feu,2.0,Ambivalent,Mot,fire,Shisa,Vuur,Mollo,Umlilo,moto,expanded_shona_lexicon,moto
Dibeji,Feuille,1.0,Neutre,Mot,leaf,Ikhasi,Blaar,Lehlare,Amagqabi,mashizha,expanded_shona_lexicon,mashizha
Mubangila,Fiancé,4.0,Positive,Mot,fiance,Umfeyiko,Verloofde,Molekane,I-feance,fiance,expanded_shona_loanword,fiance
Kubangisha,Fiancer,3.0,Positive,Verbe,get engaged,Ubandakanyeka,Raak verloof,Get e beeleditšwe .,Thenjiswe umtshato,gamuchira,expanded_shona_alt,pindai
Udinelulamatu,Fidèle,5.0,Positive,Mot,faithful,-Thembekile,Getrou,Botega,Ithembekile,kutendeka,expanded_shona_alt,akatendeka
Lulamatu,Fidèlement,4.0,Positive,Mot,faithfully,Ngokwethembeka,Getrou,ka potego .,Ngokuthembekileyo,nokutendeka,expanded_shona_lexicon,nokutendeka
Kueyemena,Fier,5.0,Positive,Mot,proud,-Zidlayo,Trots,Itumela,Ndinekratshi,kudada,expanded_shona_alt,kuzvikudza
Disamadiamubidikapia,Fièvre,-4.0,Negative,Mot,fever,Imfiva,Koors,Letadi,Ifiva,kupindwa nechando,expanded_shona_lexicon,kupindwa nechando
Nfigi,Figue,2.0,Positive,Mot,fig,Umkhiwane,Fig,FIG .,ikhiwane,fig,expanded_shona_loanword,fig
MutshiwaNfigi,Figuier,1.0,Positive,Mot,fig tree,Umkhiwane,Vyeboom,Sefate sa feiga .,Umthi womkhiwane,muonde,expanded_shona_lexicon,muonde
Mubidi,Figure,0.0,Neutre,Mot,figure,Isibalo,Figuur,Seswantšho,Umfanekiso,mufananidzo,expanded_shona_lexicon,mufananidzo
Kusalabuanda,Filer,0.0,Neutre,Verbe,spin,Shwila,Draai,Dikološa,Spin,spin,expanded_shona_loanword,spin
Bukondo,Filetpiège,-6.0,Negative,Mot,trap net,I-Trap Net,Vangnet,Letlooa la Sefi .,Umnatha,trap net,expanded_shona_loanword,trap net
Tupamba,Filet,0.0,Neutre,Mot,net,Inethi,Netto,Nete,Inethi,net,expanded_shona_loanword,net
Muanamukaji,Fille,3.0,Positive,Mot,girl,Intombi,Meisie,Mosetsana,Intombazana,musikana,expanded_shona_lexicon,musikana
Muanamulume,Fils,3.0,Positive,Mot,son,Umfana,Seun,Morwa .,Unyana,mwanakomana,expanded_shona_lexicon,mwanakomana
Banabatshikondo,Filsdecesiècle,-2.0,Negative,Mot,sonofthiscentury,Sonofthiscentary,Seun van hierdie eeu,SonofTenteborengTabano.,I-sonoftisulcer,sonoficentury,expanded_shona_lexicon,sonoficentury
Mulundawamubaki,Filsdelachambrenuptiale,5.0,Positive,Mot,sonsofthebridalroom,Isoso-i-sonoftherloom,Seuns van die bruidskamer,Sonsoftheridalroom,Igumbi lokuthengisa,savanakomanaguru,expanded_shona_lexicon,savanakomanaguru
Muanawamungena,Filsdelagéhenne,-9.0,TrèsNegative,Mot,sondelagéhenne,Sondelagéhenne,Sondelagéhenne,Sondelagéhenne ya go hlaboša.,Sondelagéhenne,sondelagéhenne,expanded_shona_loanword,sondelagéhenne
Muanawamunya,Filsdelalumière,7.0,TrèsPositive,Mot,sons of light,Amadodana Okukhanya,Seuns van die Lig,Barwa ba Seetša .,Oonyana bokukhanya,vanakomana vechiedza,expanded_shona_alt,vana vechiedza
Muanawadibutuka,Filsdeperdition,-8.0,TrèsNegative,Mot,son of perdition,Indodana ye-perition,Seun van die verderf,Morwa wa Pedi .,Unyana weperdia,mwanakomana wekuparadzwa,expanded_shona_alt,mwanakomana wokuparara
Banabadituku,Filsdujour,6.0,Positive,Mot,sonoftheday,Sonoftheday,Seun van die dag,Sonoftheday .,Sonofhethe,sonfichera,expanded_shona_lexicon,sonfichera
Linemulengele,Finlin,2.0,Positive,Mot,finlin,Uhlaka,Finlin,Finlin .,I-Finlin,finlin,expanded_shona_loanword,finlin
Nhikidilu,Fin,0.0,Neutre,Mot,end,Ukugcina,EINDE,MAFELELO,ISIPHELO,kupera,expanded_shona_lexicon,kupera
Budimu,Finesse,4.0,Positive,Mot,finesse,Inhlawuno,Finesse,Finesse .,Iyohlwaywa,faini,expanded_shona_lexicon,faini
Kulekela,Finir,0.0,Neutre,Verbe,finish,Pheza,Voltooi,Fetša,Gqiba,kupedzisa,expanded_shona_lexicon,kupedzisa
Kushindama,Fixe,1.0,Neutre,Mot,fixed,-Sibeleleni,Vaste,Hlometšwego,Ilungisiwe,yakagadziriswa,expanded_shona_lexicon,yakagadziriswa
Kayiunyunga,Fixement,2.0,Positive,Mot,fixedly,Ngokwanele,Vaste,ka go se fetoge .,Ngokudibeneyo,inofungidzirwa,expanded_shona_alt,fixdly
Kutangilatalala,Fixer,0.0,Neutre,Verbe,fix,Bethela,Maak reg,Lokiša,Lungisa,gadzirisa,expanded_shona_lexicon,gadzirisa
Kapia,Flamme,3.0,Ambivalent,Mot,flame,Ilangabi,Vlam,Kgabo .,Idangatye,murazvo,expanded_shona_lexicon,murazvo
Tshianyishanyisha,Flatterie,-4.0,Negative,Mot,flattery,-Tulall,Vleiery,Go reta ka go phaphatha .,Fihlatha,flattery,expanded_shona_loanword,flattery
Disama,Fléau,-8.0,TrèsNegative,Mot,scourge,Isichilo,Plaag,Leuba .,Isibetho,denda,expanded_shona_lexicon,denda
Kutuabinu,Fléchir,-2.0,Negative,Verbe,flex,Shintsha,Buig,Mena,I-flex,flex,expanded_shona_loanword,flex
Kufubila,Flétrir,-5.0,Negative,Verbe,wither,Vutha,Verdor,M o o t r e r .,Buna,vaoma,expanded_shona_lexicon,vaoma
Mavuala,Flot,0.0,Neutre,Mot,flow,Thuntululeka,Vloei,Elela,Ukuhamba,kuyerera,expanded_shona_lexicon,kuyerera
Lushiba,Flûte,3.0,Positive,Mot,flute,Impempe,Fluit,Flute .,Iflethi,flute,expanded_shona_alt,nyere
Disamadiamashiapatuka,Flux,0.0,Neutre,Mot,flow,Thuntululeka,Vloei,Elela,Ukuhamba,kuyerera,expanded_shona_lexicon,kuyerera
Ditabuja,Foi,7.0,TrèsPositive,Mot,faith,Ukholo,Geloof,Tumelo,Ukholo,kutenda,expanded_shona_lexicon,kutenda
Bisonsa,Foin,0.0,Neutre,Mot,hay,Utshani oboile sebusikiwe,Hooi,Hay .,Hay,hay,expanded_shona_loanword,hay
Musangu,Fois,0.0,Neutre,Mot,times,Izikhathi,Tye,Dinako .,Amaxesha,nguva,expanded_shona_lexicon,nguva
Bupote,Folie,-6.0,Negative,Mot,madness,Ukuhlanya,Waansin,Bohlanya .,Ubuhlanya,kupenga,expanded_shona_lexicon,kupenga
Mudimu,Fonction,2.0,Positive,Mot,function,Sebenza,Funksie,Mošomo,Umsebenzi,basa,expanded_shona_lexicon,basa
Ndondo,Fond,0.0,Neutre,Mot,bottom,Esinqeni,Onderkant,Tlase,Ezantsi,zasi,expanded_shona_alt,pasi
Tshibangidilu,Fondation,4.0,Positive,Mot,foundation,Isisusa,Stigting,Motheo,Isiseko,nyaya,expanded_shona_lexicon,nyaya
Bishimikidi,Fondement,5.0,Positive,Mot,foundation,Isisusa,Stigting,Motheo,Isiseko,nyaya,expanded_shona_lexicon,nyaya
Kuibaka,Fonder,3.0,Positive,Verbe,found,-Lingene,Gevind,Hweditše,Ifunyenwe,kuwanikwa,expanded_shona_lexicon,kuwanikwa
Kuengulula,Fondre,0.0,Neutre,Verbe,melt,Ncibilikisa,Smelt,Tologa,Nyibilika,nyungudika,expanded_shona_lexicon,nyungudika
Dinadiamayi,Fontaine,3.0,Positive,Mot,fountain,Isisuko,Fontein,Sediba .,Umthombo,tsime,expanded_shona_lexicon,tsime
Muenyi,Forain,0.0,Neutre,Mot,fairground,Indawo ye-fair,Kermisterrein,Fairground .,Ibala leFieftional,nzvimbo,expanded_shona_lexicon,nzvimbo
Bukole,Force,5.0,Positive,Mot,strength,Izithukuthuku,Sterkte,Maatla,Amandla,simba,expanded_shona_lexicon,simba
Kukolesha,Forcer,-3.0,Negative,Verbe,force,Ukucindezela,Dwing,Gapeletša,Amandla,simba,expanded_shona_lexicon,simba
Mubidi,Forme,0.0,Neutre,Mot,shape,Uhlobo,Vorm,Sebopego,Imilo,chimiro,expanded_shona_lexicon,chimiro
Kumuenesha,Former,2.0,Positive,Verbe,form,Isithunzi,Vorm,Sebopego,Ifom,fomu,expanded_shona_lexicon,fomu
Tshileshelu,Formule,1.0,Neutre,Mot,formula,Uhlobo,Formule,Formula .,Ifomula,formula,expanded_shona_loanword,formula
Muenamasandi,Fornicateur,-8.0,TrèsNegative,Mot,fornicator,Umfelakazi,Hoereerder,Motho wa bootswa .,I-additor,fornicator,expanded_shona_alt,mhombwe
Masandi,Fornication,-7.0,Negative,Mot,fornication,Ubufebe,Hoerery,Bootswa .,Uhenyuzo,ufeve,expanded_shona_lexicon,ufeve
Mukole,Fort,4.0,Positive,Mot,strong,-Namandla,Sterk,Maatla,Yomelele,yakasimba,expanded_shona_lexicon,yakasimba
Mutambe,Fort,4.0,Positive,Mot,strong,-Namandla,Sterk,Maatla,Yomelele,yakasimba,expanded_shona_lexicon,yakasimba
Mukole,Fortement,3.0,Positive,Mot,strongly,Ngokuqinile,Sterk,ka matla .,Ngamandla,zvine simba,expanded_shona_alt,zvakasimba
Nzubuwamasalayi,Forteresse,2.0,Positive,Mot,fortress,Inqaba enkulu eyakhiweyo,Vesting,Sebo .,Inqaba,nhare,expanded_shona_lexicon,nhare
Kukolesha,Fortifier,3.0,Positive,Verbe,strengthen,Qinisa,Versterk,Matlafatsa .,Yomeleza,simbisa,expanded_shona_lexicon,simbisa
Dina,Fosse,-5.0,Negative,Mot,ditch,Umsele,Sloot,Sola,Umsele,ditch,expanded_shona_loanword,ditch
Mupote,"Fou,folle",-6.0,Negative,Mot,"crazy, crazy","Uyahlanya, uyahlanya","Mal, mal","Bohlanya, Bohlanya .","Razy, razy","kupenga, kupenga",expanded_shona_lexicon,"kupenga, kupenga"
Lufimbu,Fouet,-4.0,Negative,Mot,whip,Thwebula,Sweep,Sefepi .,I-whip,chikwapu,expanded_shona_alt,chikwapuro
Kututa,Fouetter,-5.0,Negative,Verbe,whisk,Ipiski,Klits,Whisk .,Whisk,whisk,expanded_shona_loanword,whisk
Kuimba,Fouir,0.0,Neutre,Verbe,burrow,Isingaphambili,Burrow,Molete wa go phunya .,Rurrow,burrow,expanded_shona_loanword,burrow
Tshisumbu,Foule,0.0,Neutre,Mot,crowd,Isinyokotho,Menigte,Lešaba,Isihlwele,chaunga,expanded_shona_lexicon,chaunga
Talala,Paisiblement,9.0,Positive,Mot,peacefully,Ngokuba khona,Vreedsaam,Ka khutšo .,Ngoxolo,runyararo,expanded_shona_alt,norugare
Tatu,père,6.0,Positive,Mot,father,uyihlo,vader,papa,utata,baba,expanded_shona_lexicon,baba
Thuya,Thuya,8.0,Positiveetnaturelle,Mot,thuja,Thuja,Thuja,Thuja .,Thuja,thuja,expanded_shona_loanword,thuja
Tshakabidi,Nouveau,5.0,Positive,Mot,new,-Kwanamuhla,Nuut,Mpsha,Intsha,nyowani,expanded_shona_lexicon,nyowani
Tshakane(tshidi),Équitable,5.0,Positive,Mot,fair,-Hle,Regverdig,Lokilego,Ubulungisa,zvakanaka,expanded_shona_lexicon,zvakanaka
Tsheya,Caution,0.0,Neutre,Mot,deposit,Faka,Deposito,Tipositi,Idipozithi,dhipoziti,expanded_shona_lexicon,dhipoziti
Tshiabademon,Diabolique,-5.0,Negative,Mot,diabolical,Diabolical,Diabolies,Bodiabolo .,Dialocal,dhiabolical,expanded_shona_alt,dhiyabhorosi
Tshiabukelenge,Royal,5.0,Positive,Mot,royal,-Obukhosi,Koninklike,Bogoši .,IRoyal,royal,expanded_shona_loanword,royal
Tshiabuowa,Terrible,-5.0,Negative,Mot,terrible,-Sabisayo,Verskriklik,Mpe kudu,Yoyikeka,zvinotyisa,expanded_shona_lexicon,zvinotyisa
Tshiabutumbi,Splendidement,9.0,Positive,Mot,splendidly,Ngokubabazekayo,Pragtig,Ka mo go kgahlišago .,Qaqambid,kusakwana,expanded_shona_lexicon,kusakwana
"Tshiadikumi,Kufilatshitupaatshi",Dîme,0.0,Neutre,Verbe,dime,Indizo,Dime,Dime .,Dime,dime,expanded_shona_loanword,dime
Tshiakufund,Tablette,6.0,Positive,Mot,tablet,Iphilisi,Tablet,Letlapa la .,Ithebhulethi,piritsi,expanded_shona_lexicon,piritsi
Tshiakuitaba,Acceptable,5.0,Positive,Mot,acceptable,-Mukelekile,Aanvaarbaar,E amogelegago .,Yamkelekile,zvinogamuchirika,expanded_shona_lexicon,zvinogamuchirika
Tshiamudiulu,Céleste,5.0,Positive,Mot,celestial,-Bukeyela basezulwini,Hemelse,Legodimo la Legodimo .,Isibhakabhaka,kudenga,expanded_shona_alt,yekudenga
Tshiamutshisuku,Sauvage,0.0,Neutre,Mot,savage,-Dlovulile,Wild,Sehlogo,Isavage,savage,expanded_shona_loanword,savage
Tshiamuinshi(muabuloba),Infernal,5.0,Negative,Mot,infernal,I-infernal,Infernal,Infernal .,Intsholongwane,infernal,expanded_shona_loanword,infernal
Tshiatshiendelele,Éternel,5.0,Positive,Mot,eternal,-Ngapheliyo,Ewige,Sa feleng,Kanaphakade,kusingaperi,expanded_shona_alt,nokusingaperi
Tshiatshipendu,Injurieux,-6.0,Negative,Mot,offensive,-Casulayo,Aanstootlik,Lehlapa,Kuyakhubekisa,zvinogumbura,expanded_shona_lexicon,zvinogumbura
Tshiatshitshiu,Peuple,5.0,Positive,Mot,people,Abantu,Mense,Batho,Abantu,vanhu,expanded_shona_lexicon,vanhu
Tshiabungi,Immense,2.0,Positive,Mot,immense,-Khulu kakhulu,Enorm,Kgolo kudu,Enkulu,chikuru,expanded_shona_lexicon,chikuru
TshiakaneTshiditshianyisha,Agréer,5.0,Positive,Mot,accept,Amukela,Aanvaar,Amogela,Yamkela,gamuchira,expanded_shona_lexicon,gamuchira
TshiakaneTshiditshisankisha,Agréabl,5.0,Positive,Mot,pleasant,-Mtoti,Aangenaam,Thabišago,Mnandi,zvinonakidza,expanded_shona_lexicon,zvinonakidza
Tshianana,Faussement,-2.0,Negative,Mot,falsely,Ngamanga,Valslik,ka maaka .,Ubuxoki,nhema,expanded_shona_lexicon,nhema
Tshianyishanyisha,Flatterie,-1.0,Negative,Mot,flattery,-Tulall,Vleiery,Go reta ka go phaphatha .,Fihlatha,flattery,expanded_shona_loanword,flattery
Tshianza,Main,2.0,Positive,Mot,hand,Isandla,Hand,Seatla,Isandla,ruoko,expanded_shona_lexicon,ruoko
Tshibangidilu,Commencement,6.0,Positive,Mot,beginning,Ukuqala,Begin,Mathomong,Ukuqala,kutanga,expanded_shona_lexicon,kutanga
Tshibi,"Mal,Mauvais",-6.0,Negative,Mot,"bad, bad","Kubi, kubi","Sleg, sleg",,"Kubi, kubi","zvakaipa, zvakaipa",expanded_shona_lexicon,"zvakaipa, zvakaipa"
Tshibishi,Vert,5.0,Positive,Mot,green,-Yimpatho,Groen,Talamorogo,Luhlaza,girinhi,expanded_shona_lexicon,girinhi
Tshibobe,Maturité,6.0,Positive,Mot,maturity,Ukuvuthwa,Volwassenheid,Matšhurithi,Ukukhula,kukura,expanded_shona_lexicon,kukura
Tshibueledi,Accès,5.0,Positive,Mot,access,Tholakala,Toegang,Fihlelela,Fikelela,kupinda,expanded_shona_lexicon,kupinda
Tshibuikilu(tshiamushetewatshipungidi),Propitiatoire,2.0,Positive,Mot,propitiatory,Okuphathelene nenkululeko,Versoenend,Poelano .,Propitiatory,kurume,expanded_shona_alt,propititory
Tshibuikilutshiapashiadi,Cuirasse,5.0,Positive,Mot,breastplate,Isihlanzi sesifuba,Borsplaat,Sephedi sa sefuba .,Isifuba,chidzitiro,expanded_shona_alt,chiputi chezamu
Tshibulula,Ouvert,5.0,Positive,Mot,open,Vula,Maak oop,Bula,Vula,vhura,expanded_shona_lexicon,vhura
Tshibungubungu,Côte,2.0,Positive,Mot,side,Usebe,Kant,Lehlakore,Icala,padivi,expanded_shona_lexicon,padivi
Tshibutshidi;tshintutshiamushingamukole,Trésor,5.0,Positive,Mot,treasure,Igugu,Skat,Lehumo,Ubuncwane,pfuma,expanded_shona_lexicon,pfuma
Tshibutshilu,Cellier,5.0,Positive,Mot,cellar,Sela,Kelder,Sellathekeng .,Celer,cellar,expanded_shona_loanword,cellar
Tshidikapia,Bouillant,5.0,Positive,Mot,boiling,Bilisa,Kook,Go bela .,Ukubila,kubheya,expanded_shona_alt,kuvira
Tshidikatshiyimuakujingulula,Insondable,5.0,Positive,Mot,unfathomable,-Ngenalo,Ondeurgrondelik,E sa kwešišegego .,Ayinakufikeleleka,zvisina kujairika,expanded_shona_alt,zvisinganzwisisike
mwana,enfants,-4.0,Negative,Nom,children,izingane,kinders,bana,abantwana,vana,train_only_single_researcher_interim_addition,vana
Kutumbisha,à louer,8.0,Positive,Adjectif,for rent,ngokuqashwa,te huur,bakeng sa rente,yeyokuqesha,yekuroja,train_only_single_researcher_interim_addition,yekuroja
kulala,dormir,7.0,Positive,Verbe,to sleep,ukulala,om te slaap,go robala,ukulala,yekurara,train_only_single_researcher_interim_addition,yekurara
kupana,à vendre,9.0,Positive,Verbe,for sale,iyathengiswa,te koop,go rekišwa,kwintengiso,kutengeswa,train_only_single_researcher_interim_addition,kutengeswa
dinanga,j'aime,7.0,Positive,Verbe,i love,ngiyathanda,ek is lief vir,ke rata,ndiyathanda,ndinoda,train_only_single_researcher_interim_addition,ndinoda
